INFO pymadng_utils.io.utils: Reading knobs from /afs/cern.ch/work/j/jmgray/private/psb_md/data/p17_p23_final_strengths.txt
INFO psb_md.acd_config: Read 2 p17-p23-final-qde14 strengths from p17_p23_final_strengths.txt
INFO psb_md.modelling: Reusing existing model at /afs/cern.ch/work/j/jmgray/private/psb_md/models/reference/model_qx0.172847_qy0.229231_driven_qx0.169300_qy0.232700_state_tunematch
INFO aba_optimiser.mad.optimising_mad_interface: Counted 16 BPMs in observation range: full cycled sequence ($start/$end)
INFO aba_optimiser.mad.optimising_mad_interface: Replaced 16 monitor BPMs with thin observation markers in range: full cycled sequence ($start/$end)
INFO aba_optimiser.mad.optimising_mad_interface: Skipping corrector strengths (not provided)

 Constraints                Type        Kind        Weight     Expr. Value
------------------------------------------------------------------------------
 1 q1                       equality     .          1         -2.39167e-03 >
 2 q2                       equality     .          1          1.75869e-03 >

 Variables                  Curr. Value  Curr. Step   Lower Limit  Upper Limit
--------------------------------------------------------------------------------
 1 kBRQF                    7.28900e-01  0.00000e+00   .            .         
 2 kBRQD                   -7.44277e-01  0.00000e+00   .            .         

ncall=1 [0.0s], fval=2.09918e-03, fstp=-inf, ccnt=2.


 Constraints                Type        Kind        Weight     Expr. Value
------------------------------------------------------------------------------
 1 q1                       equality     .          1         -4.42198e-07 >
 2 q2                       equality     .          1         -8.84966e-08 >

 Variables                  Curr. Value  Curr. Step   Lower Limit  Upper Limit
--------------------------------------------------------------------------------
 1 kBRQF                    7.29173e-01  2.72417e-04   .            .         
 2 kBRQD                   -7.44322e-01 -4.51864e-05   .            .         

ncall=4 [0.1s], fval=3.18882e-07, fstp=-2.09886e-03, ccnt=2.


 Constraints                Type        Kind        Weight     Expr. Value
------------------------------------------------------------------------------
 1 q1                       equality     .          1          3.55271e-15
 2 q2                       equality     .          1          1.68754e-14

 Variables                  Curr. Value  Curr. Step   Lower Limit  Upper Limit
--------------------------------------------------------------------------------
 1 kBRQF                    7.29173e-01  6.56311e-08   .            .         
 2 kBRQD                   -7.44322e-01 -4.00409e-08   .            .         

ncall=7 [0.2s], fval=1.21943e-14, fstp=-3.18882e-07, ccnt=0.


 Constraints                Type        Kind        Weight     Penalty Value
------------------------------------------------------------------------------
 1 q1                       equality     .          1          3.55271e-15
 2 q2                       equality     .          1          1.68754e-14

 Variables                  Final Value  Init. Value  Lower Limit  Upper Limit
--------------------------------------------------------------------------------
 1 kBRQF                    7.29173e-01  7.28900e-01   .            .         
 2 kBRQD                   -7.44322e-01 -7.44277e-01   .            .         

ncall=7 [0.2s], fbst[7]=1.21943e-14, fstp=-3.18882e-07, status=FMIN.

INFO psb_md.modelling: Tune match for p17-p23-final-qde14 orbit 0: (0.170456, 0.230989) -> (0.172847, 0.229231), target (0.172847, 0.229231)
INFO psb_md.modelling: Matched 2 strengths for p17-p23-final-qde14 orbit 0 (dpp=0.000000e+00, ke=1.600000e-01)
INFO loco_common.model: Quadrupole circuits from the normal_qde14_err machine, not a tune match: kbrqd -0.7442765967 (matched -0.7443218232, +0.006 %), kbrqf +0.7289003149 (matched +0.7291727978, -0.037 %)
INFO loco_common.model: Whatever this model twisses to is not matched to the machine's measured tune, by design (scripts/measured_optics.py reads that tune live from /afs/cern.ch/work/j/jmgray/private/psb_md/chroma/p17_p23_final_qde14_2026_08_29.txt)
INFO loco_common.model: Using the scan's own corrector settings; largest disagreement with psb_md's campaign file is 6.027e-05 rad on kbr3dhz11l4
INFO loco_common.model: Ring-3 model from /afs/cern.ch/work/j/jmgray/private/psb_loco/models/model_qx0.165000_qy0.227500/psb3_saved.seq: 6 tune knobs, 12 corrector knobs
INFO aba_optimiser.mad.optimising_mad_interface: Counted 16 BPMs in observation range: full cycled sequence ($start/$end)
INFO aba_optimiser.mad.optimising_mad_interface: Replaced 16 monitor BPMs with thin observation markers in range: full cycled sequence ($start/$end)
INFO aba_optimiser.mad.optimising_mad_interface: Set 12 corrector knobs
INFO aba_optimiser.mad.optimising_mad_interface: Created 32 knobs from 5.983511999999999 to 153.057827
INFO __main__: Freeing 32 cell-grouped quadrupole dk1l knobs
INFO __main__: Response grid: 32 BPM channels x 12 correctors, 384 usable points

 Constraints                Type        Kind        Weight     Expr. Value
------------------------------------------------------------------------------
 1 R_BR3.BPM1L3.x_BR3.DHZ11L4 equality     .          256.16     2.51630e-02 >
 2 R_BR3.BPM1L3.x_BR3.DHZ12L4 equality     .          254.23     5.03257e-01 >
 3 R_BR3.BPM1L3.x_BR3.DHZ13L4 equality     .          253.59     1.57401e+00 >
 4 R_BR3.BPM1L3.x_BR3.DHZ14L1 equality     .          255.58     1.08279e+00 >
 5 R_BR3.BPM1L3.x_BR3.DHZ8L1 equality     .          251.17    -3.31471e-01 >
 6 R_BR3.BPM1L3.x_BR3.DHZ9L1 equality     .          249.93     5.60638e-01 >
 7 R_BR3.BPM1L3.x_BR3.DVT12L4 equality     .          260.4      1.33915e-01 >
 8 R_BR3.BPM1L3.x_BR3.DVT13L4 equality     .          256.07     1.18903e-01 >
 9 R_BR3.BPM1L3.x_BR3.DVT2L4 equality     .          252.75    -7.52387e-02 >
10 R_BR3.BPM1L3.x_BR3.DVT6L4 equality     .          253.38    -2.88403e-01 >
11 R_BR3.BPM1L3.x_BR3.DVT8L1 equality     .          254.19    -1.68224e-01 >
12 R_BR3.BPM1L3.x_BR3.DVT9L1 equality     .          254.31     3.19516e-02 >
13 R_BR3.BPM2L3.x_BR3.DHZ11L4 equality     .          156.29    -4.68090e-02 >
14 R_BR3.BPM2L3.x_BR3.DHZ12L4 equality     .          154.4      6.24153e-02 >
15 R_BR3.BPM2L3.x_BR3.DHZ13L4 equality     .          157.12     1.55092e+00 >
16 R_BR3.BPM2L3.x_BR3.DHZ14L1 equality     .          159.5      1.83309e+00 >
17 R_BR3.BPM2L3.x_BR3.DHZ8L1 equality     .          158.32    -4.01559e-01 >
18 R_BR3.BPM2L3.x_BR3.DHZ9L1 equality     .          156.91    -5.88629e-01 >
19 R_BR3.BPM2L3.x_BR3.DVT12L4 equality     .          159.11     5.90262e-02 >
20 R_BR3.BPM2L3.x_BR3.DVT13L4 equality     .          156.02    -1.47403e-02 >
21 R_BR3.BPM2L3.x_BR3.DVT2L4 equality     .          155.44     4.39828e-02 >
22 R_BR3.BPM2L3.x_BR3.DVT6L4 equality     .          156.47    -2.01506e-01 >
23 R_BR3.BPM2L3.x_BR3.DVT8L1 equality     .          156.24    -1.53138e-01 >
24 R_BR3.BPM2L3.x_BR3.DVT9L1 equality     .          155.22    -1.29181e-01 >
25 R_BR3.BPM3L3.x_BR3.DHZ11L4 equality     .          311.6      9.85188e-01 >
26 R_BR3.BPM3L3.x_BR3.DHZ12L4 equality     .          303.14    -2.85362e-01 >
27 R_BR3.BPM3L3.x_BR3.DHZ13L4 equality     .          303.16    -3.99832e-01 >
28 R_BR3.BPM3L3.x_BR3.DHZ14L1 equality     .          306.57    -6.32907e-01 >
29 R_BR3.BPM3L3.x_BR3.DHZ8L1 equality     .          308.71     1.39632e+00 >
30 R_BR3.BPM3L3.x_BR3.DHZ9L1 equality     .          305.32    -9.93948e-01 >
31 R_BR3.BPM3L3.x_BR3.DVT12L4 equality     .          304.68     6.62844e-02 >
32 R_BR3.BPM3L3.x_BR3.DVT13L4 equality     .          312.53    -2.50728e-01 >
33 R_BR3.BPM3L3.x_BR3.DVT2L4 equality     .          311.04     1.93261e-01 >
34 R_BR3.BPM3L3.x_BR3.DVT6L4 equality     .          308.23    -7.71252e-02 >
35 R_BR3.BPM3L3.x_BR3.DVT8L1 equality     .          308.71     8.72213e-02 >
36 R_BR3.BPM3L3.x_BR3.DVT9L1 equality     .          309.48    -1.54900e-01 >
37 R_BR3.BPM4L3.x_BR3.DHZ11L4 equality     .          198.58     1.64504e-01 >
38 R_BR3.BPM4L3.x_BR3.DHZ12L4 equality     .          201.04     3.29128e-01 >
39 R_BR3.BPM4L3.x_BR3.DHZ13L4 equality     .          202.09     6.07808e-01 >
40 R_BR3.BPM4L3.x_BR3.DHZ14L1 equality     .          202.92    -5.63094e-01 >
41 R_BR3.BPM4L3.x_BR3.DHZ8L1 equality     .          201.17     6.31457e-01 >
42 R_BR3.BPM4L3.x_BR3.DHZ9L1 equality     .          200.74     4.51787e-01 >
43 R_BR3.BPM4L3.x_BR3.DVT12L4 equality     .          199.05     1.75631e-01 >
44 R_BR3.BPM4L3.x_BR3.DVT13L4 equality     .          197.95    -1.51898e-01 >
45 R_BR3.BPM4L3.x_BR3.DVT2L4 equality     .          197.23     1.20489e-02 >
46 R_BR3.BPM4L3.x_BR3.DVT6L4 equality     .          195.97    -2.01432e-01 >
47 R_BR3.BPM4L3.x_BR3.DVT8L1 equality     .          198.39     6.93936e-02 >
48 R_BR3.BPM4L3.x_BR3.DVT9L1 equality     .          195.38    -7.39008e-02 >
49 R_BR3.BPM5L3.x_BR3.DHZ11L4 equality     .          323.52     4.95953e-03 >
50 R_BR3.BPM5L3.x_BR3.DHZ12L4 equality     .          321.44     4.20400e-01 >
51 R_BR3.BPM5L3.x_BR3.DHZ13L4 equality     .          331.9      1.67738e+00 >
52 R_BR3.BPM5L3.x_BR3.DHZ14L1 equality     .          329.01     1.40359e+00 >
53 R_BR3.BPM5L3.x_BR3.DHZ8L1 equality     .          324.43    -4.80179e-01 >
54 R_BR3.BPM5L3.x_BR3.DHZ9L1 equality     .          326.34     4.02781e-01 >
55 R_BR3.BPM5L3.x_BR3.DVT12L4 equality     .          337.83     1.23285e-01 >
56 R_BR3.BPM5L3.x_BR3.DVT13L4 equality     .          337.83     1.21771e-01 >
57 R_BR3.BPM5L3.x_BR3.DVT2L4 equality     .          328.25    -1.18266e-01 >
58 R_BR3.BPM5L3.x_BR3.DVT6L4 equality     .          332.41    -2.74489e-01 >
59 R_BR3.BPM5L3.x_BR3.DVT8L1 equality     .          331.07    -1.59765e-01 >
60 R_BR3.BPM5L3.x_BR3.DVT9L1 equality     .          327.95     1.48821e-02 >
61 R_BR3.BPM6L3.x_BR3.DHZ11L4 equality     .          199.06     4.61083e-02 >
62 R_BR3.BPM6L3.x_BR3.DHZ12L4 equality     .          197.02    -2.64333e-02 >
63 R_BR3.BPM6L3.x_BR3.DHZ13L4 equality     .          203.36     1.28925e+00 >
64 R_BR3.BPM6L3.x_BR3.DHZ14L1 equality     .          200.11     1.54565e+00 >
65 R_BR3.BPM6L3.x_BR3.DHZ8L1 equality     .          198.67    -1.74930e-01 >
66 R_BR3.BPM6L3.x_BR3.DHZ9L1 equality     .          198.05    -7.73488e-01 >
67 R_BR3.BPM6L3.x_BR3.DVT12L4 equality     .          203.3      4.65141e-02 >
68 R_BR3.BPM6L3.x_BR3.DVT13L4 equality     .          203.17    -3.74483e-02 >
69 R_BR3.BPM6L3.x_BR3.DVT2L4 equality     .          201.38     1.00486e-01 >
70 R_BR3.BPM6L3.x_BR3.DVT6L4 equality     .          200.05    -1.40924e-01 >
71 R_BR3.BPM6L3.x_BR3.DVT8L1 equality     .          201.17    -9.37077e-02 >
72 R_BR3.BPM6L3.x_BR3.DVT9L1 equality     .          202.7     -1.31397e-01 >
73 R_BR3.BPM7L3.x_BR3.DHZ11L4 equality     .          224.56     4.08657e-01 >
74 R_BR3.BPM7L3.x_BR3.DHZ12L4 equality     .          219.91     3.96670e-02 >
75 R_BR3.BPM7L3.x_BR3.DHZ13L4 equality     .          222.83     1.24233e-01 >
76 R_BR3.BPM7L3.x_BR3.DHZ14L1 equality     .          223.21    -5.29585e-01 >
77 R_BR3.BPM7L3.x_BR3.DHZ8L1 equality     .          225.31     1.06903e+00 >
78 R_BR3.BPM7L3.x_BR3.DHZ9L1 equality     .          223.19    -4.85736e-01 >
79 R_BR3.BPM7L3.x_BR3.DVT12L4 equality     .          225.85     7.05923e-02 >
80 R_BR3.BPM7L3.x_BR3.DVT13L4 equality     .          225.36    -2.46488e-01 >
81 R_BR3.BPM7L3.x_BR3.DVT2L4 equality     .          220.05     1.67615e-01 >
82 R_BR3.BPM7L3.x_BR3.DVT6L4 equality     .          220.91     2.39140e-02 >
83 R_BR3.BPM7L3.x_BR3.DVT8L1 equality     .          222.9      1.19554e-01 >
84 R_BR3.BPM7L3.x_BR3.DVT9L1 equality     .          222.54    -1.47111e-01 >
85 R_BR3.BPM8L3.x_BR3.DHZ11L4 equality     .          333.06     1.98527e-01 >
86 R_BR3.BPM8L3.x_BR3.DHZ12L4 equality     .          331.72     4.92034e-01 >
87 R_BR3.BPM8L3.x_BR3.DHZ13L4 equality     .          334.32     7.64456e-01 >
88 R_BR3.BPM8L3.x_BR3.DHZ14L1 equality     .          336.17    -3.60671e-01 >
89 R_BR3.BPM8L3.x_BR3.DHZ8L1 equality     .          337.58     1.04628e+00 >
90 R_BR3.BPM8L3.x_BR3.DHZ9L1 equality     .          333.83     6.66519e-01 >
91 R_BR3.BPM8L3.x_BR3.DVT12L4 equality     .          336.7      1.43993e-01 >
92 R_BR3.BPM8L3.x_BR3.DVT13L4 equality     .          334.2     -1.31203e-01 >
93 R_BR3.BPM8L3.x_BR3.DVT2L4 equality     .          335.6      9.07355e-03 >
94 R_BR3.BPM8L3.x_BR3.DVT6L4 equality     .          329.87    -1.47128e-01 >
95 R_BR3.BPM8L3.x_BR3.DVT8L1 equality     .          332.62     1.36195e-01 >
96 R_BR3.BPM8L3.x_BR3.DVT9L1 equality     .          331.37    -3.36544e-02 >
97 R_BR3.BPM9L3.x_BR3.DHZ11L4 equality     .          295.11    -1.71097e-01 >
98 R_BR3.BPM9L3.x_BR3.DHZ12L4 equality     .          265.71     3.93709e-01 >
99 R_BR3.BPM9L3.x_BR3.DHZ13L4 equality     .          302.61     1.76476e+00 >
100 R_BR3.BPM9L3.x_BR3.DHZ14L1 equality     .          302.64     1.62305e+00 >
101 R_BR3.BPM9L3.x_BR3.DHZ8L1 equality     .          274.9      1.17738e-01 >
102 R_BR3.BPM9L3.x_BR3.DHZ9L1 equality     .          295.83     7.49491e-01 >
103 R_BR3.BPM9L3.x_BR3.DVT12L4 equality     .          277.83     7.37602e-02 >
104 R_BR3.BPM9L3.x_BR3.DVT13L4 equality     .          285.41     1.03209e-01 >
105 R_BR3.BPM9L3.x_BR3.DVT2L4 equality     .          275.96    -7.79763e-02 >
106 R_BR3.BPM9L3.x_BR3.DVT6L4 equality     .          273.27    -3.20861e-01 >
107 R_BR3.BPM9L3.x_BR3.DVT8L1 equality     .          276.9     -8.68973e-02 >
108 R_BR3.BPM9L3.x_BR3.DVT9L1 equality     .          281.52     9.11561e-02 >
109 R_BR3.BPM10L3.x_BR3.DHZ11L4 equality     .          319.65     9.06855e-02 >
110 R_BR3.BPM10L3.x_BR3.DHZ12L4 equality     .          316.13    -1.34081e-01 >
111 R_BR3.BPM10L3.x_BR3.DHZ13L4 equality     .          325.84     1.09498e+00 >
112 R_BR3.BPM10L3.x_BR3.DHZ14L1 equality     .          326.76     1.31251e+00 >
113 R_BR3.BPM10L3.x_BR3.DHZ8L1 equality     .          320.51    -6.80565e-01 >
114 R_BR3.BPM10L3.x_BR3.DHZ9L1 equality     .          322.85    -3.46397e-01 >
115 R_BR3.BPM10L3.x_BR3.DVT12L4 equality     .          326.21     8.41721e-02 >
116 R_BR3.BPM10L3.x_BR3.DVT13L4 equality     .          329.16    -5.86017e-02 >
117 R_BR3.BPM10L3.x_BR3.DVT2L4 equality     .          325.58     8.71452e-02 >
118 R_BR3.BPM10L3.x_BR3.DVT6L4 equality     .          320.71    -1.08245e-01 >
119 R_BR3.BPM10L3.x_BR3.DVT8L1 equality     .          322.38    -1.90396e-01 >
120 R_BR3.BPM10L3.x_BR3.DVT9L1 equality     .          321.9     -1.01012e-01 >
121 R_BR3.BPM11L3.x_BR3.DHZ11L4 equality     .          321.62     1.30785e-01 >
122 R_BR3.BPM11L3.x_BR3.DHZ12L4 equality     .          316.81     1.57940e-01 >
123 R_BR3.BPM11L3.x_BR3.DHZ13L4 equality     .          318.29     4.30568e-01 >
124 R_BR3.BPM11L3.x_BR3.DHZ14L1 equality     .          323       -5.14676e-01 >
125 R_BR3.BPM11L3.x_BR3.DHZ8L1 equality     .          323.25     4.70853e-01 >
126 R_BR3.BPM11L3.x_BR3.DHZ9L1 equality     .          321.03    -6.33700e-01 >
127 R_BR3.BPM11L3.x_BR3.DVT12L4 equality     .          323.49     1.36041e-01 >
128 R_BR3.BPM11L3.x_BR3.DVT13L4 equality     .          323.39    -2.50609e-01 >
129 R_BR3.BPM11L3.x_BR3.DVT2L4 equality     .          321.94     1.32802e-01 >
130 R_BR3.BPM11L3.x_BR3.DVT6L4 equality     .          317.89    -7.03395e-02 >
131 R_BR3.BPM11L3.x_BR3.DVT8L1 equality     .          319.79     6.99946e-02 >
132 R_BR3.BPM11L3.x_BR3.DVT9L1 equality     .          321.7     -2.51760e-01 >
133 R_BR3.BPM12L3.x_BR3.DHZ11L4 equality     .          231.32     4.82268e-01 >
134 R_BR3.BPM12L3.x_BR3.DHZ12L4 equality     .          230.81     7.83010e-01 >
135 R_BR3.BPM12L3.x_BR3.DHZ13L4 equality     .          235.29     9.57851e-01 >
136 R_BR3.BPM12L3.x_BR3.DHZ14L1 equality     .          237.27    -1.53492e-01 >
137 R_BR3.BPM12L3.x_BR3.DHZ8L1 equality     .          236.62     1.18343e+00 >
138 R_BR3.BPM12L3.x_BR3.DHZ9L1 equality     .          234.67     4.00307e-01 >
139 R_BR3.BPM12L3.x_BR3.DVT12L4 equality     .          236.69     1.17170e-01 >
140 R_BR3.BPM12L3.x_BR3.DVT13L4 equality     .          234.68    -9.07714e-02 >
141 R_BR3.BPM12L3.x_BR3.DVT2L4 equality     .          235.06    -1.23298e-02 >
142 R_BR3.BPM12L3.x_BR3.DVT6L4 equality     .          233.75    -1.87181e-01 >
143 R_BR3.BPM12L3.x_BR3.DVT8L1 equality     .          234.41     1.15402e-01 >
144 R_BR3.BPM12L3.x_BR3.DVT9L1 equality     .          236.74    -2.77477e-02 >
145 R_BR3.BPM13L3.x_BR3.DHZ11L4 equality     .          284.54     2.30965e-01 >
146 R_BR3.BPM13L3.x_BR3.DHZ12L4 equality     .          283.04     2.81152e-01 >
147 R_BR3.BPM13L3.x_BR3.DHZ13L4 equality     .          295.14     1.57700e+00 >
148 R_BR3.BPM13L3.x_BR3.DHZ14L1 equality     .          296.29     1.62190e+00 >
149 R_BR3.BPM13L3.x_BR3.DHZ8L1 equality     .          287.88    -7.09850e-02 >
150 R_BR3.BPM13L3.x_BR3.DHZ9L1 equality     .          287.07     3.78596e-01 >
151 R_BR3.BPM13L3.x_BR3.DVT12L4 equality     .          295.01     2.19426e-01 >
152 R_BR3.BPM13L3.x_BR3.DVT13L4 equality     .          294.7      1.27512e-01 >
153 R_BR3.BPM13L3.x_BR3.DVT2L4 equality     .          290.68    -6.92073e-02 >
154 R_BR3.BPM13L3.x_BR3.DVT6L4 equality     .          289.47    -2.75615e-01 >
155 R_BR3.BPM13L3.x_BR3.DVT8L1 equality     .          289.76    -1.34786e-01 >
156 R_BR3.BPM13L3.x_BR3.DVT9L1 equality     .          288.72     1.09574e-01 >
157 R_BR3.BPM14L3.x_BR3.DHZ11L4 equality     .          211.88    -1.42962e-01 >
158 R_BR3.BPM14L3.x_BR3.DHZ12L4 equality     .          207.85    -1.08256e-01 >
159 R_BR3.BPM14L3.x_BR3.DHZ13L4 equality     .          214.17     1.69694e+00 >
160 R_BR3.BPM14L3.x_BR3.DHZ14L1 equality     .          214.94     2.06299e+00 >
161 R_BR3.BPM14L3.x_BR3.DHZ8L1 equality     .          211.23    -6.42274e-01 >
162 R_BR3.BPM14L3.x_BR3.DHZ9L1 equality     .          213.35    -6.44266e-01 >
163 R_BR3.BPM14L3.x_BR3.DVT12L4 equality     .          215.96     1.80249e-03 >
164 R_BR3.BPM14L3.x_BR3.DVT13L4 equality     .          216.13     8.78997e-02 >
165 R_BR3.BPM14L3.x_BR3.DVT2L4 equality     .          214.73     9.19180e-02 >
166 R_BR3.BPM14L3.x_BR3.DVT6L4 equality     .          212.35    -1.16452e-01 >
167 R_BR3.BPM14L3.x_BR3.DVT8L1 equality     .          214.2     -1.58925e-01 >
168 R_BR3.BPM14L3.x_BR3.DVT9L1 equality     .          213.82    -1.12495e-01 >
169 R_BR3.BPM15L3.x_BR3.DHZ11L4 equality     .          318.35     3.26230e-01 >
170 R_BR3.BPM15L3.x_BR3.DHZ12L4 equality     .          313.72     1.59852e-02 >
171 R_BR3.BPM15L3.x_BR3.DHZ13L4 equality     .          311.6      3.63138e-01 >
172 R_BR3.BPM15L3.x_BR3.DHZ14L1 equality     .          314.3      3.74097e-02 >
173 R_BR3.BPM15L3.x_BR3.DHZ8L1 equality     .          319.14     7.82074e-01 >
174 R_BR3.BPM15L3.x_BR3.DHZ9L1 equality     .          317.1     -7.40868e-01 >
175 R_BR3.BPM15L3.x_BR3.DVT12L4 equality     .          319.08     7.83226e-02 >
176 R_BR3.BPM15L3.x_BR3.DVT13L4 equality     .          317.35    -2.67723e-01 >
177 R_BR3.BPM15L3.x_BR3.DVT2L4 equality     .          321.05     9.57565e-02 >
178 R_BR3.BPM15L3.x_BR3.DVT6L4 equality     .          317.16    -8.70761e-02 >
179 R_BR3.BPM15L3.x_BR3.DVT8L1 equality     .          319.06     1.19300e-01 >
180 R_BR3.BPM15L3.x_BR3.DVT9L1 equality     .          318.75    -1.64578e-01 >
181 R_BR3.BPM16L3.x_BR3.DHZ11L4 equality     .          342.42     3.64810e-01 >
182 R_BR3.BPM16L3.x_BR3.DHZ12L4 equality     .          334.06     5.24809e-01 >
183 R_BR3.BPM16L3.x_BR3.DHZ13L4 equality     .          334.87     2.18166e-01 >
184 R_BR3.BPM16L3.x_BR3.DHZ14L1 equality     .          338.52    -9.79765e-01 >
185 R_BR3.BPM16L3.x_BR3.DHZ8L1 equality     .          344.05     9.92557e-01 >
186 R_BR3.BPM16L3.x_BR3.DHZ9L1 equality     .          340.3      5.41447e-01 >
187 R_BR3.BPM16L3.x_BR3.DVT12L4 equality     .          331.51     1.96527e-01 >
188 R_BR3.BPM16L3.x_BR3.DVT13L4 equality     .          328.25    -1.92144e-01 >
189 R_BR3.BPM16L3.x_BR3.DVT2L4 equality     .          328.51     4.83853e-03 >
190 R_BR3.BPM16L3.x_BR3.DVT6L4 equality     .          324.17    -1.93343e-01 >
191 R_BR3.BPM16L3.x_BR3.DVT8L1 equality     .          330.87     1.13268e-01 >
192 R_BR3.BPM16L3.x_BR3.DVT9L1 equality     .          325.91    -1.19356e-02 >
193 R_BR3.BPM1L3.y_BR3.DHZ11L4 equality     .          266.76    -1.34309e-01 >
194 R_BR3.BPM1L3.y_BR3.DHZ12L4 equality     .          260.64     3.20359e-02 >
195 R_BR3.BPM1L3.y_BR3.DHZ13L4 equality     .          257.56     2.06558e-01 >
196 R_BR3.BPM1L3.y_BR3.DHZ14L1 equality     .          261.21     1.34179e-01 >
197 R_BR3.BPM1L3.y_BR3.DHZ8L1 equality     .          261.57    -1.34036e-01 >
198 R_BR3.BPM1L3.y_BR3.DHZ9L1 equality     .          258.89     9.85393e-02 >
199 R_BR3.BPM1L3.y_BR3.DVT12L4 equality     .          257.37    -1.24023e-01 >
200 R_BR3.BPM1L3.y_BR3.DVT13L4 equality     .          251.9      2.37986e-01 >
201 R_BR3.BPM1L3.y_BR3.DVT2L4 equality     .          254.71    -2.87424e-02 >
202 R_BR3.BPM1L3.y_BR3.DVT6L4 equality     .          255.63     8.96730e-02 >
203 R_BR3.BPM1L3.y_BR3.DVT8L1 equality     .          254.03    -1.03001e-01 >
204 R_BR3.BPM1L3.y_BR3.DVT9L1 equality     .          254.93     1.22548e-01 >
205 R_BR3.BPM2L3.y_BR3.DHZ11L4 equality     .          192.49     4.87786e-02 >
206 R_BR3.BPM2L3.y_BR3.DHZ12L4 equality     .          194.16    -5.44485e-02 >
207 R_BR3.BPM2L3.y_BR3.DHZ13L4 equality     .          193.89     1.81089e-02 >
208 R_BR3.BPM2L3.y_BR3.DHZ14L1 equality     .          196.5      5.86017e-02 >
209 R_BR3.BPM2L3.y_BR3.DHZ8L1 equality     .          198.33     3.30962e-02 >
210 R_BR3.BPM2L3.y_BR3.DHZ9L1 equality     .          194.55    -6.83591e-02 >
211 R_BR3.BPM2L3.y_BR3.DVT12L4 equality     .          194.45    -3.73235e-02 >
212 R_BR3.BPM2L3.y_BR3.DVT13L4 equality     .          196.88     1.79480e-01 >
213 R_BR3.BPM2L3.y_BR3.DVT2L4 equality     .          196.4      1.50132e-01 >
214 R_BR3.BPM2L3.y_BR3.DVT6L4 equality     .          194.13     3.52293e-02 >
215 R_BR3.BPM2L3.y_BR3.DVT8L1 equality     .          197.65    -1.13331e-01 >
216 R_BR3.BPM2L3.y_BR3.DVT9L1 equality     .          200.1     -4.97924e-01 >
217 R_BR3.BPM3L3.y_BR3.DHZ11L4 equality     .          309.2      1.70272e-01 >
218 R_BR3.BPM3L3.y_BR3.DHZ12L4 equality     .          305        1.57653e-02 >
219 R_BR3.BPM3L3.y_BR3.DHZ13L4 equality     .          308.48    -2.32679e-01 >
220 R_BR3.BPM3L3.y_BR3.DHZ14L1 equality     .          311.75    -1.93831e-01 >
221 R_BR3.BPM3L3.y_BR3.DHZ8L1 equality     .          311.9      1.94571e-01 >
222 R_BR3.BPM3L3.y_BR3.DHZ9L1 equality     .          308.65    -4.38749e-02 >
223 R_BR3.BPM3L3.y_BR3.DVT12L4 equality     .          303.54    -4.20913e-02 >
224 R_BR3.BPM3L3.y_BR3.DVT13L4 equality     .          302.47    -4.81650e-01 >
225 R_BR3.BPM3L3.y_BR3.DVT2L4 equality     .          306.06     2.86457e-01 >
226 R_BR3.BPM3L3.y_BR3.DVT6L4 equality     .          306.1     -8.97243e-02 >
227 R_BR3.BPM3L3.y_BR3.DVT8L1 equality     .          305.71     2.52717e-01 >
228 R_BR3.BPM3L3.y_BR3.DVT9L1 equality     .          306.93    -1.67240e-01 >
229 R_BR3.BPM4L3.y_BR3.DHZ11L4 equality     .          209.92    -1.02078e-01 >
230 R_BR3.BPM4L3.y_BR3.DHZ12L4 equality     .          208.08     4.35773e-03 >
231 R_BR3.BPM4L3.y_BR3.DHZ13L4 equality     .          209.11    -4.80117e-02 >
232 R_BR3.BPM4L3.y_BR3.DHZ14L1 equality     .          211.85    -8.16438e-02 >
233 R_BR3.BPM4L3.y_BR3.DHZ8L1 equality     .          210.02    -7.21288e-02 >
234 R_BR3.BPM4L3.y_BR3.DHZ9L1 equality     .          210.52     4.31662e-02 >
235 R_BR3.BPM4L3.y_BR3.DVT12L4 equality     .          211.43    -6.83614e-01 >
236 R_BR3.BPM4L3.y_BR3.DVT13L4 equality     .          206.83    -5.48111e-02 >
237 R_BR3.BPM4L3.y_BR3.DVT2L4 equality     .          207.62     5.29787e-01 >
238 R_BR3.BPM4L3.y_BR3.DVT6L4 equality     .          207.22     6.06981e-01 >
239 R_BR3.BPM4L3.y_BR3.DVT8L1 equality     .          209.27    -1.15127e-02 >
240 R_BR3.BPM4L3.y_BR3.DVT9L1 equality     .          205.48     8.01332e-02 >
241 R_BR3.BPM5L3.y_BR3.DHZ11L4 equality     .          300.59    -1.88000e-01 >
242 R_BR3.BPM5L3.y_BR3.DHZ12L4 equality     .          297.16    -7.44183e-03 >
243 R_BR3.BPM5L3.y_BR3.DHZ13L4 equality     .          299.71     2.18435e-01 >
244 R_BR3.BPM5L3.y_BR3.DHZ14L1 equality     .          302.59     1.53106e-01 >
245 R_BR3.BPM5L3.y_BR3.DHZ8L1 equality     .          301.54    -1.95588e-01 >
246 R_BR3.BPM5L3.y_BR3.DHZ9L1 equality     .          301.97     6.30835e-02 >
247 R_BR3.BPM5L3.y_BR3.DVT12L4 equality     .          300.71     8.48657e-02 >
248 R_BR3.BPM5L3.y_BR3.DVT13L4 equality     .          292.52     4.85383e-01 >
249 R_BR3.BPM5L3.y_BR3.DVT2L4 equality     .          294.96    -2.60794e-01 >
250 R_BR3.BPM5L3.y_BR3.DVT6L4 equality     .          295.26     6.58324e-02 >
251 R_BR3.BPM5L3.y_BR3.DVT8L1 equality     .          295.51    -2.34506e-01 >
252 R_BR3.BPM5L3.y_BR3.DVT9L1 equality     .          300.71     1.01875e-01 >
253 R_BR3.BPM6L3.y_BR3.DHZ11L4 equality     .          205.66     1.21490e-01 >
254 R_BR3.BPM6L3.y_BR3.DHZ12L4 equality     .          201.86     1.50661e-02 >
255 R_BR3.BPM6L3.y_BR3.DHZ13L4 equality     .          204.39     1.04319e-02 >
256 R_BR3.BPM6L3.y_BR3.DHZ14L1 equality     .          206.14    -3.52623e-02 >
257 R_BR3.BPM6L3.y_BR3.DHZ8L1 equality     .          205.51     1.44096e-01 >
258 R_BR3.BPM6L3.y_BR3.DHZ9L1 equality     .          205.6     -4.67844e-02 >
259 R_BR3.BPM6L3.y_BR3.DVT12L4 equality     .          203.95     5.76980e-01 >
260 R_BR3.BPM6L3.y_BR3.DVT13L4 equality     .          204.5      4.15749e-02 >
261 R_BR3.BPM6L3.y_BR3.DVT2L4 equality     .          201.85    -4.31171e-01 >
262 R_BR3.BPM6L3.y_BR3.DVT6L4 equality     .          201.08    -4.52365e-01 >
263 R_BR3.BPM6L3.y_BR3.DVT8L1 equality     .          205.4     -9.93309e-03 >
264 R_BR3.BPM6L3.y_BR3.DVT9L1 equality     .          202.55    -1.99722e-01 >
265 R_BR3.BPM7L3.y_BR3.DHZ11L4 equality     .          247.51     2.04338e-01 >
266 R_BR3.BPM7L3.y_BR3.DHZ12L4 equality     .          239.62     4.93105e-02 >
267 R_BR3.BPM7L3.y_BR3.DHZ13L4 equality     .          243.43    -2.49713e-01 >
268 R_BR3.BPM7L3.y_BR3.DHZ14L1 equality     .          246.98    -1.87584e-01 >
269 R_BR3.BPM7L3.y_BR3.DHZ8L1 equality     .          246.56     2.30348e-01 >
270 R_BR3.BPM7L3.y_BR3.DHZ9L1 equality     .          246.83    -2.85389e-02 >
271 R_BR3.BPM7L3.y_BR3.DVT12L4 equality     .          249.31    -9.78352e-02 >
272 R_BR3.BPM7L3.y_BR3.DVT13L4 equality     .          250.81    -2.36211e-01 >
273 R_BR3.BPM7L3.y_BR3.DVT2L4 equality     .          247.33     4.73075e-02 >
274 R_BR3.BPM7L3.y_BR3.DVT6L4 equality     .          247.73    -1.36488e-01 >
275 R_BR3.BPM7L3.y_BR3.DVT8L1 equality     .          247.99     7.35391e-02 >
276 R_BR3.BPM7L3.y_BR3.DVT9L1 equality     .          243.93     3.55170e-02 >
277 R_BR3.BPM8L3.y_BR3.DHZ11L4 equality     .          310.08    -2.21951e-02 >
278 R_BR3.BPM8L3.y_BR3.DHZ12L4 equality     .          307.13     5.08213e-02 >
279 R_BR3.BPM8L3.y_BR3.DHZ13L4 equality     .          303.82    -1.02699e-01 >
280 R_BR3.BPM8L3.y_BR3.DHZ14L1 equality     .          311.28    -1.46533e-01 >
281 R_BR3.BPM8L3.y_BR3.DHZ8L1 equality     .          310.24     2.68951e-03 >
282 R_BR3.BPM8L3.y_BR3.DHZ9L1 equality     .          307.43     5.75668e-02 >
283 R_BR3.BPM8L3.y_BR3.DVT12L4 equality     .          310.09     6.66348e-02 >
284 R_BR3.BPM8L3.y_BR3.DVT13L4 equality     .          305.78     1.21443e-01 >
285 R_BR3.BPM8L3.y_BR3.DVT2L4 equality     .          308.97    -2.22529e-01 >
286 R_BR3.BPM8L3.y_BR3.DVT6L4 equality     .          299.52    -6.69113e-02 >
287 R_BR3.BPM8L3.y_BR3.DVT8L1 equality     .          305.11     3.84094e-01 >
288 R_BR3.BPM8L3.y_BR3.DVT9L1 equality     .          307.07     5.75668e-01 >
289 R_BR3.BPM9L3.y_BR3.DHZ11L4 equality     .          334.71    -1.73165e-01 >
290 R_BR3.BPM9L3.y_BR3.DHZ12L4 equality     .          333.16    -6.60852e-04 >
291 R_BR3.BPM9L3.y_BR3.DHZ13L4 equality     .          334.6      2.19364e-01 >
292 R_BR3.BPM9L3.y_BR3.DHZ14L1 equality     .          340.73     1.62506e-01 >
293 R_BR3.BPM9L3.y_BR3.DHZ8L1 equality     .          335.94    -1.01301e-01 >
294 R_BR3.BPM9L3.y_BR3.DHZ9L1 equality     .          337.78     4.87362e-02 >
295 R_BR3.BPM9L3.y_BR3.DVT12L4 equality     .          331.03    -1.27782e-01 >
296 R_BR3.BPM9L3.y_BR3.DVT13L4 equality     .          338.49     5.62436e-01 >
297 R_BR3.BPM9L3.y_BR3.DVT2L4 equality     .          333.32    -1.65369e-01 >
298 R_BR3.BPM9L3.y_BR3.DVT6L4 equality     .          330.97    -9.74920e-02 >
299 R_BR3.BPM9L3.y_BR3.DVT8L1 equality     .          333.05    -8.85111e-02 >
300 R_BR3.BPM9L3.y_BR3.DVT9L1 equality     .          335.65     4.74135e-01 >
301 R_BR3.BPM10L3.y_BR3.DHZ11L4 equality     .          366.2      1.12797e-01 >
302 R_BR3.BPM10L3.y_BR3.DHZ12L4 equality     .          362.07    -6.54595e-02 >
303 R_BR3.BPM10L3.y_BR3.DHZ13L4 equality     .          361.04    -4.92832e-02 >
304 R_BR3.BPM10L3.y_BR3.DHZ14L1 equality     .          363.5      3.17562e-02 >
305 R_BR3.BPM10L3.y_BR3.DHZ8L1 equality     .          368.96    -1.25720e-02 >
306 R_BR3.BPM10L3.y_BR3.DHZ9L1 equality     .          364.84    -1.14645e-01 >
307 R_BR3.BPM10L3.y_BR3.DVT12L4 equality     .          359.34    -1.19004e-01 >
308 R_BR3.BPM10L3.y_BR3.DVT13L4 equality     .          360.65    -2.30118e-01 >
309 R_BR3.BPM10L3.y_BR3.DVT2L4 equality     .          355.51     2.96692e-01 >
310 R_BR3.BPM10L3.y_BR3.DVT6L4 equality     .          356.1      1.52234e-01 >
311 R_BR3.BPM10L3.y_BR3.DVT8L1 equality     .          360.02    -4.19602e-01 >
312 R_BR3.BPM10L3.y_BR3.DVT9L1 equality     .          366.4     -1.18816e-01 >
313 R_BR3.BPM11L3.y_BR3.DHZ11L4 equality     .          318.42     1.64599e-01 >
314 R_BR3.BPM11L3.y_BR3.DHZ12L4 equality     .          312.53     7.60632e-02 >
315 R_BR3.BPM11L3.y_BR3.DHZ13L4 equality     .          314.15    -2.46254e-01 >
316 R_BR3.BPM11L3.y_BR3.DHZ14L1 equality     .          319.85    -2.09682e-01 >
317 R_BR3.BPM11L3.y_BR3.DHZ8L1 equality     .          318.13     1.49176e-01 >
318 R_BR3.BPM11L3.y_BR3.DHZ9L1 equality     .          314.86    -3.98039e-02 >
319 R_BR3.BPM11L3.y_BR3.DVT12L4 equality     .          318.32     6.54869e-03 >
320 R_BR3.BPM11L3.y_BR3.DVT13L4 equality     .          319.64    -2.95799e-01 >
321 R_BR3.BPM11L3.y_BR3.DVT2L4 equality     .          314.09     3.94667e-02 >
322 R_BR3.BPM11L3.y_BR3.DVT6L4 equality     .          315.65    -7.39559e-02 >
323 R_BR3.BPM11L3.y_BR3.DVT8L1 equality     .          313.99     6.87035e-02 >
324 R_BR3.BPM11L3.y_BR3.DVT9L1 equality     .          319.49    -3.06680e-01 >
325 R_BR3.BPM12L3.y_BR3.DHZ11L4 equality     .          231.29    -3.67153e-02 >
326 R_BR3.BPM12L3.y_BR3.DHZ12L4 equality     .          228.92     7.34348e-02 >
327 R_BR3.BPM12L3.y_BR3.DHZ13L4 equality     .          229.14    -4.35935e-02 >
328 R_BR3.BPM12L3.y_BR3.DHZ14L1 equality     .          230.81    -8.15182e-02 >
329 R_BR3.BPM12L3.y_BR3.DHZ8L1 equality     .          232.09    -6.62099e-03 >
330 R_BR3.BPM12L3.y_BR3.DHZ9L1 equality     .          230.3      2.06955e-03 >
331 R_BR3.BPM12L3.y_BR3.DVT12L4 equality     .          232.44    -2.91648e-01 >
332 R_BR3.BPM12L3.y_BR3.DVT13L4 equality     .          232.5      2.02058e-01 >
333 R_BR3.BPM12L3.y_BR3.DVT2L4 equality     .          232.86     1.13528e-01 >
334 R_BR3.BPM12L3.y_BR3.DVT6L4 equality     .          233.21     2.65051e-01 >
335 R_BR3.BPM12L3.y_BR3.DVT8L1 equality     .          234.5      1.28217e-01 >
336 R_BR3.BPM12L3.y_BR3.DVT9L1 equality     .          232.15     1.11612e-01 >
337 R_BR3.BPM13L3.y_BR3.DHZ11L4 equality     .          318.63    -1.09150e-01 >
338 R_BR3.BPM13L3.y_BR3.DHZ12L4 equality     .          312.27    -1.23126e-02 >
339 R_BR3.BPM13L3.y_BR3.DHZ13L4 equality     .          312.67     2.35768e-01 >
340 R_BR3.BPM13L3.y_BR3.DHZ14L1 equality     .          317.13     1.99195e-01 >
341 R_BR3.BPM13L3.y_BR3.DHZ8L1 equality     .          317.01    -1.20106e-01 >
342 R_BR3.BPM13L3.y_BR3.DHZ9L1 equality     .          315.47     4.65388e-02 >
343 R_BR3.BPM13L3.y_BR3.DVT12L4 equality     .          316.17     3.62720e-02 >
344 R_BR3.BPM13L3.y_BR3.DVT13L4 equality     .          317.1      4.12932e-01 >
345 R_BR3.BPM13L3.y_BR3.DVT2L4 equality     .          315.8     -3.94322e-02 >
346 R_BR3.BPM13L3.y_BR3.DVT6L4 equality     .          313.76     3.29217e-02 >
347 R_BR3.BPM13L3.y_BR3.DVT8L1 equality     .          317.44    -1.12065e-01 >
348 R_BR3.BPM13L3.y_BR3.DVT9L1 equality     .          320.26     3.53352e-01 >
349 R_BR3.BPM14L3.y_BR3.DHZ11L4 equality     .          244.36     1.95465e-02 >
350 R_BR3.BPM14L3.y_BR3.DHZ12L4 equality     .          241.74    -6.83835e-02 >
351 R_BR3.BPM14L3.y_BR3.DHZ13L4 equality     .          243.26     5.24368e-02 >
352 R_BR3.BPM14L3.y_BR3.DHZ14L1 equality     .          243.34     5.94930e-02 >
353 R_BR3.BPM14L3.y_BR3.DHZ8L1 equality     .          247.99     3.50238e-03 >
354 R_BR3.BPM14L3.y_BR3.DHZ9L1 equality     .          245.6     -8.09130e-02 >
355 R_BR3.BPM14L3.y_BR3.DVT12L4 equality     .          243.73     1.31606e-01 >
356 R_BR3.BPM14L3.y_BR3.DVT13L4 equality     .          242.56     4.62911e-01 >
357 R_BR3.BPM14L3.y_BR3.DVT2L4 equality     .          244.08     1.47946e-01 >
358 R_BR3.BPM14L3.y_BR3.DVT6L4 equality     .          243.53    -2.60310e-03 >
359 R_BR3.BPM14L3.y_BR3.DVT8L1 equality     .          244.77    -2.31413e-01 >
360 R_BR3.BPM14L3.y_BR3.DVT9L1 equality     .          247.1     -2.55787e-01 >
361 R_BR3.BPM15L3.y_BR3.DHZ11L4 equality     .          335.46     1.18724e-01 >
362 R_BR3.BPM15L3.y_BR3.DHZ12L4 equality     .          332.49     5.73813e-02 >
363 R_BR3.BPM15L3.y_BR3.DHZ13L4 equality     .          333.02    -2.31305e-01 >
364 R_BR3.BPM15L3.y_BR3.DHZ14L1 equality     .          339.6     -1.94288e-01 >
365 R_BR3.BPM15L3.y_BR3.DHZ8L1 equality     .          337.23     1.32249e-01 >
366 R_BR3.BPM15L3.y_BR3.DHZ9L1 equality     .          334.2     -4.24865e-03 >
367 R_BR3.BPM15L3.y_BR3.DVT12L4 equality     .          335.53    -1.94518e-01 >
368 R_BR3.BPM15L3.y_BR3.DVT13L4 equality     .          332.18    -4.00298e-01 >
369 R_BR3.BPM15L3.y_BR3.DVT2L4 equality     .          339.47     2.79460e-02 >
370 R_BR3.BPM15L3.y_BR3.DVT6L4 equality     .          334.11     7.55007e-02 >
371 R_BR3.BPM15L3.y_BR3.DVT8L1 equality     .          336.51     2.08722e-01 >
372 R_BR3.BPM15L3.y_BR3.DVT9L1 equality     .          337.85    -4.13492e-01 >
373 R_BR3.BPM16L3.y_BR3.DHZ11L4 equality     .          372.29     5.14103e-03 >
374 R_BR3.BPM16L3.y_BR3.DHZ12L4 equality     .          365.67     3.00493e-02 >
375 R_BR3.BPM16L3.y_BR3.DHZ13L4 equality     .          365.5     -7.13310e-02 >
376 R_BR3.BPM16L3.y_BR3.DHZ14L1 equality     .          370.71    -8.41754e-02 >
377 R_BR3.BPM16L3.y_BR3.DHZ8L1 equality     .          372.15    -2.10842e-03 >
378 R_BR3.BPM16L3.y_BR3.DHZ9L1 equality     .          370.13     5.32129e-02 >
379 R_BR3.BPM16L3.y_BR3.DVT12L4 equality     .          366.81     3.56962e-02 >
380 R_BR3.BPM16L3.y_BR3.DVT13L4 equality     .          365.16    -3.10671e-01 >
381 R_BR3.BPM16L3.y_BR3.DVT2L4 equality     .          366.91    -1.85380e-01 >
382 R_BR3.BPM16L3.y_BR3.DVT6L4 equality     .          366.38    -7.68609e-02 >
383 R_BR3.BPM16L3.y_BR3.DVT8L1 equality     .          363.83     1.81412e-01 >
384 R_BR3.BPM16L3.y_BR3.DVT9L1 equality     .          368.51     4.24807e-01 >

 Variables                  Curr. Value  Curr. Step   Lower Limit  Upper Limit
--------------------------------------------------------------------------------
 1 BR.QFOCELL1.dk1l         0.00000e+00  0.00000e+00   .            .         
 2 BR.QDE1.dk1l             0.00000e+00  0.00000e+00   .            .         
 3 BR.QFOCELL2.dk1l         0.00000e+00  0.00000e+00   .            .         
 4 BR.QDE2.dk1l             0.00000e+00  0.00000e+00   .            .         
 5 BR.QFOCELL3.dk1l         0.00000e+00  0.00000e+00   .            .         
 6 BR.QDE3.dk1l             0.00000e+00  0.00000e+00   .            .         
 7 BR.QFOCELL4.dk1l         0.00000e+00  0.00000e+00   .            .         
 8 BR.QDE4.dk1l             0.00000e+00  0.00000e+00   .            .         
 9 BR.QFOCELL5.dk1l         0.00000e+00  0.00000e+00   .            .         
10 BR.QDE5.dk1l             0.00000e+00  0.00000e+00   .            .         
11 BR.QFOCELL6.dk1l         0.00000e+00  0.00000e+00   .            .         
12 BR.QDE6.dk1l             0.00000e+00  0.00000e+00   .            .         
13 BR.QFOCELL7.dk1l         0.00000e+00  0.00000e+00   .            .         
14 BR.QDE7.dk1l             0.00000e+00  0.00000e+00   .            .         
15 BR.QFOCELL8.dk1l         0.00000e+00  0.00000e+00   .            .         
16 BR.QDE8.dk1l             0.00000e+00  0.00000e+00   .            .         
17 BR.QFOCELL9.dk1l         0.00000e+00  0.00000e+00   .            .         
18 BR.QDE9.dk1l             0.00000e+00  0.00000e+00   .            .         
19 BR.QFOCELL10.dk1l        0.00000e+00  0.00000e+00   .            .         
20 BR.QDE10.dk1l            0.00000e+00  0.00000e+00   .            .         
21 BR.QFOCELL11.dk1l        0.00000e+00  0.00000e+00   .            .         
22 BR.QDE11.dk1l            0.00000e+00  0.00000e+00   .            .         
23 BR.QFOCELL12.dk1l        0.00000e+00  0.00000e+00   .            .         
24 BR.QDE12.dk1l            0.00000e+00  0.00000e+00   .            .         
25 BR.QFOCELL13.dk1l        0.00000e+00  0.00000e+00   .            .         
26 BR.QDE13.dk1l            0.00000e+00  0.00000e+00   .            .         
27 BR.QFOCELL14.dk1l        0.00000e+00  0.00000e+00   .            .         
28 BR.QDE14.dk1l            0.00000e+00  0.00000e+00   .            .         
29 BR.QFOCELL15.dk1l        0.00000e+00  0.00000e+00   .            .         
30 BR.QDE15.dk1l            0.00000e+00  0.00000e+00   .            .         
31 BR.QFOCELL16.dk1l        0.00000e+00  0.00000e+00   .            .         
32 BR.QDE16.dk1l            0.00000e+00  0.00000e+00   .            .         

ncall=1 [0.0s], fval=4.20912e-01, fstp=-inf, ccnt=384.


 Constraints                Type        Kind        Weight     Expr. Value
------------------------------------------------------------------------------
 1 R_BR3.BPM1L3.x_BR3.DHZ11L4 equality     .          256.16     4.89711e-01 >
 2 R_BR3.BPM1L3.x_BR3.DHZ12L4 equality     .          254.23     1.58667e-01 >
 3 R_BR3.BPM1L3.x_BR3.DHZ13L4 equality     .          253.59     9.22541e-01 >
 4 R_BR3.BPM1L3.x_BR3.DHZ14L1 equality     .          255.58     3.41247e-01 >
 5 R_BR3.BPM1L3.x_BR3.DHZ8L1 equality     .          251.17    -6.53954e-02 >
 6 R_BR3.BPM1L3.x_BR3.DHZ9L1 equality     .          249.93    -3.19219e-02 >
 7 R_BR3.BPM1L3.x_BR3.DVT12L4 equality     .          260.4      1.33878e-01 >
 8 R_BR3.BPM1L3.x_BR3.DVT13L4 equality     .          256.07     1.19100e-01 >
 9 R_BR3.BPM1L3.x_BR3.DVT2L4 equality     .          252.75    -7.52033e-02 >
10 R_BR3.BPM1L3.x_BR3.DVT6L4 equality     .          253.38    -2.88331e-01 >
11 R_BR3.BPM1L3.x_BR3.DVT8L1 equality     .          254.19    -1.68354e-01 >
12 R_BR3.BPM1L3.x_BR3.DVT9L1 equality     .          254.31     3.19684e-02 >
13 R_BR3.BPM2L3.x_BR3.DHZ11L4 equality     .          156.29     1.68829e-01 >
14 R_BR3.BPM2L3.x_BR3.DHZ12L4 equality     .          154.4      4.83292e-01 >
15 R_BR3.BPM2L3.x_BR3.DHZ13L4 equality     .          157.12     1.24807e+00 >
16 R_BR3.BPM2L3.x_BR3.DHZ14L1 equality     .          159.5      1.24857e+00 >
17 R_BR3.BPM2L3.x_BR3.DHZ8L1 equality     .          158.32     1.29045e-01 >
18 R_BR3.BPM2L3.x_BR3.DHZ9L1 equality     .          156.91    -7.37939e-02 >
19 R_BR3.BPM2L3.x_BR3.DVT12L4 equality     .          159.11     5.89998e-02 >
20 R_BR3.BPM2L3.x_BR3.DVT13L4 equality     .          156.02    -1.47142e-02 >
21 R_BR3.BPM2L3.x_BR3.DVT2L4 equality     .          155.44     4.40137e-02 >
22 R_BR3.BPM2L3.x_BR3.DVT6L4 equality     .          156.47    -2.01518e-01 >
23 R_BR3.BPM2L3.x_BR3.DVT8L1 equality     .          156.24    -1.53128e-01 >
24 R_BR3.BPM2L3.x_BR3.DVT9L1 equality     .          155.22    -1.29174e-01 >
25 R_BR3.BPM3L3.x_BR3.DHZ11L4 equality     .          311.6      5.83264e-01 >
26 R_BR3.BPM3L3.x_BR3.DHZ12L4 equality     .          303.14     9.63672e-02 >
27 R_BR3.BPM3L3.x_BR3.DHZ13L4 equality     .          303.16     1.91141e-01 >
28 R_BR3.BPM3L3.x_BR3.DHZ14L1 equality     .          306.57     6.05585e-02 >
29 R_BR3.BPM3L3.x_BR3.DHZ8L1 equality     .          308.71     1.17319e+00 >
30 R_BR3.BPM3L3.x_BR3.DHZ9L1 equality     .          305.32    -4.00696e-01 >
31 R_BR3.BPM3L3.x_BR3.DVT12L4 equality     .          304.68     6.63300e-02 >
32 R_BR3.BPM3L3.x_BR3.DVT13L4 equality     .          312.53    -2.50862e-01 >
33 R_BR3.BPM3L3.x_BR3.DVT2L4 equality     .          311.04     1.93228e-01 >
34 R_BR3.BPM3L3.x_BR3.DVT6L4 equality     .          308.23    -7.71765e-02 >
35 R_BR3.BPM3L3.x_BR3.DVT8L1 equality     .          308.71     8.73093e-02 >
36 R_BR3.BPM3L3.x_BR3.DVT9L1 equality     .          309.48    -1.54895e-01 >
37 R_BR3.BPM4L3.x_BR3.DHZ11L4 equality     .          198.58     4.49669e-01 >
38 R_BR3.BPM4L3.x_BR3.DHZ12L4 equality     .          201.04    -2.09118e-01 >
39 R_BR3.BPM4L3.x_BR3.DHZ13L4 equality     .          202.09     4.14560e-01 >
40 R_BR3.BPM4L3.x_BR3.DHZ14L1 equality     .          202.92    -3.76374e-01 >
41 R_BR3.BPM4L3.x_BR3.DHZ8L1 equality     .          201.17     5.52373e-01 >
42 R_BR3.BPM4L3.x_BR3.DHZ9L1 equality     .          200.74    -2.96642e-01 >
43 R_BR3.BPM4L3.x_BR3.DVT12L4 equality     .          199.05     1.75666e-01 >
44 R_BR3.BPM4L3.x_BR3.DVT13L4 equality     .          197.95    -1.51956e-01 >
45 R_BR3.BPM4L3.x_BR3.DVT2L4 equality     .          197.23     1.20311e-02 >
46 R_BR3.BPM4L3.x_BR3.DVT6L4 equality     .          195.97    -2.01460e-01 >
47 R_BR3.BPM4L3.x_BR3.DVT8L1 equality     .          198.39     6.94155e-02 >
48 R_BR3.BPM4L3.x_BR3.DVT9L1 equality     .          195.38    -7.39031e-02 >
49 R_BR3.BPM5L3.x_BR3.DHZ11L4 equality     .          323.52     5.28218e-01 >
50 R_BR3.BPM5L3.x_BR3.DHZ12L4 equality     .          321.44     1.57290e-01 >
51 R_BR3.BPM5L3.x_BR3.DHZ13L4 equality     .          331.9      9.53232e-01 >
52 R_BR3.BPM5L3.x_BR3.DHZ14L1 equality     .          329.01     5.34508e-01 >
53 R_BR3.BPM5L3.x_BR3.DHZ8L1 equality     .          324.43    -7.78285e-02 >
54 R_BR3.BPM5L3.x_BR3.DHZ9L1 equality     .          326.34    -7.89057e-02 >
55 R_BR3.BPM5L3.x_BR3.DVT12L4 equality     .          337.83     1.23235e-01 >
56 R_BR3.BPM5L3.x_BR3.DVT13L4 equality     .          337.83     1.22013e-01 >
57 R_BR3.BPM5L3.x_BR3.DVT2L4 equality     .          328.25    -1.18261e-01 >
58 R_BR3.BPM5L3.x_BR3.DVT6L4 equality     .          332.41    -2.74402e-01 >
59 R_BR3.BPM5L3.x_BR3.DVT8L1 equality     .          331.07    -1.59916e-01 >
60 R_BR3.BPM5L3.x_BR3.DVT9L1 equality     .          327.95     1.49071e-02 >
61 R_BR3.BPM6L3.x_BR3.DHZ11L4 equality     .          199.06     3.24331e-01 >
62 R_BR3.BPM6L3.x_BR3.DHZ12L4 equality     .          197.02     4.91318e-01 >
63 R_BR3.BPM6L3.x_BR3.DHZ13L4 equality     .          203.36     9.82871e-01 >
64 R_BR3.BPM6L3.x_BR3.DHZ14L1 equality     .          200.11     1.02018e+00 >
65 R_BR3.BPM6L3.x_BR3.DHZ8L1 equality     .          198.67     4.57639e-01 >
66 R_BR3.BPM6L3.x_BR3.DHZ9L1 equality     .          198.05    -1.43019e-01 >
67 R_BR3.BPM6L3.x_BR3.DVT12L4 equality     .          203.3      4.64656e-02 >
68 R_BR3.BPM6L3.x_BR3.DVT13L4 equality     .          203.17    -3.73942e-02 >
69 R_BR3.BPM6L3.x_BR3.DVT2L4 equality     .          201.38     1.00508e-01 >
70 R_BR3.BPM6L3.x_BR3.DVT6L4 equality     .          200.05    -1.40894e-01 >
71 R_BR3.BPM6L3.x_BR3.DVT8L1 equality     .          201.17    -9.37117e-02 >
72 R_BR3.BPM6L3.x_BR3.DVT9L1 equality     .          202.7     -1.31400e-01 >
73 R_BR3.BPM7L3.x_BR3.DHZ11L4 equality     .          224.56     1.46699e-02 >
74 R_BR3.BPM7L3.x_BR3.DHZ12L4 equality     .          219.91     1.58640e-01 >
75 R_BR3.BPM7L3.x_BR3.DHZ13L4 equality     .          222.83     7.41534e-01 >
76 R_BR3.BPM7L3.x_BR3.DHZ14L1 equality     .          223.21     3.26393e-01 >
77 R_BR3.BPM7L3.x_BR3.DHZ8L1 equality     .          225.31     7.26347e-01 >
78 R_BR3.BPM7L3.x_BR3.DHZ9L1 equality     .          223.19    -1.93034e-01 >
79 R_BR3.BPM7L3.x_BR3.DVT12L4 equality     .          225.85     7.06431e-02 >
80 R_BR3.BPM7L3.x_BR3.DVT13L4 equality     .          225.36    -2.46651e-01 >
81 R_BR3.BPM7L3.x_BR3.DVT2L4 equality     .          220.05     1.67579e-01 >
82 R_BR3.BPM7L3.x_BR3.DVT6L4 equality     .          220.91     2.38304e-02 >
83 R_BR3.BPM7L3.x_BR3.DVT8L1 equality     .          222.9      1.19650e-01 >
84 R_BR3.BPM7L3.x_BR3.DVT9L1 equality     .          222.54    -1.47120e-01 >
85 R_BR3.BPM8L3.x_BR3.DHZ11L4 equality     .          333.06     8.99849e-02 >
86 R_BR3.BPM8L3.x_BR3.DHZ12L4 equality     .          331.72    -1.07487e-01 >
87 R_BR3.BPM8L3.x_BR3.DHZ13L4 equality     .          334.32     8.86156e-01 >
88 R_BR3.BPM8L3.x_BR3.DHZ14L1 equality     .          336.17    -7.88914e-04 >
89 R_BR3.BPM8L3.x_BR3.DHZ8L1 equality     .          337.58     5.30005e-01 >
90 R_BR3.BPM8L3.x_BR3.DHZ9L1 equality     .          333.83    -8.92747e-02 >
91 R_BR3.BPM8L3.x_BR3.DVT12L4 equality     .          336.7      1.44051e-01 >
92 R_BR3.BPM8L3.x_BR3.DVT13L4 equality     .          334.2     -1.31260e-01 >
93 R_BR3.BPM8L3.x_BR3.DVT2L4 equality     .          335.6      9.04983e-03 >
94 R_BR3.BPM8L3.x_BR3.DVT6L4 equality     .          329.87    -1.47173e-01 >
95 R_BR3.BPM8L3.x_BR3.DVT8L1 equality     .          332.62     1.36214e-01 >
96 R_BR3.BPM8L3.x_BR3.DVT9L1 equality     .          331.37    -3.36376e-02 >
97 R_BR3.BPM9L3.x_BR3.DHZ11L4 equality     .          295.11     3.93388e-01 >
98 R_BR3.BPM9L3.x_BR3.DHZ12L4 equality     .          265.71    -1.95016e-01 >
99 R_BR3.BPM9L3.x_BR3.DHZ13L4 equality     .          302.61     1.06325e+00 >
100 R_BR3.BPM9L3.x_BR3.DHZ14L1 equality     .          302.64     9.27493e-01 >
101 R_BR3.BPM9L3.x_BR3.DHZ8L1 equality     .          274.9      1.47797e-02 >
102 R_BR3.BPM9L3.x_BR3.DHZ9L1 equality     .          295.83    -1.61432e-02 >
103 R_BR3.BPM9L3.x_BR3.DVT12L4 equality     .          277.83     7.37719e-02 >
104 R_BR3.BPM9L3.x_BR3.DVT13L4 equality     .          285.41     1.03380e-01 >
105 R_BR3.BPM9L3.x_BR3.DVT2L4 equality     .          275.96    -7.80180e-02 >
106 R_BR3.BPM9L3.x_BR3.DVT6L4 equality     .          273.27    -3.20854e-01 >
107 R_BR3.BPM9L3.x_BR3.DVT8L1 equality     .          276.9     -8.69990e-02 >
108 R_BR3.BPM9L3.x_BR3.DVT9L1 equality     .          281.52     9.12151e-02 >
109 R_BR3.BPM10L3.x_BR3.DHZ11L4 equality     .          319.65     6.42155e-01 >
110 R_BR3.BPM10L3.x_BR3.DHZ12L4 equality     .          316.13     5.17021e-01 >
111 R_BR3.BPM10L3.x_BR3.DHZ13L4 equality     .          325.84     5.76129e-01 >
112 R_BR3.BPM10L3.x_BR3.DHZ14L1 equality     .          326.76     6.62114e-01 >
113 R_BR3.BPM10L3.x_BR3.DHZ8L1 equality     .          320.51    -7.46175e-02 >
114 R_BR3.BPM10L3.x_BR3.DHZ9L1 equality     .          322.85    -3.51003e-02 >
115 R_BR3.BPM10L3.x_BR3.DVT12L4 equality     .          326.21     8.41350e-02 >
116 R_BR3.BPM10L3.x_BR3.DVT13L4 equality     .          329.16    -5.85723e-02 >
117 R_BR3.BPM10L3.x_BR3.DVT2L4 equality     .          325.58     8.71527e-02 >
118 R_BR3.BPM10L3.x_BR3.DVT6L4 equality     .          320.71    -1.08241e-01 >
119 R_BR3.BPM10L3.x_BR3.DVT8L1 equality     .          322.38    -1.90411e-01 >
120 R_BR3.BPM10L3.x_BR3.DVT9L1 equality     .          321.9     -1.01026e-01 >
121 R_BR3.BPM11L3.x_BR3.DHZ11L4 equality     .          321.62    -2.70184e-01 >
122 R_BR3.BPM11L3.x_BR3.DHZ12L4 equality     .          316.81     4.23996e-01 >
123 R_BR3.BPM11L3.x_BR3.DHZ13L4 equality     .          318.29     1.00973e+00 >
124 R_BR3.BPM11L3.x_BR3.DHZ14L1 equality     .          323        2.25998e-01 >
125 R_BR3.BPM11L3.x_BR3.DHZ8L1 equality     .          323.25     3.01209e-01 >
126 R_BR3.BPM11L3.x_BR3.DHZ9L1 equality     .          321.03    -1.54387e-01 >
127 R_BR3.BPM11L3.x_BR3.DVT12L4 equality     .          323.49     1.36073e-01 >
128 R_BR3.BPM11L3.x_BR3.DVT13L4 equality     .          323.39    -2.50732e-01 >
129 R_BR3.BPM11L3.x_BR3.DVT2L4 equality     .          321.94     1.32781e-01 >
130 R_BR3.BPM11L3.x_BR3.DVT6L4 equality     .          317.89    -7.04264e-02 >
131 R_BR3.BPM11L3.x_BR3.DVT8L1 equality     .          319.79     7.00932e-02 >
132 R_BR3.BPM11L3.x_BR3.DVT9L1 equality     .          321.7     -2.51748e-01 >
133 R_BR3.BPM12L3.x_BR3.DHZ11L4 equality     .          231.32     3.17146e-01 >
134 R_BR3.BPM12L3.x_BR3.DHZ12L4 equality     .          230.81     1.24657e-01 >
135 R_BR3.BPM12L3.x_BR3.DHZ13L4 equality     .          235.29     1.09273e+00 >
136 R_BR3.BPM12L3.x_BR3.DHZ14L1 equality     .          237.27     1.36588e-01 >
137 R_BR3.BPM12L3.x_BR3.DHZ8L1 equality     .          236.62     6.92134e-01 >
138 R_BR3.BPM12L3.x_BR3.DHZ9L1 equality     .          234.67    -2.73427e-01 >
139 R_BR3.BPM12L3.x_BR3.DVT12L4 equality     .          236.69     1.17210e-01 >
140 R_BR3.BPM12L3.x_BR3.DVT13L4 equality     .          234.68    -9.08020e-02 >
141 R_BR3.BPM12L3.x_BR3.DVT2L4 equality     .          235.06    -1.23367e-02 >
142 R_BR3.BPM12L3.x_BR3.DVT6L4 equality     .          233.75    -1.87178e-01 >
143 R_BR3.BPM12L3.x_BR3.DVT8L1 equality     .          234.41     1.15396e-01 >
144 R_BR3.BPM12L3.x_BR3.DVT9L1 equality     .          236.74    -2.77463e-02 >
145 R_BR3.BPM13L3.x_BR3.DHZ11L4 equality     .          284.54     7.60823e-01 >
146 R_BR3.BPM13L3.x_BR3.DHZ12L4 equality     .          283.04     1.05488e-01 >
147 R_BR3.BPM13L3.x_BR3.DHZ13L4 equality     .          295.14     8.72992e-01 >
148 R_BR3.BPM13L3.x_BR3.DHZ14L1 equality     .          296.29     7.24383e-01 >
149 R_BR3.BPM13L3.x_BR3.DHZ8L1 equality     .          287.88     2.52057e-01 >
150 R_BR3.BPM13L3.x_BR3.DHZ9L1 equality     .          287.07    -1.01709e-01 >
151 R_BR3.BPM13L3.x_BR3.DVT12L4 equality     .          295.01     2.19399e-01 >
152 R_BR3.BPM13L3.x_BR3.DVT13L4 equality     .          294.7      1.27696e-01 >
153 R_BR3.BPM13L3.x_BR3.DVT2L4 equality     .          290.68    -6.91826e-02 >
154 R_BR3.BPM13L3.x_BR3.DVT6L4 equality     .          289.47    -2.75544e-01 >
155 R_BR3.BPM13L3.x_BR3.DVT8L1 equality     .          289.76    -1.34905e-01 >
156 R_BR3.BPM13L3.x_BR3.DVT9L1 equality     .          288.72     1.09597e-01 >
157 R_BR3.BPM14L3.x_BR3.DHZ11L4 equality     .          211.88     7.07075e-01 >
158 R_BR3.BPM14L3.x_BR3.DHZ12L4 equality     .          207.85     9.16551e-03 >
159 R_BR3.BPM14L3.x_BR3.DHZ13L4 equality     .          214.17     7.65219e-01 >
160 R_BR3.BPM14L3.x_BR3.DHZ14L1 equality     .          214.94     1.01770e+00 >
161 R_BR3.BPM14L3.x_BR3.DHZ8L1 equality     .          211.23     4.02349e-01 >
162 R_BR3.BPM14L3.x_BR3.DHZ9L1 equality     .          213.35    -5.94335e-01 >
163 R_BR3.BPM14L3.x_BR3.DVT12L4 equality     .          215.96     1.77429e-03 >
164 R_BR3.BPM14L3.x_BR3.DVT13L4 equality     .          216.13     8.79456e-02 >
165 R_BR3.BPM14L3.x_BR3.DVT2L4 equality     .          214.73     9.19436e-02 >
166 R_BR3.BPM14L3.x_BR3.DVT6L4 equality     .          212.35    -1.16482e-01 >
167 R_BR3.BPM14L3.x_BR3.DVT8L1 equality     .          214.2     -1.58932e-01 >
168 R_BR3.BPM14L3.x_BR3.DVT9L1 equality     .          213.82    -1.12492e-01 >
169 R_BR3.BPM15L3.x_BR3.DHZ11L4 equality     .          318.35     1.25260e-01 >
170 R_BR3.BPM15L3.x_BR3.DHZ12L4 equality     .          313.72     5.05416e-01 >
171 R_BR3.BPM15L3.x_BR3.DHZ13L4 equality     .          311.6      7.32405e-01 >
172 R_BR3.BPM15L3.x_BR3.DHZ14L1 equality     .          314.3      4.56415e-01 >
173 R_BR3.BPM15L3.x_BR3.DHZ8L1 equality     .          319.14     8.38452e-01 >
174 R_BR3.BPM15L3.x_BR3.DHZ9L1 equality     .          317.1     -4.69355e-02 >
175 R_BR3.BPM15L3.x_BR3.DVT12L4 equality     .          319.08     7.83628e-02 >
176 R_BR3.BPM15L3.x_BR3.DVT13L4 equality     .          317.35    -2.67846e-01 >
177 R_BR3.BPM15L3.x_BR3.DVT2L4 equality     .          321.05     9.57764e-02 >
178 R_BR3.BPM15L3.x_BR3.DVT6L4 equality     .          317.16    -8.71277e-02 >
179 R_BR3.BPM15L3.x_BR3.DVT8L1 equality     .          319.06     1.19391e-01 >
180 R_BR3.BPM15L3.x_BR3.DVT9L1 equality     .          318.75    -1.64578e-01 >
181 R_BR3.BPM16L3.x_BR3.DHZ11L4 equality     .          342.42     2.48995e-01 >
182 R_BR3.BPM16L3.x_BR3.DHZ12L4 equality     .          334.06     1.33142e-01 >
183 R_BR3.BPM16L3.x_BR3.DHZ13L4 equality     .          334.87     4.55990e-01 >
184 R_BR3.BPM16L3.x_BR3.DHZ14L1 equality     .          338.52    -4.10875e-01 >
185 R_BR3.BPM16L3.x_BR3.DHZ8L1 equality     .          344.05     5.80934e-01 >
186 R_BR3.BPM16L3.x_BR3.DHZ9L1 equality     .          340.3      5.66943e-02 >
187 R_BR3.BPM16L3.x_BR3.DVT12L4 equality     .          331.51     1.96547e-01 >
188 R_BR3.BPM16L3.x_BR3.DVT13L4 equality     .          328.25    -1.92195e-01 >
189 R_BR3.BPM16L3.x_BR3.DVT2L4 equality     .          328.51     4.80022e-03 >
190 R_BR3.BPM16L3.x_BR3.DVT6L4 equality     .          324.17    -1.93329e-01 >
191 R_BR3.BPM16L3.x_BR3.DVT8L1 equality     .          330.87     1.13286e-01 >
192 R_BR3.BPM16L3.x_BR3.DVT9L1 equality     .          325.91    -1.19501e-02 >
193 R_BR3.BPM1L3.y_BR3.DHZ11L4 equality     .          266.76    -1.34441e-01 >
194 R_BR3.BPM1L3.y_BR3.DHZ12L4 equality     .          260.64     3.19830e-02 >
195 R_BR3.BPM1L3.y_BR3.DHZ13L4 equality     .          257.56     2.06775e-01 >
196 R_BR3.BPM1L3.y_BR3.DHZ14L1 equality     .          261.21     1.34394e-01 >
197 R_BR3.BPM1L3.y_BR3.DHZ8L1 equality     .          261.57    -1.34240e-01 >
198 R_BR3.BPM1L3.y_BR3.DHZ9L1 equality     .          258.89     9.85465e-02 >
199 R_BR3.BPM1L3.y_BR3.DVT12L4 equality     .          257.37    -8.52035e-02 >
200 R_BR3.BPM1L3.y_BR3.DVT13L4 equality     .          251.9     -1.86824e-01 >
201 R_BR3.BPM1L3.y_BR3.DVT2L4 equality     .          254.71     6.82267e-03 >
202 R_BR3.BPM1L3.y_BR3.DVT6L4 equality     .          255.63     9.01131e-03 >
203 R_BR3.BPM1L3.y_BR3.DVT8L1 equality     .          254.03     1.17033e-01 >
204 R_BR3.BPM1L3.y_BR3.DVT9L1 equality     .          254.93    -1.14914e-01 >
205 R_BR3.BPM2L3.y_BR3.DHZ11L4 equality     .          192.49     4.87326e-02 >
206 R_BR3.BPM2L3.y_BR3.DHZ12L4 equality     .          194.16    -5.44504e-02 >
207 R_BR3.BPM2L3.y_BR3.DHZ13L4 equality     .          193.89     1.81666e-02 >
208 R_BR3.BPM2L3.y_BR3.DHZ14L1 equality     .          196.5      5.86727e-02 >
209 R_BR3.BPM2L3.y_BR3.DHZ8L1 equality     .          198.33     3.30366e-02 >
210 R_BR3.BPM2L3.y_BR3.DHZ9L1 equality     .          194.55    -6.83846e-02 >
211 R_BR3.BPM2L3.y_BR3.DVT12L4 equality     .          194.45     1.58388e-02 >
212 R_BR3.BPM2L3.y_BR3.DVT13L4 equality     .          196.88     2.31490e-01 >
213 R_BR3.BPM2L3.y_BR3.DVT2L4 equality     .          196.4      2.40787e-02 >
214 R_BR3.BPM2L3.y_BR3.DVT6L4 equality     .          194.13     5.01538e-02 >
215 R_BR3.BPM2L3.y_BR3.DVT8L1 equality     .          197.65    -4.69864e-02 >
216 R_BR3.BPM2L3.y_BR3.DVT9L1 equality     .          200.1     -4.18588e-01 >
217 R_BR3.BPM3L3.y_BR3.DHZ11L4 equality     .          309.2      1.70434e-01 >
218 R_BR3.BPM3L3.y_BR3.DHZ12L4 equality     .          305        1.57493e-02 >
219 R_BR3.BPM3L3.y_BR3.DHZ13L4 equality     .          308.48    -2.32933e-01 >
220 R_BR3.BPM3L3.y_BR3.DHZ14L1 equality     .          311.75    -1.94057e-01 >
221 R_BR3.BPM3L3.y_BR3.DHZ8L1 equality     .          311.9      1.94765e-01 >
222 R_BR3.BPM3L3.y_BR3.DHZ9L1 equality     .          308.65    -4.39761e-02 >
223 R_BR3.BPM3L3.y_BR3.DVT12L4 equality     .          303.54    -1.50930e-02 >
224 R_BR3.BPM3L3.y_BR3.DVT13L4 equality     .          302.47    -4.26872e-02 >
225 R_BR3.BPM3L3.y_BR3.DVT2L4 equality     .          306.06     2.23773e-01 >
226 R_BR3.BPM3L3.y_BR3.DVT6L4 equality     .          306.1     -5.96434e-02 >
227 R_BR3.BPM3L3.y_BR3.DVT8L1 equality     .          305.71     1.13529e-02 >
228 R_BR3.BPM3L3.y_BR3.DVT9L1 equality     .          306.93     1.04374e-01 >
229 R_BR3.BPM4L3.y_BR3.DHZ11L4 equality     .          209.92    -1.01964e-01 >
230 R_BR3.BPM4L3.y_BR3.DHZ12L4 equality     .          208.08     4.27391e-03 >
231 R_BR3.BPM4L3.y_BR3.DHZ13L4 equality     .          209.11    -4.81249e-02 >
232 R_BR3.BPM4L3.y_BR3.DHZ14L1 equality     .          211.85    -8.17223e-02 >
233 R_BR3.BPM4L3.y_BR3.DHZ8L1 equality     .          210.02    -7.20464e-02 >
234 R_BR3.BPM4L3.y_BR3.DHZ9L1 equality     .          210.52     4.30814e-02 >
235 R_BR3.BPM4L3.y_BR3.DVT12L4 equality     .          211.43    -7.24678e-01 >
236 R_BR3.BPM4L3.y_BR3.DVT13L4 equality     .          206.83    -1.23700e-02 >
237 R_BR3.BPM4L3.y_BR3.DVT2L4 equality     .          207.62     5.55872e-01 >
238 R_BR3.BPM4L3.y_BR3.DVT6L4 equality     .          207.22     6.67171e-01 >
239 R_BR3.BPM4L3.y_BR3.DVT8L1 equality     .          209.27    -1.38167e-01 >
240 R_BR3.BPM4L3.y_BR3.DVT9L1 equality     .          205.48    -2.09524e-02 >
241 R_BR3.BPM5L3.y_BR3.DHZ11L4 equality     .          300.59    -1.88092e-01 >
242 R_BR3.BPM5L3.y_BR3.DHZ12L4 equality     .          297.16    -7.48576e-03 >
243 R_BR3.BPM5L3.y_BR3.DHZ13L4 equality     .          299.71     2.18609e-01 >
244 R_BR3.BPM5L3.y_BR3.DHZ14L1 equality     .          302.59     1.53274e-01 >
245 R_BR3.BPM5L3.y_BR3.DHZ8L1 equality     .          301.54    -1.95742e-01 >
246 R_BR3.BPM5L3.y_BR3.DHZ9L1 equality     .          301.97     6.30893e-02 >
247 R_BR3.BPM5L3.y_BR3.DVT12L4 equality     .          300.71    -1.36210e-02 >
248 R_BR3.BPM5L3.y_BR3.DVT13L4 equality     .          292.52     1.40581e-01 >
249 R_BR3.BPM5L3.y_BR3.DVT2L4 equality     .          294.96    -1.86705e-01 >
250 R_BR3.BPM5L3.y_BR3.DVT6L4 equality     .          295.26     1.43422e-01 >
251 R_BR3.BPM5L3.y_BR3.DVT8L1 equality     .          295.51    -3.69348e-02 >
252 R_BR3.BPM5L3.y_BR3.DVT9L1 equality     .          300.71    -1.89775e-01 >
253 R_BR3.BPM6L3.y_BR3.DHZ11L4 equality     .          205.66     1.21387e-01 >
254 R_BR3.BPM6L3.y_BR3.DHZ12L4 equality     .          201.86     1.50926e-02 >
255 R_BR3.BPM6L3.y_BR3.DHZ13L4 equality     .          204.39     1.05192e-02 >
256 R_BR3.BPM6L3.y_BR3.DHZ14L1 equality     .          206.14    -3.51939e-02 >
257 R_BR3.BPM6L3.y_BR3.DHZ8L1 equality     .          205.51     1.43987e-01 >
258 R_BR3.BPM6L3.y_BR3.DHZ9L1 equality     .          205.6     -4.67883e-02 >
259 R_BR3.BPM6L3.y_BR3.DVT12L4 equality     .          203.95     6.46134e-01 >
260 R_BR3.BPM6L3.y_BR3.DVT13L4 equality     .          204.5     -6.51835e-02 >
261 R_BR3.BPM6L3.y_BR3.DVT2L4 equality     .          201.85    -4.10971e-01 >
262 R_BR3.BPM6L3.y_BR3.DVT6L4 equality     .          201.08    -6.03521e-01 >
263 R_BR3.BPM6L3.y_BR3.DVT8L1 equality     .          205.4      1.58186e-01 >
264 R_BR3.BPM6L3.y_BR3.DVT9L1 equality     .          202.55    -5.19680e-02 >
265 R_BR3.BPM7L3.y_BR3.DHZ11L4 equality     .          247.51     2.04476e-01 >
266 R_BR3.BPM7L3.y_BR3.DHZ12L4 equality     .          239.62     4.92891e-02 >
267 R_BR3.BPM7L3.y_BR3.DHZ13L4 equality     .          243.43    -2.49938e-01 >
268 R_BR3.BPM7L3.y_BR3.DHZ14L1 equality     .          246.98    -1.87788e-01 >
269 R_BR3.BPM7L3.y_BR3.DHZ8L1 equality     .          246.56     2.30511e-01 >
270 R_BR3.BPM7L3.y_BR3.DHZ9L1 equality     .          246.83    -2.86253e-02 >
271 R_BR3.BPM7L3.y_BR3.DVT12L4 equality     .          249.31    -2.18037e-01 >
272 R_BR3.BPM7L3.y_BR3.DVT13L4 equality     .          250.81     1.70862e-01 >
273 R_BR3.BPM7L3.y_BR3.DVT2L4 equality     .          247.33     1.33050e-01 >
274 R_BR3.BPM7L3.y_BR3.DVT6L4 equality     .          247.73    -2.57821e-02 >
275 R_BR3.BPM7L3.y_BR3.DVT8L1 equality     .          247.99    -1.93979e-01 >
276 R_BR3.BPM7L3.y_BR3.DVT9L1 equality     .          243.93     1.78340e-01 >
277 R_BR3.BPM8L3.y_BR3.DHZ11L4 equality     .          310.08    -2.20939e-02 >
278 R_BR3.BPM8L3.y_BR3.DHZ12L4 equality     .          307.13     5.07708e-02 >
279 R_BR3.BPM8L3.y_BR3.DHZ13L4 equality     .          303.82    -1.02780e-01 >
280 R_BR3.BPM8L3.y_BR3.DHZ14L1 equality     .          311.28    -1.46608e-01 >
281 R_BR3.BPM8L3.y_BR3.DHZ8L1 equality     .          310.24     2.76401e-03 >
282 R_BR3.BPM8L3.y_BR3.DHZ9L1 equality     .          307.43     5.75399e-02 >
283 R_BR3.BPM8L3.y_BR3.DVT12L4 equality     .          310.09     9.19124e-02 >
284 R_BR3.BPM8L3.y_BR3.DVT13L4 equality     .          305.78     5.25410e-02 >
285 R_BR3.BPM8L3.y_BR3.DVT2L4 equality     .          308.97    -2.68653e-01 >
286 R_BR3.BPM8L3.y_BR3.DVT6L4 equality     .          299.52     1.02512e-01 >
287 R_BR3.BPM8L3.y_BR3.DVT8L1 equality     .          305.11     3.60229e-01 >
288 R_BR3.BPM8L3.y_BR3.DVT9L1 equality     .          307.07     4.36524e-01 >
289 R_BR3.BPM9L3.y_BR3.DHZ11L4 equality     .          334.71    -1.73246e-01 >
290 R_BR3.BPM9L3.y_BR3.DHZ12L4 equality     .          333.16    -6.32043e-04 >
291 R_BR3.BPM9L3.y_BR3.DHZ13L4 equality     .          334.6      2.19520e-01 >
292 R_BR3.BPM9L3.y_BR3.DHZ14L1 equality     .          340.73     1.62622e-01 >
293 R_BR3.BPM9L3.y_BR3.DHZ8L1 equality     .          335.94    -1.01430e-01 >
294 R_BR3.BPM9L3.y_BR3.DHZ9L1 equality     .          337.78     4.88189e-02 >
295 R_BR3.BPM9L3.y_BR3.DVT12L4 equality     .          331.03    -3.89610e-01 >
296 R_BR3.BPM9L3.y_BR3.DVT13L4 equality     .          338.49     1.28241e-01 >
297 R_BR3.BPM9L3.y_BR3.DVT2L4 equality     .          333.32     1.20869e-01 >
298 R_BR3.BPM9L3.y_BR3.DVT6L4 equality     .          330.97     4.52464e-02 >
299 R_BR3.BPM9L3.y_BR3.DVT8L1 equality     .          333.05    -5.05257e-02 >
300 R_BR3.BPM9L3.y_BR3.DVT9L1 equality     .          335.65     1.46858e-01 >
301 R_BR3.BPM10L3.y_BR3.DHZ11L4 equality     .          366.2      1.12738e-01 >
302 R_BR3.BPM10L3.y_BR3.DHZ12L4 equality     .          362.07    -6.54386e-02 >
303 R_BR3.BPM10L3.y_BR3.DHZ13L4 equality     .          361.04    -4.92595e-02 >
304 R_BR3.BPM10L3.y_BR3.DHZ14L1 equality     .          363.5      3.17805e-02 >
305 R_BR3.BPM10L3.y_BR3.DHZ8L1 equality     .          368.96    -1.26357e-02 >
306 R_BR3.BPM10L3.y_BR3.DHZ9L1 equality     .          364.84    -1.14666e-01 >
307 R_BR3.BPM10L3.y_BR3.DVT12L4 equality     .          359.34     1.49948e-02 >
308 R_BR3.BPM10L3.y_BR3.DVT13L4 equality     .          360.65    -1.90036e-01 >
309 R_BR3.BPM10L3.y_BR3.DVT2L4 equality     .          355.51     2.48085e-01 >
310 R_BR3.BPM10L3.y_BR3.DVT6L4 equality     .          356.1     -2.80830e-02 >
311 R_BR3.BPM10L3.y_BR3.DVT8L1 equality     .          360.02    -3.43615e-01 >
312 R_BR3.BPM10L3.y_BR3.DVT9L1 equality     .          366.4      1.64477e-02 >
313 R_BR3.BPM11L3.y_BR3.DHZ11L4 equality     .          318.42     1.64749e-01 >
314 R_BR3.BPM11L3.y_BR3.DHZ12L4 equality     .          312.53     7.60719e-02 >
315 R_BR3.BPM11L3.y_BR3.DHZ13L4 equality     .          314.15    -2.46474e-01 >
316 R_BR3.BPM11L3.y_BR3.DHZ14L1 equality     .          319.85    -2.09883e-01 >
317 R_BR3.BPM11L3.y_BR3.DHZ8L1 equality     .          318.13     1.49379e-01 >
318 R_BR3.BPM11L3.y_BR3.DHZ9L1 equality     .          314.86    -3.98801e-02 >
319 R_BR3.BPM11L3.y_BR3.DVT12L4 equality     .          318.32    -8.43402e-03 >
320 R_BR3.BPM11L3.y_BR3.DVT13L4 equality     .          319.64     7.34233e-02 >
321 R_BR3.BPM11L3.y_BR3.DVT2L4 equality     .          314.09     2.23057e-02 >
322 R_BR3.BPM11L3.y_BR3.DVT6L4 equality     .          315.65     3.20444e-02 >
323 R_BR3.BPM11L3.y_BR3.DVT8L1 equality     .          313.99    -1.42088e-01 >
324 R_BR3.BPM11L3.y_BR3.DVT9L1 equality     .          319.49    -3.95878e-02 >
325 R_BR3.BPM12L3.y_BR3.DHZ11L4 equality     .          231.29    -3.66542e-02 >
326 R_BR3.BPM12L3.y_BR3.DHZ12L4 equality     .          228.92     7.34560e-02 >
327 R_BR3.BPM12L3.y_BR3.DHZ13L4 equality     .          229.14    -4.36491e-02 >
328 R_BR3.BPM12L3.y_BR3.DHZ14L1 equality     .          230.81    -8.15862e-02 >
329 R_BR3.BPM12L3.y_BR3.DHZ8L1 equality     .          232.09    -6.52637e-03 >
330 R_BR3.BPM12L3.y_BR3.DHZ9L1 equality     .          230.3      2.09703e-03 >
331 R_BR3.BPM12L3.y_BR3.DVT12L4 equality     .          232.44    -5.28647e-01 >
332 R_BR3.BPM12L3.y_BR3.DVT13L4 equality     .          232.5      2.83482e-01 >
333 R_BR3.BPM12L3.y_BR3.DVT2L4 equality     .          232.86     1.58593e-01 >
334 R_BR3.BPM12L3.y_BR3.DVT6L4 equality     .          233.21     3.40098e-01 >
335 R_BR3.BPM12L3.y_BR3.DVT8L1 equality     .          234.5      4.19656e-02 >
336 R_BR3.BPM12L3.y_BR3.DVT9L1 equality     .          232.15     4.42212e-02 >
337 R_BR3.BPM13L3.y_BR3.DHZ11L4 equality     .          318.63    -1.09273e-01 >
338 R_BR3.BPM13L3.y_BR3.DHZ12L4 equality     .          312.27    -1.22919e-02 >
339 R_BR3.BPM13L3.y_BR3.DHZ13L4 equality     .          312.67     2.35950e-01 >
340 R_BR3.BPM13L3.y_BR3.DHZ14L1 equality     .          317.13     1.99346e-01 >
341 R_BR3.BPM13L3.y_BR3.DHZ8L1 equality     .          317.01    -1.20274e-01 >
342 R_BR3.BPM13L3.y_BR3.DHZ9L1 equality     .          315.47     4.66175e-02 >
343 R_BR3.BPM13L3.y_BR3.DVT12L4 equality     .          316.17     5.16403e-02 >
344 R_BR3.BPM13L3.y_BR3.DVT13L4 equality     .          317.1      5.69014e-02 >
345 R_BR3.BPM13L3.y_BR3.DVT2L4 equality     .          315.8      8.39396e-02 >
346 R_BR3.BPM13L3.y_BR3.DVT6L4 equality     .          313.76    -1.46648e-02 >
347 R_BR3.BPM13L3.y_BR3.DVT8L1 equality     .          317.44     2.94759e-02 >
348 R_BR3.BPM13L3.y_BR3.DVT9L1 equality     .          320.26     1.15678e-01 >
349 R_BR3.BPM14L3.y_BR3.DHZ11L4 equality     .          244.36     1.94426e-02 >
350 R_BR3.BPM14L3.y_BR3.DHZ12L4 equality     .          241.74    -6.83976e-02 >
351 R_BR3.BPM14L3.y_BR3.DHZ13L4 equality     .          243.26     5.25847e-02 >
352 R_BR3.BPM14L3.y_BR3.DHZ14L1 equality     .          243.34     5.96462e-02 >
353 R_BR3.BPM14L3.y_BR3.DHZ8L1 equality     .          247.99     3.36001e-03 >
354 R_BR3.BPM14L3.y_BR3.DHZ9L1 equality     .          245.6     -8.09226e-02 >
355 R_BR3.BPM14L3.y_BR3.DVT12L4 equality     .          243.73     1.15183e-01 >
356 R_BR3.BPM14L3.y_BR3.DVT13L4 equality     .          242.56     3.21244e-01 >
357 R_BR3.BPM14L3.y_BR3.DVT2L4 equality     .          244.08     4.67258e-02 >
358 R_BR3.BPM14L3.y_BR3.DVT6L4 equality     .          243.53     2.67446e-02 >
359 R_BR3.BPM14L3.y_BR3.DVT8L1 equality     .          244.77    -6.96686e-02 >
360 R_BR3.BPM14L3.y_BR3.DVT9L1 equality     .          247.1     -3.17684e-01 >
361 R_BR3.BPM15L3.y_BR3.DHZ11L4 equality     .          335.46     1.18860e-01 >
362 R_BR3.BPM15L3.y_BR3.DHZ12L4 equality     .          332.49     5.73855e-02 >
363 R_BR3.BPM15L3.y_BR3.DHZ13L4 equality     .          333.02    -2.31517e-01 >
364 R_BR3.BPM15L3.y_BR3.DHZ14L1 equality     .          339.6     -1.94469e-01 >
365 R_BR3.BPM15L3.y_BR3.DHZ8L1 equality     .          337.23     1.32432e-01 >
366 R_BR3.BPM15L3.y_BR3.DHZ9L1 equality     .          334.2     -4.32083e-03 >
367 R_BR3.BPM15L3.y_BR3.DVT12L4 equality     .          335.53    -4.76220e-02 >
368 R_BR3.BPM15L3.y_BR3.DVT13L4 equality     .          332.18    -1.34896e-02 >
369 R_BR3.BPM15L3.y_BR3.DVT2L4 equality     .          339.47    -1.46488e-01 >
370 R_BR3.BPM15L3.y_BR3.DVT6L4 equality     .          334.11    -2.40572e-03 >
371 R_BR3.BPM15L3.y_BR3.DVT8L1 equality     .          336.51     3.96241e-02 >
372 R_BR3.BPM15L3.y_BR3.DVT9L1 equality     .          337.85    -6.56618e-02 >
373 R_BR3.BPM16L3.y_BR3.DHZ11L4 equality     .          372.29     5.21240e-03 >
374 R_BR3.BPM16L3.y_BR3.DHZ12L4 equality     .          365.67     3.00189e-02 >
375 R_BR3.BPM16L3.y_BR3.DHZ13L4 equality     .          365.5     -7.14241e-02 >
376 R_BR3.BPM16L3.y_BR3.DHZ14L1 equality     .          370.71    -8.42475e-02 >
377 R_BR3.BPM16L3.y_BR3.DHZ8L1 equality     .          372.15    -2.03632e-03 >
378 R_BR3.BPM16L3.y_BR3.DHZ9L1 equality     .          370.13     5.31817e-02 >
379 R_BR3.BPM16L3.y_BR3.DVT12L4 equality     .          366.81    -6.94228e-03 >
380 R_BR3.BPM16L3.y_BR3.DVT13L4 equality     .          365.16    -1.99742e-01 >
381 R_BR3.BPM16L3.y_BR3.DVT2L4 equality     .          366.91    -3.25677e-03 >
382 R_BR3.BPM16L3.y_BR3.DVT6L4 equality     .          366.38    -4.47320e-02 >
383 R_BR3.BPM16L3.y_BR3.DVT8L1 equality     .          363.83     2.43789e-02 >
384 R_BR3.BPM16L3.y_BR3.DVT9L1 equality     .          368.51     4.07674e-01 >

 Variables                  Curr. Value  Curr. Step   Lower Limit  Upper Limit
--------------------------------------------------------------------------------
 1 BR.QFOCELL1.dk1l         2.95073e-03  2.95073e-03   .            .         
 2 BR.QDE1.dk1l            -1.99452e-03 -1.99452e-03   .            .         
 3 BR.QFOCELL2.dk1l         2.41799e-03  2.41799e-03   .            .         
 4 BR.QDE2.dk1l            -2.73385e-03 -2.73385e-03   .            .         
 5 BR.QFOCELL3.dk1l        -8.25953e-03 -8.25953e-03   .            .         
 6 BR.QDE3.dk1l             6.23267e-03  6.23267e-03   .            .         
 7 BR.QFOCELL4.dk1l        -7.85974e-04 -7.85974e-04   .            .         
 8 BR.QDE4.dk1l             1.30312e-04  1.30312e-04   .            .         
 9 BR.QFOCELL5.dk1l         1.29040e-02  1.29040e-02   .            .         
10 BR.QDE5.dk1l            -1.27959e-02 -1.27959e-02   .            .         
11 BR.QFOCELL6.dk1l        -2.82830e-03 -2.82830e-03   .            .         
12 BR.QDE6.dk1l             4.05613e-03  4.05613e-03   .            .         
13 BR.QFOCELL7.dk1l        -2.42226e-03 -2.42226e-03   .            .         
14 BR.QDE7.dk1l             3.12129e-03  3.12129e-03   .            .         
15 BR.QFOCELL8.dk1l         1.24965e-02  1.24965e-02   .            .         
16 BR.QDE8.dk1l            -1.42683e-02 -1.42683e-02   .            .         
17 BR.QFOCELL9.dk1l         9.51070e-03  9.51070e-03   .            .         
18 BR.QDE9.dk1l            -9.84815e-03 -9.84815e-03   .            .         
19 BR.QFOCELL10.dk1l       -7.23381e-03 -7.23381e-03   .            .         
20 BR.QDE10.dk1l            8.65083e-03  8.65083e-03   .            .         
21 BR.QFOCELL11.dk1l       -4.74145e-03 -4.74145e-03   .            .         
22 BR.QDE11.dk1l            2.81442e-03  2.81442e-03   .            .         
23 BR.QFOCELL12.dk1l       -2.71034e-05 -2.71034e-05   .            .         
24 BR.QDE12.dk1l           -7.32425e-04 -7.32425e-04   .            .         
25 BR.QFOCELL13.dk1l        1.89643e-02  1.89643e-02   .            .         
26 BR.QDE13.dk1l           -1.98013e-02 -1.98013e-02   .            .         
27 BR.QFOCELL14.dk1l        1.00593e-02  1.00593e-02   .            .         
28 BR.QDE14.dk1l           -1.01960e-02 -1.01960e-02   .            .         
29 BR.QFOCELL15.dk1l       -1.46418e-02 -1.46418e-02   .            .         
30 BR.QDE15.dk1l            1.34446e-02  1.34446e-02   .            .         
31 BR.QFOCELL16.dk1l       -3.26922e-03 -3.26922e-03   .            .         
32 BR.QDE16.dk1l            4.36762e-03  4.36762e-03   .            .         

ncall=34 [1.0s], fval=2.89432e-01, fstp=-1.31480e-01, ccnt=384.


 Constraints                Type        Kind        Weight     Expr. Value
------------------------------------------------------------------------------
 1 R_BR3.BPM1L3.x_BR3.DHZ11L4 equality     .          256.16     5.71672e-01 >
 2 R_BR3.BPM1L3.x_BR3.DHZ12L4 equality     .          254.23     1.98628e-01 >
 3 R_BR3.BPM1L3.x_BR3.DHZ13L4 equality     .          253.59     8.02050e-01 >
 4 R_BR3.BPM1L3.x_BR3.DHZ14L1 equality     .          255.58     2.13323e-01 >
 5 R_BR3.BPM1L3.x_BR3.DHZ8L1 equality     .          251.17     2.57648e-02 >
 6 R_BR3.BPM1L3.x_BR3.DHZ9L1 equality     .          249.93    -1.08060e-01 >
 7 R_BR3.BPM1L3.x_BR3.DVT12L4 equality     .          260.4      1.33861e-01 >
 8 R_BR3.BPM1L3.x_BR3.DVT13L4 equality     .          256.07     1.19119e-01 >
 9 R_BR3.BPM1L3.x_BR3.DVT2L4 equality     .          252.75    -7.51953e-02 >
10 R_BR3.BPM1L3.x_BR3.DVT6L4 equality     .          253.38    -2.88317e-01 >
11 R_BR3.BPM1L3.x_BR3.DVT8L1 equality     .          254.19    -1.68369e-01 >
12 R_BR3.BPM1L3.x_BR3.DVT9L1 equality     .          254.31     3.19646e-02 >
13 R_BR3.BPM2L3.x_BR3.DHZ11L4 equality     .          156.29     3.13303e-01 >
14 R_BR3.BPM2L3.x_BR3.DHZ12L4 equality     .          154.4      4.81604e-01 >
15 R_BR3.BPM2L3.x_BR3.DHZ13L4 equality     .          157.12     1.17855e+00 >
16 R_BR3.BPM2L3.x_BR3.DHZ14L1 equality     .          159.5      1.19152e+00 >
17 R_BR3.BPM2L3.x_BR3.DHZ8L1 equality     .          158.32     2.75523e-01 >
18 R_BR3.BPM2L3.x_BR3.DHZ9L1 equality     .          156.91    -3.35955e-02 >
19 R_BR3.BPM2L3.x_BR3.DVT12L4 equality     .          159.11     5.89617e-02 >
20 R_BR3.BPM2L3.x_BR3.DVT13L4 equality     .          156.02    -1.46860e-02 >
21 R_BR3.BPM2L3.x_BR3.DVT2L4 equality     .          155.44     4.40385e-02 >
22 R_BR3.BPM2L3.x_BR3.DVT6L4 equality     .          156.47    -2.01501e-01 >
23 R_BR3.BPM2L3.x_BR3.DVT8L1 equality     .          156.24    -1.53130e-01 >
24 R_BR3.BPM2L3.x_BR3.DVT9L1 equality     .          155.22    -1.29195e-01 >
25 R_BR3.BPM3L3.x_BR3.DHZ11L4 equality     .          311.6      4.71413e-01 >
26 R_BR3.BPM3L3.x_BR3.DHZ12L4 equality     .          303.14    -5.58992e-03 >
27 R_BR3.BPM3L3.x_BR3.DHZ13L4 equality     .          303.16     3.39706e-01 >
28 R_BR3.BPM3L3.x_BR3.DHZ14L1 equality     .          306.57     2.41228e-01 >
29 R_BR3.BPM3L3.x_BR3.DHZ8L1 equality     .          308.71     1.03601e+00 >
30 R_BR3.BPM3L3.x_BR3.DHZ9L1 equality     .          305.32    -3.86209e-01 >
31 R_BR3.BPM3L3.x_BR3.DVT12L4 equality     .          304.68     6.63522e-02 >
32 R_BR3.BPM3L3.x_BR3.DVT13L4 equality     .          312.53    -2.50887e-01 >
33 R_BR3.BPM3L3.x_BR3.DVT2L4 equality     .          311.04     1.93212e-01 >
34 R_BR3.BPM3L3.x_BR3.DVT6L4 equality     .          308.23    -7.71951e-02 >
35 R_BR3.BPM3L3.x_BR3.DVT8L1 equality     .          308.71     8.73254e-02 >
36 R_BR3.BPM3L3.x_BR3.DVT9L1 equality     .          309.48    -1.54889e-01 >
37 R_BR3.BPM4L3.x_BR3.DHZ11L4 equality     .          198.58     3.38088e-01 >
38 R_BR3.BPM4L3.x_BR3.DHZ12L4 equality     .          201.04    -2.34524e-01 >
39 R_BR3.BPM4L3.x_BR3.DHZ13L4 equality     .          202.09     4.54458e-01 >
40 R_BR3.BPM4L3.x_BR3.DHZ14L1 equality     .          202.92    -3.30728e-01 >
41 R_BR3.BPM4L3.x_BR3.DHZ8L1 equality     .          201.17     4.31182e-01 >
42 R_BR3.BPM4L3.x_BR3.DHZ9L1 equality     .          200.74    -3.73903e-01 >
43 R_BR3.BPM4L3.x_BR3.DVT12L4 equality     .          199.05     1.75702e-01 >
44 R_BR3.BPM4L3.x_BR3.DVT13L4 equality     .          197.95    -1.51986e-01 >
45 R_BR3.BPM4L3.x_BR3.DVT2L4 equality     .          197.23     1.20102e-02 >
46 R_BR3.BPM4L3.x_BR3.DVT6L4 equality     .          195.97    -2.01479e-01 >
47 R_BR3.BPM4L3.x_BR3.DVT8L1 equality     .          198.39     6.94173e-02 >
48 R_BR3.BPM4L3.x_BR3.DVT9L1 equality     .          195.38    -7.38831e-02 >
49 R_BR3.BPM5L3.x_BR3.DHZ11L4 equality     .          323.52     6.37906e-01 >
50 R_BR3.BPM5L3.x_BR3.DHZ12L4 equality     .          321.44     1.20860e-01 >
51 R_BR3.BPM5L3.x_BR3.DHZ13L4 equality     .          331.9      8.37906e-01 >
52 R_BR3.BPM5L3.x_BR3.DHZ14L1 equality     .          329.01     4.47139e-01 >
53 R_BR3.BPM5L3.x_BR3.DHZ8L1 equality     .          324.43     2.23636e-02 >
54 R_BR3.BPM5L3.x_BR3.DHZ9L1 equality     .          326.34    -2.09859e-01 >
55 R_BR3.BPM5L3.x_BR3.DVT12L4 equality     .          337.83     1.23238e-01 >
56 R_BR3.BPM5L3.x_BR3.DVT13L4 equality     .          337.83     1.22028e-01 >
57 R_BR3.BPM5L3.x_BR3.DVT2L4 equality     .          328.25    -1.18271e-01 >
58 R_BR3.BPM5L3.x_BR3.DVT6L4 equality     .          332.41    -2.74415e-01 >
59 R_BR3.BPM5L3.x_BR3.DVT8L1 equality     .          331.07    -1.59923e-01 >
60 R_BR3.BPM5L3.x_BR3.DVT9L1 equality     .          327.95     1.49145e-02 >
61 R_BR3.BPM6L3.x_BR3.DHZ11L4 equality     .          199.06     5.14230e-01 >
62 R_BR3.BPM6L3.x_BR3.DHZ12L4 equality     .          197.02     4.72339e-01 >
63 R_BR3.BPM6L3.x_BR3.DHZ13L4 equality     .          203.36     8.78101e-01 >
64 R_BR3.BPM6L3.x_BR3.DHZ14L1 equality     .          200.11     9.46721e-01 >
65 R_BR3.BPM6L3.x_BR3.DHZ8L1 equality     .          198.67     6.43679e-01 >
66 R_BR3.BPM6L3.x_BR3.DHZ9L1 equality     .          198.05    -1.04104e-01 >
67 R_BR3.BPM6L3.x_BR3.DVT12L4 equality     .          203.3      4.64284e-02 >
68 R_BR3.BPM6L3.x_BR3.DVT13L4 equality     .          203.17    -3.73601e-02 >
69 R_BR3.BPM6L3.x_BR3.DVT2L4 equality     .          201.38     1.00527e-01 >
70 R_BR3.BPM6L3.x_BR3.DVT6L4 equality     .          200.05    -1.40872e-01 >
71 R_BR3.BPM6L3.x_BR3.DVT8L1 equality     .          201.17    -9.37176e-02 >
72 R_BR3.BPM6L3.x_BR3.DVT9L1 equality     .          202.7     -1.31422e-01 >
73 R_BR3.BPM7L3.x_BR3.DHZ11L4 equality     .          224.56    -7.39450e-02 >
74 R_BR3.BPM7L3.x_BR3.DHZ12L4 equality     .          219.91     2.19459e-02 >
75 R_BR3.BPM7L3.x_BR3.DHZ13L4 equality     .          222.83     8.56061e-01 >
76 R_BR3.BPM7L3.x_BR3.DHZ14L1 equality     .          223.21     4.96367e-01 >
77 R_BR3.BPM7L3.x_BR3.DHZ8L1 equality     .          225.31     6.01839e-01 >
78 R_BR3.BPM7L3.x_BR3.DHZ9L1 equality     .          223.19    -2.35189e-01 >
79 R_BR3.BPM7L3.x_BR3.DVT12L4 equality     .          225.85     7.06366e-02 >
80 R_BR3.BPM7L3.x_BR3.DVT13L4 equality     .          225.36    -2.46676e-01 >
81 R_BR3.BPM7L3.x_BR3.DVT2L4 equality     .          220.05     1.67588e-01 >
82 R_BR3.BPM7L3.x_BR3.DVT6L4 equality     .          220.91     2.38400e-02 >
83 R_BR3.BPM7L3.x_BR3.DVT8L1 equality     .          222.9      1.19659e-01 >
84 R_BR3.BPM7L3.x_BR3.DVT9L1 equality     .          222.54    -1.47131e-01 >
85 R_BR3.BPM8L3.x_BR3.DHZ11L4 equality     .          333.06     2.58635e-02 >
86 R_BR3.BPM8L3.x_BR3.DHZ12L4 equality     .          331.72    -1.34929e-01 >
87 R_BR3.BPM8L3.x_BR3.DHZ13L4 equality     .          334.32     8.78226e-01 >
88 R_BR3.BPM8L3.x_BR3.DHZ14L1 equality     .          336.17     2.90170e-03 >
89 R_BR3.BPM8L3.x_BR3.DHZ8L1 equality     .          337.58     4.43097e-01 >
90 R_BR3.BPM8L3.x_BR3.DHZ9L1 equality     .          333.83    -2.01932e-01 >
91 R_BR3.BPM8L3.x_BR3.DVT12L4 equality     .          336.7      1.44090e-01 >
92 R_BR3.BPM8L3.x_BR3.DVT13L4 equality     .          334.2     -1.31294e-01 >
93 R_BR3.BPM8L3.x_BR3.DVT2L4 equality     .          335.6      9.02979e-03 >
94 R_BR3.BPM8L3.x_BR3.DVT6L4 equality     .          329.87    -1.47203e-01 >
95 R_BR3.BPM8L3.x_BR3.DVT8L1 equality     .          332.62     1.36220e-01 >
96 R_BR3.BPM8L3.x_BR3.DVT9L1 equality     .          331.37    -3.36151e-02 >
97 R_BR3.BPM9L3.x_BR3.DHZ11L4 equality     .          295.11     5.82059e-01 >
98 R_BR3.BPM9L3.x_BR3.DHZ12L4 equality     .          265.71    -3.31937e-01 >
99 R_BR3.BPM9L3.x_BR3.DHZ13L4 equality     .          302.61     9.15636e-01 >
100 R_BR3.BPM9L3.x_BR3.DHZ14L1 equality     .          302.64     8.63255e-01 >
101 R_BR3.BPM9L3.x_BR3.DHZ8L1 equality     .          274.9     -9.21876e-02 >
102 R_BR3.BPM9L3.x_BR3.DHZ9L1 equality     .          295.83    -2.28072e-01 >
103 R_BR3.BPM9L3.x_BR3.DVT12L4 equality     .          277.83     7.38062e-02 >
104 R_BR3.BPM9L3.x_BR3.DVT13L4 equality     .          285.41     1.03393e-01 >
105 R_BR3.BPM9L3.x_BR3.DVT2L4 equality     .          275.96    -7.80568e-02 >
106 R_BR3.BPM9L3.x_BR3.DVT6L4 equality     .          273.27    -3.20886e-01 >
107 R_BR3.BPM9L3.x_BR3.DVT8L1 equality     .          276.9     -8.70023e-02 >
108 R_BR3.BPM9L3.x_BR3.DVT9L1 equality     .          281.52     9.12395e-02 >
109 R_BR3.BPM10L3.x_BR3.DHZ11L4 equality     .          319.65     8.56829e-01 >
110 R_BR3.BPM10L3.x_BR3.DHZ12L4 equality     .          316.13     5.47290e-01 >
111 R_BR3.BPM10L3.x_BR3.DHZ13L4 equality     .          325.84     4.38597e-01 >
112 R_BR3.BPM10L3.x_BR3.DHZ14L1 equality     .          326.76     5.42699e-01 >
113 R_BR3.BPM10L3.x_BR3.DHZ8L1 equality     .          320.51     4.80911e-02 >
114 R_BR3.BPM10L3.x_BR3.DHZ9L1 equality     .          322.85    -8.30776e-02 >
115 R_BR3.BPM10L3.x_BR3.DVT12L4 equality     .          326.21     8.40998e-02 >
116 R_BR3.BPM10L3.x_BR3.DVT13L4 equality     .          329.16    -5.85384e-02 >
117 R_BR3.BPM10L3.x_BR3.DVT2L4 equality     .          325.58     8.71715e-02 >
118 R_BR3.BPM10L3.x_BR3.DVT6L4 equality     .          320.71    -1.08225e-01 >
119 R_BR3.BPM10L3.x_BR3.DVT8L1 equality     .          322.38    -1.90420e-01 >
120 R_BR3.BPM10L3.x_BR3.DVT9L1 equality     .          321.9     -1.01043e-01 >
121 R_BR3.BPM11L3.x_BR3.DHZ11L4 equality     .          321.62    -3.36243e-01 >
122 R_BR3.BPM11L3.x_BR3.DHZ12L4 equality     .          316.81     3.55184e-01 >
123 R_BR3.BPM11L3.x_BR3.DHZ13L4 equality     .          318.29     1.06739e+00 >
124 R_BR3.BPM11L3.x_BR3.DHZ14L1 equality     .          323        3.16451e-01 >
125 R_BR3.BPM11L3.x_BR3.DHZ8L1 equality     .          323.25     2.22752e-01 >
126 R_BR3.BPM11L3.x_BR3.DHZ9L1 equality     .          321.03    -8.03211e-02 >
127 R_BR3.BPM11L3.x_BR3.DVT12L4 equality     .          323.49     1.36084e-01 >
128 R_BR3.BPM11L3.x_BR3.DVT13L4 equality     .          323.39    -2.50749e-01 >
129 R_BR3.BPM11L3.x_BR3.DVT2L4 equality     .          321.94     1.32771e-01 >
130 R_BR3.BPM11L3.x_BR3.DVT6L4 equality     .          317.89    -7.04442e-02 >
131 R_BR3.BPM11L3.x_BR3.DVT8L1 equality     .          319.79     7.01095e-02 >
132 R_BR3.BPM11L3.x_BR3.DVT9L1 equality     .          321.7     -2.51747e-01 >
133 R_BR3.BPM12L3.x_BR3.DHZ11L4 equality     .          231.32     2.04563e-01 >
134 R_BR3.BPM12L3.x_BR3.DHZ12L4 equality     .          230.81     6.56039e-02 >
135 R_BR3.BPM12L3.x_BR3.DHZ13L4 equality     .          235.29     1.13768e+00 >
136 R_BR3.BPM12L3.x_BR3.DHZ14L1 equality     .          237.27     1.94531e-01 >
137 R_BR3.BPM12L3.x_BR3.DHZ8L1 equality     .          236.62     5.61451e-01 >
138 R_BR3.BPM12L3.x_BR3.DHZ9L1 equality     .          234.67    -3.24666e-01 >
139 R_BR3.BPM12L3.x_BR3.DVT12L4 equality     .          236.69     1.17257e-01 >
140 R_BR3.BPM12L3.x_BR3.DVT13L4 equality     .          234.68    -9.08375e-02 >
141 R_BR3.BPM12L3.x_BR3.DVT2L4 equality     .          235.06    -1.23630e-02 >
142 R_BR3.BPM12L3.x_BR3.DVT6L4 equality     .          233.75    -1.87204e-01 >
143 R_BR3.BPM12L3.x_BR3.DVT8L1 equality     .          234.41     1.15403e-01 >
144 R_BR3.BPM12L3.x_BR3.DVT9L1 equality     .          236.74    -2.77227e-02 >
145 R_BR3.BPM13L3.x_BR3.DHZ11L4 equality     .          284.54     8.03816e-01 >
146 R_BR3.BPM13L3.x_BR3.DHZ12L4 equality     .          283.04     1.14243e-01 >
147 R_BR3.BPM13L3.x_BR3.DHZ13L4 equality     .          295.14     7.74653e-01 >
148 R_BR3.BPM13L3.x_BR3.DHZ14L1 equality     .          296.29     6.27895e-01 >
149 R_BR3.BPM13L3.x_BR3.DHZ8L1 equality     .          287.88     2.95271e-01 >
150 R_BR3.BPM13L3.x_BR3.DHZ9L1 equality     .          287.07    -2.16232e-01 >
151 R_BR3.BPM13L3.x_BR3.DVT12L4 equality     .          295.01     2.19389e-01 >
152 R_BR3.BPM13L3.x_BR3.DVT13L4 equality     .          294.7      1.27710e-01 >
153 R_BR3.BPM13L3.x_BR3.DVT2L4 equality     .          290.68    -6.91748e-02 >
154 R_BR3.BPM13L3.x_BR3.DVT6L4 equality     .          289.47    -2.75529e-01 >
155 R_BR3.BPM13L3.x_BR3.DVT8L1 equality     .          289.76    -1.34923e-01 >
156 R_BR3.BPM13L3.x_BR3.DVT9L1 equality     .          288.72     1.09597e-01 >
157 R_BR3.BPM14L3.x_BR3.DHZ11L4 equality     .          211.88     8.14890e-01 >
158 R_BR3.BPM14L3.x_BR3.DHZ12L4 equality     .          207.85     2.74737e-02 >
159 R_BR3.BPM14L3.x_BR3.DHZ13L4 equality     .          214.17     7.19598e-01 >
160 R_BR3.BPM14L3.x_BR3.DHZ14L1 equality     .          214.94     9.68529e-01 >
161 R_BR3.BPM14L3.x_BR3.DHZ8L1 equality     .          211.23     5.17898e-01 >
162 R_BR3.BPM14L3.x_BR3.DHZ9L1 equality     .          213.35    -5.46007e-01 >
163 R_BR3.BPM14L3.x_BR3.DVT12L4 equality     .          215.96     1.73404e-03 >
164 R_BR3.BPM14L3.x_BR3.DVT13L4 equality     .          216.13     8.79758e-02 >
165 R_BR3.BPM14L3.x_BR3.DVT2L4 equality     .          214.73     9.19683e-02 >
166 R_BR3.BPM14L3.x_BR3.DVT6L4 equality     .          212.35    -1.16462e-01 >
167 R_BR3.BPM14L3.x_BR3.DVT8L1 equality     .          214.2     -1.58936e-01 >
168 R_BR3.BPM14L3.x_BR3.DVT9L1 equality     .          213.82    -1.12514e-01 >
169 R_BR3.BPM15L3.x_BR3.DHZ11L4 equality     .          318.35     3.25335e-02 >
170 R_BR3.BPM15L3.x_BR3.DHZ12L4 equality     .          313.72     4.28161e-01 >
171 R_BR3.BPM15L3.x_BR3.DHZ13L4 equality     .          311.6      8.76221e-01 >
172 R_BR3.BPM15L3.x_BR3.DHZ14L1 equality     .          314.3      6.21004e-01 >
173 R_BR3.BPM15L3.x_BR3.DHZ8L1 equality     .          319.14     7.27666e-01 >
174 R_BR3.BPM15L3.x_BR3.DHZ9L1 equality     .          317.1      4.97134e-03 >
175 R_BR3.BPM15L3.x_BR3.DVT12L4 equality     .          319.08     7.83854e-02 >
176 R_BR3.BPM15L3.x_BR3.DVT13L4 equality     .          317.35    -2.67868e-01 >
177 R_BR3.BPM15L3.x_BR3.DVT2L4 equality     .          321.05     9.57595e-02 >
178 R_BR3.BPM15L3.x_BR3.DVT6L4 equality     .          317.16    -8.71510e-02 >
179 R_BR3.BPM15L3.x_BR3.DVT8L1 equality     .          319.06     1.19409e-01 >
180 R_BR3.BPM15L3.x_BR3.DVT9L1 equality     .          318.75    -1.64571e-01 >
181 R_BR3.BPM16L3.x_BR3.DHZ11L4 equality     .          342.42     1.10444e-01 >
182 R_BR3.BPM16L3.x_BR3.DHZ12L4 equality     .          334.06     1.05354e-01 >
183 R_BR3.BPM16L3.x_BR3.DHZ13L4 equality     .          334.87     5.29575e-01 >
184 R_BR3.BPM16L3.x_BR3.DHZ14L1 equality     .          338.52    -3.34458e-01 >
185 R_BR3.BPM16L3.x_BR3.DHZ8L1 equality     .          344.05     4.32558e-01 >
186 R_BR3.BPM16L3.x_BR3.DHZ9L1 equality     .          340.3      3.11451e-03 >
187 R_BR3.BPM16L3.x_BR3.DVT12L4 equality     .          331.51     1.96586e-01 >
188 R_BR3.BPM16L3.x_BR3.DVT13L4 equality     .          328.25    -1.92225e-01 >
189 R_BR3.BPM16L3.x_BR3.DVT2L4 equality     .          328.51     4.77727e-03 >
190 R_BR3.BPM16L3.x_BR3.DVT6L4 equality     .          324.17    -1.93348e-01 >
191 R_BR3.BPM16L3.x_BR3.DVT8L1 equality     .          330.87     1.13288e-01 >
192 R_BR3.BPM16L3.x_BR3.DVT9L1 equality     .          325.91    -1.19292e-02 >
193 R_BR3.BPM1L3.y_BR3.DHZ11L4 equality     .          266.76    -1.34471e-01 >
194 R_BR3.BPM1L3.y_BR3.DHZ12L4 equality     .          260.64     3.19586e-02 >
195 R_BR3.BPM1L3.y_BR3.DHZ13L4 equality     .          257.56     2.06802e-01 >
196 R_BR3.BPM1L3.y_BR3.DHZ14L1 equality     .          261.21     1.34428e-01 >
197 R_BR3.BPM1L3.y_BR3.DHZ8L1 equality     .          261.57    -1.34281e-01 >
198 R_BR3.BPM1L3.y_BR3.DHZ9L1 equality     .          258.89     9.85363e-02 >
199 R_BR3.BPM1L3.y_BR3.DVT12L4 equality     .          257.37    -6.14590e-02 >
200 R_BR3.BPM1L3.y_BR3.DVT13L4 equality     .          251.9     -1.66568e-01 >
201 R_BR3.BPM1L3.y_BR3.DVT2L4 equality     .          254.71     6.11714e-03 >
202 R_BR3.BPM1L3.y_BR3.DVT6L4 equality     .          255.63    -2.84673e-04 >
203 R_BR3.BPM1L3.y_BR3.DVT8L1 equality     .          254.03     1.05453e-01 >
204 R_BR3.BPM1L3.y_BR3.DVT9L1 equality     .          254.93    -1.11240e-01 >
205 R_BR3.BPM2L3.y_BR3.DHZ11L4 equality     .          192.49     4.87094e-02 >
206 R_BR3.BPM2L3.y_BR3.DHZ12L4 equality     .          194.16    -5.44757e-02 >
207 R_BR3.BPM2L3.y_BR3.DHZ13L4 equality     .          193.89     1.81868e-02 >
208 R_BR3.BPM2L3.y_BR3.DHZ14L1 equality     .          196.5      5.87026e-02 >
209 R_BR3.BPM2L3.y_BR3.DHZ8L1 equality     .          198.33     3.30222e-02 >
210 R_BR3.BPM2L3.y_BR3.DHZ9L1 equality     .          194.55    -6.84238e-02 >
211 R_BR3.BPM2L3.y_BR3.DVT12L4 equality     .          194.45    -4.16317e-03 >
212 R_BR3.BPM2L3.y_BR3.DVT13L4 equality     .          196.88     2.43019e-01 >
213 R_BR3.BPM2L3.y_BR3.DVT2L4 equality     .          196.4      4.85149e-02 >
214 R_BR3.BPM2L3.y_BR3.DVT6L4 equality     .          194.13     5.85014e-02 >
215 R_BR3.BPM2L3.y_BR3.DVT8L1 equality     .          197.65    -6.14007e-02 >
216 R_BR3.BPM2L3.y_BR3.DVT9L1 equality     .          200.1     -4.24303e-01 >
217 R_BR3.BPM3L3.y_BR3.DHZ11L4 equality     .          309.2      1.70458e-01 >
218 R_BR3.BPM3L3.y_BR3.DHZ12L4 equality     .          305        1.57762e-02 >
219 R_BR3.BPM3L3.y_BR3.DHZ13L4 equality     .          308.48    -2.32962e-01 >
220 R_BR3.BPM3L3.y_BR3.DHZ14L1 equality     .          311.75    -1.94095e-01 >
221 R_BR3.BPM3L3.y_BR3.DHZ8L1 equality     .          311.9      1.94797e-01 >
222 R_BR3.BPM3L3.y_BR3.DHZ9L1 equality     .          308.65    -4.39712e-02 >
223 R_BR3.BPM3L3.y_BR3.DVT12L4 equality     .          303.54    -3.76234e-02 >
224 R_BR3.BPM3L3.y_BR3.DVT13L4 equality     .          302.47    -5.91804e-02 >
225 R_BR3.BPM3L3.y_BR3.DVT2L4 equality     .          306.06     2.16140e-01 >
226 R_BR3.BPM3L3.y_BR3.DVT6L4 equality     .          306.1     -4.66715e-02 >
227 R_BR3.BPM3L3.y_BR3.DVT8L1 equality     .          305.71     2.18842e-02 >
228 R_BR3.BPM3L3.y_BR3.DVT9L1 equality     .          306.93     1.00709e-01 >
229 R_BR3.BPM4L3.y_BR3.DHZ11L4 equality     .          209.92    -1.01949e-01 >
230 R_BR3.BPM4L3.y_BR3.DHZ12L4 equality     .          208.08     4.29621e-03 >
231 R_BR3.BPM4L3.y_BR3.DHZ13L4 equality     .          209.11    -4.81447e-02 >
232 R_BR3.BPM4L3.y_BR3.DHZ14L1 equality     .          211.85    -8.17501e-02 >
233 R_BR3.BPM4L3.y_BR3.DHZ8L1 equality     .          210.02    -7.20411e-02 >
234 R_BR3.BPM4L3.y_BR3.DHZ9L1 equality     .          210.52     4.31112e-02 >
235 R_BR3.BPM4L3.y_BR3.DVT12L4 equality     .          211.43    -6.82234e-01 >
236 R_BR3.BPM4L3.y_BR3.DVT13L4 equality     .          206.83    -1.20685e-02 >
237 R_BR3.BPM4L3.y_BR3.DVT2L4 equality     .          207.62     5.12804e-01 >
238 R_BR3.BPM4L3.y_BR3.DVT6L4 equality     .          207.22     6.46415e-01 >
239 R_BR3.BPM4L3.y_BR3.DVT8L1 equality     .          209.27    -1.29848e-01 >
240 R_BR3.BPM4L3.y_BR3.DVT9L1 equality     .          205.48    -2.73742e-03 >
241 R_BR3.BPM5L3.y_BR3.DHZ11L4 equality     .          300.59    -1.88114e-01 >
242 R_BR3.BPM5L3.y_BR3.DHZ12L4 equality     .          297.16    -7.49458e-03 >
243 R_BR3.BPM5L3.y_BR3.DHZ13L4 equality     .          299.71     2.18628e-01 >
244 R_BR3.BPM5L3.y_BR3.DHZ14L1 equality     .          302.59     1.53295e-01 >
245 R_BR3.BPM5L3.y_BR3.DHZ8L1 equality     .          301.54    -1.95765e-01 >
246 R_BR3.BPM5L3.y_BR3.DHZ9L1 equality     .          301.97     6.30877e-02 >
247 R_BR3.BPM5L3.y_BR3.DVT12L4 equality     .          300.71    -3.43671e-03 >
248 R_BR3.BPM5L3.y_BR3.DVT13L4 equality     .          292.52     1.68800e-01 >
249 R_BR3.BPM5L3.y_BR3.DVT2L4 equality     .          294.96    -1.72957e-01 >
250 R_BR3.BPM5L3.y_BR3.DVT6L4 equality     .          295.26     1.44126e-01 >
251 R_BR3.BPM5L3.y_BR3.DVT8L1 equality     .          295.51    -5.64913e-02 >
252 R_BR3.BPM5L3.y_BR3.DVT9L1 equality     .          300.71    -1.91154e-01 >
253 R_BR3.BPM6L3.y_BR3.DHZ11L4 equality     .          205.66     1.21356e-01 >
254 R_BR3.BPM6L3.y_BR3.DHZ12L4 equality     .          201.86     1.50728e-02 >
255 R_BR3.BPM6L3.y_BR3.DHZ13L4 equality     .          204.39     1.05450e-02 >
256 R_BR3.BPM6L3.y_BR3.DHZ14L1 equality     .          206.14    -3.51629e-02 >
257 R_BR3.BPM6L3.y_BR3.DHZ8L1 equality     .          205.51     1.43967e-01 >
258 R_BR3.BPM6L3.y_BR3.DHZ9L1 equality     .          205.6     -4.68266e-02 >
259 R_BR3.BPM6L3.y_BR3.DVT12L4 equality     .          203.95     6.26612e-01 >
260 R_BR3.BPM6L3.y_BR3.DVT13L4 equality     .          204.5     -5.54540e-02 >
261 R_BR3.BPM6L3.y_BR3.DVT2L4 equality     .          201.85    -4.01595e-01 >
262 R_BR3.BPM6L3.y_BR3.DVT6L4 equality     .          201.08    -5.94452e-01 >
263 R_BR3.BPM6L3.y_BR3.DVT8L1 equality     .          205.4      1.45952e-01 >
264 R_BR3.BPM6L3.y_BR3.DVT9L1 equality     .          202.55    -5.31789e-02 >
265 R_BR3.BPM7L3.y_BR3.DHZ11L4 equality     .          247.51     2.04498e-01 >
266 R_BR3.BPM7L3.y_BR3.DHZ12L4 equality     .          239.62     4.92758e-02 >
267 R_BR3.BPM7L3.y_BR3.DHZ13L4 equality     .          243.43    -2.49959e-01 >
268 R_BR3.BPM7L3.y_BR3.DHZ14L1 equality     .          246.98    -1.87801e-01 >
269 R_BR3.BPM7L3.y_BR3.DHZ8L1 equality     .          246.56     2.30526e-01 >
270 R_BR3.BPM7L3.y_BR3.DHZ9L1 equality     .          246.83    -2.86511e-02 >
271 R_BR3.BPM7L3.y_BR3.DVT12L4 equality     .          249.31    -2.41080e-01 >
272 R_BR3.BPM7L3.y_BR3.DVT13L4 equality     .          250.81     1.56884e-01 >
273 R_BR3.BPM7L3.y_BR3.DVT2L4 equality     .          247.33     1.23943e-01 >
274 R_BR3.BPM7L3.y_BR3.DVT6L4 equality     .          247.73    -3.63540e-02 >
275 R_BR3.BPM7L3.y_BR3.DVT8L1 equality     .          247.99    -1.83109e-01 >
276 R_BR3.BPM7L3.y_BR3.DVT9L1 equality     .          243.93     1.71652e-01 >
277 R_BR3.BPM8L3.y_BR3.DHZ11L4 equality     .          310.08    -2.20633e-02 >
278 R_BR3.BPM8L3.y_BR3.DHZ12L4 equality     .          307.13     5.08001e-02 >
279 R_BR3.BPM8L3.y_BR3.DHZ13L4 equality     .          303.82    -1.02810e-01 >
280 R_BR3.BPM8L3.y_BR3.DHZ14L1 equality     .          311.28    -1.46647e-01 >
281 R_BR3.BPM8L3.y_BR3.DHZ8L1 equality     .          310.24     2.78652e-03 >
282 R_BR3.BPM8L3.y_BR3.DHZ9L1 equality     .          307.43     5.75806e-02 >
283 R_BR3.BPM8L3.y_BR3.DVT12L4 equality     .          310.09     1.53418e-01 >
284 R_BR3.BPM8L3.y_BR3.DVT13L4 equality     .          305.78     4.27291e-02 >
285 R_BR3.BPM8L3.y_BR3.DVT2L4 equality     .          308.97    -3.09674e-01 >
286 R_BR3.BPM8L3.y_BR3.DVT6L4 equality     .          299.52     7.34982e-02 >
287 R_BR3.BPM8L3.y_BR3.DVT8L1 equality     .          305.11     3.88452e-01 >
288 R_BR3.BPM8L3.y_BR3.DVT9L1 equality     .          307.07     4.61849e-01 >
289 R_BR3.BPM9L3.y_BR3.DHZ11L4 equality     .          334.71    -1.73264e-01 >
290 R_BR3.BPM9L3.y_BR3.DHZ12L4 equality     .          333.16    -6.21069e-04 >
291 R_BR3.BPM9L3.y_BR3.DHZ13L4 equality     .          334.6      2.19537e-01 >
292 R_BR3.BPM9L3.y_BR3.DHZ14L1 equality     .          340.73     1.62631e-01 >
293 R_BR3.BPM9L3.y_BR3.DHZ8L1 equality     .          335.94    -1.01443e-01 >
294 R_BR3.BPM9L3.y_BR3.DHZ9L1 equality     .          337.78     4.88342e-02 >
295 R_BR3.BPM9L3.y_BR3.DVT12L4 equality     .          331.03    -3.76620e-01 >
296 R_BR3.BPM9L3.y_BR3.DVT13L4 equality     .          338.49     1.65927e-01 >
297 R_BR3.BPM9L3.y_BR3.DVT2L4 equality     .          333.32     1.24254e-01 >
298 R_BR3.BPM9L3.y_BR3.DVT6L4 equality     .          330.97     4.21406e-02 >
299 R_BR3.BPM9L3.y_BR3.DVT8L1 equality     .          333.05    -6.61446e-02 >
300 R_BR3.BPM9L3.y_BR3.DVT9L1 equality     .          335.65     1.61141e-01 >
301 R_BR3.BPM10L3.y_BR3.DHZ11L4 equality     .          366.2      1.12715e-01 >
302 R_BR3.BPM10L3.y_BR3.DHZ12L4 equality     .          362.07    -6.54771e-02 >
303 R_BR3.BPM10L3.y_BR3.DHZ13L4 equality     .          361.04    -4.92362e-02 >
304 R_BR3.BPM10L3.y_BR3.DHZ14L1 equality     .          363.5      3.18184e-02 >
305 R_BR3.BPM10L3.y_BR3.DHZ8L1 equality     .          368.96    -1.26622e-02 >
306 R_BR3.BPM10L3.y_BR3.DHZ9L1 equality     .          364.84    -1.14718e-01 >
307 R_BR3.BPM10L3.y_BR3.DVT12L4 equality     .          359.34    -7.29873e-03 >
308 R_BR3.BPM10L3.y_BR3.DVT13L4 equality     .          360.65    -1.76996e-01 >
309 R_BR3.BPM10L3.y_BR3.DVT2L4 equality     .          355.51     2.44950e-01 >
310 R_BR3.BPM10L3.y_BR3.DVT6L4 equality     .          356.1     -3.50157e-02 >
311 R_BR3.BPM10L3.y_BR3.DVT8L1 equality     .          360.02    -3.42507e-01 >
312 R_BR3.BPM10L3.y_BR3.DVT9L1 equality     .          366.4      1.56400e-03 >
313 R_BR3.BPM11L3.y_BR3.DHZ11L4 equality     .          318.42     1.64773e-01 >
314 R_BR3.BPM11L3.y_BR3.DHZ12L4 equality     .          312.53     7.60862e-02 >
315 R_BR3.BPM11L3.y_BR3.DHZ13L4 equality     .          314.15    -2.46497e-01 >
316 R_BR3.BPM11L3.y_BR3.DHZ14L1 equality     .          319.85    -2.09911e-01 >
317 R_BR3.BPM11L3.y_BR3.DHZ8L1 equality     .          318.13     1.49418e-01 >
318 R_BR3.BPM11L3.y_BR3.DHZ9L1 equality     .          314.86    -3.98835e-02 >
319 R_BR3.BPM11L3.y_BR3.DVT12L4 equality     .          318.32    -3.13554e-02 >
320 R_BR3.BPM11L3.y_BR3.DVT13L4 equality     .          319.64     4.69211e-02 >
321 R_BR3.BPM11L3.y_BR3.DVT2L4 equality     .          314.09     2.44622e-02 >
322 R_BR3.BPM11L3.y_BR3.DVT6L4 equality     .          315.65     3.43080e-02 >
323 R_BR3.BPM11L3.y_BR3.DVT8L1 equality     .          313.99    -1.33749e-01 >
324 R_BR3.BPM11L3.y_BR3.DVT9L1 equality     .          319.49    -4.36177e-02 >
325 R_BR3.BPM12L3.y_BR3.DHZ11L4 equality     .          231.29    -3.66253e-02 >
326 R_BR3.BPM12L3.y_BR3.DHZ12L4 equality     .          228.92     7.34983e-02 >
327 R_BR3.BPM12L3.y_BR3.DHZ13L4 equality     .          229.14    -4.36760e-02 >
328 R_BR3.BPM12L3.y_BR3.DHZ14L1 equality     .          230.81    -8.16278e-02 >
329 R_BR3.BPM12L3.y_BR3.DHZ8L1 equality     .          232.09    -6.49562e-03 >
330 R_BR3.BPM12L3.y_BR3.DHZ9L1 equality     .          230.3      2.14619e-03 >
331 R_BR3.BPM12L3.y_BR3.DVT12L4 equality     .          232.44    -4.85946e-01 >
332 R_BR3.BPM12L3.y_BR3.DVT13L4 equality     .          232.5      2.96959e-01 >
333 R_BR3.BPM12L3.y_BR3.DVT2L4 equality     .          232.86     1.35742e-01 >
334 R_BR3.BPM12L3.y_BR3.DVT6L4 equality     .          233.21     3.18742e-01 >
335 R_BR3.BPM12L3.y_BR3.DVT8L1 equality     .          234.5      5.04090e-02 >
336 R_BR3.BPM12L3.y_BR3.DVT9L1 equality     .          232.15     7.29908e-02 >
337 R_BR3.BPM13L3.y_BR3.DHZ11L4 equality     .          318.63    -1.09299e-01 >
338 R_BR3.BPM13L3.y_BR3.DHZ12L4 equality     .          312.27    -1.23166e-02 >
339 R_BR3.BPM13L3.y_BR3.DHZ13L4 equality     .          312.67     2.35972e-01 >
340 R_BR3.BPM13L3.y_BR3.DHZ14L1 equality     .          317.13     1.99376e-01 >
341 R_BR3.BPM13L3.y_BR3.DHZ8L1 equality     .          317.01    -1.20315e-01 >
342 R_BR3.BPM13L3.y_BR3.DHZ9L1 equality     .          315.47     4.66085e-02 >
343 R_BR3.BPM13L3.y_BR3.DVT12L4 equality     .          316.17     7.01294e-02 >
344 R_BR3.BPM13L3.y_BR3.DVT13L4 equality     .          317.1      8.42616e-02 >
345 R_BR3.BPM13L3.y_BR3.DVT2L4 equality     .          315.8      9.07405e-02 >
346 R_BR3.BPM13L3.y_BR3.DVT6L4 equality     .          313.76    -1.08294e-02 >
347 R_BR3.BPM13L3.y_BR3.DVT8L1 equality     .          317.44     1.54543e-02 >
348 R_BR3.BPM13L3.y_BR3.DVT9L1 equality     .          320.26     1.16087e-01 >
349 R_BR3.BPM14L3.y_BR3.DHZ11L4 equality     .          244.36     1.94126e-02 >
350 R_BR3.BPM14L3.y_BR3.DHZ12L4 equality     .          241.74    -6.84335e-02 >
351 R_BR3.BPM14L3.y_BR3.DHZ13L4 equality     .          243.26     5.26126e-02 >
352 R_BR3.BPM14L3.y_BR3.DHZ14L1 equality     .          243.34     5.96875e-02 >
353 R_BR3.BPM14L3.y_BR3.DHZ8L1 equality     .          247.99     3.33346e-03 >
354 R_BR3.BPM14L3.y_BR3.DHZ9L1 equality     .          245.6     -8.09665e-02 >
355 R_BR3.BPM14L3.y_BR3.DVT12L4 equality     .          243.73     9.84591e-02 >
356 R_BR3.BPM14L3.y_BR3.DVT13L4 equality     .          242.56     3.29684e-01 >
357 R_BR3.BPM14L3.y_BR3.DVT2L4 equality     .          244.08     6.49281e-02 >
358 R_BR3.BPM14L3.y_BR3.DVT6L4 equality     .          243.53     3.07376e-02 >
359 R_BR3.BPM14L3.y_BR3.DVT8L1 equality     .          244.77    -8.21535e-02 >
360 R_BR3.BPM14L3.y_BR3.DVT9L1 equality     .          247.1     -3.26286e-01 >
361 R_BR3.BPM15L3.y_BR3.DHZ11L4 equality     .          335.46     1.18883e-01 >
362 R_BR3.BPM15L3.y_BR3.DHZ12L4 equality     .          332.49     5.74095e-02 >
363 R_BR3.BPM15L3.y_BR3.DHZ13L4 equality     .          333.02    -2.31541e-01 >
364 R_BR3.BPM15L3.y_BR3.DHZ14L1 equality     .          339.6     -1.94502e-01 >
365 R_BR3.BPM15L3.y_BR3.DHZ8L1 equality     .          337.23     1.32468e-01 >
366 R_BR3.BPM15L3.y_BR3.DHZ9L1 equality     .          334.2     -4.31612e-03 >
367 R_BR3.BPM15L3.y_BR3.DVT12L4 equality     .          335.53    -6.75143e-02 >
368 R_BR3.BPM15L3.y_BR3.DVT13L4 equality     .          332.18    -3.66567e-02 >
369 R_BR3.BPM15L3.y_BR3.DVT2L4 equality     .          339.47    -1.49629e-01 >
370 R_BR3.BPM15L3.y_BR3.DVT6L4 equality     .          334.11    -6.19758e-05 >
371 R_BR3.BPM15L3.y_BR3.DVT8L1 equality     .          336.51     5.22009e-02 >
372 R_BR3.BPM15L3.y_BR3.DVT9L1 equality     .          337.85    -6.68685e-02 >
373 R_BR3.BPM16L3.y_BR3.DHZ11L4 equality     .          372.29     5.22717e-03 >
374 R_BR3.BPM16L3.y_BR3.DHZ12L4 equality     .          365.67     3.00487e-02 >
375 R_BR3.BPM16L3.y_BR3.DHZ13L4 equality     .          365.5     -7.14431e-02 >
376 R_BR3.BPM16L3.y_BR3.DHZ14L1 equality     .          370.71    -8.42783e-02 >
377 R_BR3.BPM16L3.y_BR3.DHZ8L1 equality     .          372.15    -2.02799e-03 >
378 R_BR3.BPM16L3.y_BR3.DHZ9L1 equality     .          370.13     5.32189e-02 >
379 R_BR3.BPM16L3.y_BR3.DVT12L4 equality     .          366.81     2.12448e-02 >
380 R_BR3.BPM16L3.y_BR3.DVT13L4 equality     .          365.16    -2.07596e-01 >
381 R_BR3.BPM16L3.y_BR3.DVT2L4 equality     .          366.91    -2.79072e-02 >
382 R_BR3.BPM16L3.y_BR3.DVT6L4 equality     .          366.38    -5.74804e-02 >
383 R_BR3.BPM16L3.y_BR3.DVT8L1 equality     .          363.83     3.72558e-02 >
384 R_BR3.BPM16L3.y_BR3.DVT9L1 equality     .          368.51     4.20937e-01 >

 Variables                  Curr. Value  Curr. Step   Lower Limit  Upper Limit
--------------------------------------------------------------------------------
 1 BR.QFOCELL1.dk1l         3.41615e-03  4.65423e-04   .            .         
 2 BR.QDE1.dk1l            -2.33445e-03 -3.39930e-04   .            .         
 3 BR.QFOCELL2.dk1l         1.15901e-03 -1.25898e-03   .            .         
 4 BR.QDE2.dk1l            -1.54689e-03  1.18696e-03   .            .         
 5 BR.QFOCELL3.dk1l        -8.87463e-03 -6.15108e-04   .            .         
 6 BR.QDE3.dk1l             6.71112e-03  4.78453e-04   .            .         
 7 BR.QFOCELL4.dk1l         2.05604e-03  2.84201e-03   .            .         
 8 BR.QDE4.dk1l            -2.52558e-03 -2.65589e-03   .            .         
 9 BR.QFOCELL5.dk1l         1.49970e-02  2.09291e-03   .            .         
10 BR.QDE5.dk1l            -1.45764e-02 -1.78051e-03   .            .         
11 BR.QFOCELL6.dk1l        -6.47660e-03 -3.64830e-03   .            .         
12 BR.QDE6.dk1l             7.54451e-03  3.48838e-03   .            .         
13 BR.QFOCELL7.dk1l        -4.39876e-03 -1.97650e-03   .            .         
14 BR.QDE7.dk1l             5.03143e-03  1.91014e-03   .            .         
15 BR.QFOCELL8.dk1l         1.83058e-02  5.80931e-03   .            .         
16 BR.QDE8.dk1l            -1.94210e-02 -5.15267e-03   .            .         
17 BR.QFOCELL9.dk1l         1.28559e-02  3.34516e-03   .            .         
18 BR.QDE9.dk1l            -1.29365e-02 -3.08831e-03   .            .         
19 BR.QFOCELL10.dk1l       -1.22372e-02 -5.00343e-03   .            .         
20 BR.QDE10.dk1l            1.33588e-02  4.70799e-03   .            .         
21 BR.QFOCELL11.dk1l       -5.83694e-03 -1.09550e-03   .            .         
22 BR.QDE11.dk1l            3.78415e-03  9.69730e-04   .            .         
23 BR.QFOCELL12.dk1l        1.49685e-03  1.52395e-03   .            .         
24 BR.QDE12.dk1l           -2.15760e-03 -1.42518e-03   .            .         
25 BR.QFOCELL13.dk1l        1.94073e-02  4.43074e-04   .            .         
26 BR.QDE13.dk1l           -1.99539e-02 -1.52622e-04   .            .         
27 BR.QFOCELL14.dk1l        8.66885e-03 -1.39046e-03   .            .         
28 BR.QDE14.dk1l           -8.87907e-03  1.31693e-03   .            .         
29 BR.QFOCELL15.dk1l       -1.41483e-02  4.93589e-04   .            .         
30 BR.QDE15.dk1l            1.29801e-02 -4.64477e-04   .            .         
31 BR.QFOCELL16.dk1l       -2.46390e-03  8.05318e-04   .            .         
32 BR.QDE16.dk1l            3.68449e-03 -6.83125e-04   .            .         

ncall=67 [1.8s], fval=2.84330e-01, fstp=-5.10182e-03, ccnt=384.


 Constraints                Type        Kind        Weight     Expr. Value
------------------------------------------------------------------------------
 1 R_BR3.BPM1L3.x_BR3.DHZ11L4 equality     .          256.16     5.76653e-01 >
 2 R_BR3.BPM1L3.x_BR3.DHZ12L4 equality     .          254.23     2.21436e-01 >
 3 R_BR3.BPM1L3.x_BR3.DHZ13L4 equality     .          253.59     7.92632e-01 >
 4 R_BR3.BPM1L3.x_BR3.DHZ14L1 equality     .          255.58     1.91569e-01 >
 5 R_BR3.BPM1L3.x_BR3.DHZ8L1 equality     .          251.17     3.78875e-02 >
 6 R_BR3.BPM1L3.x_BR3.DHZ9L1 equality     .          249.93    -1.12692e-01 >
 7 R_BR3.BPM1L3.x_BR3.DVT12L4 equality     .          260.4      1.33849e-01 >
 8 R_BR3.BPM1L3.x_BR3.DVT13L4 equality     .          256.07     1.19136e-01 >
 9 R_BR3.BPM1L3.x_BR3.DVT2L4 equality     .          252.75    -7.51891e-02 >
10 R_BR3.BPM1L3.x_BR3.DVT6L4 equality     .          253.38    -2.88303e-01 >
11 R_BR3.BPM1L3.x_BR3.DVT8L1 equality     .          254.19    -1.68379e-01 >
12 R_BR3.BPM1L3.x_BR3.DVT9L1 equality     .          254.31     3.19613e-02 >
13 R_BR3.BPM2L3.x_BR3.DHZ11L4 equality     .          156.29     3.45423e-01 >
14 R_BR3.BPM2L3.x_BR3.DHZ12L4 equality     .          154.4      4.64197e-01 >
15 R_BR3.BPM2L3.x_BR3.DHZ13L4 equality     .          157.12     1.14031e+00 >
16 R_BR3.BPM2L3.x_BR3.DHZ14L1 equality     .          159.5      1.16762e+00 >
17 R_BR3.BPM2L3.x_BR3.DHZ8L1 equality     .          158.32     3.02713e-01 >
18 R_BR3.BPM2L3.x_BR3.DHZ9L1 equality     .          156.91    -3.95514e-02 >
19 R_BR3.BPM2L3.x_BR3.DVT12L4 equality     .          159.11     5.89689e-02 >
20 R_BR3.BPM2L3.x_BR3.DVT13L4 equality     .          156.02    -1.46891e-02 >
21 R_BR3.BPM2L3.x_BR3.DVT2L4 equality     .          155.44     4.40328e-02 >
22 R_BR3.BPM2L3.x_BR3.DVT6L4 equality     .          156.47    -2.01514e-01 >
23 R_BR3.BPM2L3.x_BR3.DVT8L1 equality     .          156.24    -1.53126e-01 >
24 R_BR3.BPM2L3.x_BR3.DVT9L1 equality     .          155.22    -1.29190e-01 >
25 R_BR3.BPM3L3.x_BR3.DHZ11L4 equality     .          311.6      4.78734e-01 >
26 R_BR3.BPM3L3.x_BR3.DHZ12L4 equality     .          303.14    -8.44603e-03 >
27 R_BR3.BPM3L3.x_BR3.DHZ13L4 equality     .          303.16     3.35738e-01 >
28 R_BR3.BPM3L3.x_BR3.DHZ14L1 equality     .          306.57     2.42910e-01 >
29 R_BR3.BPM3L3.x_BR3.DHZ8L1 equality     .          308.71     1.04102e+00 >
30 R_BR3.BPM3L3.x_BR3.DHZ9L1 equality     .          305.32    -3.67677e-01 >
31 R_BR3.BPM3L3.x_BR3.DVT12L4 equality     .          304.68     6.63635e-02 >
32 R_BR3.BPM3L3.x_BR3.DVT13L4 equality     .          312.53    -2.50904e-01 >
33 R_BR3.BPM3L3.x_BR3.DVT2L4 equality     .          311.04     1.93208e-01 >
34 R_BR3.BPM3L3.x_BR3.DVT6L4 equality     .          308.23    -7.72070e-02 >
35 R_BR3.BPM3L3.x_BR3.DVT8L1 equality     .          308.71     8.73351e-02 >
36 R_BR3.BPM3L3.x_BR3.DVT9L1 equality     .          309.48    -1.54886e-01 >
37 R_BR3.BPM4L3.x_BR3.DHZ11L4 equality     .          198.58     3.54479e-01 >
38 R_BR3.BPM4L3.x_BR3.DHZ12L4 equality     .          201.04    -2.23152e-01 >
39 R_BR3.BPM4L3.x_BR3.DHZ13L4 equality     .          202.09     4.47466e-01 >
40 R_BR3.BPM4L3.x_BR3.DHZ14L1 equality     .          202.92    -3.40417e-01 >
41 R_BR3.BPM4L3.x_BR3.DHZ8L1 equality     .          201.17     4.50071e-01 >
42 R_BR3.BPM4L3.x_BR3.DHZ9L1 equality     .          200.74    -3.83973e-01 >
43 R_BR3.BPM4L3.x_BR3.DVT12L4 equality     .          199.05     1.75696e-01 >
44 R_BR3.BPM4L3.x_BR3.DVT13L4 equality     .          197.95    -1.51987e-01 >
45 R_BR3.BPM4L3.x_BR3.DVT2L4 equality     .          197.23     1.20174e-02 >
46 R_BR3.BPM4L3.x_BR3.DVT6L4 equality     .          195.97    -2.01470e-01 >
47 R_BR3.BPM4L3.x_BR3.DVT8L1 equality     .          198.39     6.94145e-02 >
48 R_BR3.BPM4L3.x_BR3.DVT9L1 equality     .          195.38    -7.38877e-02 >
49 R_BR3.BPM5L3.x_BR3.DHZ11L4 equality     .          323.52     6.47605e-01 >
50 R_BR3.BPM5L3.x_BR3.DHZ12L4 equality     .          321.44     1.31526e-01 >
51 R_BR3.BPM5L3.x_BR3.DHZ13L4 equality     .          331.9      8.22998e-01 >
52 R_BR3.BPM5L3.x_BR3.DHZ14L1 equality     .          329.01     4.26454e-01 >
53 R_BR3.BPM5L3.x_BR3.DHZ8L1 equality     .          324.43     3.60080e-02 >
54 R_BR3.BPM5L3.x_BR3.DHZ9L1 equality     .          326.34    -2.21274e-01 >
55 R_BR3.BPM5L3.x_BR3.DVT12L4 equality     .          337.83     1.23227e-01 >
56 R_BR3.BPM5L3.x_BR3.DVT13L4 equality     .          337.83     1.22045e-01 >
57 R_BR3.BPM5L3.x_BR3.DVT2L4 equality     .          328.25    -1.18267e-01 >
58 R_BR3.BPM5L3.x_BR3.DVT6L4 equality     .          332.41    -2.74403e-01 >
59 R_BR3.BPM5L3.x_BR3.DVT8L1 equality     .          331.07    -1.59933e-01 >
60 R_BR3.BPM5L3.x_BR3.DVT9L1 equality     .          327.95     1.49117e-02 >
61 R_BR3.BPM6L3.x_BR3.DHZ11L4 equality     .          199.06     5.81307e-01 >
62 R_BR3.BPM6L3.x_BR3.DHZ12L4 equality     .          197.02     4.53160e-01 >
63 R_BR3.BPM6L3.x_BR3.DHZ13L4 equality     .          203.36     8.08019e-01 >
64 R_BR3.BPM6L3.x_BR3.DHZ14L1 equality     .          200.11     8.99213e-01 >
65 R_BR3.BPM6L3.x_BR3.DHZ8L1 equality     .          198.67     7.04241e-01 >
66 R_BR3.BPM6L3.x_BR3.DHZ9L1 equality     .          198.05    -1.12042e-01 >
67 R_BR3.BPM6L3.x_BR3.DVT12L4 equality     .          203.3      4.64353e-02 >
68 R_BR3.BPM6L3.x_BR3.DVT13L4 equality     .          203.17    -3.73575e-02 >
69 R_BR3.BPM6L3.x_BR3.DVT2L4 equality     .          201.38     1.00518e-01 >
70 R_BR3.BPM6L3.x_BR3.DVT6L4 equality     .          200.05    -1.40880e-01 >
71 R_BR3.BPM6L3.x_BR3.DVT8L1 equality     .          201.17    -9.37168e-02 >
72 R_BR3.BPM6L3.x_BR3.DVT9L1 equality     .          202.7     -1.31418e-01 >
73 R_BR3.BPM7L3.x_BR3.DHZ11L4 equality     .          224.56    -6.25051e-02 >
74 R_BR3.BPM7L3.x_BR3.DHZ12L4 equality     .          219.91     9.89155e-03 >
75 R_BR3.BPM7L3.x_BR3.DHZ13L4 equality     .          222.83     8.52080e-01 >
76 R_BR3.BPM7L3.x_BR3.DHZ14L1 equality     .          223.21     5.02738e-01 >
77 R_BR3.BPM7L3.x_BR3.DHZ8L1 equality     .          225.31     6.08528e-01 >
78 R_BR3.BPM7L3.x_BR3.DHZ9L1 equality     .          223.19    -2.30285e-01 >
79 R_BR3.BPM7L3.x_BR3.DVT12L4 equality     .          225.85     7.06470e-02 >
80 R_BR3.BPM7L3.x_BR3.DVT13L4 equality     .          225.36    -2.46694e-01 >
81 R_BR3.BPM7L3.x_BR3.DVT2L4 equality     .          220.05     1.67585e-01 >
82 R_BR3.BPM7L3.x_BR3.DVT6L4 equality     .          220.91     2.38294e-02 >
83 R_BR3.BPM7L3.x_BR3.DVT8L1 equality     .          222.9      1.19668e-01 >
84 R_BR3.BPM7L3.x_BR3.DVT9L1 equality     .          222.54    -1.47129e-01 >
85 R_BR3.BPM8L3.x_BR3.DHZ11L4 equality     .          333.06     4.67838e-02 >
86 R_BR3.BPM8L3.x_BR3.DHZ12L4 equality     .          331.72    -1.20808e-01 >
87 R_BR3.BPM8L3.x_BR3.DHZ13L4 equality     .          334.32     8.64590e-01 >
88 R_BR3.BPM8L3.x_BR3.DHZ14L1 equality     .          336.17    -1.48120e-02 >
89 R_BR3.BPM8L3.x_BR3.DHZ8L1 equality     .          337.58     4.65361e-01 >
90 R_BR3.BPM8L3.x_BR3.DHZ9L1 equality     .          333.83    -2.16653e-01 >
91 R_BR3.BPM8L3.x_BR3.DVT12L4 equality     .          336.7      1.44087e-01 >
92 R_BR3.BPM8L3.x_BR3.DVT13L4 equality     .          334.2     -1.31298e-01 >
93 R_BR3.BPM8L3.x_BR3.DVT2L4 equality     .          335.6      9.03727e-03 >
94 R_BR3.BPM8L3.x_BR3.DVT6L4 equality     .          329.87    -1.47200e-01 >
95 R_BR3.BPM8L3.x_BR3.DVT8L1 equality     .          332.62     1.36220e-01 >
96 R_BR3.BPM8L3.x_BR3.DVT9L1 equality     .          331.37    -3.36174e-02 >
97 R_BR3.BPM9L3.x_BR3.DHZ11L4 equality     .          295.11     5.98023e-01 >
98 R_BR3.BPM9L3.x_BR3.DHZ12L4 equality     .          265.71    -3.69074e-01 >
99 R_BR3.BPM9L3.x_BR3.DHZ13L4 equality     .          302.61     8.99049e-01 >
100 R_BR3.BPM9L3.x_BR3.DHZ14L1 equality     .          302.64     8.64117e-01 >
101 R_BR3.BPM9L3.x_BR3.DHZ8L1 equality     .          274.9     -1.33572e-01 >
102 R_BR3.BPM9L3.x_BR3.DHZ9L1 equality     .          295.83    -2.79216e-01 >
103 R_BR3.BPM9L3.x_BR3.DVT12L4 equality     .          277.83     7.38046e-02 >
104 R_BR3.BPM9L3.x_BR3.DVT13L4 equality     .          285.41     1.03407e-01 >
105 R_BR3.BPM9L3.x_BR3.DVT2L4 equality     .          275.96    -7.80624e-02 >
106 R_BR3.BPM9L3.x_BR3.DVT6L4 equality     .          273.27    -3.20883e-01 >
107 R_BR3.BPM9L3.x_BR3.DVT8L1 equality     .          276.9     -8.70100e-02 >
108 R_BR3.BPM9L3.x_BR3.DVT9L1 equality     .          281.52     9.12421e-02 >
109 R_BR3.BPM10L3.x_BR3.DHZ11L4 equality     .          319.65     9.07789e-01 >
110 R_BR3.BPM10L3.x_BR3.DHZ12L4 equality     .          316.13     5.51624e-01 >
111 R_BR3.BPM10L3.x_BR3.DHZ13L4 equality     .          325.84     3.82518e-01 >
112 R_BR3.BPM10L3.x_BR3.DHZ14L1 equality     .          326.76     4.96514e-01 >
113 R_BR3.BPM10L3.x_BR3.DHZ8L1 equality     .          320.51     6.08971e-02 >
114 R_BR3.BPM10L3.x_BR3.DHZ9L1 equality     .          322.85    -1.30286e-01 >
115 R_BR3.BPM10L3.x_BR3.DVT12L4 equality     .          326.21     8.41062e-02 >
116 R_BR3.BPM10L3.x_BR3.DVT13L4 equality     .          329.16    -5.85366e-02 >
117 R_BR3.BPM10L3.x_BR3.DVT2L4 equality     .          325.58     8.71632e-02 >
118 R_BR3.BPM10L3.x_BR3.DVT6L4 equality     .          320.71    -1.08235e-01 >
119 R_BR3.BPM10L3.x_BR3.DVT8L1 equality     .          322.38    -1.90419e-01 >
120 R_BR3.BPM10L3.x_BR3.DVT9L1 equality     .          321.9     -1.01038e-01 >
121 R_BR3.BPM11L3.x_BR3.DHZ11L4 equality     .          321.62    -3.14983e-01 >
122 R_BR3.BPM11L3.x_BR3.DHZ12L4 equality     .          316.81     3.60692e-01 >
123 R_BR3.BPM11L3.x_BR3.DHZ13L4 equality     .          318.29     1.05417e+00 >
124 R_BR3.BPM11L3.x_BR3.DHZ14L1 equality     .          323        3.06954e-01 >
125 R_BR3.BPM11L3.x_BR3.DHZ8L1 equality     .          323.25     2.40380e-01 >
126 R_BR3.BPM11L3.x_BR3.DHZ9L1 equality     .          321.03    -6.39429e-02 >
127 R_BR3.BPM11L3.x_BR3.DVT12L4 equality     .          323.49     1.36093e-01 >
128 R_BR3.BPM11L3.x_BR3.DVT13L4 equality     .          323.39    -2.50764e-01 >
129 R_BR3.BPM11L3.x_BR3.DVT2L4 equality     .          321.94     1.32768e-01 >
130 R_BR3.BPM11L3.x_BR3.DVT6L4 equality     .          317.89    -7.04569e-02 >
131 R_BR3.BPM11L3.x_BR3.DVT8L1 equality     .          319.79     7.01193e-02 >
132 R_BR3.BPM11L3.x_BR3.DVT9L1 equality     .          321.7     -2.51745e-01 >
133 R_BR3.BPM12L3.x_BR3.DHZ11L4 equality     .          231.32     2.08033e-01 >
134 R_BR3.BPM12L3.x_BR3.DHZ12L4 equality     .          230.81     6.72831e-02 >
135 R_BR3.BPM12L3.x_BR3.DHZ13L4 equality     .          235.29     1.14391e+00 >
136 R_BR3.BPM12L3.x_BR3.DHZ14L1 equality     .          237.27     1.97559e-01 >
137 R_BR3.BPM12L3.x_BR3.DHZ8L1 equality     .          236.62     5.64512e-01 >
138 R_BR3.BPM12L3.x_BR3.DHZ9L1 equality     .          234.67    -3.26470e-01 >
139 R_BR3.BPM12L3.x_BR3.DVT12L4 equality     .          236.69     1.17252e-01 >
140 R_BR3.BPM12L3.x_BR3.DVT13L4 equality     .          234.68    -9.08401e-02 >
141 R_BR3.BPM12L3.x_BR3.DVT2L4 equality     .          235.06    -1.23556e-02 >
142 R_BR3.BPM12L3.x_BR3.DVT6L4 equality     .          233.75    -1.87196e-01 >
143 R_BR3.BPM12L3.x_BR3.DVT8L1 equality     .          234.41     1.15402e-01 >
144 R_BR3.BPM12L3.x_BR3.DVT9L1 equality     .          236.74    -2.77272e-02 >
145 R_BR3.BPM13L3.x_BR3.DHZ11L4 equality     .          284.54     7.98546e-01 >
146 R_BR3.BPM13L3.x_BR3.DHZ12L4 equality     .          283.04     1.24036e-01 >
147 R_BR3.BPM13L3.x_BR3.DHZ13L4 equality     .          295.14     7.80617e-01 >
148 R_BR3.BPM13L3.x_BR3.DHZ14L1 equality     .          296.29     6.24514e-01 >
149 R_BR3.BPM13L3.x_BR3.DHZ8L1 equality     .          287.88     2.93870e-01 >
150 R_BR3.BPM13L3.x_BR3.DHZ9L1 equality     .          287.07    -2.34525e-01 >
151 R_BR3.BPM13L3.x_BR3.DVT12L4 equality     .          295.01     2.19379e-01 >
152 R_BR3.BPM13L3.x_BR3.DVT13L4 equality     .          294.7      1.27725e-01 >
153 R_BR3.BPM13L3.x_BR3.DVT2L4 equality     .          290.68    -6.91716e-02 >
154 R_BR3.BPM13L3.x_BR3.DVT6L4 equality     .          289.47    -2.75516e-01 >
155 R_BR3.BPM13L3.x_BR3.DVT8L1 equality     .          289.76    -1.34933e-01 >
156 R_BR3.BPM13L3.x_BR3.DVT9L1 equality     .          288.72     1.09594e-01 >
157 R_BR3.BPM14L3.x_BR3.DHZ11L4 equality     .          211.88     8.21706e-01 >
158 R_BR3.BPM14L3.x_BR3.DHZ12L4 equality     .          207.85     1.91116e-02 >
159 R_BR3.BPM14L3.x_BR3.DHZ13L4 equality     .          214.17     7.04203e-01 >
160 R_BR3.BPM14L3.x_BR3.DHZ14L1 equality     .          214.94     9.58169e-01 >
161 R_BR3.BPM14L3.x_BR3.DHZ8L1 equality     .          211.23     5.22817e-01 >
162 R_BR3.BPM14L3.x_BR3.DHZ9L1 equality     .          213.35    -5.43376e-01 >
163 R_BR3.BPM14L3.x_BR3.DVT12L4 equality     .          215.96     1.74090e-03 >
164 R_BR3.BPM14L3.x_BR3.DVT13L4 equality     .          216.13     8.79741e-02 >
165 R_BR3.BPM14L3.x_BR3.DVT2L4 equality     .          214.73     9.19611e-02 >
166 R_BR3.BPM14L3.x_BR3.DVT6L4 equality     .          212.35    -1.16473e-01 >
167 R_BR3.BPM14L3.x_BR3.DVT8L1 equality     .          214.2     -1.58932e-01 >
168 R_BR3.BPM14L3.x_BR3.DVT9L1 equality     .          213.82    -1.12509e-01 >
169 R_BR3.BPM15L3.x_BR3.DHZ11L4 equality     .          318.35     4.21163e-02 >
170 R_BR3.BPM15L3.x_BR3.DHZ12L4 equality     .          313.72     4.25611e-01 >
171 R_BR3.BPM15L3.x_BR3.DHZ13L4 equality     .          311.6      8.67440e-01 >
172 R_BR3.BPM15L3.x_BR3.DHZ14L1 equality     .          314.3      6.18295e-01 >
173 R_BR3.BPM15L3.x_BR3.DHZ8L1 equality     .          319.14     7.35009e-01 >
174 R_BR3.BPM15L3.x_BR3.DHZ9L1 equality     .          317.1      2.74421e-02 >
175 R_BR3.BPM15L3.x_BR3.DVT12L4 equality     .          319.08     7.83940e-02 >
176 R_BR3.BPM15L3.x_BR3.DVT13L4 equality     .          317.35    -2.67883e-01 >
177 R_BR3.BPM15L3.x_BR3.DVT2L4 equality     .          321.05     9.57584e-02 >
178 R_BR3.BPM15L3.x_BR3.DVT6L4 equality     .          317.16    -8.71608e-02 >
179 R_BR3.BPM15L3.x_BR3.DVT8L1 equality     .          319.06     1.19418e-01 >
180 R_BR3.BPM15L3.x_BR3.DVT9L1 equality     .          318.75    -1.64570e-01 >
181 R_BR3.BPM16L3.x_BR3.DHZ11L4 equality     .          342.42     1.15984e-01 >
182 R_BR3.BPM16L3.x_BR3.DHZ12L4 equality     .          334.06     1.11324e-01 >
183 R_BR3.BPM16L3.x_BR3.DHZ13L4 equality     .          334.87     5.34025e-01 >
184 R_BR3.BPM16L3.x_BR3.DHZ14L1 equality     .          338.52    -3.31670e-01 >
185 R_BR3.BPM16L3.x_BR3.DHZ8L1 equality     .          344.05     4.39128e-01 >
186 R_BR3.BPM16L3.x_BR3.DHZ9L1 equality     .          340.3     -4.65756e-03 >
187 R_BR3.BPM16L3.x_BR3.DVT12L4 equality     .          331.51     1.96578e-01 >
188 R_BR3.BPM16L3.x_BR3.DVT13L4 equality     .          328.25    -1.92223e-01 >
189 R_BR3.BPM16L3.x_BR3.DVT2L4 equality     .          328.51     4.78605e-03 >
190 R_BR3.BPM16L3.x_BR3.DVT6L4 equality     .          324.17    -1.93335e-01 >
191 R_BR3.BPM16L3.x_BR3.DVT8L1 equality     .          330.87     1.13283e-01 >
192 R_BR3.BPM16L3.x_BR3.DVT9L1 equality     .          325.91    -1.19350e-02 >
193 R_BR3.BPM1L3.y_BR3.DHZ11L4 equality     .          266.76    -1.34487e-01 >
194 R_BR3.BPM1L3.y_BR3.DHZ12L4 equality     .          260.64     3.19585e-02 >
195 R_BR3.BPM1L3.y_BR3.DHZ13L4 equality     .          257.56     2.06818e-01 >
196 R_BR3.BPM1L3.y_BR3.DHZ14L1 equality     .          261.21     1.34442e-01 >
197 R_BR3.BPM1L3.y_BR3.DHZ8L1 equality     .          261.57    -1.34297e-01 >
198 R_BR3.BPM1L3.y_BR3.DHZ9L1 equality     .          258.89     9.85430e-02 >
199 R_BR3.BPM1L3.y_BR3.DVT12L4 equality     .          257.37    -6.09520e-02 >
200 R_BR3.BPM1L3.y_BR3.DVT13L4 equality     .          251.9     -1.63242e-01 >
201 R_BR3.BPM1L3.y_BR3.DVT2L4 equality     .          254.71     9.05918e-03 >
202 R_BR3.BPM1L3.y_BR3.DVT6L4 equality     .          255.63     1.68679e-04 >
203 R_BR3.BPM1L3.y_BR3.DVT8L1 equality     .          254.03     1.04406e-01 >
204 R_BR3.BPM1L3.y_BR3.DVT9L1 equality     .          254.93    -1.11487e-01 >
205 R_BR3.BPM2L3.y_BR3.DHZ11L4 equality     .          192.49     4.87071e-02 >
206 R_BR3.BPM2L3.y_BR3.DHZ12L4 equality     .          194.16    -5.44679e-02 >
207 R_BR3.BPM2L3.y_BR3.DHZ13L4 equality     .          193.89     1.81888e-02 >
208 R_BR3.BPM2L3.y_BR3.DHZ14L1 equality     .          196.5      5.87008e-02 >
209 R_BR3.BPM2L3.y_BR3.DHZ8L1 equality     .          198.33     3.30246e-02 >
210 R_BR3.BPM2L3.y_BR3.DHZ9L1 equality     .          194.55    -6.84203e-02 >
211 R_BR3.BPM2L3.y_BR3.DVT12L4 equality     .          194.45    -9.67246e-03 >
212 R_BR3.BPM2L3.y_BR3.DVT13L4 equality     .          196.88     2.42223e-01 >
213 R_BR3.BPM2L3.y_BR3.DVT2L4 equality     .          196.4      5.53911e-02 >
214 R_BR3.BPM2L3.y_BR3.DVT6L4 equality     .          194.13     6.39570e-02 >
215 R_BR3.BPM2L3.y_BR3.DVT8L1 equality     .          197.65    -6.40559e-02 >
216 R_BR3.BPM2L3.y_BR3.DVT9L1 equality     .          200.1     -4.27682e-01 >
217 R_BR3.BPM3L3.y_BR3.DHZ11L4 equality     .          309.2      1.70471e-01 >
218 R_BR3.BPM3L3.y_BR3.DHZ12L4 equality     .          305        1.57797e-02 >
219 R_BR3.BPM3L3.y_BR3.DHZ13L4 equality     .          308.48    -2.32976e-01 >
220 R_BR3.BPM3L3.y_BR3.DHZ14L1 equality     .          311.75    -1.94108e-01 >
221 R_BR3.BPM3L3.y_BR3.DHZ8L1 equality     .          311.9      1.94811e-01 >
222 R_BR3.BPM3L3.y_BR3.DHZ9L1 equality     .          308.65    -4.39766e-02 >
223 R_BR3.BPM3L3.y_BR3.DVT12L4 equality     .          303.54    -3.56319e-02 >
224 R_BR3.BPM3L3.y_BR3.DVT13L4 equality     .          302.47    -5.57828e-02 >
225 R_BR3.BPM3L3.y_BR3.DVT2L4 equality     .          306.06     2.13491e-01 >
226 R_BR3.BPM3L3.y_BR3.DVT6L4 equality     .          306.1     -4.57757e-02 >
227 R_BR3.BPM3L3.y_BR3.DVT8L1 equality     .          305.71     1.95584e-02 >
228 R_BR3.BPM3L3.y_BR3.DVT9L1 equality     .          306.93     1.03114e-01 >
229 R_BR3.BPM4L3.y_BR3.DHZ11L4 equality     .          209.92    -1.01945e-01 >
230 R_BR3.BPM4L3.y_BR3.DHZ12L4 equality     .          208.08     4.28780e-03 >
231 R_BR3.BPM4L3.y_BR3.DHZ13L4 equality     .          209.11    -4.81475e-02 >
232 R_BR3.BPM4L3.y_BR3.DHZ14L1 equality     .          211.85    -8.17485e-02 >
233 R_BR3.BPM4L3.y_BR3.DHZ8L1 equality     .          210.02    -7.20418e-02 >
234 R_BR3.BPM4L3.y_BR3.DHZ9L1 equality     .          210.52     4.31055e-02 >
235 R_BR3.BPM4L3.y_BR3.DVT12L4 equality     .          211.43    -6.79391e-01 >
236 R_BR3.BPM4L3.y_BR3.DVT13L4 equality     .          206.83    -1.02346e-02 >
237 R_BR3.BPM4L3.y_BR3.DVT2L4 equality     .          207.62     5.07406e-01 >
238 R_BR3.BPM4L3.y_BR3.DVT6L4 equality     .          207.22     6.43526e-01 >
239 R_BR3.BPM4L3.y_BR3.DVT8L1 equality     .          209.27    -1.27916e-01 >
240 R_BR3.BPM4L3.y_BR3.DVT9L1 equality     .          205.48    -1.06440e-03 >
241 R_BR3.BPM5L3.y_BR3.DHZ11L4 equality     .          300.59    -1.88127e-01 >
242 R_BR3.BPM5L3.y_BR3.DHZ12L4 equality     .          297.16    -7.49647e-03 >
243 R_BR3.BPM5L3.y_BR3.DHZ13L4 equality     .          299.71     2.18641e-01 >
244 R_BR3.BPM5L3.y_BR3.DHZ14L1 equality     .          302.59     1.53306e-01 >
245 R_BR3.BPM5L3.y_BR3.DHZ8L1 equality     .          301.54    -1.95777e-01 >
246 R_BR3.BPM5L3.y_BR3.DHZ9L1 equality     .          301.97     6.30911e-02 >
247 R_BR3.BPM5L3.y_BR3.DVT12L4 equality     .          300.71    -4.83623e-03 >
248 R_BR3.BPM5L3.y_BR3.DVT13L4 equality     .          292.52     1.75444e-01 >
249 R_BR3.BPM5L3.y_BR3.DVT2L4 equality     .          294.96    -1.75919e-01 >
250 R_BR3.BPM5L3.y_BR3.DVT6L4 equality     .          295.26     1.48487e-01 >
251 R_BR3.BPM5L3.y_BR3.DVT8L1 equality     .          295.51    -6.07446e-02 >
252 R_BR3.BPM5L3.y_BR3.DVT9L1 equality     .          300.71    -1.92190e-01 >
253 R_BR3.BPM6L3.y_BR3.DHZ11L4 equality     .          205.66     1.21345e-01 >
254 R_BR3.BPM6L3.y_BR3.DHZ12L4 equality     .          201.86     1.50847e-02 >
255 R_BR3.BPM6L3.y_BR3.DHZ13L4 equality     .          204.39     1.05545e-02 >
256 R_BR3.BPM6L3.y_BR3.DHZ14L1 equality     .          206.14    -3.51609e-02 >
257 R_BR3.BPM6L3.y_BR3.DHZ8L1 equality     .          205.51     1.43962e-01 >
258 R_BR3.BPM6L3.y_BR3.DHZ9L1 equality     .          205.6     -4.68200e-02 >
259 R_BR3.BPM6L3.y_BR3.DVT12L4 equality     .          203.95     6.23777e-01 >
260 R_BR3.BPM6L3.y_BR3.DVT13L4 equality     .          204.5     -5.69814e-02 >
261 R_BR3.BPM6L3.y_BR3.DVT2L4 equality     .          201.85    -3.96253e-01 >
262 R_BR3.BPM6L3.y_BR3.DVT6L4 equality     .          201.08    -5.91342e-01 >
263 R_BR3.BPM6L3.y_BR3.DVT8L1 equality     .          205.4      1.43875e-01 >
264 R_BR3.BPM6L3.y_BR3.DVT9L1 equality     .          202.55    -5.46584e-02 >
265 R_BR3.BPM7L3.y_BR3.DHZ11L4 equality     .          247.51     2.04507e-01 >
266 R_BR3.BPM7L3.y_BR3.DHZ12L4 equality     .          239.62     4.92766e-02 >
267 R_BR3.BPM7L3.y_BR3.DHZ13L4 equality     .          243.43    -2.49968e-01 >
268 R_BR3.BPM7L3.y_BR3.DHZ14L1 equality     .          246.98    -1.87809e-01 >
269 R_BR3.BPM7L3.y_BR3.DHZ8L1 equality     .          246.56     2.30534e-01 >
270 R_BR3.BPM7L3.y_BR3.DHZ9L1 equality     .          246.83    -2.86564e-02 >
271 R_BR3.BPM7L3.y_BR3.DVT12L4 equality     .          249.31    -2.44269e-01 >
272 R_BR3.BPM7L3.y_BR3.DVT13L4 equality     .          250.81     1.63816e-01 >
273 R_BR3.BPM7L3.y_BR3.DVT2L4 equality     .          247.33     1.23434e-01 >
274 R_BR3.BPM7L3.y_BR3.DVT6L4 equality     .          247.73    -3.99226e-02 >
275 R_BR3.BPM7L3.y_BR3.DVT8L1 equality     .          247.99    -1.86936e-01 >
276 R_BR3.BPM7L3.y_BR3.DVT9L1 equality     .          243.93     1.71128e-01 >
277 R_BR3.BPM8L3.y_BR3.DHZ11L4 equality     .          310.08    -2.20527e-02 >
278 R_BR3.BPM8L3.y_BR3.DHZ12L4 equality     .          307.13     5.07887e-02 >
279 R_BR3.BPM8L3.y_BR3.DHZ13L4 equality     .          303.82    -1.02819e-01 >
280 R_BR3.BPM8L3.y_BR3.DHZ14L1 equality     .          311.28    -1.46649e-01 >
281 R_BR3.BPM8L3.y_BR3.DHZ8L1 equality     .          310.24     2.79176e-03 >
282 R_BR3.BPM8L3.y_BR3.DHZ9L1 equality     .          307.43     5.75734e-02 >
283 R_BR3.BPM8L3.y_BR3.DVT12L4 equality     .          310.09     1.61164e-01 >
284 R_BR3.BPM8L3.y_BR3.DVT13L4 equality     .          305.78     4.49251e-02 >
285 R_BR3.BPM8L3.y_BR3.DVT2L4 equality     .          308.97    -3.19906e-01 >
286 R_BR3.BPM8L3.y_BR3.DVT6L4 equality     .          299.52     6.66322e-02 >
287 R_BR3.BPM8L3.y_BR3.DVT8L1 equality     .          305.11     3.92874e-01 >
288 R_BR3.BPM8L3.y_BR3.DVT9L1 equality     .          307.07     4.66264e-01 >
289 R_BR3.BPM9L3.y_BR3.DHZ11L4 equality     .          334.71    -1.73275e-01 >
290 R_BR3.BPM9L3.y_BR3.DHZ12L4 equality     .          333.16    -6.19611e-04 >
291 R_BR3.BPM9L3.y_BR3.DHZ13L4 equality     .          334.6      2.19547e-01 >
292 R_BR3.BPM9L3.y_BR3.DHZ14L1 equality     .          340.73     1.62639e-01 >
293 R_BR3.BPM9L3.y_BR3.DHZ8L1 equality     .          335.94    -1.01453e-01 >
294 R_BR3.BPM9L3.y_BR3.DHZ9L1 equality     .          337.78     4.88400e-02 >
295 R_BR3.BPM9L3.y_BR3.DVT12L4 equality     .          331.03    -3.77578e-01 >
296 R_BR3.BPM9L3.y_BR3.DVT13L4 equality     .          338.49     1.70984e-01 >
297 R_BR3.BPM9L3.y_BR3.DVT2L4 equality     .          333.32     1.22512e-01 >
298 R_BR3.BPM9L3.y_BR3.DVT6L4 equality     .          330.97     3.85384e-02 >
299 R_BR3.BPM9L3.y_BR3.DVT8L1 equality     .          333.05    -6.61620e-02 >
300 R_BR3.BPM9L3.y_BR3.DVT9L1 equality     .          335.65     1.64389e-01 >
301 R_BR3.BPM10L3.y_BR3.DHZ11L4 equality     .          366.2      1.12706e-01 >
302 R_BR3.BPM10L3.y_BR3.DHZ12L4 equality     .          362.07    -6.54685e-02 >
303 R_BR3.BPM10L3.y_BR3.DHZ13L4 equality     .          361.04    -4.92289e-02 >
304 R_BR3.BPM10L3.y_BR3.DHZ14L1 equality     .          363.5      3.18203e-02 >
305 R_BR3.BPM10L3.y_BR3.DHZ8L1 equality     .          368.96    -1.26682e-02 >
306 R_BR3.BPM10L3.y_BR3.DHZ9L1 equality     .          364.84    -1.14713e-01 >
307 R_BR3.BPM10L3.y_BR3.DVT12L4 equality     .          359.34    -8.50294e-03 >
308 R_BR3.BPM10L3.y_BR3.DVT13L4 equality     .          360.65    -1.74942e-01 >
309 R_BR3.BPM10L3.y_BR3.DVT2L4 equality     .          355.51     2.46913e-01 >
310 R_BR3.BPM10L3.y_BR3.DVT6L4 equality     .          356.1     -3.60031e-02 >
311 R_BR3.BPM10L3.y_BR3.DVT8L1 equality     .          360.02    -3.42629e-01 >
312 R_BR3.BPM10L3.y_BR3.DVT9L1 equality     .          366.4      9.64648e-04 >
313 R_BR3.BPM11L3.y_BR3.DHZ11L4 equality     .          318.42     1.64785e-01 >
314 R_BR3.BPM11L3.y_BR3.DHZ12L4 equality     .          312.53     7.60866e-02 >
315 R_BR3.BPM11L3.y_BR3.DHZ13L4 equality     .          314.15    -2.46509e-01 >
316 R_BR3.BPM11L3.y_BR3.DHZ14L1 equality     .          319.85    -2.09921e-01 >
317 R_BR3.BPM11L3.y_BR3.DHZ8L1 equality     .          318.13     1.49432e-01 >
318 R_BR3.BPM11L3.y_BR3.DHZ9L1 equality     .          314.86    -3.98904e-02 >
319 R_BR3.BPM11L3.y_BR3.DVT12L4 equality     .          318.32    -3.54055e-02 >
320 R_BR3.BPM11L3.y_BR3.DVT13L4 equality     .          319.64     4.98517e-02 >
321 R_BR3.BPM11L3.y_BR3.DVT2L4 equality     .          314.09     2.61409e-02 >
322 R_BR3.BPM11L3.y_BR3.DVT6L4 equality     .          315.65     3.46567e-02 >
323 R_BR3.BPM11L3.y_BR3.DVT8L1 equality     .          313.99    -1.36195e-01 >
324 R_BR3.BPM11L3.y_BR3.DVT9L1 equality     .          319.49    -4.16741e-02 >
325 R_BR3.BPM12L3.y_BR3.DHZ11L4 equality     .          231.29    -3.66160e-02 >
326 R_BR3.BPM12L3.y_BR3.DHZ12L4 equality     .          228.92     7.34910e-02 >
327 R_BR3.BPM12L3.y_BR3.DHZ13L4 equality     .          229.14    -4.36844e-02 >
328 R_BR3.BPM12L3.y_BR3.DHZ14L1 equality     .          230.81    -8.16311e-02 >
329 R_BR3.BPM12L3.y_BR3.DHZ8L1 equality     .          232.09    -6.49064e-03 >
330 R_BR3.BPM12L3.y_BR3.DHZ9L1 equality     .          230.3      2.13985e-03 >
331 R_BR3.BPM12L3.y_BR3.DVT12L4 equality     .          232.44    -4.82693e-01 >
332 R_BR3.BPM12L3.y_BR3.DVT13L4 equality     .          232.5      2.97903e-01 >
333 R_BR3.BPM12L3.y_BR3.DVT2L4 equality     .          232.86     1.30383e-01 >
334 R_BR3.BPM12L3.y_BR3.DVT6L4 equality     .          233.21     3.15872e-01 >
335 R_BR3.BPM12L3.y_BR3.DVT8L1 equality     .          234.5      5.20704e-02 >
336 R_BR3.BPM12L3.y_BR3.DVT9L1 equality     .          232.15     7.54243e-02 >
337 R_BR3.BPM13L3.y_BR3.DHZ11L4 equality     .          318.63    -1.09312e-01 >
338 R_BR3.BPM13L3.y_BR3.DHZ12L4 equality     .          312.27    -1.23149e-02 >
339 R_BR3.BPM13L3.y_BR3.DHZ13L4 equality     .          312.67     2.35985e-01 >
340 R_BR3.BPM13L3.y_BR3.DHZ14L1 equality     .          317.13     1.99386e-01 >
341 R_BR3.BPM13L3.y_BR3.DHZ8L1 equality     .          317.01    -1.20329e-01 >
342 R_BR3.BPM13L3.y_BR3.DHZ9L1 equality     .          315.47     4.66166e-02 >
343 R_BR3.BPM13L3.y_BR3.DVT12L4 equality     .          316.17     7.14844e-02 >
344 R_BR3.BPM13L3.y_BR3.DVT13L4 equality     .          317.1      8.52552e-02 >
345 R_BR3.BPM13L3.y_BR3.DVT2L4 equality     .          315.8      8.96743e-02 >
346 R_BR3.BPM13L3.y_BR3.DVT6L4 equality     .          313.76    -1.27086e-02 >
347 R_BR3.BPM13L3.y_BR3.DVT8L1 equality     .          317.44     1.67200e-02 >
348 R_BR3.BPM13L3.y_BR3.DVT9L1 equality     .          320.26     1.16196e-01 >
349 R_BR3.BPM14L3.y_BR3.DHZ11L4 equality     .          244.36     1.94061e-02 >
350 R_BR3.BPM14L3.y_BR3.DHZ12L4 equality     .          241.74    -6.84261e-02 >
351 R_BR3.BPM14L3.y_BR3.DHZ13L4 equality     .          243.26     5.26190e-02 >
352 R_BR3.BPM14L3.y_BR3.DHZ14L1 equality     .          243.34     5.96894e-02 >
353 R_BR3.BPM14L3.y_BR3.DHZ8L1 equality     .          247.99     3.33143e-03 >
354 R_BR3.BPM14L3.y_BR3.DHZ9L1 equality     .          245.6     -8.09610e-02 >
355 R_BR3.BPM14L3.y_BR3.DVT12L4 equality     .          243.73     9.43092e-02 >
356 R_BR3.BPM14L3.y_BR3.DVT13L4 equality     .          242.56     3.29862e-01 >
357 R_BR3.BPM14L3.y_BR3.DVT2L4 equality     .          244.08     7.19465e-02 >
358 R_BR3.BPM14L3.y_BR3.DVT6L4 equality     .          243.53     3.52663e-02 >
359 R_BR3.BPM14L3.y_BR3.DVT8L1 equality     .          244.77    -8.49133e-02 >
360 R_BR3.BPM14L3.y_BR3.DVT9L1 equality     .          247.1     -3.29045e-01 >
361 R_BR3.BPM15L3.y_BR3.DHZ11L4 equality     .          335.46     1.18898e-01 >
362 R_BR3.BPM15L3.y_BR3.DHZ12L4 equality     .          332.49     5.74081e-02 >
363 R_BR3.BPM15L3.y_BR3.DHZ13L4 equality     .          333.02    -2.31556e-01 >
364 R_BR3.BPM15L3.y_BR3.DHZ14L1 equality     .          339.6     -1.94512e-01 >
365 R_BR3.BPM15L3.y_BR3.DHZ8L1 equality     .          337.23     1.32482e-01 >
366 R_BR3.BPM15L3.y_BR3.DHZ9L1 equality     .          334.2     -4.32532e-03 >
367 R_BR3.BPM15L3.y_BR3.DVT12L4 equality     .          335.53    -6.68320e-02 >
368 R_BR3.BPM15L3.y_BR3.DVT13L4 equality     .          332.18    -3.66415e-02 >
369 R_BR3.BPM15L3.y_BR3.DVT2L4 equality     .          339.47    -1.49633e-01 >
370 R_BR3.BPM15L3.y_BR3.DVT6L4 equality     .          334.11     5.36952e-04 >
371 R_BR3.BPM15L3.y_BR3.DVT8L1 equality     .          336.51     5.08976e-02 >
372 R_BR3.BPM15L3.y_BR3.DVT9L1 equality     .          337.85    -6.55937e-02 >
373 R_BR3.BPM16L3.y_BR3.DHZ11L4 equality     .          372.29     5.23124e-03 >
374 R_BR3.BPM16L3.y_BR3.DHZ12L4 equality     .          365.67     3.00422e-02 >
375 R_BR3.BPM16L3.y_BR3.DHZ13L4 equality     .          365.5     -7.14462e-02 >
376 R_BR3.BPM16L3.y_BR3.DHZ14L1 equality     .          370.71    -8.42778e-02 >
377 R_BR3.BPM16L3.y_BR3.DHZ8L1 equality     .          372.15    -2.02829e-03 >
378 R_BR3.BPM16L3.y_BR3.DHZ9L1 equality     .          370.13     5.32143e-02 >
379 R_BR3.BPM16L3.y_BR3.DVT12L4 equality     .          366.81     2.32491e-02 >
380 R_BR3.BPM16L3.y_BR3.DVT13L4 equality     .          365.16    -2.05842e-01 >
381 R_BR3.BPM16L3.y_BR3.DVT2L4 equality     .          366.91    -3.22612e-02 >
382 R_BR3.BPM16L3.y_BR3.DVT6L4 equality     .          366.38    -5.94464e-02 >
383 R_BR3.BPM16L3.y_BR3.DVT8L1 equality     .          363.83     3.89394e-02 >
384 R_BR3.BPM16L3.y_BR3.DVT9L1 equality     .          368.51     4.22414e-01 >

 Variables                  Curr. Value  Curr. Step   Lower Limit  Upper Limit
--------------------------------------------------------------------------------
 1 BR.QFOCELL1.dk1l         4.21315e-03  7.97004e-04   .            .         
 2 BR.QDE1.dk1l            -3.06387e-03 -7.29414e-04   .            .         
 3 BR.QFOCELL2.dk1l         1.56231e-03  4.03306e-04   .            .         
 4 BR.QDE2.dk1l            -1.92070e-03 -3.73806e-04   .            .         
 5 BR.QFOCELL3.dk1l        -9.87049e-03 -9.95857e-04   .            .         
 6 BR.QDE3.dk1l             7.62832e-03  9.17202e-04   .            .         
 7 BR.QFOCELL4.dk1l         1.83792e-03 -2.18121e-04   .            .         
 8 BR.QDE4.dk1l            -2.31500e-03  2.10583e-04   .            .         
 9 BR.QFOCELL5.dk1l         1.67455e-02  1.74850e-03   .            .         
10 BR.QDE5.dk1l            -1.61425e-02 -1.56609e-03   .            .         
11 BR.QFOCELL6.dk1l        -6.62116e-03 -1.44561e-04   .            .         
12 BR.QDE6.dk1l             7.69494e-03  1.50429e-04   .            .         
13 BR.QFOCELL7.dk1l        -6.15016e-03 -1.75140e-03   .            .         
14 BR.QDE7.dk1l             6.65130e-03  1.61987e-03   .            .         
15 BR.QFOCELL8.dk1l         1.93530e-02  1.04723e-03   .            .         
16 BR.QDE8.dk1l            -2.03395e-02 -9.18560e-04   .            .         
17 BR.QFOCELL9.dk1l         1.43530e-02  1.49711e-03   .            .         
18 BR.QDE9.dk1l            -1.42748e-02 -1.33829e-03   .            .         
19 BR.QFOCELL10.dk1l       -1.32081e-02 -9.70848e-04   .            .         
20 BR.QDE10.dk1l            1.42670e-02  9.08177e-04   .            .         
21 BR.QFOCELL11.dk1l       -6.73623e-03 -8.99290e-04   .            .         
22 BR.QDE11.dk1l            4.60715e-03  8.22997e-04   .            .         
23 BR.QFOCELL12.dk1l        1.29572e-03 -2.01128e-04   .            .         
24 BR.QDE12.dk1l           -1.95898e-03  1.98624e-04   .            .         
25 BR.QFOCELL13.dk1l        1.95908e-02  1.83499e-04   .            .         
26 BR.QDE13.dk1l           -2.01137e-02 -1.59759e-04   .            .         
27 BR.QFOCELL14.dk1l        8.82469e-03  1.55838e-04   .            .         
28 BR.QDE14.dk1l           -9.02426e-03 -1.45181e-04   .            .         
29 BR.QFOCELL15.dk1l       -1.43962e-02 -2.47920e-04   .            .         
30 BR.QDE15.dk1l            1.32079e-02  2.27813e-04   .            .         
31 BR.QFOCELL16.dk1l       -2.97102e-03 -5.07124e-04   .            .         
32 BR.QDE16.dk1l            4.15435e-03  4.69855e-04   .            .         

ncall=100 [2.6s], fval=2.84113e-01, fstp=-2.16728e-04, ccnt=384.


 Constraints                Type        Kind        Weight     Expr. Value
------------------------------------------------------------------------------
 1 R_BR3.BPM1L3.x_BR3.DHZ11L4 equality     .          256.16     5.76302e-01 >
 2 R_BR3.BPM1L3.x_BR3.DHZ12L4 equality     .          254.23     2.29935e-01 >
 3 R_BR3.BPM1L3.x_BR3.DHZ13L4 equality     .          253.59     7.90960e-01 >
 4 R_BR3.BPM1L3.x_BR3.DHZ14L1 equality     .          255.58     1.87070e-01 >
 5 R_BR3.BPM1L3.x_BR3.DHZ8L1 equality     .          251.17     4.26625e-02 >
 6 R_BR3.BPM1L3.x_BR3.DHZ9L1 equality     .          249.93    -1.10702e-01 >
 7 R_BR3.BPM1L3.x_BR3.DVT12L4 equality     .          260.4      1.33847e-01 >
 8 R_BR3.BPM1L3.x_BR3.DVT13L4 equality     .          256.07     1.19137e-01 >
 9 R_BR3.BPM1L3.x_BR3.DVT2L4 equality     .          252.75    -7.51866e-02 >
10 R_BR3.BPM1L3.x_BR3.DVT6L4 equality     .          253.38    -2.88301e-01 >
11 R_BR3.BPM1L3.x_BR3.DVT8L1 equality     .          254.19    -1.68380e-01 >
12 R_BR3.BPM1L3.x_BR3.DVT9L1 equality     .          254.31     3.19602e-02 >
13 R_BR3.BPM2L3.x_BR3.DHZ11L4 equality     .          156.29     3.62410e-01 >
14 R_BR3.BPM2L3.x_BR3.DHZ12L4 equality     .          154.4      4.55353e-01 >
15 R_BR3.BPM2L3.x_BR3.DHZ13L4 equality     .          157.12     1.12807e+00 >
16 R_BR3.BPM2L3.x_BR3.DHZ14L1 equality     .          159.5      1.16244e+00 >
17 R_BR3.BPM2L3.x_BR3.DHZ8L1 equality     .          158.32     3.19244e-01 >
18 R_BR3.BPM2L3.x_BR3.DHZ9L1 equality     .          156.91    -4.29566e-02 >
19 R_BR3.BPM2L3.x_BR3.DVT12L4 equality     .          159.11     5.89673e-02 >
20 R_BR3.BPM2L3.x_BR3.DVT13L4 equality     .          156.02    -1.46874e-02 >
21 R_BR3.BPM2L3.x_BR3.DVT2L4 equality     .          155.44     4.40332e-02 >
22 R_BR3.BPM2L3.x_BR3.DVT6L4 equality     .          156.47    -2.01515e-01 >
23 R_BR3.BPM2L3.x_BR3.DVT8L1 equality     .          156.24    -1.53125e-01 >
24 R_BR3.BPM2L3.x_BR3.DVT9L1 equality     .          155.22    -1.29191e-01 >
25 R_BR3.BPM3L3.x_BR3.DHZ11L4 equality     .          311.6      4.79669e-01 >
26 R_BR3.BPM3L3.x_BR3.DHZ12L4 equality     .          303.14    -1.64603e-02 >
27 R_BR3.BPM3L3.x_BR3.DHZ13L4 equality     .          303.16     3.36397e-01 >
28 R_BR3.BPM3L3.x_BR3.DHZ14L1 equality     .          306.57     2.46284e-01 >
29 R_BR3.BPM3L3.x_BR3.DHZ8L1 equality     .          308.71     1.03657e+00 >
30 R_BR3.BPM3L3.x_BR3.DHZ9L1 equality     .          305.32    -3.70459e-01 >
31 R_BR3.BPM3L3.x_BR3.DVT12L4 equality     .          304.68     6.63661e-02 >
32 R_BR3.BPM3L3.x_BR3.DVT13L4 equality     .          312.53    -2.50906e-01 >
33 R_BR3.BPM3L3.x_BR3.DVT2L4 equality     .          311.04     1.93206e-01 >
34 R_BR3.BPM3L3.x_BR3.DVT6L4 equality     .          308.23    -7.72090e-02 >
35 R_BR3.BPM3L3.x_BR3.DVT8L1 equality     .          308.71     8.73360e-02 >
36 R_BR3.BPM3L3.x_BR3.DVT9L1 equality     .          309.48    -1.54885e-01 >
37 R_BR3.BPM4L3.x_BR3.DHZ11L4 equality     .          198.58     3.39427e-01 >
38 R_BR3.BPM4L3.x_BR3.DHZ12L4 equality     .          201.04    -2.15154e-01 >
39 R_BR3.BPM4L3.x_BR3.DHZ13L4 equality     .          202.09     4.57934e-01 >
40 R_BR3.BPM4L3.x_BR3.DHZ14L1 equality     .          202.92    -3.36230e-01 >
41 R_BR3.BPM4L3.x_BR3.DHZ8L1 equality     .          201.17     4.35283e-01 >
42 R_BR3.BPM4L3.x_BR3.DHZ9L1 equality     .          200.74    -3.82013e-01 >
43 R_BR3.BPM4L3.x_BR3.DVT12L4 equality     .          199.05     1.75697e-01 >
44 R_BR3.BPM4L3.x_BR3.DVT13L4 equality     .          197.95    -1.51989e-01 >
45 R_BR3.BPM4L3.x_BR3.DVT2L4 equality     .          197.23     1.20171e-02 >
46 R_BR3.BPM4L3.x_BR3.DVT6L4 equality     .          195.97    -2.01470e-01 >
47 R_BR3.BPM4L3.x_BR3.DVT8L1 equality     .          198.39     6.94143e-02 >
48 R_BR3.BPM4L3.x_BR3.DVT9L1 equality     .          195.38    -7.38867e-02 >
49 R_BR3.BPM5L3.x_BR3.DHZ11L4 equality     .          323.52     6.47491e-01 >
50 R_BR3.BPM5L3.x_BR3.DHZ12L4 equality     .          321.44     1.29678e-01 >
51 R_BR3.BPM5L3.x_BR3.DHZ13L4 equality     .          331.9      8.23510e-01 >
52 R_BR3.BPM5L3.x_BR3.DHZ14L1 equality     .          329.01     4.28771e-01 >
53 R_BR3.BPM5L3.x_BR3.DHZ8L1 equality     .          324.43     3.89065e-02 >
54 R_BR3.BPM5L3.x_BR3.DHZ9L1 equality     .          326.34    -2.26378e-01 >
55 R_BR3.BPM5L3.x_BR3.DVT12L4 equality     .          337.83     1.23226e-01 >
56 R_BR3.BPM5L3.x_BR3.DVT13L4 equality     .          337.83     1.22046e-01 >
57 R_BR3.BPM5L3.x_BR3.DVT2L4 equality     .          328.25    -1.18267e-01 >
58 R_BR3.BPM5L3.x_BR3.DVT6L4 equality     .          332.41    -2.74403e-01 >
59 R_BR3.BPM5L3.x_BR3.DVT8L1 equality     .          331.07    -1.59933e-01 >
60 R_BR3.BPM5L3.x_BR3.DVT9L1 equality     .          327.95     1.49115e-02 >
61 R_BR3.BPM6L3.x_BR3.DHZ11L4 equality     .          199.06     5.91924e-01 >
62 R_BR3.BPM6L3.x_BR3.DHZ12L4 equality     .          197.02     4.42839e-01 >
63 R_BR3.BPM6L3.x_BR3.DHZ13L4 equality     .          203.36     8.02072e-01 >
64 R_BR3.BPM6L3.x_BR3.DHZ14L1 equality     .          200.11     8.99466e-01 >
65 R_BR3.BPM6L3.x_BR3.DHZ8L1 equality     .          198.67     7.13012e-01 >
66 R_BR3.BPM6L3.x_BR3.DHZ9L1 equality     .          198.05    -1.14420e-01 >
67 R_BR3.BPM6L3.x_BR3.DVT12L4 equality     .          203.3      4.64344e-02 >
68 R_BR3.BPM6L3.x_BR3.DVT13L4 equality     .          203.17    -3.73562e-02 >
69 R_BR3.BPM6L3.x_BR3.DVT2L4 equality     .          201.38     1.00518e-01 >
70 R_BR3.BPM6L3.x_BR3.DVT6L4 equality     .          200.05    -1.40881e-01 >
71 R_BR3.BPM6L3.x_BR3.DVT8L1 equality     .          201.17    -9.37163e-02 >
72 R_BR3.BPM6L3.x_BR3.DVT9L1 equality     .          202.7     -1.31419e-01 >
73 R_BR3.BPM7L3.x_BR3.DHZ11L4 equality     .          224.56    -6.18036e-02 >
74 R_BR3.BPM7L3.x_BR3.DHZ12L4 equality     .          219.91    -8.38734e-03 >
75 R_BR3.BPM7L3.x_BR3.DHZ13L4 equality     .          222.83     8.54000e-01 >
76 R_BR3.BPM7L3.x_BR3.DHZ14L1 equality     .          223.21     5.11970e-01 >
77 R_BR3.BPM7L3.x_BR3.DHZ8L1 equality     .          225.31     6.00772e-01 >
78 R_BR3.BPM7L3.x_BR3.DHZ9L1 equality     .          223.19    -2.44419e-01 >
79 R_BR3.BPM7L3.x_BR3.DVT12L4 equality     .          225.85     7.06473e-02 >
80 R_BR3.BPM7L3.x_BR3.DVT13L4 equality     .          225.36    -2.46695e-01 >
81 R_BR3.BPM7L3.x_BR3.DVT2L4 equality     .          220.05     1.67584e-01 >
82 R_BR3.BPM7L3.x_BR3.DVT6L4 equality     .          220.91     2.38293e-02 >
83 R_BR3.BPM7L3.x_BR3.DVT8L1 equality     .          222.9      1.19669e-01 >
84 R_BR3.BPM7L3.x_BR3.DVT9L1 equality     .          222.54    -1.47130e-01 >
85 R_BR3.BPM8L3.x_BR3.DHZ11L4 equality     .          333.06     4.53264e-02 >
86 R_BR3.BPM8L3.x_BR3.DHZ12L4 equality     .          331.72    -1.16177e-01 >
87 R_BR3.BPM8L3.x_BR3.DHZ13L4 equality     .          334.32     8.62782e-01 >
88 R_BR3.BPM8L3.x_BR3.DHZ14L1 equality     .          336.17    -1.84946e-02 >
89 R_BR3.BPM8L3.x_BR3.DHZ8L1 equality     .          337.58     4.63061e-01 >
90 R_BR3.BPM8L3.x_BR3.DHZ9L1 equality     .          333.83    -2.21279e-01 >
91 R_BR3.BPM8L3.x_BR3.DVT12L4 equality     .          336.7      1.44088e-01 >
92 R_BR3.BPM8L3.x_BR3.DVT13L4 equality     .          334.2     -1.31300e-01 >
93 R_BR3.BPM8L3.x_BR3.DVT2L4 equality     .          335.6      9.03729e-03 >
94 R_BR3.BPM8L3.x_BR3.DVT6L4 equality     .          329.87    -1.47200e-01 >
95 R_BR3.BPM8L3.x_BR3.DVT8L1 equality     .          332.62     1.36220e-01 >
96 R_BR3.BPM8L3.x_BR3.DVT9L1 equality     .          331.37    -3.36167e-02 >
97 R_BR3.BPM9L3.x_BR3.DHZ11L4 equality     .          295.11     6.05692e-01 >
98 R_BR3.BPM9L3.x_BR3.DHZ12L4 equality     .          265.71    -3.82178e-01 >
99 R_BR3.BPM9L3.x_BR3.DHZ13L4 equality     .          302.61     8.94921e-01 >
100 R_BR3.BPM9L3.x_BR3.DHZ14L1 equality     .          302.64     8.68111e-01 >
101 R_BR3.BPM9L3.x_BR3.DHZ8L1 equality     .          274.9     -1.52241e-01 >
102 R_BR3.BPM9L3.x_BR3.DHZ9L1 equality     .          295.83    -2.93050e-01 >
103 R_BR3.BPM9L3.x_BR3.DVT12L4 equality     .          277.83     7.38079e-02 >
104 R_BR3.BPM9L3.x_BR3.DVT13L4 equality     .          285.41     1.03407e-01 >
105 R_BR3.BPM9L3.x_BR3.DVT2L4 equality     .          275.96    -7.80654e-02 >
106 R_BR3.BPM9L3.x_BR3.DVT6L4 equality     .          273.27    -3.20886e-01 >
107 R_BR3.BPM9L3.x_BR3.DVT8L1 equality     .          276.9     -8.70097e-02 >
108 R_BR3.BPM9L3.x_BR3.DVT9L1 equality     .          281.52     9.12441e-02 >
109 R_BR3.BPM10L3.x_BR3.DHZ11L4 equality     .          319.65     9.21213e-01 >
110 R_BR3.BPM10L3.x_BR3.DHZ12L4 equality     .          316.13     5.45728e-01 >
111 R_BR3.BPM10L3.x_BR3.DHZ13L4 equality     .          325.84     3.72867e-01 >
112 R_BR3.BPM10L3.x_BR3.DHZ14L1 equality     .          326.76     4.91284e-01 >
113 R_BR3.BPM10L3.x_BR3.DHZ8L1 equality     .          320.51     6.66708e-02 >
114 R_BR3.BPM10L3.x_BR3.DHZ9L1 equality     .          322.85    -1.37969e-01 >
115 R_BR3.BPM10L3.x_BR3.DVT12L4 equality     .          326.21     8.41052e-02 >
116 R_BR3.BPM10L3.x_BR3.DVT13L4 equality     .          329.16    -5.85349e-02 >
117 R_BR3.BPM10L3.x_BR3.DVT2L4 equality     .          325.58     8.71629e-02 >
118 R_BR3.BPM10L3.x_BR3.DVT6L4 equality     .          320.71    -1.08236e-01 >
119 R_BR3.BPM10L3.x_BR3.DVT8L1 equality     .          322.38    -1.90419e-01 >
120 R_BR3.BPM10L3.x_BR3.DVT9L1 equality     .          321.9     -1.01039e-01 >
121 R_BR3.BPM11L3.x_BR3.DHZ11L4 equality     .          321.62    -3.10022e-01 >
122 R_BR3.BPM11L3.x_BR3.DHZ12L4 equality     .          316.81     3.53792e-01 >
123 R_BR3.BPM11L3.x_BR3.DHZ13L4 equality     .          318.29     1.04934e+00 >
124 R_BR3.BPM11L3.x_BR3.DHZ14L1 equality     .          323        3.05304e-01 >
125 R_BR3.BPM11L3.x_BR3.DHZ8L1 equality     .          323.25     2.41742e-01 >
126 R_BR3.BPM11L3.x_BR3.DHZ9L1 equality     .          321.03    -6.27924e-02 >
127 R_BR3.BPM11L3.x_BR3.DVT12L4 equality     .          323.49     1.36094e-01 >
128 R_BR3.BPM11L3.x_BR3.DVT13L4 equality     .          323.39    -2.50764e-01 >
129 R_BR3.BPM11L3.x_BR3.DVT2L4 equality     .          321.94     1.32767e-01 >
130 R_BR3.BPM11L3.x_BR3.DVT6L4 equality     .          317.89    -7.04585e-02 >
131 R_BR3.BPM11L3.x_BR3.DVT8L1 equality     .          319.79     7.01202e-02 >
132 R_BR3.BPM11L3.x_BR3.DVT9L1 equality     .          321.7     -2.51745e-01 >
133 R_BR3.BPM12L3.x_BR3.DHZ11L4 equality     .          231.32     2.03412e-01 >
134 R_BR3.BPM12L3.x_BR3.DHZ12L4 equality     .          230.81     7.02325e-02 >
135 R_BR3.BPM12L3.x_BR3.DHZ13L4 equality     .          235.29     1.14586e+00 >
136 R_BR3.BPM12L3.x_BR3.DHZ14L1 equality     .          237.27     1.98053e-01 >
137 R_BR3.BPM12L3.x_BR3.DHZ8L1 equality     .          236.62     5.57377e-01 >
138 R_BR3.BPM12L3.x_BR3.DHZ9L1 equality     .          234.67    -3.27230e-01 >
139 R_BR3.BPM12L3.x_BR3.DVT12L4 equality     .          236.69     1.17254e-01 >
140 R_BR3.BPM12L3.x_BR3.DVT13L4 equality     .          234.68    -9.08419e-02 >
141 R_BR3.BPM12L3.x_BR3.DVT2L4 equality     .          235.06    -1.23561e-02 >
142 R_BR3.BPM12L3.x_BR3.DVT6L4 equality     .          233.75    -1.87196e-01 >
143 R_BR3.BPM12L3.x_BR3.DVT8L1 equality     .          234.41     1.15402e-01 >
144 R_BR3.BPM12L3.x_BR3.DVT9L1 equality     .          236.74    -2.77263e-02 >
145 R_BR3.BPM13L3.x_BR3.DHZ11L4 equality     .          284.54     7.93403e-01 >
146 R_BR3.BPM13L3.x_BR3.DHZ12L4 equality     .          283.04     1.28409e-01 >
147 R_BR3.BPM13L3.x_BR3.DHZ13L4 equality     .          295.14     7.83375e-01 >
148 R_BR3.BPM13L3.x_BR3.DHZ14L1 equality     .          296.29     6.25631e-01 >
149 R_BR3.BPM13L3.x_BR3.DHZ8L1 equality     .          287.88     2.92014e-01 >
150 R_BR3.BPM13L3.x_BR3.DHZ9L1 equality     .          287.07    -2.37567e-01 >
151 R_BR3.BPM13L3.x_BR3.DVT12L4 equality     .          295.01     2.19378e-01 >
152 R_BR3.BPM13L3.x_BR3.DVT13L4 equality     .          294.7      1.27725e-01 >
153 R_BR3.BPM13L3.x_BR3.DVT2L4 equality     .          290.68    -6.91702e-02 >
154 R_BR3.BPM13L3.x_BR3.DVT6L4 equality     .          289.47    -2.75515e-01 >
155 R_BR3.BPM13L3.x_BR3.DVT8L1 equality     .          289.76    -1.34933e-01 >
156 R_BR3.BPM13L3.x_BR3.DVT9L1 equality     .          288.72     1.09594e-01 >
157 R_BR3.BPM14L3.x_BR3.DHZ11L4 equality     .          211.88     8.25350e-01 >
158 R_BR3.BPM14L3.x_BR3.DHZ12L4 equality     .          207.85     1.59172e-02 >
159 R_BR3.BPM14L3.x_BR3.DHZ13L4 equality     .          214.17     7.03602e-01 >
160 R_BR3.BPM14L3.x_BR3.DHZ14L1 equality     .          214.94     9.59781e-01 >
161 R_BR3.BPM14L3.x_BR3.DHZ8L1 equality     .          211.23     5.28157e-01 >
162 R_BR3.BPM14L3.x_BR3.DHZ9L1 equality     .          213.35    -5.40283e-01 >
163 R_BR3.BPM14L3.x_BR3.DVT12L4 equality     .          215.96     1.73928e-03 >
164 R_BR3.BPM14L3.x_BR3.DVT13L4 equality     .          216.13     8.79756e-02 >
165 R_BR3.BPM14L3.x_BR3.DVT2L4 equality     .          214.73     9.19611e-02 >
166 R_BR3.BPM14L3.x_BR3.DVT6L4 equality     .          212.35    -1.16474e-01 >
167 R_BR3.BPM14L3.x_BR3.DVT8L1 equality     .          214.2     -1.58932e-01 >
168 R_BR3.BPM14L3.x_BR3.DVT9L1 equality     .          213.82    -1.12510e-01 >
169 R_BR3.BPM15L3.x_BR3.DHZ11L4 equality     .          318.35     4.50166e-02 >
170 R_BR3.BPM15L3.x_BR3.DHZ12L4 equality     .          313.72     4.20061e-01 >
171 R_BR3.BPM15L3.x_BR3.DHZ13L4 equality     .          311.6      8.66466e-01 >
172 R_BR3.BPM15L3.x_BR3.DHZ14L1 equality     .          314.3      6.19278e-01 >
173 R_BR3.BPM15L3.x_BR3.DHZ8L1 equality     .          319.14     7.33656e-01 >
174 R_BR3.BPM15L3.x_BR3.DHZ9L1 equality     .          317.1      2.85354e-02 >
175 R_BR3.BPM15L3.x_BR3.DVT12L4 equality     .          319.08     7.83956e-02 >
176 R_BR3.BPM15L3.x_BR3.DVT13L4 equality     .          317.35    -2.67884e-01 >
177 R_BR3.BPM15L3.x_BR3.DVT2L4 equality     .          321.05     9.57568e-02 >
178 R_BR3.BPM15L3.x_BR3.DVT6L4 equality     .          317.16    -8.71622e-02 >
179 R_BR3.BPM15L3.x_BR3.DVT8L1 equality     .          319.06     1.19419e-01 >
180 R_BR3.BPM15L3.x_BR3.DVT9L1 equality     .          318.75    -1.64569e-01 >
181 R_BR3.BPM16L3.x_BR3.DHZ11L4 equality     .          342.42     1.10937e-01 >
182 R_BR3.BPM16L3.x_BR3.DHZ12L4 equality     .          334.06     1.14989e-01 >
183 R_BR3.BPM16L3.x_BR3.DHZ13L4 equality     .          334.87     5.35781e-01 >
184 R_BR3.BPM16L3.x_BR3.DHZ14L1 equality     .          338.52    -3.32603e-01 >
185 R_BR3.BPM16L3.x_BR3.DHZ8L1 equality     .          344.05     4.32416e-01 >
186 R_BR3.BPM16L3.x_BR3.DHZ9L1 equality     .          340.3     -7.35791e-03 >
187 R_BR3.BPM16L3.x_BR3.DVT12L4 equality     .          331.51     1.96580e-01 >
188 R_BR3.BPM16L3.x_BR3.DVT13L4 equality     .          328.25    -1.92224e-01 >
189 R_BR3.BPM16L3.x_BR3.DVT2L4 equality     .          328.51     4.78620e-03 >
190 R_BR3.BPM16L3.x_BR3.DVT6L4 equality     .          324.17    -1.93335e-01 >
191 R_BR3.BPM16L3.x_BR3.DVT8L1 equality     .          330.87     1.13283e-01 >
192 R_BR3.BPM16L3.x_BR3.DVT9L1 equality     .          325.91    -1.19342e-02 >
193 R_BR3.BPM1L3.y_BR3.DHZ11L4 equality     .          266.76    -1.34488e-01 >
194 R_BR3.BPM1L3.y_BR3.DHZ12L4 equality     .          260.64     3.19562e-02 >
195 R_BR3.BPM1L3.y_BR3.DHZ13L4 equality     .          257.56     2.06819e-01 >
196 R_BR3.BPM1L3.y_BR3.DHZ14L1 equality     .          261.21     1.34444e-01 >
197 R_BR3.BPM1L3.y_BR3.DHZ8L1 equality     .          261.57    -1.34299e-01 >
198 R_BR3.BPM1L3.y_BR3.DHZ9L1 equality     .          258.89     9.85414e-02 >
199 R_BR3.BPM1L3.y_BR3.DVT12L4 equality     .          257.37    -6.04947e-02 >
200 R_BR3.BPM1L3.y_BR3.DVT13L4 equality     .          251.9     -1.61954e-01 >
201 R_BR3.BPM1L3.y_BR3.DVT2L4 equality     .          254.71     9.37631e-03 >
202 R_BR3.BPM1L3.y_BR3.DVT6L4 equality     .          255.63    -8.73394e-05 >
203 R_BR3.BPM1L3.y_BR3.DVT8L1 equality     .          254.03     1.03675e-01 >
204 R_BR3.BPM1L3.y_BR3.DVT9L1 equality     .          254.93    -1.11407e-01 >
205 R_BR3.BPM2L3.y_BR3.DHZ11L4 equality     .          192.49     4.87053e-02 >
206 R_BR3.BPM2L3.y_BR3.DHZ12L4 equality     .          194.16    -5.44683e-02 >
207 R_BR3.BPM2L3.y_BR3.DHZ13L4 equality     .          193.89     1.81904e-02 >
208 R_BR3.BPM2L3.y_BR3.DHZ14L1 equality     .          196.5      5.87022e-02 >
209 R_BR3.BPM2L3.y_BR3.DHZ8L1 equality     .          198.33     3.30241e-02 >
210 R_BR3.BPM2L3.y_BR3.DHZ9L1 equality     .          194.55    -6.84222e-02 >
211 R_BR3.BPM2L3.y_BR3.DVT12L4 equality     .          194.45    -1.04364e-02 >
212 R_BR3.BPM2L3.y_BR3.DVT13L4 equality     .          196.88     2.41942e-01 >
213 R_BR3.BPM2L3.y_BR3.DVT2L4 equality     .          196.4      5.59932e-02 >
214 R_BR3.BPM2L3.y_BR3.DVT6L4 equality     .          194.13     6.27817e-02 >
215 R_BR3.BPM2L3.y_BR3.DVT8L1 equality     .          197.65    -6.41457e-02 >
216 R_BR3.BPM2L3.y_BR3.DVT9L1 equality     .          200.1     -4.27936e-01 >
217 R_BR3.BPM3L3.y_BR3.DHZ11L4 equality     .          309.2      1.70470e-01 >
218 R_BR3.BPM3L3.y_BR3.DHZ12L4 equality     .          305        1.57835e-02 >
219 R_BR3.BPM3L3.y_BR3.DHZ13L4 equality     .          308.48    -2.32976e-01 >
220 R_BR3.BPM3L3.y_BR3.DHZ14L1 equality     .          311.75    -1.94110e-01 >
221 R_BR3.BPM3L3.y_BR3.DHZ8L1 equality     .          311.9      1.94812e-01 >
222 R_BR3.BPM3L3.y_BR3.DHZ9L1 equality     .          308.65    -4.39740e-02 >
223 R_BR3.BPM3L3.y_BR3.DVT12L4 equality     .          303.54    -3.55171e-02 >
224 R_BR3.BPM3L3.y_BR3.DVT13L4 equality     .          302.47    -5.59576e-02 >
225 R_BR3.BPM3L3.y_BR3.DVT2L4 equality     .          306.06     2.13397e-01 >
226 R_BR3.BPM3L3.y_BR3.DVT6L4 equality     .          306.1     -4.50744e-02 >
227 R_BR3.BPM3L3.y_BR3.DVT8L1 equality     .          305.71     1.96940e-02 >
228 R_BR3.BPM3L3.y_BR3.DVT9L1 equality     .          306.93     1.03445e-01 >
229 R_BR3.BPM4L3.y_BR3.DHZ11L4 equality     .          209.92    -1.01945e-01 >
230 R_BR3.BPM4L3.y_BR3.DHZ12L4 equality     .          208.08     4.28851e-03 >
231 R_BR3.BPM4L3.y_BR3.DHZ13L4 equality     .          209.11    -4.81482e-02 >
232 R_BR3.BPM4L3.y_BR3.DHZ14L1 equality     .          211.85    -8.17494e-02 >
233 R_BR3.BPM4L3.y_BR3.DHZ8L1 equality     .          210.02    -7.20426e-02 >
234 R_BR3.BPM4L3.y_BR3.DHZ9L1 equality     .          210.52     4.31071e-02 >
235 R_BR3.BPM4L3.y_BR3.DVT12L4 equality     .          211.43    -6.77912e-01 >
236 R_BR3.BPM4L3.y_BR3.DVT13L4 equality     .          206.83    -1.01943e-02 >
237 R_BR3.BPM4L3.y_BR3.DVT2L4 equality     .          207.62     5.06305e-01 >
238 R_BR3.BPM4L3.y_BR3.DVT6L4 equality     .          207.22     6.43815e-01 >
239 R_BR3.BPM4L3.y_BR3.DVT8L1 equality     .          209.27    -1.27638e-01 >
240 R_BR3.BPM4L3.y_BR3.DVT9L1 equality     .          205.48    -4.52400e-04 >
241 R_BR3.BPM5L3.y_BR3.DHZ11L4 equality     .          300.59    -1.88127e-01 >
242 R_BR3.BPM5L3.y_BR3.DHZ12L4 equality     .          297.16    -7.49830e-03 >
243 R_BR3.BPM5L3.y_BR3.DHZ13L4 equality     .          299.71     2.18641e-01 >
244 R_BR3.BPM5L3.y_BR3.DHZ14L1 equality     .          302.59     1.53307e-01 >
245 R_BR3.BPM5L3.y_BR3.DHZ8L1 equality     .          301.54    -1.95778e-01 >
246 R_BR3.BPM5L3.y_BR3.DHZ9L1 equality     .          301.97     6.30894e-02 >
247 R_BR3.BPM5L3.y_BR3.DVT12L4 equality     .          300.71    -4.83682e-03 >
248 R_BR3.BPM5L3.y_BR3.DVT13L4 equality     .          292.52     1.75408e-01 >
249 R_BR3.BPM5L3.y_BR3.DVT2L4 equality     .          294.96    -1.75864e-01 >
250 R_BR3.BPM5L3.y_BR3.DVT6L4 equality     .          295.26     1.47287e-01 >
251 R_BR3.BPM5L3.y_BR3.DVT8L1 equality     .          295.51    -6.07849e-02 >
252 R_BR3.BPM5L3.y_BR3.DVT9L1 equality     .          300.71    -1.92417e-01 >
253 R_BR3.BPM6L3.y_BR3.DHZ11L4 equality     .          205.66     1.21344e-01 >
254 R_BR3.BPM6L3.y_BR3.DHZ12L4 equality     .          201.86     1.50852e-02 >
255 R_BR3.BPM6L3.y_BR3.DHZ13L4 equality     .          204.39     1.05558e-02 >
256 R_BR3.BPM6L3.y_BR3.DHZ14L1 equality     .          206.14    -3.51601e-02 >
257 R_BR3.BPM6L3.y_BR3.DHZ8L1 equality     .          205.51     1.43962e-01 >
258 R_BR3.BPM6L3.y_BR3.DHZ9L1 equality     .          205.6     -4.68216e-02 >
259 R_BR3.BPM6L3.y_BR3.DVT12L4 equality     .          203.95     6.24636e-01 >
260 R_BR3.BPM6L3.y_BR3.DVT13L4 equality     .          204.5     -5.66077e-02 >
261 R_BR3.BPM6L3.y_BR3.DVT2L4 equality     .          201.85    -3.97500e-01 >
262 R_BR3.BPM6L3.y_BR3.DVT6L4 equality     .          201.08    -5.93047e-01 >
263 R_BR3.BPM6L3.y_BR3.DVT8L1 equality     .          205.4      1.43515e-01 >
264 R_BR3.BPM6L3.y_BR3.DVT9L1 equality     .          202.55    -5.37592e-02 >
265 R_BR3.BPM7L3.y_BR3.DHZ11L4 equality     .          247.51     2.04508e-01 >
266 R_BR3.BPM7L3.y_BR3.DHZ12L4 equality     .          239.62     4.92761e-02 >
267 R_BR3.BPM7L3.y_BR3.DHZ13L4 equality     .          243.43    -2.49968e-01 >
268 R_BR3.BPM7L3.y_BR3.DHZ14L1 equality     .          246.98    -1.87809e-01 >
269 R_BR3.BPM7L3.y_BR3.DHZ8L1 equality     .          246.56     2.30534e-01 >
270 R_BR3.BPM7L3.y_BR3.DHZ9L1 equality     .          246.83    -2.86573e-02 >
271 R_BR3.BPM7L3.y_BR3.DVT12L4 equality     .          249.31    -2.44638e-01 >
272 R_BR3.BPM7L3.y_BR3.DVT13L4 equality     .          250.81     1.63999e-01 >
273 R_BR3.BPM7L3.y_BR3.DVT2L4 equality     .          247.33     1.23675e-01 >
274 R_BR3.BPM7L3.y_BR3.DVT6L4 equality     .          247.73    -4.10772e-02 >
275 R_BR3.BPM7L3.y_BR3.DVT8L1 equality     .          247.99    -1.86981e-01 >
276 R_BR3.BPM7L3.y_BR3.DVT9L1 equality     .          243.93     1.71090e-01 >
277 R_BR3.BPM8L3.y_BR3.DHZ11L4 equality     .          310.08    -2.20513e-02 >
278 R_BR3.BPM8L3.y_BR3.DHZ12L4 equality     .          307.13     5.07895e-02 >
279 R_BR3.BPM8L3.y_BR3.DHZ13L4 equality     .          303.82    -1.02820e-01 >
280 R_BR3.BPM8L3.y_BR3.DHZ14L1 equality     .          311.28    -1.46650e-01 >
281 R_BR3.BPM8L3.y_BR3.DHZ8L1 equality     .          310.24     2.79199e-03 >
282 R_BR3.BPM8L3.y_BR3.DHZ9L1 equality     .          307.43     5.75757e-02 >
283 R_BR3.BPM8L3.y_BR3.DVT12L4 equality     .          310.09     1.64316e-01 >
284 R_BR3.BPM8L3.y_BR3.DVT13L4 equality     .          305.78     4.51658e-02 >
285 R_BR3.BPM8L3.y_BR3.DVT2L4 equality     .          308.97    -3.22623e-01 >
286 R_BR3.BPM8L3.y_BR3.DVT6L4 equality     .          299.52     6.55634e-02 >
287 R_BR3.BPM8L3.y_BR3.DVT8L1 equality     .          305.11     3.94561e-01 >
288 R_BR3.BPM8L3.y_BR3.DVT9L1 equality     .          307.07     4.67843e-01 >
289 R_BR3.BPM9L3.y_BR3.DHZ11L4 equality     .          334.71    -1.73275e-01 >
290 R_BR3.BPM9L3.y_BR3.DHZ12L4 equality     .          333.16    -6.18749e-04 >
291 R_BR3.BPM9L3.y_BR3.DHZ13L4 equality     .          334.6      2.19547e-01 >
292 R_BR3.BPM9L3.y_BR3.DHZ14L1 equality     .          340.73     1.62639e-01 >
293 R_BR3.BPM9L3.y_BR3.DHZ8L1 equality     .          335.94    -1.01453e-01 >
294 R_BR3.BPM9L3.y_BR3.DHZ9L1 equality     .          337.78     4.88409e-02 >
295 R_BR3.BPM9L3.y_BR3.DVT12L4 equality     .          331.03    -3.77767e-01 >
296 R_BR3.BPM9L3.y_BR3.DVT13L4 equality     .          338.49     1.72201e-01 >
297 R_BR3.BPM9L3.y_BR3.DVT2L4 equality     .          333.32     1.21958e-01 >
298 R_BR3.BPM9L3.y_BR3.DVT6L4 equality     .          330.97     3.86372e-02 >
299 R_BR3.BPM9L3.y_BR3.DVT8L1 equality     .          333.05    -6.64767e-02 >
300 R_BR3.BPM9L3.y_BR3.DVT9L1 equality     .          335.65     1.64883e-01 >
301 R_BR3.BPM10L3.y_BR3.DHZ11L4 equality     .          366.2      1.12705e-01 >
302 R_BR3.BPM10L3.y_BR3.DHZ12L4 equality     .          362.07    -6.54703e-02 >
303 R_BR3.BPM10L3.y_BR3.DHZ13L4 equality     .          361.04    -4.92276e-02 >
304 R_BR3.BPM10L3.y_BR3.DHZ14L1 equality     .          363.5      3.18223e-02 >
305 R_BR3.BPM10L3.y_BR3.DHZ8L1 equality     .          368.96    -1.26694e-02 >
306 R_BR3.BPM10L3.y_BR3.DHZ9L1 equality     .          364.84    -1.14717e-01 >
307 R_BR3.BPM10L3.y_BR3.DVT12L4 equality     .          359.34    -7.43618e-03 >
308 R_BR3.BPM10L3.y_BR3.DVT13L4 equality     .          360.65    -1.74394e-01 >
309 R_BR3.BPM10L3.y_BR3.DVT2L4 equality     .          355.51     2.45398e-01 >
310 R_BR3.BPM10L3.y_BR3.DVT6L4 equality     .          356.1     -3.85684e-02 >
311 R_BR3.BPM10L3.y_BR3.DVT8L1 equality     .          360.02    -3.41625e-01 >
312 R_BR3.BPM10L3.y_BR3.DVT9L1 equality     .          366.4      6.01347e-04 >
313 R_BR3.BPM11L3.y_BR3.DHZ11L4 equality     .          318.42     1.64785e-01 >
314 R_BR3.BPM11L3.y_BR3.DHZ12L4 equality     .          312.53     7.60875e-02 >
315 R_BR3.BPM11L3.y_BR3.DHZ13L4 equality     .          314.15    -2.46509e-01 >
316 R_BR3.BPM11L3.y_BR3.DHZ14L1 equality     .          319.85    -2.09921e-01 >
317 R_BR3.BPM11L3.y_BR3.DHZ8L1 equality     .          318.13     1.49434e-01 >
318 R_BR3.BPM11L3.y_BR3.DHZ9L1 equality     .          314.86    -3.98904e-02 >
319 R_BR3.BPM11L3.y_BR3.DVT12L4 equality     .          318.32    -3.55409e-02 >
320 R_BR3.BPM11L3.y_BR3.DVT13L4 equality     .          319.64     4.97948e-02 >
321 R_BR3.BPM11L3.y_BR3.DVT2L4 equality     .          314.09     2.63986e-02 >
322 R_BR3.BPM11L3.y_BR3.DVT6L4 equality     .          315.65     3.40295e-02 >
323 R_BR3.BPM11L3.y_BR3.DVT8L1 equality     .          313.99    -1.36031e-01 >
324 R_BR3.BPM11L3.y_BR3.DVT9L1 equality     .          319.49    -4.13502e-02 >
325 R_BR3.BPM12L3.y_BR3.DHZ11L4 equality     .          231.29    -3.66143e-02 >
326 R_BR3.BPM12L3.y_BR3.DHZ12L4 equality     .          228.92     7.34926e-02 >
327 R_BR3.BPM12L3.y_BR3.DHZ13L4 equality     .          229.14    -4.36861e-02 >
328 R_BR3.BPM12L3.y_BR3.DHZ14L1 equality     .          230.81    -8.16333e-02 >
329 R_BR3.BPM12L3.y_BR3.DHZ8L1 equality     .          232.09    -6.48941e-03 >
330 R_BR3.BPM12L3.y_BR3.DHZ9L1 equality     .          230.3      2.14261e-03 >
331 R_BR3.BPM12L3.y_BR3.DVT12L4 equality     .          232.44    -4.81605e-01 >
332 R_BR3.BPM12L3.y_BR3.DVT13L4 equality     .          232.5      2.97896e-01 >
333 R_BR3.BPM12L3.y_BR3.DVT2L4 equality     .          232.86     1.29633e-01 >
334 R_BR3.BPM12L3.y_BR3.DVT6L4 equality     .          233.21     3.16722e-01 >
335 R_BR3.BPM12L3.y_BR3.DVT8L1 equality     .          234.5      5.23693e-02 >
336 R_BR3.BPM12L3.y_BR3.DVT9L1 equality     .          232.15     7.60567e-02 >
337 R_BR3.BPM13L3.y_BR3.DHZ11L4 equality     .          318.63    -1.09313e-01 >
338 R_BR3.BPM13L3.y_BR3.DHZ12L4 equality     .          312.27    -1.23164e-02 >
339 R_BR3.BPM13L3.y_BR3.DHZ13L4 equality     .          312.67     2.35986e-01 >
340 R_BR3.BPM13L3.y_BR3.DHZ14L1 equality     .          317.13     1.99388e-01 >
341 R_BR3.BPM13L3.y_BR3.DHZ8L1 equality     .          317.01    -1.20332e-01 >
342 R_BR3.BPM13L3.y_BR3.DHZ9L1 equality     .          315.47     4.66158e-02 >
343 R_BR3.BPM13L3.y_BR3.DVT12L4 equality     .          316.17     7.16003e-02 >
344 R_BR3.BPM13L3.y_BR3.DVT13L4 equality     .          317.1      8.55939e-02 >
345 R_BR3.BPM13L3.y_BR3.DVT2L4 equality     .          315.8      8.92477e-02 >
346 R_BR3.BPM13L3.y_BR3.DVT6L4 equality     .          313.76    -1.25886e-02 >
347 R_BR3.BPM13L3.y_BR3.DVT8L1 equality     .          317.44     1.66264e-02 >
348 R_BR3.BPM13L3.y_BR3.DVT9L1 equality     .          320.26     1.15917e-01 >
349 R_BR3.BPM14L3.y_BR3.DHZ11L4 equality     .          244.36     1.94047e-02 >
350 R_BR3.BPM14L3.y_BR3.DHZ12L4 equality     .          241.74    -6.84275e-02 >
351 R_BR3.BPM14L3.y_BR3.DHZ13L4 equality     .          243.26     5.26203e-02 >
352 R_BR3.BPM14L3.y_BR3.DHZ14L1 equality     .          243.34     5.96911e-02 >
353 R_BR3.BPM14L3.y_BR3.DHZ8L1 equality     .          247.99     3.33065e-03 >
354 R_BR3.BPM14L3.y_BR3.DHZ9L1 equality     .          245.6     -8.09637e-02 >
355 R_BR3.BPM14L3.y_BR3.DVT12L4 equality     .          243.73     9.37907e-02 >
356 R_BR3.BPM14L3.y_BR3.DVT13L4 equality     .          242.56     3.29876e-01 >
357 R_BR3.BPM14L3.y_BR3.DVT2L4 equality     .          244.08     7.24762e-02 >
358 R_BR3.BPM14L3.y_BR3.DVT6L4 equality     .          243.53     3.38933e-02 >
359 R_BR3.BPM14L3.y_BR3.DVT8L1 equality     .          244.77    -8.51534e-02 >
360 R_BR3.BPM14L3.y_BR3.DVT9L1 equality     .          247.1     -3.29239e-01 >
361 R_BR3.BPM15L3.y_BR3.DHZ11L4 equality     .          335.46     1.18898e-01 >
362 R_BR3.BPM15L3.y_BR3.DHZ12L4 equality     .          332.49     5.74100e-02 >
363 R_BR3.BPM15L3.y_BR3.DHZ13L4 equality     .          333.02    -2.31556e-01 >
364 R_BR3.BPM15L3.y_BR3.DHZ14L1 equality     .          339.6     -1.94513e-01 >
365 R_BR3.BPM15L3.y_BR3.DHZ8L1 equality     .          337.23     1.32484e-01 >
366 R_BR3.BPM15L3.y_BR3.DHZ9L1 equality     .          334.2     -4.32461e-03 >
367 R_BR3.BPM15L3.y_BR3.DVT12L4 equality     .          335.53    -6.69719e-02 >
368 R_BR3.BPM15L3.y_BR3.DVT13L4 equality     .          332.18    -3.72172e-02 >
369 R_BR3.BPM15L3.y_BR3.DVT2L4 equality     .          339.47    -1.49469e-01 >
370 R_BR3.BPM15L3.y_BR3.DVT6L4 equality     .          334.11     6.39820e-04 >
371 R_BR3.BPM15L3.y_BR3.DVT8L1 equality     .          336.51     5.11867e-02 >
372 R_BR3.BPM15L3.y_BR3.DVT9L1 equality     .          337.85    -6.53841e-02 >
373 R_BR3.BPM16L3.y_BR3.DHZ11L4 equality     .          372.29     5.23211e-03 >
374 R_BR3.BPM16L3.y_BR3.DHZ12L4 equality     .          365.67     3.00436e-02 >
375 R_BR3.BPM16L3.y_BR3.DHZ13L4 equality     .          365.5     -7.14473e-02 >
376 R_BR3.BPM16L3.y_BR3.DHZ14L1 equality     .          370.71    -8.42794e-02 >
377 R_BR3.BPM16L3.y_BR3.DHZ8L1 equality     .          372.15    -2.02843e-03 >
378 R_BR3.BPM16L3.y_BR3.DHZ9L1 equality     .          370.13     5.32166e-02 >
379 R_BR3.BPM16L3.y_BR3.DVT12L4 equality     .          366.81     2.36385e-02 >
380 R_BR3.BPM16L3.y_BR3.DVT13L4 equality     .          365.16    -2.05688e-01 >
381 R_BR3.BPM16L3.y_BR3.DVT2L4 equality     .          366.91    -3.26878e-02 >
382 R_BR3.BPM16L3.y_BR3.DVT6L4 equality     .          366.38    -5.79422e-02 >
383 R_BR3.BPM16L3.y_BR3.DVT8L1 equality     .          363.83     3.90772e-02 >
384 R_BR3.BPM16L3.y_BR3.DVT9L1 equality     .          368.51     4.22482e-01 >

 Variables                  Curr. Value  Curr. Step   Lower Limit  Upper Limit
--------------------------------------------------------------------------------
 1 BR.QFOCELL1.dk1l         4.46685e-03  2.53698e-04   .            .         
 2 BR.QDE1.dk1l            -3.29664e-03 -2.32767e-04   .            .         
 3 BR.QFOCELL2.dk1l         1.55292e-03 -9.39481e-06   .            .         
 4 BR.QDE2.dk1l            -1.91471e-03  5.98416e-06   .            .         
 5 BR.QFOCELL3.dk1l        -9.92155e-03 -5.10576e-05   .            .         
 6 BR.QDE3.dk1l             7.67671e-03  4.83813e-05   .            .         
 7 BR.QFOCELL4.dk1l         2.01429e-03  1.76371e-04   .            .         
 8 BR.QDE4.dk1l            -2.47387e-03 -1.58874e-04   .            .         
 9 BR.QFOCELL5.dk1l         1.66566e-02 -8.88277e-05   .            .         
10 BR.QDE5.dk1l            -1.60591e-02  8.34433e-05   .            .         
11 BR.QFOCELL6.dk1l        -7.03026e-03 -4.09105e-04   .            .         
12 BR.QDE6.dk1l             8.07898e-03  3.84033e-04   .            .         
13 BR.QFOCELL7.dk1l        -6.29250e-03 -1.42337e-04   .            .         
14 BR.QDE7.dk1l             6.78502e-03  1.33714e-04   .            .         
15 BR.QFOCELL8.dk1l         1.99610e-02  6.07931e-04   .            .         
16 BR.QDE8.dk1l            -2.08799e-02 -5.40365e-04   .            .         
17 BR.QFOCELL9.dk1l         1.45708e-02  2.17807e-04   .            .         
18 BR.QDE9.dk1l            -1.44772e-02 -2.02431e-04   .            .         
19 BR.QFOCELL10.dk1l       -1.36887e-02 -4.80605e-04   .            .         
20 BR.QDE10.dk1l            1.47143e-02  4.47283e-04   .            .         
21 BR.QFOCELL11.dk1l       -6.83253e-03 -9.62981e-05   .            .         
22 BR.QDE11.dk1l            4.70438e-03  9.72249e-05   .            .         
23 BR.QFOCELL12.dk1l        1.35192e-03  5.61987e-05   .            .         
24 BR.QDE12.dk1l           -2.00754e-03 -4.85558e-05   .            .         
25 BR.QFOCELL13.dk1l        1.95365e-02 -5.43342e-05   .            .         
26 BR.QDE13.dk1l           -2.00619e-02  5.18100e-05   .            .         
27 BR.QFOCELL14.dk1l        8.77908e-03 -4.56156e-05   .            .         
28 BR.QDE14.dk1l           -8.98278e-03  4.14799e-05   .            .         
29 BR.QFOCELL15.dk1l       -1.43669e-02  2.93064e-05   .            .         
30 BR.QDE15.dk1l            1.31810e-02 -2.69270e-05   .            .         
31 BR.QFOCELL16.dk1l       -3.05707e-03 -8.60416e-05   .            .         
32 BR.QDE16.dk1l            4.23384e-03  7.94887e-05   .            .         

ncall=133 [3.4s], fval=2.84095e-01, fstp=-1.81462e-05, ccnt=384.


 Constraints                Type        Kind        Weight     Expr. Value
------------------------------------------------------------------------------
 1 R_BR3.BPM1L3.x_BR3.DHZ11L4 equality     .          256.16     5.75929e-01 >
 2 R_BR3.BPM1L3.x_BR3.DHZ12L4 equality     .          254.23     2.30948e-01 >
 3 R_BR3.BPM1L3.x_BR3.DHZ13L4 equality     .          253.59     7.91287e-01 >
 4 R_BR3.BPM1L3.x_BR3.DHZ14L1 equality     .          255.58     1.86880e-01 >
 5 R_BR3.BPM1L3.x_BR3.DHZ8L1 equality     .          251.17     4.25234e-02 >
 6 R_BR3.BPM1L3.x_BR3.DHZ9L1 equality     .          249.93    -1.11942e-01 >
 7 R_BR3.BPM1L3.x_BR3.DVT12L4 equality     .          260.4      1.33846e-01 >
 8 R_BR3.BPM1L3.x_BR3.DVT13L4 equality     .          256.07     1.19138e-01 >
 9 R_BR3.BPM1L3.x_BR3.DVT2L4 equality     .          252.75    -7.51866e-02 >
10 R_BR3.BPM1L3.x_BR3.DVT6L4 equality     .          253.38    -2.88300e-01 >
11 R_BR3.BPM1L3.x_BR3.DVT8L1 equality     .          254.19    -1.68381e-01 >
12 R_BR3.BPM1L3.x_BR3.DVT9L1 equality     .          254.31     3.19601e-02 >
13 R_BR3.BPM2L3.x_BR3.DHZ11L4 equality     .          156.29     3.63178e-01 >
14 R_BR3.BPM2L3.x_BR3.DHZ12L4 equality     .          154.4      4.54736e-01 >
15 R_BR3.BPM2L3.x_BR3.DHZ13L4 equality     .          157.12     1.12649e+00 >
16 R_BR3.BPM2L3.x_BR3.DHZ14L1 equality     .          159.5      1.16144e+00 >
17 R_BR3.BPM2L3.x_BR3.DHZ8L1 equality     .          158.32     3.19833e-01 >
18 R_BR3.BPM2L3.x_BR3.DHZ9L1 equality     .          156.91    -4.27341e-02 >
19 R_BR3.BPM2L3.x_BR3.DVT12L4 equality     .          159.11     5.89681e-02 >
20 R_BR3.BPM2L3.x_BR3.DVT13L4 equality     .          156.02    -1.46876e-02 >
21 R_BR3.BPM2L3.x_BR3.DVT2L4 equality     .          155.44     4.40326e-02 >
22 R_BR3.BPM2L3.x_BR3.DVT6L4 equality     .          156.47    -2.01516e-01 >
23 R_BR3.BPM2L3.x_BR3.DVT8L1 equality     .          156.24    -1.53125e-01 >
24 R_BR3.BPM2L3.x_BR3.DVT9L1 equality     .          155.22    -1.29191e-01 >
25 R_BR3.BPM3L3.x_BR3.DHZ11L4 equality     .          311.6      4.80514e-01 >
26 R_BR3.BPM3L3.x_BR3.DHZ12L4 equality     .          303.14    -1.62506e-02 >
27 R_BR3.BPM3L3.x_BR3.DHZ13L4 equality     .          303.16     3.35567e-01 >
28 R_BR3.BPM3L3.x_BR3.DHZ14L1 equality     .          306.57     2.45486e-01 >
29 R_BR3.BPM3L3.x_BR3.DHZ8L1 equality     .          308.71     1.03748e+00 >
30 R_BR3.BPM3L3.x_BR3.DHZ9L1 equality     .          305.32    -3.68298e-01 >
31 R_BR3.BPM3L3.x_BR3.DVT12L4 equality     .          304.68     6.63666e-02 >
32 R_BR3.BPM3L3.x_BR3.DVT13L4 equality     .          312.53    -2.50907e-01 >
33 R_BR3.BPM3L3.x_BR3.DVT2L4 equality     .          311.04     1.93206e-01 >
34 R_BR3.BPM3L3.x_BR3.DVT6L4 equality     .          308.23    -7.72095e-02 >
35 R_BR3.BPM3L3.x_BR3.DVT8L1 equality     .          308.71     8.73366e-02 >
36 R_BR3.BPM3L3.x_BR3.DVT9L1 equality     .          309.48    -1.54885e-01 >
37 R_BR3.BPM4L3.x_BR3.DHZ11L4 equality     .          198.58     3.40454e-01 >
38 R_BR3.BPM4L3.x_BR3.DHZ12L4 equality     .          201.04    -2.14493e-01 >
39 R_BR3.BPM4L3.x_BR3.DHZ13L4 equality     .          202.09     4.57821e-01 >
40 R_BR3.BPM4L3.x_BR3.DHZ14L1 equality     .          202.92    -3.36616e-01 >
41 R_BR3.BPM4L3.x_BR3.DHZ8L1 equality     .          201.17     4.36463e-01 >
42 R_BR3.BPM4L3.x_BR3.DHZ9L1 equality     .          200.74    -3.82622e-01 >
43 R_BR3.BPM4L3.x_BR3.DVT12L4 equality     .          199.05     1.75697e-01 >
44 R_BR3.BPM4L3.x_BR3.DVT13L4 equality     .          197.95    -1.51989e-01 >
45 R_BR3.BPM4L3.x_BR3.DVT2L4 equality     .          197.23     1.20178e-02 >
46 R_BR3.BPM4L3.x_BR3.DVT6L4 equality     .          195.97    -2.01469e-01 >
47 R_BR3.BPM4L3.x_BR3.DVT8L1 equality     .          198.39     6.94140e-02 >
48 R_BR3.BPM4L3.x_BR3.DVT9L1 equality     .          195.38    -7.38872e-02 >
49 R_BR3.BPM5L3.x_BR3.DHZ11L4 equality     .          323.52     6.47943e-01 >
50 R_BR3.BPM5L3.x_BR3.DHZ12L4 equality     .          321.44     1.32049e-01 >
51 R_BR3.BPM5L3.x_BR3.DHZ13L4 equality     .          331.9      8.22553e-01 >
52 R_BR3.BPM5L3.x_BR3.DHZ14L1 equality     .          329.01     4.26890e-01 >
53 R_BR3.BPM5L3.x_BR3.DHZ8L1 equality     .          324.43     3.99224e-02 >
54 R_BR3.BPM5L3.x_BR3.DHZ9L1 equality     .          326.34    -2.26203e-01 >
55 R_BR3.BPM5L3.x_BR3.DVT12L4 equality     .          337.83     1.23225e-01 >
56 R_BR3.BPM5L3.x_BR3.DVT13L4 equality     .          337.83     1.22047e-01 >
57 R_BR3.BPM5L3.x_BR3.DVT2L4 equality     .          328.25    -1.18266e-01 >
58 R_BR3.BPM5L3.x_BR3.DVT6L4 equality     .          332.41    -2.74402e-01 >
59 R_BR3.BPM5L3.x_BR3.DVT8L1 equality     .          331.07    -1.59934e-01 >
60 R_BR3.BPM5L3.x_BR3.DVT9L1 equality     .          327.95     1.49113e-02 >
61 R_BR3.BPM6L3.x_BR3.DHZ11L4 equality     .          199.06     5.98187e-01 >
62 R_BR3.BPM6L3.x_BR3.DHZ12L4 equality     .          197.02     4.41616e-01 >
63 R_BR3.BPM6L3.x_BR3.DHZ13L4 equality     .          203.36     7.95382e-01 >
64 R_BR3.BPM6L3.x_BR3.DHZ14L1 equality     .          200.11     8.94644e-01 >
65 R_BR3.BPM6L3.x_BR3.DHZ8L1 equality     .          198.67     7.18842e-01 >
66 R_BR3.BPM6L3.x_BR3.DHZ9L1 equality     .          198.05    -1.15171e-01 >
67 R_BR3.BPM6L3.x_BR3.DVT12L4 equality     .          203.3      4.64351e-02 >
68 R_BR3.BPM6L3.x_BR3.DVT13L4 equality     .          203.17    -3.73561e-02 >
69 R_BR3.BPM6L3.x_BR3.DVT2L4 equality     .          201.38     1.00517e-01 >
70 R_BR3.BPM6L3.x_BR3.DVT6L4 equality     .          200.05    -1.40882e-01 >
71 R_BR3.BPM6L3.x_BR3.DVT8L1 equality     .          201.17    -9.37162e-02 >
72 R_BR3.BPM6L3.x_BR3.DVT9L1 equality     .          202.7     -1.31418e-01 >
73 R_BR3.BPM7L3.x_BR3.DHZ11L4 equality     .          224.56    -6.05412e-02 >
74 R_BR3.BPM7L3.x_BR3.DHZ12L4 equality     .          219.91    -9.43528e-03 >
75 R_BR3.BPM7L3.x_BR3.DHZ13L4 equality     .          222.83     8.53200e-01 >
76 R_BR3.BPM7L3.x_BR3.DHZ14L1 equality     .          223.21     5.11805e-01 >
77 R_BR3.BPM7L3.x_BR3.DHZ8L1 equality     .          225.31     6.01775e-01 >
78 R_BR3.BPM7L3.x_BR3.DHZ9L1 equality     .          223.19    -2.43748e-01 >
79 R_BR3.BPM7L3.x_BR3.DVT12L4 equality     .          225.85     7.06482e-02 >
80 R_BR3.BPM7L3.x_BR3.DVT13L4 equality     .          225.36    -2.46696e-01 >
81 R_BR3.BPM7L3.x_BR3.DVT2L4 equality     .          220.05     1.67584e-01 >
82 R_BR3.BPM7L3.x_BR3.DVT6L4 equality     .          220.91     2.38285e-02 >
83 R_BR3.BPM7L3.x_BR3.DVT8L1 equality     .          222.9      1.19669e-01 >
84 R_BR3.BPM7L3.x_BR3.DVT9L1 equality     .          222.54    -1.47129e-01 >
85 R_BR3.BPM8L3.x_BR3.DHZ11L4 equality     .          333.06     4.71461e-02 >
86 R_BR3.BPM8L3.x_BR3.DHZ12L4 equality     .          331.72    -1.15017e-01 >
87 R_BR3.BPM8L3.x_BR3.DHZ13L4 equality     .          334.32     8.61740e-01 >
88 R_BR3.BPM8L3.x_BR3.DHZ14L1 equality     .          336.17    -1.98601e-02 >
89 R_BR3.BPM8L3.x_BR3.DHZ8L1 equality     .          337.58     4.64980e-01 >
90 R_BR3.BPM8L3.x_BR3.DHZ9L1 equality     .          333.83    -2.22229e-01 >
91 R_BR3.BPM8L3.x_BR3.DVT12L4 equality     .          336.7      1.44088e-01 >
92 R_BR3.BPM8L3.x_BR3.DVT13L4 equality     .          334.2     -1.31300e-01 >
93 R_BR3.BPM8L3.x_BR3.DVT2L4 equality     .          335.6      9.03787e-03 >
94 R_BR3.BPM8L3.x_BR3.DVT6L4 equality     .          329.87    -1.47199e-01 >
95 R_BR3.BPM8L3.x_BR3.DVT8L1 equality     .          332.62     1.36220e-01 >
96 R_BR3.BPM8L3.x_BR3.DVT9L1 equality     .          331.37    -3.36169e-02 >
97 R_BR3.BPM9L3.x_BR3.DHZ11L4 equality     .          295.11     6.06746e-01 >
98 R_BR3.BPM9L3.x_BR3.DHZ12L4 equality     .          265.71    -3.84340e-01 >
99 R_BR3.BPM9L3.x_BR3.DHZ13L4 equality     .          302.61     8.93767e-01 >
100 R_BR3.BPM9L3.x_BR3.DHZ14L1 equality     .          302.64     8.68234e-01 >
101 R_BR3.BPM9L3.x_BR3.DHZ8L1 equality     .          274.9     -1.55127e-01 >
102 R_BR3.BPM9L3.x_BR3.DHZ9L1 equality     .          295.83    -2.96828e-01 >
103 R_BR3.BPM9L3.x_BR3.DVT12L4 equality     .          277.83     7.38076e-02 >
104 R_BR3.BPM9L3.x_BR3.DVT13L4 equality     .          285.41     1.03408e-01 >
105 R_BR3.BPM9L3.x_BR3.DVT2L4 equality     .          275.96    -7.80658e-02 >
106 R_BR3.BPM9L3.x_BR3.DVT6L4 equality     .          273.27    -3.20886e-01 >
107 R_BR3.BPM9L3.x_BR3.DVT8L1 equality     .          276.9     -8.70102e-02 >
108 R_BR3.BPM9L3.x_BR3.DVT9L1 equality     .          281.52     9.12443e-02 >
109 R_BR3.BPM10L3.x_BR3.DHZ11L4 equality     .          319.65     9.25958e-01 >
110 R_BR3.BPM10L3.x_BR3.DHZ12L4 equality     .          316.13     5.46375e-01 >
111 R_BR3.BPM10L3.x_BR3.DHZ13L4 equality     .          325.84     3.67478e-01 >
112 R_BR3.BPM10L3.x_BR3.DHZ14L1 equality     .          326.76     4.86606e-01 >
113 R_BR3.BPM10L3.x_BR3.DHZ8L1 equality     .          320.51     6.81768e-02 >
114 R_BR3.BPM10L3.x_BR3.DHZ9L1 equality     .          322.85    -1.42613e-01 >
115 R_BR3.BPM10L3.x_BR3.DVT12L4 equality     .          326.21     8.41058e-02 >
116 R_BR3.BPM10L3.x_BR3.DVT13L4 equality     .          329.16    -5.85347e-02 >
117 R_BR3.BPM10L3.x_BR3.DVT2L4 equality     .          325.58     8.71623e-02 >
118 R_BR3.BPM10L3.x_BR3.DVT6L4 equality     .          320.71    -1.08237e-01 >
119 R_BR3.BPM10L3.x_BR3.DVT8L1 equality     .          322.38    -1.90419e-01 >
120 R_BR3.BPM10L3.x_BR3.DVT9L1 equality     .          321.9     -1.01038e-01 >
121 R_BR3.BPM11L3.x_BR3.DHZ11L4 equality     .          321.62    -3.08071e-01 >
122 R_BR3.BPM11L3.x_BR3.DHZ12L4 equality     .          316.81     3.54098e-01 >
123 R_BR3.BPM11L3.x_BR3.DHZ13L4 equality     .          318.29     1.04797e+00 >
124 R_BR3.BPM11L3.x_BR3.DHZ14L1 equality     .          323        3.04044e-01 >
125 R_BR3.BPM11L3.x_BR3.DHZ8L1 equality     .          323.25     2.43441e-01 >
126 R_BR3.BPM11L3.x_BR3.DHZ9L1 equality     .          321.03    -6.17532e-02 >
127 R_BR3.BPM11L3.x_BR3.DVT12L4 equality     .          323.49     1.36095e-01 >
128 R_BR3.BPM11L3.x_BR3.DVT13L4 equality     .          323.39    -2.50765e-01 >
129 R_BR3.BPM11L3.x_BR3.DVT2L4 equality     .          321.94     1.32767e-01 >
130 R_BR3.BPM11L3.x_BR3.DVT6L4 equality     .          317.89    -7.04594e-02 >
131 R_BR3.BPM11L3.x_BR3.DVT8L1 equality     .          319.79     7.01209e-02 >
132 R_BR3.BPM11L3.x_BR3.DVT9L1 equality     .          321.7     -2.51745e-01 >
133 R_BR3.BPM12L3.x_BR3.DHZ11L4 equality     .          231.32     2.03513e-01 >
134 R_BR3.BPM12L3.x_BR3.DHZ12L4 equality     .          230.81     7.03713e-02 >
135 R_BR3.BPM12L3.x_BR3.DHZ13L4 equality     .          235.29     1.14680e+00 >
136 R_BR3.BPM12L3.x_BR3.DHZ14L1 equality     .          237.27     1.98772e-01 >
137 R_BR3.BPM12L3.x_BR3.DHZ8L1 equality     .          236.62     5.57535e-01 >
138 R_BR3.BPM12L3.x_BR3.DHZ9L1 equality     .          234.67    -3.26868e-01 >
139 R_BR3.BPM12L3.x_BR3.DVT12L4 equality     .          236.69     1.17254e-01 >
140 R_BR3.BPM12L3.x_BR3.DVT13L4 equality     .          234.68    -9.08422e-02 >
141 R_BR3.BPM12L3.x_BR3.DVT2L4 equality     .          235.06    -1.23555e-02 >
142 R_BR3.BPM12L3.x_BR3.DVT6L4 equality     .          233.75    -1.87195e-01 >
143 R_BR3.BPM12L3.x_BR3.DVT8L1 equality     .          234.41     1.15402e-01 >
144 R_BR3.BPM12L3.x_BR3.DVT9L1 equality     .          236.74    -2.77267e-02 >
145 R_BR3.BPM13L3.x_BR3.DHZ11L4 equality     .          284.54     7.92922e-01 >
146 R_BR3.BPM13L3.x_BR3.DHZ12L4 equality     .          283.04     1.29561e-01 >
147 R_BR3.BPM13L3.x_BR3.DHZ13L4 equality     .          295.14     7.84077e-01 >
148 R_BR3.BPM13L3.x_BR3.DHZ14L1 equality     .          296.29     6.25685e-01 >
149 R_BR3.BPM13L3.x_BR3.DHZ8L1 equality     .          287.88     2.91809e-01 >
150 R_BR3.BPM13L3.x_BR3.DHZ9L1 equality     .          287.07    -2.38810e-01 >
151 R_BR3.BPM13L3.x_BR3.DVT12L4 equality     .          295.01     2.19377e-01 >
152 R_BR3.BPM13L3.x_BR3.DVT13L4 equality     .          294.7      1.27726e-01 >
153 R_BR3.BPM13L3.x_BR3.DVT2L4 equality     .          290.68    -6.91700e-02 >
154 R_BR3.BPM13L3.x_BR3.DVT6L4 equality     .          289.47    -2.75514e-01 >
155 R_BR3.BPM13L3.x_BR3.DVT8L1 equality     .          289.76    -1.34934e-01 >
156 R_BR3.BPM13L3.x_BR3.DVT9L1 equality     .          288.72     1.09594e-01 >
157 R_BR3.BPM14L3.x_BR3.DHZ11L4 equality     .          211.88     8.25457e-01 >
158 R_BR3.BPM14L3.x_BR3.DHZ12L4 equality     .          207.85     1.56464e-02 >
159 R_BR3.BPM14L3.x_BR3.DHZ13L4 equality     .          214.17     7.02639e-01 >
160 R_BR3.BPM14L3.x_BR3.DHZ14L1 equality     .          214.94     9.59123e-01 >
161 R_BR3.BPM14L3.x_BR3.DHZ8L1 equality     .          211.23     5.28181e-01 >
162 R_BR3.BPM14L3.x_BR3.DHZ9L1 equality     .          213.35    -5.40030e-01 >
163 R_BR3.BPM14L3.x_BR3.DVT12L4 equality     .          215.96     1.73996e-03 >
164 R_BR3.BPM14L3.x_BR3.DVT13L4 equality     .          216.13     8.79755e-02 >
165 R_BR3.BPM14L3.x_BR3.DVT2L4 equality     .          214.73     9.19605e-02 >
166 R_BR3.BPM14L3.x_BR3.DVT6L4 equality     .          212.35    -1.16475e-01 >
167 R_BR3.BPM14L3.x_BR3.DVT8L1 equality     .          214.2     -1.58932e-01 >
168 R_BR3.BPM14L3.x_BR3.DVT9L1 equality     .          213.82    -1.12509e-01 >
169 R_BR3.BPM15L3.x_BR3.DHZ11L4 equality     .          318.35     4.56147e-02 >
170 R_BR3.BPM15L3.x_BR3.DHZ12L4 equality     .          313.72     4.19218e-01 >
171 R_BR3.BPM15L3.x_BR3.DHZ13L4 equality     .          311.6      8.65802e-01 >
172 R_BR3.BPM15L3.x_BR3.DHZ14L1 equality     .          314.3      6.19114e-01 >
173 R_BR3.BPM15L3.x_BR3.DHZ8L1 equality     .          319.14     7.34059e-01 >
174 R_BR3.BPM15L3.x_BR3.DHZ9L1 equality     .          317.1      3.00102e-02 >
175 R_BR3.BPM15L3.x_BR3.DVT12L4 equality     .          319.08     7.83962e-02 >
176 R_BR3.BPM15L3.x_BR3.DVT13L4 equality     .          317.35    -2.67885e-01 >
177 R_BR3.BPM15L3.x_BR3.DVT2L4 equality     .          321.05     9.57567e-02 >
178 R_BR3.BPM15L3.x_BR3.DVT6L4 equality     .          317.16    -8.71628e-02 >
179 R_BR3.BPM15L3.x_BR3.DVT8L1 equality     .          319.06     1.19419e-01 >
180 R_BR3.BPM15L3.x_BR3.DVT9L1 equality     .          318.75    -1.64569e-01 >
181 R_BR3.BPM16L3.x_BR3.DHZ11L4 equality     .          342.42     1.11096e-01 >
182 R_BR3.BPM16L3.x_BR3.DHZ12L4 equality     .          334.06     1.15240e-01 >
183 R_BR3.BPM16L3.x_BR3.DHZ13L4 equality     .          334.87     5.36535e-01 >
184 R_BR3.BPM16L3.x_BR3.DHZ14L1 equality     .          338.52    -3.32103e-01 >
185 R_BR3.BPM16L3.x_BR3.DHZ8L1 equality     .          344.05     4.32647e-01 >
186 R_BR3.BPM16L3.x_BR3.DHZ9L1 equality     .          340.3     -7.70254e-03 >
187 R_BR3.BPM16L3.x_BR3.DVT12L4 equality     .          331.51     1.96579e-01 >
188 R_BR3.BPM16L3.x_BR3.DVT13L4 equality     .          328.25    -1.92224e-01 >
189 R_BR3.BPM16L3.x_BR3.DVT2L4 equality     .          328.51     4.78686e-03 >
190 R_BR3.BPM16L3.x_BR3.DVT6L4 equality     .          324.17    -1.93334e-01 >
191 R_BR3.BPM16L3.x_BR3.DVT8L1 equality     .          330.87     1.13283e-01 >
192 R_BR3.BPM16L3.x_BR3.DVT9L1 equality     .          325.91    -1.19347e-02 >
193 R_BR3.BPM1L3.y_BR3.DHZ11L4 equality     .          266.76    -1.34489e-01 >
194 R_BR3.BPM1L3.y_BR3.DHZ12L4 equality     .          260.64     3.19564e-02 >
195 R_BR3.BPM1L3.y_BR3.DHZ13L4 equality     .          257.56     2.06820e-01 >
196 R_BR3.BPM1L3.y_BR3.DHZ14L1 equality     .          261.21     1.34444e-01 >
197 R_BR3.BPM1L3.y_BR3.DHZ8L1 equality     .          261.57    -1.34300e-01 >
198 R_BR3.BPM1L3.y_BR3.DHZ9L1 equality     .          258.89     9.85421e-02 >
199 R_BR3.BPM1L3.y_BR3.DVT12L4 equality     .          257.37    -6.04818e-02 >
200 R_BR3.BPM1L3.y_BR3.DVT13L4 equality     .          251.9     -1.61905e-01 >
201 R_BR3.BPM1L3.y_BR3.DVT2L4 equality     .          254.71     9.49465e-03 >
202 R_BR3.BPM1L3.y_BR3.DVT6L4 equality     .          255.63    -5.30332e-05 >
203 R_BR3.BPM1L3.y_BR3.DVT8L1 equality     .          254.03     1.03658e-01 >
204 R_BR3.BPM1L3.y_BR3.DVT9L1 equality     .          254.93    -1.11456e-01 >
205 R_BR3.BPM2L3.y_BR3.DHZ11L4 equality     .          192.49     4.87052e-02 >
206 R_BR3.BPM2L3.y_BR3.DHZ12L4 equality     .          194.16    -5.44676e-02 >
207 R_BR3.BPM2L3.y_BR3.DHZ13L4 equality     .          193.89     1.81905e-02 >
208 R_BR3.BPM2L3.y_BR3.DHZ14L1 equality     .          196.5      5.87019e-02 >
209 R_BR3.BPM2L3.y_BR3.DHZ8L1 equality     .          198.33     3.30243e-02 >
210 R_BR3.BPM2L3.y_BR3.DHZ9L1 equality     .          194.55    -6.84219e-02 >
211 R_BR3.BPM2L3.y_BR3.DVT12L4 equality     .          194.45    -1.04691e-02 >
212 R_BR3.BPM2L3.y_BR3.DVT13L4 equality     .          196.88     2.41948e-01 >
213 R_BR3.BPM2L3.y_BR3.DVT2L4 equality     .          196.4      5.61378e-02 >
214 R_BR3.BPM2L3.y_BR3.DVT6L4 equality     .          194.13     6.29765e-02 >
215 R_BR3.BPM2L3.y_BR3.DVT8L1 equality     .          197.65    -6.42126e-02 >
216 R_BR3.BPM2L3.y_BR3.DVT9L1 equality     .          200.1     -4.27984e-01 >
217 R_BR3.BPM3L3.y_BR3.DHZ11L4 equality     .          309.2      1.70471e-01 >
218 R_BR3.BPM3L3.y_BR3.DHZ12L4 equality     .          305        1.57834e-02 >
219 R_BR3.BPM3L3.y_BR3.DHZ13L4 equality     .          308.48    -2.32977e-01 >
220 R_BR3.BPM3L3.y_BR3.DHZ14L1 equality     .          311.75    -1.94110e-01 >
221 R_BR3.BPM3L3.y_BR3.DHZ8L1 equality     .          311.9      1.94813e-01 >
222 R_BR3.BPM3L3.y_BR3.DHZ9L1 equality     .          308.65    -4.39748e-02 >
223 R_BR3.BPM3L3.y_BR3.DVT12L4 equality     .          303.54    -3.54768e-02 >
224 R_BR3.BPM3L3.y_BR3.DVT13L4 equality     .          302.47    -5.58133e-02 >
225 R_BR3.BPM3L3.y_BR3.DVT2L4 equality     .          306.06     2.13330e-01 >
226 R_BR3.BPM3L3.y_BR3.DVT6L4 equality     .          306.1     -4.50777e-02 >
227 R_BR3.BPM3L3.y_BR3.DVT8L1 equality     .          305.71     1.96089e-02 >
228 R_BR3.BPM3L3.y_BR3.DVT9L1 equality     .          306.93     1.03549e-01 >
229 R_BR3.BPM4L3.y_BR3.DHZ11L4 equality     .          209.92    -1.01944e-01 >
230 R_BR3.BPM4L3.y_BR3.DHZ12L4 equality     .          208.08     4.28787e-03 >
231 R_BR3.BPM4L3.y_BR3.DHZ13L4 equality     .          209.11    -4.81482e-02 >
232 R_BR3.BPM4L3.y_BR3.DHZ14L1 equality     .          211.85    -8.17491e-02 >
233 R_BR3.BPM4L3.y_BR3.DHZ8L1 equality     .          210.02    -7.20428e-02 >
234 R_BR3.BPM4L3.y_BR3.DHZ9L1 equality     .          210.52     4.31067e-02 >
235 R_BR3.BPM4L3.y_BR3.DVT12L4 equality     .          211.43    -6.78206e-01 >
236 R_BR3.BPM4L3.y_BR3.DVT13L4 equality     .          206.83    -1.01180e-02 >
237 R_BR3.BPM4L3.y_BR3.DVT2L4 equality     .          207.62     5.06392e-01 >
238 R_BR3.BPM4L3.y_BR3.DVT6L4 equality     .          207.22     6.43937e-01 >
239 R_BR3.BPM4L3.y_BR3.DVT8L1 equality     .          209.27    -1.27642e-01 >
240 R_BR3.BPM4L3.y_BR3.DVT9L1 equality     .          205.48    -6.09811e-04 >
241 R_BR3.BPM5L3.y_BR3.DHZ11L4 equality     .          300.59    -1.88128e-01 >
242 R_BR3.BPM5L3.y_BR3.DHZ12L4 equality     .          297.16    -7.49841e-03 >
243 R_BR3.BPM5L3.y_BR3.DHZ13L4 equality     .          299.71     2.18642e-01 >
244 R_BR3.BPM5L3.y_BR3.DHZ14L1 equality     .          302.59     1.53308e-01 >
245 R_BR3.BPM5L3.y_BR3.DHZ8L1 equality     .          301.54    -1.95779e-01 >
246 R_BR3.BPM5L3.y_BR3.DHZ9L1 equality     .          301.97     6.30898e-02 >
247 R_BR3.BPM5L3.y_BR3.DVT12L4 equality     .          300.71    -4.86755e-03 >
248 R_BR3.BPM5L3.y_BR3.DVT13L4 equality     .          292.52     1.75976e-01 >
249 R_BR3.BPM5L3.y_BR3.DVT2L4 equality     .          294.96    -1.76164e-01 >
250 R_BR3.BPM5L3.y_BR3.DVT6L4 equality     .          295.26     1.47698e-01 >
251 R_BR3.BPM5L3.y_BR3.DVT8L1 equality     .          295.51    -6.11417e-02 >
252 R_BR3.BPM5L3.y_BR3.DVT9L1 equality     .          300.71    -1.92451e-01 >
253 R_BR3.BPM6L3.y_BR3.DHZ11L4 equality     .          205.66     1.21343e-01 >
254 R_BR3.BPM6L3.y_BR3.DHZ12L4 equality     .          201.86     1.50861e-02 >
255 R_BR3.BPM6L3.y_BR3.DHZ13L4 equality     .          204.39     1.05564e-02 >
256 R_BR3.BPM6L3.y_BR3.DHZ14L1 equality     .          206.14    -3.51600e-02 >
257 R_BR3.BPM6L3.y_BR3.DHZ8L1 equality     .          205.51     1.43961e-01 >
258 R_BR3.BPM6L3.y_BR3.DHZ9L1 equality     .          205.6     -4.68211e-02 >
259 R_BR3.BPM6L3.y_BR3.DVT12L4 equality     .          203.95     6.24624e-01 >
260 R_BR3.BPM6L3.y_BR3.DVT13L4 equality     .          204.5     -5.66615e-02 >
261 R_BR3.BPM6L3.y_BR3.DVT2L4 equality     .          201.85    -3.97318e-01 >
262 R_BR3.BPM6L3.y_BR3.DVT6L4 equality     .          201.08    -5.92927e-01 >
263 R_BR3.BPM6L3.y_BR3.DVT8L1 equality     .          205.4      1.43488e-01 >
264 R_BR3.BPM6L3.y_BR3.DVT9L1 equality     .          202.55    -5.37733e-02 >
265 R_BR3.BPM7L3.y_BR3.DHZ11L4 equality     .          247.51     2.04508e-01 >
266 R_BR3.BPM7L3.y_BR3.DHZ12L4 equality     .          239.62     4.92764e-02 >
267 R_BR3.BPM7L3.y_BR3.DHZ13L4 equality     .          243.43    -2.49969e-01 >
268 R_BR3.BPM7L3.y_BR3.DHZ14L1 equality     .          246.98    -1.87809e-01 >
269 R_BR3.BPM7L3.y_BR3.DHZ8L1 equality     .          246.56     2.30535e-01 >
270 R_BR3.BPM7L3.y_BR3.DHZ9L1 equality     .          246.83    -2.86576e-02 >
271 R_BR3.BPM7L3.y_BR3.DVT12L4 equality     .          249.31    -2.44963e-01 >
272 R_BR3.BPM7L3.y_BR3.DVT13L4 equality     .          250.81     1.64649e-01 >
273 R_BR3.BPM7L3.y_BR3.DVT2L4 equality     .          247.33     1.23618e-01 >
274 R_BR3.BPM7L3.y_BR3.DVT6L4 equality     .          247.73    -4.13287e-02 >
275 R_BR3.BPM7L3.y_BR3.DVT8L1 equality     .          247.99    -1.87375e-01 >
276 R_BR3.BPM7L3.y_BR3.DVT9L1 equality     .          243.93     1.71024e-01 >
277 R_BR3.BPM8L3.y_BR3.DHZ11L4 equality     .          310.08    -2.20505e-02 >
278 R_BR3.BPM8L3.y_BR3.DHZ12L4 equality     .          307.13     5.07886e-02 >
279 R_BR3.BPM8L3.y_BR3.DHZ13L4 equality     .          303.82    -1.02821e-01 >
280 R_BR3.BPM8L3.y_BR3.DHZ14L1 equality     .          311.28    -1.46651e-01 >
281 R_BR3.BPM8L3.y_BR3.DHZ8L1 equality     .          310.24     2.79232e-03 >
282 R_BR3.BPM8L3.y_BR3.DHZ9L1 equality     .          307.43     5.75751e-02 >
283 R_BR3.BPM8L3.y_BR3.DVT12L4 equality     .          310.09     1.64562e-01 >
284 R_BR3.BPM8L3.y_BR3.DVT13L4 equality     .          305.78     4.52342e-02 >
285 R_BR3.BPM8L3.y_BR3.DVT2L4 equality     .          308.97    -3.23026e-01 >
286 R_BR3.BPM8L3.y_BR3.DVT6L4 equality     .          299.52     6.52555e-02 >
287 R_BR3.BPM8L3.y_BR3.DVT8L1 equality     .          305.11     3.94759e-01 >
288 R_BR3.BPM8L3.y_BR3.DVT9L1 equality     .          307.07     4.67990e-01 >
289 R_BR3.BPM9L3.y_BR3.DHZ11L4 equality     .          334.71    -1.73276e-01 >
290 R_BR3.BPM9L3.y_BR3.DHZ12L4 equality     .          333.16    -6.18818e-04 >
291 R_BR3.BPM9L3.y_BR3.DHZ13L4 equality     .          334.6      2.19548e-01 >
292 R_BR3.BPM9L3.y_BR3.DHZ14L1 equality     .          340.73     1.62640e-01 >
293 R_BR3.BPM9L3.y_BR3.DHZ8L1 equality     .          335.94    -1.01454e-01 >
294 R_BR3.BPM9L3.y_BR3.DHZ9L1 equality     .          337.78     4.88413e-02 >
295 R_BR3.BPM9L3.y_BR3.DVT12L4 equality     .          331.03    -3.77923e-01 >
296 R_BR3.BPM9L3.y_BR3.DVT13L4 equality     .          338.49     1.72659e-01 >
297 R_BR3.BPM9L3.y_BR3.DVT2L4 equality     .          333.32     1.21886e-01 >
298 R_BR3.BPM9L3.y_BR3.DVT6L4 equality     .          330.97     3.83130e-02 >
299 R_BR3.BPM9L3.y_BR3.DVT8L1 equality     .          333.05    -6.65199e-02 >
300 R_BR3.BPM9L3.y_BR3.DVT9L1 equality     .          335.65     1.65135e-01 >
301 R_BR3.BPM10L3.y_BR3.DHZ11L4 equality     .          366.2      1.12704e-01 >
302 R_BR3.BPM10L3.y_BR3.DHZ12L4 equality     .          362.07    -6.54695e-02 >
303 R_BR3.BPM10L3.y_BR3.DHZ13L4 equality     .          361.04    -4.92271e-02 >
304 R_BR3.BPM10L3.y_BR3.DHZ14L1 equality     .          363.5      3.18223e-02 >
305 R_BR3.BPM10L3.y_BR3.DHZ8L1 equality     .          368.96    -1.26698e-02 >
306 R_BR3.BPM10L3.y_BR3.DHZ9L1 equality     .          364.84    -1.14716e-01 >
307 R_BR3.BPM10L3.y_BR3.DVT12L4 equality     .          359.34    -7.20722e-03 >
308 R_BR3.BPM10L3.y_BR3.DVT13L4 equality     .          360.65    -1.74257e-01 >
309 R_BR3.BPM10L3.y_BR3.DVT2L4 equality     .          355.51     2.45252e-01 >
310 R_BR3.BPM10L3.y_BR3.DVT6L4 equality     .          356.1     -3.87373e-02 >
311 R_BR3.BPM10L3.y_BR3.DVT8L1 equality     .          360.02    -3.41519e-01 >
312 R_BR3.BPM10L3.y_BR3.DVT9L1 equality     .          366.4      6.64679e-04 >
313 R_BR3.BPM11L3.y_BR3.DHZ11L4 equality     .          318.42     1.64786e-01 >
314 R_BR3.BPM11L3.y_BR3.DHZ12L4 equality     .          312.53     7.60877e-02 >
315 R_BR3.BPM11L3.y_BR3.DHZ13L4 equality     .          314.15    -2.46510e-01 >
316 R_BR3.BPM11L3.y_BR3.DHZ14L1 equality     .          319.85    -2.09922e-01 >
317 R_BR3.BPM11L3.y_BR3.DHZ8L1 equality     .          318.13     1.49435e-01 >
318 R_BR3.BPM11L3.y_BR3.DHZ9L1 equality     .          314.86    -3.98908e-02 >
319 R_BR3.BPM11L3.y_BR3.DVT12L4 equality     .          318.32    -3.57570e-02 >
320 R_BR3.BPM11L3.y_BR3.DVT13L4 equality     .          319.64     5.01426e-02 >
321 R_BR3.BPM11L3.y_BR3.DVT2L4 equality     .          314.09     2.63539e-02 >
322 R_BR3.BPM11L3.y_BR3.DVT6L4 equality     .          315.65     3.39211e-02 >
323 R_BR3.BPM11L3.y_BR3.DVT8L1 equality     .          313.99    -1.36142e-01 >
324 R_BR3.BPM11L3.y_BR3.DVT9L1 equality     .          319.49    -4.11028e-02 >
325 R_BR3.BPM12L3.y_BR3.DHZ11L4 equality     .          231.29    -3.66136e-02 >
326 R_BR3.BPM12L3.y_BR3.DHZ12L4 equality     .          228.92     7.34919e-02 >
327 R_BR3.BPM12L3.y_BR3.DHZ13L4 equality     .          229.14    -4.36867e-02 >
328 R_BR3.BPM12L3.y_BR3.DHZ14L1 equality     .          230.81    -8.16335e-02 >
329 R_BR3.BPM12L3.y_BR3.DHZ8L1 equality     .          232.09    -6.48904e-03 >
330 R_BR3.BPM12L3.y_BR3.DHZ9L1 equality     .          230.3      2.14194e-03 >
331 R_BR3.BPM12L3.y_BR3.DVT12L4 equality     .          232.44    -4.81691e-01 >
332 R_BR3.BPM12L3.y_BR3.DVT13L4 equality     .          232.5      2.97886e-01 >
333 R_BR3.BPM12L3.y_BR3.DVT2L4 equality     .          232.86     1.29592e-01 >
334 R_BR3.BPM12L3.y_BR3.DVT6L4 equality     .          233.21     3.16683e-01 >
335 R_BR3.BPM12L3.y_BR3.DVT8L1 equality     .          234.5      5.23631e-02 >
336 R_BR3.BPM12L3.y_BR3.DVT9L1 equality     .          232.15     7.60655e-02 >
337 R_BR3.BPM13L3.y_BR3.DHZ11L4 equality     .          318.63    -1.09314e-01 >
338 R_BR3.BPM13L3.y_BR3.DHZ12L4 equality     .          312.27    -1.23164e-02 >
339 R_BR3.BPM13L3.y_BR3.DHZ13L4 equality     .          312.67     2.35987e-01 >
340 R_BR3.BPM13L3.y_BR3.DHZ14L1 equality     .          317.13     1.99388e-01 >
341 R_BR3.BPM13L3.y_BR3.DHZ8L1 equality     .          317.01    -1.20333e-01 >
342 R_BR3.BPM13L3.y_BR3.DHZ9L1 equality     .          315.47     4.66164e-02 >
343 R_BR3.BPM13L3.y_BR3.DVT12L4 equality     .          316.17     7.15875e-02 >
344 R_BR3.BPM13L3.y_BR3.DVT13L4 equality     .          317.1      8.55611e-02 >
345 R_BR3.BPM13L3.y_BR3.DVT2L4 equality     .          315.8      8.92596e-02 >
346 R_BR3.BPM13L3.y_BR3.DVT6L4 equality     .          313.76    -1.26382e-02 >
347 R_BR3.BPM13L3.y_BR3.DVT8L1 equality     .          317.44     1.66785e-02 >
348 R_BR3.BPM13L3.y_BR3.DVT9L1 equality     .          320.26     1.15860e-01 >
349 R_BR3.BPM14L3.y_BR3.DHZ11L4 equality     .          244.36     1.94042e-02 >
350 R_BR3.BPM14L3.y_BR3.DHZ12L4 equality     .          241.74    -6.84268e-02 >
351 R_BR3.BPM14L3.y_BR3.DHZ13L4 equality     .          243.26     5.26208e-02 >
352 R_BR3.BPM14L3.y_BR3.DHZ14L1 equality     .          243.34     5.96911e-02 >
353 R_BR3.BPM14L3.y_BR3.DHZ8L1 equality     .          247.99     3.33053e-03 >
354 R_BR3.BPM14L3.y_BR3.DHZ9L1 equality     .          245.6     -8.09632e-02 >
355 R_BR3.BPM14L3.y_BR3.DVT12L4 equality     .          243.73     9.38621e-02 >
356 R_BR3.BPM14L3.y_BR3.DVT13L4 equality     .          242.56     3.29914e-01 >
357 R_BR3.BPM14L3.y_BR3.DVT2L4 equality     .          244.08     7.26211e-02 >
358 R_BR3.BPM14L3.y_BR3.DVT6L4 equality     .          243.53     3.40245e-02 >
359 R_BR3.BPM14L3.y_BR3.DVT8L1 equality     .          244.77    -8.52277e-02 >
360 R_BR3.BPM14L3.y_BR3.DVT9L1 equality     .          247.1     -3.29241e-01 >
361 R_BR3.BPM15L3.y_BR3.DHZ11L4 equality     .          335.46     1.18899e-01 >
362 R_BR3.BPM15L3.y_BR3.DHZ12L4 equality     .          332.49     5.74099e-02 >
363 R_BR3.BPM15L3.y_BR3.DHZ13L4 equality     .          333.02    -2.31557e-01 >
364 R_BR3.BPM15L3.y_BR3.DHZ14L1 equality     .          339.6     -1.94514e-01 >
365 R_BR3.BPM15L3.y_BR3.DHZ8L1 equality     .          337.23     1.32485e-01 >
366 R_BR3.BPM15L3.y_BR3.DHZ9L1 equality     .          334.2     -4.32532e-03 >
367 R_BR3.BPM15L3.y_BR3.DVT12L4 equality     .          335.53    -6.69414e-02 >
368 R_BR3.BPM15L3.y_BR3.DVT13L4 equality     .          332.18    -3.71911e-02 >
369 R_BR3.BPM15L3.y_BR3.DVT2L4 equality     .          339.47    -1.49524e-01 >
370 R_BR3.BPM15L3.y_BR3.DVT6L4 equality     .          334.11     6.38495e-04 >
371 R_BR3.BPM15L3.y_BR3.DVT8L1 equality     .          336.51     5.11514e-02 >
372 R_BR3.BPM15L3.y_BR3.DVT9L1 equality     .          337.85    -6.53086e-02 >
373 R_BR3.BPM16L3.y_BR3.DHZ11L4 equality     .          372.29     5.23241e-03 >
374 R_BR3.BPM16L3.y_BR3.DHZ12L4 equality     .          365.67     3.00430e-02 >
375 R_BR3.BPM16L3.y_BR3.DHZ13L4 equality     .          365.5     -7.14475e-02 >
376 R_BR3.BPM16L3.y_BR3.DHZ14L1 equality     .          370.71    -8.42793e-02 >
377 R_BR3.BPM16L3.y_BR3.DHZ8L1 equality     .          372.15    -2.02848e-03 >
378 R_BR3.BPM16L3.y_BR3.DHZ9L1 equality     .          370.13     5.32161e-02 >
379 R_BR3.BPM16L3.y_BR3.DVT12L4 equality     .          366.81     2.35591e-02 >
380 R_BR3.BPM16L3.y_BR3.DVT13L4 equality     .          365.16    -2.05638e-01 >
381 R_BR3.BPM16L3.y_BR3.DVT2L4 equality     .          366.91    -3.27432e-02 >
382 R_BR3.BPM16L3.y_BR3.DVT6L4 equality     .          366.38    -5.80200e-02 >
383 R_BR3.BPM16L3.y_BR3.DVT8L1 equality     .          363.83     3.91012e-02 >
384 R_BR3.BPM16L3.y_BR3.DVT9L1 equality     .          368.51     4.22477e-01 >

 Variables                  Curr. Value  Curr. Step   Lower Limit  Upper Limit
--------------------------------------------------------------------------------
 1 BR.QFOCELL1.dk1l         4.48426e-03  1.74059e-05   .            .         
 2 BR.QDE1.dk1l            -3.31249e-03 -1.58582e-05   .            .         
 3 BR.QFOCELL2.dk1l         1.57762e-03  2.47012e-05   .            .         
 4 BR.QDE2.dk1l            -1.93750e-03 -2.27923e-05   .            .         
 5 BR.QFOCELL3.dk1l        -9.95757e-03 -3.60186e-05   .            .         
 6 BR.QDE3.dk1l             7.70994e-03  3.32325e-05   .            .         
 7 BR.QFOCELL4.dk1l         1.95687e-03 -5.74178e-05   .            .         
 8 BR.QDE4.dk1l            -2.42154e-03  5.23348e-05   .            .         
 9 BR.QFOCELL5.dk1l         1.68086e-02  1.51966e-04   .            .         
10 BR.QDE5.dk1l            -1.61950e-02 -1.35905e-04   .            .         
11 BR.QFOCELL6.dk1l        -7.01152e-03  1.87464e-05   .            .         
12 BR.QDE6.dk1l             8.06221e-03 -1.67617e-05   .            .         
13 BR.QFOCELL7.dk1l        -6.45653e-03 -1.64028e-04   .            .         
14 BR.QDE7.dk1l             6.93688e-03  1.51863e-04   .            .         
15 BR.QFOCELL8.dk1l         2.00312e-02  7.02836e-05   .            .         
16 BR.QDE8.dk1l            -2.09424e-02 -6.25024e-05   .            .         
17 BR.QFOCELL9.dk1l         1.47100e-02  1.39241e-04   .            .         
18 BR.QDE9.dk1l            -1.46024e-02 -1.25214e-04   .            .         
19 BR.QFOCELL10.dk1l       -1.37544e-02 -6.56982e-05   .            .         
20 BR.QDE10.dk1l            1.47744e-02  6.01681e-05   .            .         
21 BR.QFOCELL11.dk1l       -6.91562e-03 -8.30897e-05   .            .         
22 BR.QDE11.dk1l            4.78114e-03  7.67682e-05   .            .         
23 BR.QFOCELL12.dk1l        1.33334e-03 -1.85841e-05   .            .         
24 BR.QDE12.dk1l           -1.98922e-03  1.83197e-05   .            .         
25 BR.QFOCELL13.dk1l        1.95354e-02 -1.10277e-06   .            .         
26 BR.QDE13.dk1l           -2.00602e-02  1.61519e-06   .            .         
27 BR.QFOCELL14.dk1l        8.78569e-03  6.61100e-06   .            .         
28 BR.QDE14.dk1l           -8.98897e-03 -6.19379e-06   .            .         
29 BR.QFOCELL15.dk1l       -1.43721e-02 -5.20261e-06   .            .         
30 BR.QDE15.dk1l            1.31852e-02  4.20502e-06   .            .         
31 BR.QFOCELL16.dk1l       -3.06285e-03 -5.78373e-06   .            .         
32 BR.QDE16.dk1l            4.23916e-03  5.32072e-06   .            .         

ncall=166 [4.2s], fval=2.84093e-01, fstp=-1.58185e-06, ccnt=384.


 Constraints                Type        Kind        Weight     Expr. Value
------------------------------------------------------------------------------
 1 R_BR3.BPM1L3.x_BR3.DHZ11L4 equality     .          256.16     5.75874e-01 >
 2 R_BR3.BPM1L3.x_BR3.DHZ12L4 equality     .          254.23     2.31786e-01 >
 3 R_BR3.BPM1L3.x_BR3.DHZ13L4 equality     .          253.59     7.91117e-01 >
 4 R_BR3.BPM1L3.x_BR3.DHZ14L1 equality     .          255.58     1.86407e-01 >
 5 R_BR3.BPM1L3.x_BR3.DHZ8L1 equality     .          251.17     4.30367e-02 >
 6 R_BR3.BPM1L3.x_BR3.DHZ9L1 equality     .          249.93    -1.11629e-01 >
 7 R_BR3.BPM1L3.x_BR3.DVT12L4 equality     .          260.4      1.33846e-01 >
 8 R_BR3.BPM1L3.x_BR3.DVT13L4 equality     .          256.07     1.19138e-01 >
 9 R_BR3.BPM1L3.x_BR3.DVT2L4 equality     .          252.75    -7.51863e-02 >
10 R_BR3.BPM1L3.x_BR3.DVT6L4 equality     .          253.38    -2.88300e-01 >
11 R_BR3.BPM1L3.x_BR3.DVT8L1 equality     .          254.19    -1.68381e-01 >
12 R_BR3.BPM1L3.x_BR3.DVT9L1 equality     .          254.31     3.19600e-02 >
13 R_BR3.BPM2L3.x_BR3.DHZ11L4 equality     .          156.29     3.64748e-01 >
14 R_BR3.BPM2L3.x_BR3.DHZ12L4 equality     .          154.4      4.53978e-01 >
15 R_BR3.BPM2L3.x_BR3.DHZ13L4 equality     .          157.12     1.12542e+00 >
16 R_BR3.BPM2L3.x_BR3.DHZ14L1 equality     .          159.5      1.16098e+00 >
17 R_BR3.BPM2L3.x_BR3.DHZ8L1 equality     .          158.32     3.21269e-01 >
18 R_BR3.BPM2L3.x_BR3.DHZ9L1 equality     .          156.91    -4.29322e-02 >
19 R_BR3.BPM2L3.x_BR3.DVT12L4 equality     .          159.11     5.89680e-02 >
20 R_BR3.BPM2L3.x_BR3.DVT13L4 equality     .          156.02    -1.46874e-02 >
21 R_BR3.BPM2L3.x_BR3.DVT2L4 equality     .          155.44     4.40325e-02 >
22 R_BR3.BPM2L3.x_BR3.DVT6L4 equality     .          156.47    -2.01516e-01 >
23 R_BR3.BPM2L3.x_BR3.DVT8L1 equality     .          156.24    -1.53125e-01 >
24 R_BR3.BPM2L3.x_BR3.DVT9L1 equality     .          155.22    -1.29191e-01 >
25 R_BR3.BPM3L3.x_BR3.DHZ11L4 equality     .          311.6      4.80663e-01 >
26 R_BR3.BPM3L3.x_BR3.DHZ12L4 equality     .          303.14    -1.67518e-02 >
27 R_BR3.BPM3L3.x_BR3.DHZ13L4 equality     .          303.16     3.35547e-01 >
28 R_BR3.BPM3L3.x_BR3.DHZ14L1 equality     .          306.57     2.45638e-01 >
29 R_BR3.BPM3L3.x_BR3.DHZ8L1 equality     .          308.71     1.03713e+00 >
30 R_BR3.BPM3L3.x_BR3.DHZ9L1 equality     .          305.32    -3.68435e-01 >
31 R_BR3.BPM3L3.x_BR3.DVT12L4 equality     .          304.68     6.63668e-02 >
32 R_BR3.BPM3L3.x_BR3.DVT13L4 equality     .          312.53    -2.50907e-01 >
33 R_BR3.BPM3L3.x_BR3.DVT2L4 equality     .          311.04     1.93206e-01 >
34 R_BR3.BPM3L3.x_BR3.DVT6L4 equality     .          308.23    -7.72096e-02 >
35 R_BR3.BPM3L3.x_BR3.DVT8L1 equality     .          308.71     8.73367e-02 >
36 R_BR3.BPM3L3.x_BR3.DVT9L1 equality     .          309.48    -1.54885e-01 >
37 R_BR3.BPM4L3.x_BR3.DHZ11L4 equality     .          198.58     3.38690e-01 >
38 R_BR3.BPM4L3.x_BR3.DHZ12L4 equality     .          201.04    -2.13645e-01 >
39 R_BR3.BPM4L3.x_BR3.DHZ13L4 equality     .          202.09     4.59051e-01 >
40 R_BR3.BPM4L3.x_BR3.DHZ14L1 equality     .          202.92    -3.36066e-01 >
41 R_BR3.BPM4L3.x_BR3.DHZ8L1 equality     .          201.17     4.34869e-01 >
42 R_BR3.BPM4L3.x_BR3.DHZ9L1 equality     .          200.74    -3.82330e-01 >
43 R_BR3.BPM4L3.x_BR3.DVT12L4 equality     .          199.05     1.75697e-01 >
44 R_BR3.BPM4L3.x_BR3.DVT13L4 equality     .          197.95    -1.51989e-01 >
45 R_BR3.BPM4L3.x_BR3.DVT2L4 equality     .          197.23     1.20178e-02 >
46 R_BR3.BPM4L3.x_BR3.DVT6L4 equality     .          195.97    -2.01469e-01 >
47 R_BR3.BPM4L3.x_BR3.DVT8L1 equality     .          198.39     6.94139e-02 >
48 R_BR3.BPM4L3.x_BR3.DVT9L1 equality     .          195.38    -7.38872e-02 >
49 R_BR3.BPM5L3.x_BR3.DHZ11L4 equality     .          323.52     6.47819e-01 >
50 R_BR3.BPM5L3.x_BR3.DHZ12L4 equality     .          321.44     1.31805e-01 >
51 R_BR3.BPM5L3.x_BR3.DHZ13L4 equality     .          331.9      8.22715e-01 >
52 R_BR3.BPM5L3.x_BR3.DHZ14L1 equality     .          329.01     4.27211e-01 >
53 R_BR3.BPM5L3.x_BR3.DHZ8L1 equality     .          324.43     4.01079e-02 >
54 R_BR3.BPM5L3.x_BR3.DHZ9L1 equality     .          326.34    -2.26626e-01 >
55 R_BR3.BPM5L3.x_BR3.DVT12L4 equality     .          337.83     1.23225e-01 >
56 R_BR3.BPM5L3.x_BR3.DVT13L4 equality     .          337.83     1.22047e-01 >
57 R_BR3.BPM5L3.x_BR3.DVT2L4 equality     .          328.25    -1.18266e-01 >
58 R_BR3.BPM5L3.x_BR3.DVT6L4 equality     .          332.41    -2.74402e-01 >
59 R_BR3.BPM5L3.x_BR3.DVT8L1 equality     .          331.07    -1.59934e-01 >
60 R_BR3.BPM5L3.x_BR3.DVT9L1 equality     .          327.95     1.49113e-02 >
61 R_BR3.BPM6L3.x_BR3.DHZ11L4 equality     .          199.06     5.98739e-01 >
62 R_BR3.BPM6L3.x_BR3.DHZ12L4 equality     .          197.02     4.40681e-01 >
63 R_BR3.BPM6L3.x_BR3.DHZ13L4 equality     .          203.36     7.95315e-01 >
64 R_BR3.BPM6L3.x_BR3.DHZ14L1 equality     .          200.11     8.95048e-01 >
65 R_BR3.BPM6L3.x_BR3.DHZ8L1 equality     .          198.67     7.19113e-01 >
66 R_BR3.BPM6L3.x_BR3.DHZ9L1 equality     .          198.05    -1.15259e-01 >
67 R_BR3.BPM6L3.x_BR3.DVT12L4 equality     .          203.3      4.64351e-02 >
68 R_BR3.BPM6L3.x_BR3.DVT13L4 equality     .          203.17    -3.73560e-02 >
69 R_BR3.BPM6L3.x_BR3.DVT2L4 equality     .          201.38     1.00517e-01 >
70 R_BR3.BPM6L3.x_BR3.DVT6L4 equality     .          200.05    -1.40882e-01 >
71 R_BR3.BPM6L3.x_BR3.DVT8L1 equality     .          201.17    -9.37161e-02 >
72 R_BR3.BPM6L3.x_BR3.DVT9L1 equality     .          202.7     -1.31418e-01 >
73 R_BR3.BPM7L3.x_BR3.DHZ11L4 equality     .          224.56    -6.05514e-02 >
74 R_BR3.BPM7L3.x_BR3.DHZ12L4 equality     .          219.91    -1.11511e-02 >
75 R_BR3.BPM7L3.x_BR3.DHZ13L4 equality     .          222.83     8.53454e-01 >
76 R_BR3.BPM7L3.x_BR3.DHZ14L1 equality     .          223.21     5.12753e-01 >
77 R_BR3.BPM7L3.x_BR3.DHZ8L1 equality     .          225.31     6.00938e-01 >
78 R_BR3.BPM7L3.x_BR3.DHZ9L1 equality     .          223.19    -2.45161e-01 >
79 R_BR3.BPM7L3.x_BR3.DVT12L4 equality     .          225.85     7.06482e-02 >
80 R_BR3.BPM7L3.x_BR3.DVT13L4 equality     .          225.36    -2.46697e-01 >
81 R_BR3.BPM7L3.x_BR3.DVT2L4 equality     .          220.05     1.67584e-01 >
82 R_BR3.BPM7L3.x_BR3.DVT6L4 equality     .          220.91     2.38285e-02 >
83 R_BR3.BPM7L3.x_BR3.DVT8L1 equality     .          222.9      1.19669e-01 >
84 R_BR3.BPM7L3.x_BR3.DVT9L1 equality     .          222.54    -1.47129e-01 >
85 R_BR3.BPM8L3.x_BR3.DHZ11L4 equality     .          333.06     4.68403e-02 >
86 R_BR3.BPM8L3.x_BR3.DHZ12L4 equality     .          331.72    -1.14619e-01 >
87 R_BR3.BPM8L3.x_BR3.DHZ13L4 equality     .          334.32     8.61666e-01 >
88 R_BR3.BPM8L3.x_BR3.DHZ14L1 equality     .          336.17    -2.01150e-02 >
89 R_BR3.BPM8L3.x_BR3.DHZ8L1 equality     .          337.58     4.64713e-01 >
90 R_BR3.BPM8L3.x_BR3.DHZ9L1 equality     .          333.83    -2.22673e-01 >
91 R_BR3.BPM8L3.x_BR3.DVT12L4 equality     .          336.7      1.44088e-01 >
92 R_BR3.BPM8L3.x_BR3.DVT13L4 equality     .          334.2     -1.31300e-01 >
93 R_BR3.BPM8L3.x_BR3.DVT2L4 equality     .          335.6      9.03794e-03 >
94 R_BR3.BPM8L3.x_BR3.DVT6L4 equality     .          329.87    -1.47199e-01 >
95 R_BR3.BPM8L3.x_BR3.DVT8L1 equality     .          332.62     1.36220e-01 >
96 R_BR3.BPM8L3.x_BR3.DVT9L1 equality     .          331.37    -3.36169e-02 >
97 R_BR3.BPM9L3.x_BR3.DHZ11L4 equality     .          295.11     6.07439e-01 >
98 R_BR3.BPM9L3.x_BR3.DHZ12L4 equality     .          265.71    -3.85607e-01 >
99 R_BR3.BPM9L3.x_BR3.DHZ13L4 equality     .          302.61     8.93434e-01 >
100 R_BR3.BPM9L3.x_BR3.DHZ14L1 equality     .          302.64     8.68651e-01 >
101 R_BR3.BPM9L3.x_BR3.DHZ8L1 equality     .          274.9     -1.56902e-01 >
102 R_BR3.BPM9L3.x_BR3.DHZ9L1 equality     .          295.83    -2.98033e-01 >
103 R_BR3.BPM9L3.x_BR3.DVT12L4 equality     .          277.83     7.38080e-02 >
104 R_BR3.BPM9L3.x_BR3.DVT13L4 equality     .          285.41     1.03408e-01 >
105 R_BR3.BPM9L3.x_BR3.DVT2L4 equality     .          275.96    -7.80661e-02 >
106 R_BR3.BPM9L3.x_BR3.DVT6L4 equality     .          273.27    -3.20886e-01 >
107 R_BR3.BPM9L3.x_BR3.DVT8L1 equality     .          276.9     -8.70101e-02 >
108 R_BR3.BPM9L3.x_BR3.DVT9L1 equality     .          281.52     9.12445e-02 >
109 R_BR3.BPM10L3.x_BR3.DHZ11L4 equality     .          319.65     9.27075e-01 >
110 R_BR3.BPM10L3.x_BR3.DHZ12L4 equality     .          316.13     5.45758e-01 >
111 R_BR3.BPM10L3.x_BR3.DHZ13L4 equality     .          325.84     3.66786e-01 >
112 R_BR3.BPM10L3.x_BR3.DHZ14L1 equality     .          326.76     4.86327e-01 >
113 R_BR3.BPM10L3.x_BR3.DHZ8L1 equality     .          320.51     6.86033e-02 >
114 R_BR3.BPM10L3.x_BR3.DHZ9L1 equality     .          322.85    -1.43050e-01 >
115 R_BR3.BPM10L3.x_BR3.DVT12L4 equality     .          326.21     8.41058e-02 >
116 R_BR3.BPM10L3.x_BR3.DVT13L4 equality     .          329.16    -5.85346e-02 >
117 R_BR3.BPM10L3.x_BR3.DVT2L4 equality     .          325.58     8.71622e-02 >
118 R_BR3.BPM10L3.x_BR3.DVT6L4 equality     .          320.71    -1.08237e-01 >
119 R_BR3.BPM10L3.x_BR3.DVT8L1 equality     .          322.38    -1.90419e-01 >
120 R_BR3.BPM10L3.x_BR3.DVT9L1 equality     .          321.9     -1.01038e-01 >
121 R_BR3.BPM11L3.x_BR3.DHZ11L4 equality     .          321.62    -3.07605e-01 >
122 R_BR3.BPM11L3.x_BR3.DHZ12L4 equality     .          316.81     3.53339e-01 >
123 R_BR3.BPM11L3.x_BR3.DHZ13L4 equality     .          318.29     1.04751e+00 >
124 R_BR3.BPM11L3.x_BR3.DHZ14L1 equality     .          323        3.03957e-01 >
125 R_BR3.BPM11L3.x_BR3.DHZ8L1 equality     .          323.25     2.43442e-01 >
126 R_BR3.BPM11L3.x_BR3.DHZ9L1 equality     .          321.03    -6.17267e-02 >
127 R_BR3.BPM11L3.x_BR3.DVT12L4 equality     .          323.49     1.36095e-01 >
128 R_BR3.BPM11L3.x_BR3.DVT13L4 equality     .          323.39    -2.50765e-01 >
129 R_BR3.BPM11L3.x_BR3.DVT2L4 equality     .          321.94     1.32766e-01 >
130 R_BR3.BPM11L3.x_BR3.DVT6L4 equality     .          317.89    -7.04595e-02 >
131 R_BR3.BPM11L3.x_BR3.DVT8L1 equality     .          319.79     7.01209e-02 >
132 R_BR3.BPM11L3.x_BR3.DVT9L1 equality     .          321.7     -2.51745e-01 >
133 R_BR3.BPM12L3.x_BR3.DHZ11L4 equality     .          231.32     2.03010e-01 >
134 R_BR3.BPM12L3.x_BR3.DHZ12L4 equality     .          230.81     7.06183e-02 >
135 R_BR3.BPM12L3.x_BR3.DHZ13L4 equality     .          235.29     1.14697e+00 >
136 R_BR3.BPM12L3.x_BR3.DHZ14L1 equality     .          237.27     1.98812e-01 >
137 R_BR3.BPM12L3.x_BR3.DHZ8L1 equality     .          236.62     5.56850e-01 >
138 R_BR3.BPM12L3.x_BR3.DHZ9L1 equality     .          234.67    -3.27040e-01 >
139 R_BR3.BPM12L3.x_BR3.DVT12L4 equality     .          236.69     1.17254e-01 >
140 R_BR3.BPM12L3.x_BR3.DVT13L4 equality     .          234.68    -9.08423e-02 >
141 R_BR3.BPM12L3.x_BR3.DVT2L4 equality     .          235.06    -1.23555e-02 >
142 R_BR3.BPM12L3.x_BR3.DVT6L4 equality     .          233.75    -1.87195e-01 >
143 R_BR3.BPM12L3.x_BR3.DVT8L1 equality     .          234.41     1.15402e-01 >
144 R_BR3.BPM12L3.x_BR3.DVT9L1 equality     .          236.74    -2.77267e-02 >
145 R_BR3.BPM13L3.x_BR3.DHZ11L4 equality     .          284.54     7.92361e-01 >
146 R_BR3.BPM13L3.x_BR3.DHZ12L4 equality     .          283.04     1.29982e-01 >
147 R_BR3.BPM13L3.x_BR3.DHZ13L4 equality     .          295.14     7.84362e-01 >
148 R_BR3.BPM13L3.x_BR3.DHZ14L1 equality     .          296.29     6.25783e-01 >
149 R_BR3.BPM13L3.x_BR3.DHZ8L1 equality     .          287.88     2.91667e-01 >
150 R_BR3.BPM13L3.x_BR3.DHZ9L1 equality     .          287.07    -2.39006e-01 >
151 R_BR3.BPM13L3.x_BR3.DVT12L4 equality     .          295.01     2.19377e-01 >
152 R_BR3.BPM13L3.x_BR3.DVT13L4 equality     .          294.7      1.27726e-01 >
153 R_BR3.BPM13L3.x_BR3.DVT2L4 equality     .          290.68    -6.91699e-02 >
154 R_BR3.BPM13L3.x_BR3.DVT6L4 equality     .          289.47    -2.75514e-01 >
155 R_BR3.BPM13L3.x_BR3.DVT8L1 equality     .          289.76    -1.34934e-01 >
156 R_BR3.BPM13L3.x_BR3.DVT9L1 equality     .          288.72     1.09594e-01 >
157 R_BR3.BPM14L3.x_BR3.DHZ11L4 equality     .          211.88     8.25931e-01 >
158 R_BR3.BPM14L3.x_BR3.DHZ12L4 equality     .          207.85     1.53296e-02 >
159 R_BR3.BPM14L3.x_BR3.DHZ13L4 equality     .          214.17     7.02523e-01 >
160 R_BR3.BPM14L3.x_BR3.DHZ14L1 equality     .          214.94     9.59226e-01 >
161 R_BR3.BPM14L3.x_BR3.DHZ8L1 equality     .          211.23     5.28714e-01 >
162 R_BR3.BPM14L3.x_BR3.DHZ9L1 equality     .          213.35    -5.39718e-01 >
163 R_BR3.BPM14L3.x_BR3.DVT12L4 equality     .          215.96     1.73988e-03 >
164 R_BR3.BPM14L3.x_BR3.DVT13L4 equality     .          216.13     8.79757e-02 >
165 R_BR3.BPM14L3.x_BR3.DVT2L4 equality     .          214.73     9.19604e-02 >
166 R_BR3.BPM14L3.x_BR3.DVT6L4 equality     .          212.35    -1.16475e-01 >
167 R_BR3.BPM14L3.x_BR3.DVT8L1 equality     .          214.2     -1.58931e-01 >
168 R_BR3.BPM14L3.x_BR3.DVT9L1 equality     .          213.82    -1.12509e-01 >
169 R_BR3.BPM15L3.x_BR3.DHZ11L4 equality     .          318.35     4.59993e-02 >
170 R_BR3.BPM15L3.x_BR3.DHZ12L4 equality     .          313.72     4.18780e-01 >
171 R_BR3.BPM15L3.x_BR3.DHZ13L4 equality     .          311.6      8.65624e-01 >
172 R_BR3.BPM15L3.x_BR3.DHZ14L1 equality     .          314.3      6.19117e-01 >
173 R_BR3.BPM15L3.x_BR3.DHZ8L1 equality     .          319.14     7.33975e-01 >
174 R_BR3.BPM15L3.x_BR3.DHZ9L1 equality     .          317.1      3.00856e-02 >
175 R_BR3.BPM15L3.x_BR3.DVT12L4 equality     .          319.08     7.83963e-02 >
176 R_BR3.BPM15L3.x_BR3.DVT13L4 equality     .          317.35    -2.67885e-01 >
177 R_BR3.BPM15L3.x_BR3.DVT2L4 equality     .          321.05     9.57566e-02 >
178 R_BR3.BPM15L3.x_BR3.DVT6L4 equality     .          317.16    -8.71629e-02 >
179 R_BR3.BPM15L3.x_BR3.DVT8L1 equality     .          319.06     1.19419e-01 >
180 R_BR3.BPM15L3.x_BR3.DVT9L1 equality     .          318.75    -1.64569e-01 >
181 R_BR3.BPM16L3.x_BR3.DHZ11L4 equality     .          342.42     1.10639e-01 >
182 R_BR3.BPM16L3.x_BR3.DHZ12L4 equality     .          334.06     1.15561e-01 >
183 R_BR3.BPM16L3.x_BR3.DHZ13L4 equality     .          334.87     5.36621e-01 >
184 R_BR3.BPM16L3.x_BR3.DHZ14L1 equality     .          338.52    -3.32235e-01 >
185 R_BR3.BPM16L3.x_BR3.DHZ8L1 equality     .          344.05     4.32125e-01 >
186 R_BR3.BPM16L3.x_BR3.DHZ9L1 equality     .          340.3     -8.04590e-03 >
187 R_BR3.BPM16L3.x_BR3.DVT12L4 equality     .          331.51     1.96579e-01 >
188 R_BR3.BPM16L3.x_BR3.DVT13L4 equality     .          328.25    -1.92224e-01 >
189 R_BR3.BPM16L3.x_BR3.DVT2L4 equality     .          328.51     4.78694e-03 >
190 R_BR3.BPM16L3.x_BR3.DVT6L4 equality     .          324.17    -1.93334e-01 >
191 R_BR3.BPM16L3.x_BR3.DVT8L1 equality     .          330.87     1.13282e-01 >
192 R_BR3.BPM16L3.x_BR3.DVT9L1 equality     .          325.91    -1.19347e-02 >
193 R_BR3.BPM1L3.y_BR3.DHZ11L4 equality     .          266.76    -1.34489e-01 >
194 R_BR3.BPM1L3.y_BR3.DHZ12L4 equality     .          260.64     3.19562e-02 >
195 R_BR3.BPM1L3.y_BR3.DHZ13L4 equality     .          257.56     2.06820e-01 >
196 R_BR3.BPM1L3.y_BR3.DHZ14L1 equality     .          261.21     1.34445e-01 >
197 R_BR3.BPM1L3.y_BR3.DHZ8L1 equality     .          261.57    -1.34300e-01 >
198 R_BR3.BPM1L3.y_BR3.DHZ9L1 equality     .          258.89     9.85419e-02 >
199 R_BR3.BPM1L3.y_BR3.DVT12L4 equality     .          257.37    -6.04359e-02 >
200 R_BR3.BPM1L3.y_BR3.DVT13L4 equality     .          251.9     -1.61825e-01 >
201 R_BR3.BPM1L3.y_BR3.DVT2L4 equality     .          254.71     9.55619e-03 >
202 R_BR3.BPM1L3.y_BR3.DVT6L4 equality     .          255.63    -6.72150e-05 >
203 R_BR3.BPM1L3.y_BR3.DVT8L1 equality     .          254.03     1.03609e-01 >
204 R_BR3.BPM1L3.y_BR3.DVT9L1 equality     .          254.93    -1.11461e-01 >
205 R_BR3.BPM2L3.y_BR3.DHZ11L4 equality     .          192.49     4.87050e-02 >
206 R_BR3.BPM2L3.y_BR3.DHZ12L4 equality     .          194.16    -5.44676e-02 >
207 R_BR3.BPM2L3.y_BR3.DHZ13L4 equality     .          193.89     1.81906e-02 >
208 R_BR3.BPM2L3.y_BR3.DHZ14L1 equality     .          196.5      5.87020e-02 >
209 R_BR3.BPM2L3.y_BR3.DHZ8L1 equality     .          198.33     3.30243e-02 >
210 R_BR3.BPM2L3.y_BR3.DHZ9L1 equality     .          194.55    -6.84220e-02 >
211 R_BR3.BPM2L3.y_BR3.DVT12L4 equality     .          194.45    -1.05585e-02 >
212 R_BR3.BPM2L3.y_BR3.DVT13L4 equality     .          196.88     2.41941e-01 >
213 R_BR3.BPM2L3.y_BR3.DVT2L4 equality     .          196.4      5.62072e-02 >
214 R_BR3.BPM2L3.y_BR3.DVT6L4 equality     .          194.13     6.28745e-02 >
215 R_BR3.BPM2L3.y_BR3.DVT8L1 equality     .          197.65    -6.42235e-02 >
216 R_BR3.BPM2L3.y_BR3.DVT9L1 equality     .          200.1     -4.28016e-01 >
217 R_BR3.BPM3L3.y_BR3.DHZ11L4 equality     .          309.2      1.70471e-01 >
218 R_BR3.BPM3L3.y_BR3.DHZ12L4 equality     .          305        1.57838e-02 >
219 R_BR3.BPM3L3.y_BR3.DHZ13L4 equality     .          308.48    -2.32977e-01 >
220 R_BR3.BPM3L3.y_BR3.DHZ14L1 equality     .          311.75    -1.94110e-01 >
221 R_BR3.BPM3L3.y_BR3.DHZ8L1 equality     .          311.9      1.94813e-01 >
222 R_BR3.BPM3L3.y_BR3.DHZ9L1 equality     .          308.65    -4.39745e-02 >
223 R_BR3.BPM3L3.y_BR3.DVT12L4 equality     .          303.54    -3.54760e-02 >
224 R_BR3.BPM3L3.y_BR3.DVT13L4 equality     .          302.47    -5.58208e-02 >
225 R_BR3.BPM3L3.y_BR3.DVT2L4 equality     .          306.06     2.13341e-01 >
226 R_BR3.BPM3L3.y_BR3.DVT6L4 equality     .          306.1     -4.50301e-02 >
227 R_BR3.BPM3L3.y_BR3.DVT8L1 equality     .          305.71     1.96190e-02 >
228 R_BR3.BPM3L3.y_BR3.DVT9L1 equality     .          306.93     1.03586e-01 >
229 R_BR3.BPM4L3.y_BR3.DHZ11L4 equality     .          209.92    -1.01944e-01 >
230 R_BR3.BPM4L3.y_BR3.DHZ12L4 equality     .          208.08     4.28788e-03 >
231 R_BR3.BPM4L3.y_BR3.DHZ13L4 equality     .          209.11    -4.81482e-02 >
232 R_BR3.BPM4L3.y_BR3.DHZ14L1 equality     .          211.85    -8.17491e-02 >
233 R_BR3.BPM4L3.y_BR3.DHZ8L1 equality     .          210.02    -7.20430e-02 >
234 R_BR3.BPM4L3.y_BR3.DHZ9L1 equality     .          210.52     4.31069e-02 >
235 R_BR3.BPM4L3.y_BR3.DVT12L4 equality     .          211.43    -6.78084e-01 >
236 R_BR3.BPM4L3.y_BR3.DVT13L4 equality     .          206.83    -1.01176e-02 >
237 R_BR3.BPM4L3.y_BR3.DVT2L4 equality     .          207.62     5.06293e-01 >
238 R_BR3.BPM4L3.y_BR3.DVT6L4 equality     .          207.22     6.43998e-01 >
239 R_BR3.BPM4L3.y_BR3.DVT8L1 equality     .          209.27    -1.27626e-01 >
240 R_BR3.BPM4L3.y_BR3.DVT9L1 equality     .          205.48    -5.65817e-04 >
241 R_BR3.BPM5L3.y_BR3.DHZ11L4 equality     .          300.59    -1.88128e-01 >
242 R_BR3.BPM5L3.y_BR3.DHZ12L4 equality     .          297.16    -7.49861e-03 >
243 R_BR3.BPM5L3.y_BR3.DHZ13L4 equality     .          299.71     2.18642e-01 >
244 R_BR3.BPM5L3.y_BR3.DHZ14L1 equality     .          302.59     1.53308e-01 >
245 R_BR3.BPM5L3.y_BR3.DHZ8L1 equality     .          301.54    -1.95779e-01 >
246 R_BR3.BPM5L3.y_BR3.DHZ9L1 equality     .          301.97     6.30896e-02 >
247 R_BR3.BPM5L3.y_BR3.DVT12L4 equality     .          300.71    -4.85974e-03 >
248 R_BR3.BPM5L3.y_BR3.DVT13L4 equality     .          292.52     1.75873e-01 >
249 R_BR3.BPM5L3.y_BR3.DVT2L4 equality     .          294.96    -1.76125e-01 >
250 R_BR3.BPM5L3.y_BR3.DVT6L4 equality     .          295.26     1.47553e-01 >
251 R_BR3.BPM5L3.y_BR3.DVT8L1 equality     .          295.51    -6.10864e-02 >
252 R_BR3.BPM5L3.y_BR3.DVT9L1 equality     .          300.71    -1.92487e-01 >
253 R_BR3.BPM6L3.y_BR3.DHZ11L4 equality     .          205.66     1.21343e-01 >
254 R_BR3.BPM6L3.y_BR3.DHZ12L4 equality     .          201.86     1.50862e-02 >
255 R_BR3.BPM6L3.y_BR3.DHZ13L4 equality     .          204.39     1.05564e-02 >
256 R_BR3.BPM6L3.y_BR3.DHZ14L1 equality     .          206.14    -3.51600e-02 >
257 R_BR3.BPM6L3.y_BR3.DHZ8L1 equality     .          205.51     1.43962e-01 >
258 R_BR3.BPM6L3.y_BR3.DHZ9L1 equality     .          205.6     -4.68212e-02 >
259 R_BR3.BPM6L3.y_BR3.DVT12L4 equality     .          203.95     6.24707e-01 >
260 R_BR3.BPM6L3.y_BR3.DVT13L4 equality     .          204.5     -5.66234e-02 >
261 R_BR3.BPM6L3.y_BR3.DVT2L4 equality     .          201.85    -3.97424e-01 >
262 R_BR3.BPM6L3.y_BR3.DVT6L4 equality     .          201.08    -5.93115e-01 >
263 R_BR3.BPM6L3.y_BR3.DVT8L1 equality     .          205.4      1.43464e-01 >
264 R_BR3.BPM6L3.y_BR3.DVT9L1 equality     .          202.55    -5.36821e-02 >
265 R_BR3.BPM7L3.y_BR3.DHZ11L4 equality     .          247.51     2.04508e-01 >
266 R_BR3.BPM7L3.y_BR3.DHZ12L4 equality     .          239.62     4.92763e-02 >
267 R_BR3.BPM7L3.y_BR3.DHZ13L4 equality     .          243.43    -2.49969e-01 >
268 R_BR3.BPM7L3.y_BR3.DHZ14L1 equality     .          246.98    -1.87809e-01 >
269 R_BR3.BPM7L3.y_BR3.DHZ8L1 equality     .          246.56     2.30535e-01 >
270 R_BR3.BPM7L3.y_BR3.DHZ9L1 equality     .          246.83    -2.86576e-02 >
271 R_BR3.BPM7L3.y_BR3.DVT12L4 equality     .          249.31    -2.44979e-01 >
272 R_BR3.BPM7L3.y_BR3.DVT13L4 equality     .          250.81     1.64653e-01 >
273 R_BR3.BPM7L3.y_BR3.DVT2L4 equality     .          247.33     1.23642e-01 >
274 R_BR3.BPM7L3.y_BR3.DVT6L4 equality     .          247.73    -4.14185e-02 >
275 R_BR3.BPM7L3.y_BR3.DVT8L1 equality     .          247.99    -1.87370e-01 >
276 R_BR3.BPM7L3.y_BR3.DVT9L1 equality     .          243.93     1.71039e-01 >
277 R_BR3.BPM8L3.y_BR3.DHZ11L4 equality     .          310.08    -2.20505e-02 >
278 R_BR3.BPM8L3.y_BR3.DHZ12L4 equality     .          307.13     5.07886e-02 >
279 R_BR3.BPM8L3.y_BR3.DHZ13L4 equality     .          303.82    -1.02821e-01 >
280 R_BR3.BPM8L3.y_BR3.DHZ14L1 equality     .          311.28    -1.46651e-01 >
281 R_BR3.BPM8L3.y_BR3.DHZ8L1 equality     .          310.24     2.79222e-03 >
282 R_BR3.BPM8L3.y_BR3.DHZ9L1 equality     .          307.43     5.75753e-02 >
283 R_BR3.BPM8L3.y_BR3.DVT12L4 equality     .          310.09     1.64851e-01 >
284 R_BR3.BPM8L3.y_BR3.DVT13L4 equality     .          305.78     4.52648e-02 >
285 R_BR3.BPM8L3.y_BR3.DVT2L4 equality     .          308.97    -3.23296e-01 >
286 R_BR3.BPM8L3.y_BR3.DVT6L4 equality     .          299.52     6.51744e-02 >
287 R_BR3.BPM8L3.y_BR3.DVT8L1 equality     .          305.11     3.94901e-01 >
288 R_BR3.BPM8L3.y_BR3.DVT9L1 equality     .          307.07     4.68128e-01 >
289 R_BR3.BPM9L3.y_BR3.DHZ11L4 equality     .          334.71    -1.73276e-01 >
290 R_BR3.BPM9L3.y_BR3.DHZ12L4 equality     .          333.16    -6.18746e-04 >
291 R_BR3.BPM9L3.y_BR3.DHZ13L4 equality     .          334.6      2.19548e-01 >
292 R_BR3.BPM9L3.y_BR3.DHZ14L1 equality     .          340.73     1.62639e-01 >
293 R_BR3.BPM9L3.y_BR3.DHZ8L1 equality     .          335.94    -1.01454e-01 >
294 R_BR3.BPM9L3.y_BR3.DHZ9L1 equality     .          337.78     4.88413e-02 >
295 R_BR3.BPM9L3.y_BR3.DVT12L4 equality     .          331.03    -3.77926e-01 >
296 R_BR3.BPM9L3.y_BR3.DVT13L4 equality     .          338.49     1.72715e-01 >
297 R_BR3.BPM9L3.y_BR3.DVT2L4 equality     .          333.32     1.21846e-01 >
298 R_BR3.BPM9L3.y_BR3.DVT6L4 equality     .          330.97     3.83362e-02 >
299 R_BR3.BPM9L3.y_BR3.DVT8L1 equality     .          333.05    -6.65244e-02 >
300 R_BR3.BPM9L3.y_BR3.DVT9L1 equality     .          335.65     1.65158e-01 >
301 R_BR3.BPM10L3.y_BR3.DHZ11L4 equality     .          366.2      1.12704e-01 >
302 R_BR3.BPM10L3.y_BR3.DHZ12L4 equality     .          362.07    -6.54696e-02 >
303 R_BR3.BPM10L3.y_BR3.DHZ13L4 equality     .          361.04    -4.92270e-02 >
304 R_BR3.BPM10L3.y_BR3.DHZ14L1 equality     .          363.5      3.18224e-02 >
305 R_BR3.BPM10L3.y_BR3.DHZ8L1 equality     .          368.96    -1.26698e-02 >
306 R_BR3.BPM10L3.y_BR3.DHZ9L1 equality     .          364.84    -1.14716e-01 >
307 R_BR3.BPM10L3.y_BR3.DVT12L4 equality     .          359.34    -7.08089e-03 >
308 R_BR3.BPM10L3.y_BR3.DVT13L4 equality     .          360.65    -1.74233e-01 >
309 R_BR3.BPM10L3.y_BR3.DVT2L4 equality     .          355.51     2.45119e-01 >
310 R_BR3.BPM10L3.y_BR3.DVT6L4 equality     .          356.1     -3.89888e-02 >
311 R_BR3.BPM10L3.y_BR3.DVT8L1 equality     .          360.02    -3.41402e-01 >
312 R_BR3.BPM10L3.y_BR3.DVT9L1 equality     .          366.4      6.25563e-04 >
313 R_BR3.BPM11L3.y_BR3.DHZ11L4 equality     .          318.42     1.64785e-01 >
314 R_BR3.BPM11L3.y_BR3.DHZ12L4 equality     .          312.53     7.60878e-02 >
315 R_BR3.BPM11L3.y_BR3.DHZ13L4 equality     .          314.15    -2.46510e-01 >
316 R_BR3.BPM11L3.y_BR3.DHZ14L1 equality     .          319.85    -2.09922e-01 >
317 R_BR3.BPM11L3.y_BR3.DHZ8L1 equality     .          318.13     1.49435e-01 >
318 R_BR3.BPM11L3.y_BR3.DHZ9L1 equality     .          314.86    -3.98908e-02 >
319 R_BR3.BPM11L3.y_BR3.DVT12L4 equality     .          318.32    -3.57561e-02 >
320 R_BR3.BPM11L3.y_BR3.DVT13L4 equality     .          319.64     5.01622e-02 >
321 R_BR3.BPM11L3.y_BR3.DVT2L4 equality     .          314.09     2.63558e-02 >
322 R_BR3.BPM11L3.y_BR3.DVT6L4 equality     .          315.65     3.38596e-02 >
323 R_BR3.BPM11L3.y_BR3.DVT8L1 equality     .          313.99    -1.36138e-01 >
324 R_BR3.BPM11L3.y_BR3.DVT9L1 equality     .          319.49    -4.10719e-02 >
325 R_BR3.BPM12L3.y_BR3.DHZ11L4 equality     .          231.29    -3.66135e-02 >
326 R_BR3.BPM12L3.y_BR3.DHZ12L4 equality     .          228.92     7.34920e-02 >
327 R_BR3.BPM12L3.y_BR3.DHZ13L4 equality     .          229.14    -4.36868e-02 >
328 R_BR3.BPM12L3.y_BR3.DHZ14L1 equality     .          230.81    -8.16336e-02 >
329 R_BR3.BPM12L3.y_BR3.DHZ8L1 equality     .          232.09    -6.48903e-03 >
330 R_BR3.BPM12L3.y_BR3.DHZ9L1 equality     .          230.3      2.14216e-03 >
331 R_BR3.BPM12L3.y_BR3.DVT12L4 equality     .          232.44    -4.81598e-01 >
332 R_BR3.BPM12L3.y_BR3.DVT13L4 equality     .          232.5      2.97900e-01 >
333 R_BR3.BPM12L3.y_BR3.DVT2L4 equality     .          232.86     1.29503e-01 >
334 R_BR3.BPM12L3.y_BR3.DVT6L4 equality     .          233.21     3.16767e-01 >
335 R_BR3.BPM12L3.y_BR3.DVT8L1 equality     .          234.5      5.23827e-02 >
336 R_BR3.BPM12L3.y_BR3.DVT9L1 equality     .          232.15     7.61253e-02 >
337 R_BR3.BPM13L3.y_BR3.DHZ11L4 equality     .          318.63    -1.09314e-01 >
338 R_BR3.BPM13L3.y_BR3.DHZ12L4 equality     .          312.27    -1.23165e-02 >
339 R_BR3.BPM13L3.y_BR3.DHZ13L4 equality     .          312.67     2.35987e-01 >
340 R_BR3.BPM13L3.y_BR3.DHZ14L1 equality     .          317.13     1.99388e-01 >
341 R_BR3.BPM13L3.y_BR3.DHZ8L1 equality     .          317.01    -1.20333e-01 >
342 R_BR3.BPM13L3.y_BR3.DHZ9L1 equality     .          315.47     4.66163e-02 >
343 R_BR3.BPM13L3.y_BR3.DVT12L4 equality     .          316.17     7.16063e-02 >
344 R_BR3.BPM13L3.y_BR3.DVT13L4 equality     .          317.1      8.55513e-02 >
345 R_BR3.BPM13L3.y_BR3.DVT2L4 equality     .          315.8      8.92468e-02 >
346 R_BR3.BPM13L3.y_BR3.DVT6L4 equality     .          313.76    -1.26186e-02 >
347 R_BR3.BPM13L3.y_BR3.DVT8L1 equality     .          317.44     1.66865e-02 >
348 R_BR3.BPM13L3.y_BR3.DVT9L1 equality     .          320.26     1.15825e-01 >
349 R_BR3.BPM14L3.y_BR3.DHZ11L4 equality     .          244.36     1.94041e-02 >
350 R_BR3.BPM14L3.y_BR3.DHZ12L4 equality     .          241.74    -6.84269e-02 >
351 R_BR3.BPM14L3.y_BR3.DHZ13L4 equality     .          243.26     5.26209e-02 >
352 R_BR3.BPM14L3.y_BR3.DHZ14L1 equality     .          243.34     5.96912e-02 >
353 R_BR3.BPM14L3.y_BR3.DHZ8L1 equality     .          247.99     3.33053e-03 >
354 R_BR3.BPM14L3.y_BR3.DHZ9L1 equality     .          245.6     -8.09634e-02 >
355 R_BR3.BPM14L3.y_BR3.DVT12L4 equality     .          243.73     9.38122e-02 >
356 R_BR3.BPM14L3.y_BR3.DVT13L4 equality     .          242.56     3.29919e-01 >
357 R_BR3.BPM14L3.y_BR3.DVT2L4 equality     .          244.08     7.26858e-02 >
358 R_BR3.BPM14L3.y_BR3.DVT6L4 equality     .          243.53     3.38946e-02 >
359 R_BR3.BPM14L3.y_BR3.DVT8L1 equality     .          244.77    -8.52444e-02 >
360 R_BR3.BPM14L3.y_BR3.DVT9L1 equality     .          247.1     -3.29263e-01 >
361 R_BR3.BPM15L3.y_BR3.DHZ11L4 equality     .          335.46     1.18899e-01 >
362 R_BR3.BPM15L3.y_BR3.DHZ12L4 equality     .          332.49     5.74101e-02 >
363 R_BR3.BPM15L3.y_BR3.DHZ13L4 equality     .          333.02    -2.31557e-01 >
364 R_BR3.BPM15L3.y_BR3.DHZ14L1 equality     .          339.6     -1.94514e-01 >
365 R_BR3.BPM15L3.y_BR3.DHZ8L1 equality     .          337.23     1.32485e-01 >
366 R_BR3.BPM15L3.y_BR3.DHZ9L1 equality     .          334.2     -4.32521e-03 >
367 R_BR3.BPM15L3.y_BR3.DVT12L4 equality     .          335.53    -6.69560e-02 >
368 R_BR3.BPM15L3.y_BR3.DVT13L4 equality     .          332.18    -3.71910e-02 >
369 R_BR3.BPM15L3.y_BR3.DVT2L4 equality     .          339.47    -1.49530e-01 >
370 R_BR3.BPM15L3.y_BR3.DVT6L4 equality     .          334.11     6.42961e-04 >
371 R_BR3.BPM15L3.y_BR3.DVT8L1 equality     .          336.51     5.11526e-02 >
372 R_BR3.BPM15L3.y_BR3.DVT9L1 equality     .          337.85    -6.52743e-02 >
373 R_BR3.BPM16L3.y_BR3.DHZ11L4 equality     .          372.29     5.23247e-03 >
374 R_BR3.BPM16L3.y_BR3.DHZ12L4 equality     .          365.67     3.00431e-02 >
375 R_BR3.BPM16L3.y_BR3.DHZ13L4 equality     .          365.5     -7.14476e-02 >
376 R_BR3.BPM16L3.y_BR3.DHZ14L1 equality     .          370.71    -8.42794e-02 >
377 R_BR3.BPM16L3.y_BR3.DHZ8L1 equality     .          372.15    -2.02854e-03 >
378 R_BR3.BPM16L3.y_BR3.DHZ9L1 equality     .          370.13     5.32162e-02 >
379 R_BR3.BPM16L3.y_BR3.DVT12L4 equality     .          366.81     2.35757e-02 >
380 R_BR3.BPM16L3.y_BR3.DVT13L4 equality     .          365.16    -2.05633e-01 >
381 R_BR3.BPM16L3.y_BR3.DVT2L4 equality     .          366.91    -3.27796e-02 >
382 R_BR3.BPM16L3.y_BR3.DVT6L4 equality     .          366.38    -5.78573e-02 >
383 R_BR3.BPM16L3.y_BR3.DVT8L1 equality     .          363.83     3.91088e-02 >
384 R_BR3.BPM16L3.y_BR3.DVT9L1 equality     .          368.51     4.22472e-01 >

 Variables                  Curr. Value  Curr. Step   Lower Limit  Upper Limit
--------------------------------------------------------------------------------
 1 BR.QFOCELL1.dk1l         4.50763e-03  2.33730e-05   .            .         
 2 BR.QDE1.dk1l            -3.33402e-03 -2.15213e-05   .            .         
 3 BR.QFOCELL2.dk1l         1.58270e-03  5.07733e-06   .            .         
 4 BR.QDE2.dk1l            -1.94241e-03 -4.90731e-06   .            .         
 5 BR.QFOCELL3.dk1l        -9.95484e-03  2.72464e-06   .            .         
 6 BR.QDE3.dk1l             7.70735e-03 -2.58489e-06   .            .         
 7 BR.QFOCELL4.dk1l         1.96982e-03  1.29449e-05   .            .         
 8 BR.QDE4.dk1l            -2.43317e-03 -1.16324e-05   .            .         
 9 BR.QFOCELL5.dk1l         1.67837e-02 -2.48983e-05   .            .         
10 BR.QDE5.dk1l            -1.61723e-02  2.26436e-05   .            .         
11 BR.QFOCELL6.dk1l        -7.05034e-03 -3.88215e-05   .            .         
12 BR.QDE6.dk1l             8.09867e-03  3.64525e-05   .            .         
13 BR.QFOCELL7.dk1l        -6.45750e-03 -9.70049e-07   .            .         
14 BR.QDE7.dk1l             6.93782e-03  9.40316e-07   .            .         
15 BR.QFOCELL8.dk1l         2.00882e-02  5.70000e-05   .            .         
16 BR.QDE8.dk1l            -2.09931e-02 -5.06525e-05   .            .         
17 BR.QFOCELL9.dk1l         1.47235e-02  1.35246e-05   .            .         
18 BR.QDE9.dk1l            -1.46154e-02 -1.30071e-05   .            .         
19 BR.QFOCELL10.dk1l       -1.38015e-02 -4.70954e-05   .            .         
20 BR.QDE10.dk1l            1.48183e-02  4.38303e-05   .            .         
21 BR.QFOCELL11.dk1l       -6.92024e-03 -4.61501e-06   .            .         
22 BR.QDE11.dk1l            4.78629e-03  5.15112e-06   .            .         
23 BR.QFOCELL12.dk1l        1.34002e-03  6.67714e-06   .            .         
24 BR.QDE12.dk1l           -1.99512e-03 -5.90052e-06   .            .         
25 BR.QFOCELL13.dk1l        1.95314e-02 -4.03686e-06   .            .         
26 BR.QDE13.dk1l           -2.00564e-02  3.84318e-06   .            .         
27 BR.QFOCELL14.dk1l        8.78365e-03 -2.03684e-06   .            .         
28 BR.QDE14.dk1l           -8.98710e-03  1.87090e-06   .            .         
29 BR.QFOCELL15.dk1l       -1.43725e-02 -4.59729e-07   .            .         
30 BR.QDE15.dk1l            1.31857e-02  5.42990e-07   .            .         
31 BR.QFOCELL16.dk1l       -3.07367e-03 -1.08167e-05   .            .         
32 BR.QDE16.dk1l            4.24914e-03  9.97934e-06   .            .         

ncall=199 [5.0s], fval=2.84093e-01, fstp=-1.42475e-07, ccnt=384.


 Constraints                Type        Kind        Weight     Expr. Value
------------------------------------------------------------------------------
 1 R_BR3.BPM1L3.x_BR3.DHZ11L4 equality     .          256.16     5.75826e-01 >
 2 R_BR3.BPM1L3.x_BR3.DHZ12L4 equality     .          254.23     2.31837e-01 >
 3 R_BR3.BPM1L3.x_BR3.DHZ13L4 equality     .          253.59     7.91165e-01 >
 4 R_BR3.BPM1L3.x_BR3.DHZ14L1 equality     .          255.58     1.86428e-01 >
 5 R_BR3.BPM1L3.x_BR3.DHZ8L1 equality     .          251.17     4.29831e-02 >
 6 R_BR3.BPM1L3.x_BR3.DHZ9L1 equality     .          249.93    -1.11773e-01 >
 7 R_BR3.BPM1L3.x_BR3.DVT12L4 equality     .          260.4      1.33846e-01 >
 8 R_BR3.BPM1L3.x_BR3.DVT13L4 equality     .          256.07     1.19138e-01 >
 9 R_BR3.BPM1L3.x_BR3.DVT2L4 equality     .          252.75    -7.51863e-02 >
10 R_BR3.BPM1L3.x_BR3.DVT6L4 equality     .          253.38    -2.88300e-01 >
11 R_BR3.BPM1L3.x_BR3.DVT8L1 equality     .          254.19    -1.68381e-01 >
12 R_BR3.BPM1L3.x_BR3.DVT9L1 equality     .          254.31     3.19600e-02 >
13 R_BR3.BPM2L3.x_BR3.DHZ11L4 equality     .          156.29     3.64673e-01 >
14 R_BR3.BPM2L3.x_BR3.DHZ12L4 equality     .          154.4      4.54003e-01 >
15 R_BR3.BPM2L3.x_BR3.DHZ13L4 equality     .          157.12     1.12540e+00 >
16 R_BR3.BPM2L3.x_BR3.DHZ14L1 equality     .          159.5      1.16095e+00 >
17 R_BR3.BPM2L3.x_BR3.DHZ8L1 equality     .          158.32     3.21187e-01 >
18 R_BR3.BPM2L3.x_BR3.DHZ9L1 equality     .          156.91    -4.28546e-02 >
19 R_BR3.BPM2L3.x_BR3.DVT12L4 equality     .          159.11     5.89681e-02 >
20 R_BR3.BPM2L3.x_BR3.DVT13L4 equality     .          156.02    -1.46875e-02 >
21 R_BR3.BPM2L3.x_BR3.DVT2L4 equality     .          155.44     4.40325e-02 >
22 R_BR3.BPM2L3.x_BR3.DVT6L4 equality     .          156.47    -2.01516e-01 >
23 R_BR3.BPM2L3.x_BR3.DVT8L1 equality     .          156.24    -1.53125e-01 >
24 R_BR3.BPM2L3.x_BR3.DVT9L1 equality     .          155.22    -1.29191e-01 >
25 R_BR3.BPM3L3.x_BR3.DHZ11L4 equality     .          311.6      4.80736e-01 >
26 R_BR3.BPM3L3.x_BR3.DHZ12L4 equality     .          303.14    -1.66836e-02 >
27 R_BR3.BPM3L3.x_BR3.DHZ13L4 equality     .          303.16     3.35469e-01 >
28 R_BR3.BPM3L3.x_BR3.DHZ14L1 equality     .          306.57     2.45536e-01 >
29 R_BR3.BPM3L3.x_BR3.DHZ8L1 equality     .          308.71     1.03724e+00 >
30 R_BR3.BPM3L3.x_BR3.DHZ9L1 equality     .          305.32    -3.68190e-01 >
31 R_BR3.BPM3L3.x_BR3.DVT12L4 equality     .          304.68     6.63669e-02 >
32 R_BR3.BPM3L3.x_BR3.DVT13L4 equality     .          312.53    -2.50907e-01 >
33 R_BR3.BPM3L3.x_BR3.DVT2L4 equality     .          311.04     1.93206e-01 >
34 R_BR3.BPM3L3.x_BR3.DVT6L4 equality     .          308.23    -7.72096e-02 >
35 R_BR3.BPM3L3.x_BR3.DVT8L1 equality     .          308.71     8.73367e-02 >
36 R_BR3.BPM3L3.x_BR3.DVT9L1 equality     .          309.48    -1.54885e-01 >
37 R_BR3.BPM4L3.x_BR3.DHZ11L4 equality     .          198.58     3.38806e-01 >
38 R_BR3.BPM4L3.x_BR3.DHZ12L4 equality     .          201.04    -2.13627e-01 >
39 R_BR3.BPM4L3.x_BR3.DHZ13L4 equality     .          202.09     4.59028e-01 >
40 R_BR3.BPM4L3.x_BR3.DHZ14L1 equality     .          202.92    -3.36093e-01 >
41 R_BR3.BPM4L3.x_BR3.DHZ8L1 equality     .          201.17     4.35002e-01 >
42 R_BR3.BPM4L3.x_BR3.DHZ9L1 equality     .          200.74    -3.82383e-01 >
43 R_BR3.BPM4L3.x_BR3.DVT12L4 equality     .          199.05     1.75697e-01 >
44 R_BR3.BPM4L3.x_BR3.DVT13L4 equality     .          197.95    -1.51989e-01 >
45 R_BR3.BPM4L3.x_BR3.DVT2L4 equality     .          197.23     1.20179e-02 >
46 R_BR3.BPM4L3.x_BR3.DVT6L4 equality     .          195.97    -2.01469e-01 >
47 R_BR3.BPM4L3.x_BR3.DVT8L1 equality     .          198.39     6.94139e-02 >
48 R_BR3.BPM4L3.x_BR3.DVT9L1 equality     .          195.38    -7.38872e-02 >
49 R_BR3.BPM5L3.x_BR3.DHZ11L4 equality     .          323.52     6.47853e-01 >
50 R_BR3.BPM5L3.x_BR3.DHZ12L4 equality     .          321.44     1.32095e-01 >
51 R_BR3.BPM5L3.x_BR3.DHZ13L4 equality     .          331.9      8.22621e-01 >
52 R_BR3.BPM5L3.x_BR3.DHZ14L1 equality     .          329.01     4.27003e-01 >
53 R_BR3.BPM5L3.x_BR3.DHZ8L1 equality     .          324.43     4.01920e-02 >
54 R_BR3.BPM5L3.x_BR3.DHZ9L1 equality     .          326.34    -2.26549e-01 >
55 R_BR3.BPM5L3.x_BR3.DVT12L4 equality     .          337.83     1.23225e-01 >
56 R_BR3.BPM5L3.x_BR3.DVT13L4 equality     .          337.83     1.22047e-01 >
57 R_BR3.BPM5L3.x_BR3.DVT2L4 equality     .          328.25    -1.18266e-01 >
58 R_BR3.BPM5L3.x_BR3.DVT6L4 equality     .          332.41    -2.74402e-01 >
59 R_BR3.BPM5L3.x_BR3.DVT8L1 equality     .          331.07    -1.59934e-01 >
60 R_BR3.BPM5L3.x_BR3.DVT9L1 equality     .          327.95     1.49112e-02 >
61 R_BR3.BPM6L3.x_BR3.DHZ11L4 equality     .          199.06     5.99290e-01 >
62 R_BR3.BPM6L3.x_BR3.DHZ12L4 equality     .          197.02     4.40628e-01 >
63 R_BR3.BPM6L3.x_BR3.DHZ13L4 equality     .          203.36     7.94715e-01 >
64 R_BR3.BPM6L3.x_BR3.DHZ14L1 equality     .          200.11     8.94588e-01 >
65 R_BR3.BPM6L3.x_BR3.DHZ8L1 equality     .          198.67     7.19632e-01 >
66 R_BR3.BPM6L3.x_BR3.DHZ9L1 equality     .          198.05    -1.15312e-01 >
67 R_BR3.BPM6L3.x_BR3.DVT12L4 equality     .          203.3      4.64352e-02 >
68 R_BR3.BPM6L3.x_BR3.DVT13L4 equality     .          203.17    -3.73560e-02 >
69 R_BR3.BPM6L3.x_BR3.DVT2L4 equality     .          201.38     1.00517e-01 >
70 R_BR3.BPM6L3.x_BR3.DVT6L4 equality     .          200.05    -1.40882e-01 >
71 R_BR3.BPM6L3.x_BR3.DVT8L1 equality     .          201.17    -9.37161e-02 >
72 R_BR3.BPM6L3.x_BR3.DVT9L1 equality     .          202.7     -1.31418e-01 >
73 R_BR3.BPM7L3.x_BR3.DHZ11L4 equality     .          224.56    -6.04437e-02 >
74 R_BR3.BPM7L3.x_BR3.DHZ12L4 equality     .          219.91    -1.11556e-02 >
75 R_BR3.BPM7L3.x_BR3.DHZ13L4 equality     .          222.83     8.53375e-01 >
76 R_BR3.BPM7L3.x_BR3.DHZ14L1 equality     .          223.21     5.12685e-01 >
77 R_BR3.BPM7L3.x_BR3.DHZ8L1 equality     .          225.31     6.01068e-01 >
78 R_BR3.BPM7L3.x_BR3.DHZ9L1 equality     .          223.19    -2.45003e-01 >
79 R_BR3.BPM7L3.x_BR3.DVT12L4 equality     .          225.85     7.06483e-02 >
80 R_BR3.BPM7L3.x_BR3.DVT13L4 equality     .          225.36    -2.46697e-01 >
81 R_BR3.BPM7L3.x_BR3.DVT2L4 equality     .          220.05     1.67584e-01 >
82 R_BR3.BPM7L3.x_BR3.DVT6L4 equality     .          220.91     2.38285e-02 >
83 R_BR3.BPM7L3.x_BR3.DVT8L1 equality     .          222.9      1.19669e-01 >
84 R_BR3.BPM7L3.x_BR3.DVT9L1 equality     .          222.54    -1.47129e-01 >
85 R_BR3.BPM8L3.x_BR3.DHZ11L4 equality     .          333.06     4.70339e-02 >
86 R_BR3.BPM8L3.x_BR3.DHZ12L4 equality     .          331.72    -1.14528e-01 >
87 R_BR3.BPM8L3.x_BR3.DHZ13L4 equality     .          334.32     8.61547e-01 >
88 R_BR3.BPM8L3.x_BR3.DHZ14L1 equality     .          336.17    -2.02507e-02 >
89 R_BR3.BPM8L3.x_BR3.DHZ8L1 equality     .          337.58     4.64923e-01 >
90 R_BR3.BPM8L3.x_BR3.DHZ9L1 equality     .          333.83    -2.22738e-01 >
91 R_BR3.BPM8L3.x_BR3.DVT12L4 equality     .          336.7      1.44087e-01 >
92 R_BR3.BPM8L3.x_BR3.DVT13L4 equality     .          334.2     -1.31300e-01 >
93 R_BR3.BPM8L3.x_BR3.DVT2L4 equality     .          335.6      9.03800e-03 >
94 R_BR3.BPM8L3.x_BR3.DVT6L4 equality     .          329.87    -1.47199e-01 >
95 R_BR3.BPM8L3.x_BR3.DVT8L1 equality     .          332.62     1.36220e-01 >
96 R_BR3.BPM8L3.x_BR3.DVT9L1 equality     .          331.37    -3.36169e-02 >
97 R_BR3.BPM9L3.x_BR3.DHZ11L4 equality     .          295.11     6.07516e-01 >
98 R_BR3.BPM9L3.x_BR3.DHZ12L4 equality     .          265.71    -3.85747e-01 >
99 R_BR3.BPM9L3.x_BR3.DHZ13L4 equality     .          302.61     8.93336e-01 >
100 R_BR3.BPM9L3.x_BR3.DHZ14L1 equality     .          302.64     8.68644e-01 >
101 R_BR3.BPM9L3.x_BR3.DHZ8L1 equality     .          274.9     -1.57074e-01 >
102 R_BR3.BPM9L3.x_BR3.DHZ9L1 equality     .          295.83    -2.98350e-01 >
103 R_BR3.BPM9L3.x_BR3.DVT12L4 equality     .          277.83     7.38079e-02 >
104 R_BR3.BPM9L3.x_BR3.DVT13L4 equality     .          285.41     1.03408e-01 >
105 R_BR3.BPM9L3.x_BR3.DVT2L4 equality     .          275.96    -7.80661e-02 >
106 R_BR3.BPM9L3.x_BR3.DVT6L4 equality     .          273.27    -3.20886e-01 >
107 R_BR3.BPM9L3.x_BR3.DVT8L1 equality     .          276.9     -8.70101e-02 >
108 R_BR3.BPM9L3.x_BR3.DVT9L1 equality     .          281.52     9.12445e-02 >
109 R_BR3.BPM10L3.x_BR3.DHZ11L4 equality     .          319.65     9.27525e-01 >
110 R_BR3.BPM10L3.x_BR3.DHZ12L4 equality     .          316.13     5.45875e-01 >
111 R_BR3.BPM10L3.x_BR3.DHZ13L4 equality     .          325.84     3.66269e-01 >
112 R_BR3.BPM10L3.x_BR3.DHZ14L1 equality     .          326.76     4.85850e-01 >
113 R_BR3.BPM10L3.x_BR3.DHZ8L1 equality     .          320.51     6.87456e-02 >
114 R_BR3.BPM10L3.x_BR3.DHZ9L1 equality     .          322.85    -1.43524e-01 >
115 R_BR3.BPM10L3.x_BR3.DVT12L4 equality     .          326.21     8.41059e-02 >
116 R_BR3.BPM10L3.x_BR3.DVT13L4 equality     .          329.16    -5.85346e-02 >
117 R_BR3.BPM10L3.x_BR3.DVT2L4 equality     .          325.58     8.71621e-02 >
118 R_BR3.BPM10L3.x_BR3.DVT6L4 equality     .          320.71    -1.08237e-01 >
119 R_BR3.BPM10L3.x_BR3.DVT8L1 equality     .          322.38    -1.90419e-01 >
120 R_BR3.BPM10L3.x_BR3.DVT9L1 equality     .          321.9     -1.01038e-01 >
121 R_BR3.BPM11L3.x_BR3.DHZ11L4 equality     .          321.62    -3.07437e-01 >
122 R_BR3.BPM11L3.x_BR3.DHZ12L4 equality     .          316.81     3.53415e-01 >
123 R_BR3.BPM11L3.x_BR3.DHZ13L4 equality     .          318.29     1.04739e+00 >
124 R_BR3.BPM11L3.x_BR3.DHZ14L1 equality     .          323        3.03819e-01 >
125 R_BR3.BPM11L3.x_BR3.DHZ8L1 equality     .          323.25     2.43604e-01 >
126 R_BR3.BPM11L3.x_BR3.DHZ9L1 equality     .          321.03    -6.16261e-02 >
127 R_BR3.BPM11L3.x_BR3.DVT12L4 equality     .          323.49     1.36095e-01 >
128 R_BR3.BPM11L3.x_BR3.DVT13L4 equality     .          323.39    -2.50765e-01 >
129 R_BR3.BPM11L3.x_BR3.DVT2L4 equality     .          321.94     1.32766e-01 >
130 R_BR3.BPM11L3.x_BR3.DVT6L4 equality     .          317.89    -7.04595e-02 >
131 R_BR3.BPM11L3.x_BR3.DVT8L1 equality     .          319.79     7.01209e-02 >
132 R_BR3.BPM11L3.x_BR3.DVT9L1 equality     .          321.7     -2.51745e-01 >
133 R_BR3.BPM12L3.x_BR3.DHZ11L4 equality     .          231.32     2.03046e-01 >
134 R_BR3.BPM12L3.x_BR3.DHZ12L4 equality     .          230.81     7.06110e-02 >
135 R_BR3.BPM12L3.x_BR3.DHZ13L4 equality     .          235.29     1.14703e+00 >
136 R_BR3.BPM12L3.x_BR3.DHZ14L1 equality     .          237.27     1.98874e-01 >
137 R_BR3.BPM12L3.x_BR3.DHZ8L1 equality     .          236.62     5.56907e-01 >
138 R_BR3.BPM12L3.x_BR3.DHZ9L1 equality     .          234.67    -3.26993e-01 >
139 R_BR3.BPM12L3.x_BR3.DVT12L4 equality     .          236.69     1.17254e-01 >
140 R_BR3.BPM12L3.x_BR3.DVT13L4 equality     .          234.68    -9.08423e-02 >
141 R_BR3.BPM12L3.x_BR3.DVT2L4 equality     .          235.06    -1.23554e-02 >
142 R_BR3.BPM12L3.x_BR3.DVT6L4 equality     .          233.75    -1.87195e-01 >
143 R_BR3.BPM12L3.x_BR3.DVT8L1 equality     .          234.41     1.15402e-01 >
144 R_BR3.BPM12L3.x_BR3.DVT9L1 equality     .          236.74    -2.77268e-02 >
145 R_BR3.BPM13L3.x_BR3.DHZ11L4 equality     .          284.54     7.92335e-01 >
146 R_BR3.BPM13L3.x_BR3.DHZ12L4 equality     .          283.04     1.30052e-01 >
147 R_BR3.BPM13L3.x_BR3.DHZ13L4 equality     .          295.14     7.84414e-01 >
148 R_BR3.BPM13L3.x_BR3.DHZ14L1 equality     .          296.29     6.25798e-01 >
149 R_BR3.BPM13L3.x_BR3.DHZ8L1 equality     .          287.88     2.91646e-01 >
150 R_BR3.BPM13L3.x_BR3.DHZ9L1 equality     .          287.07    -2.39137e-01 >
151 R_BR3.BPM13L3.x_BR3.DVT12L4 equality     .          295.01     2.19377e-01 >
152 R_BR3.BPM13L3.x_BR3.DVT13L4 equality     .          294.7      1.27726e-01 >
153 R_BR3.BPM13L3.x_BR3.DVT2L4 equality     .          290.68    -6.91699e-02 >
154 R_BR3.BPM13L3.x_BR3.DVT6L4 equality     .          289.47    -2.75514e-01 >
155 R_BR3.BPM13L3.x_BR3.DVT8L1 equality     .          289.76    -1.34934e-01 >
156 R_BR3.BPM13L3.x_BR3.DVT9L1 equality     .          288.72     1.09594e-01 >
157 R_BR3.BPM14L3.x_BR3.DHZ11L4 equality     .          211.88     8.25900e-01 >
158 R_BR3.BPM14L3.x_BR3.DHZ12L4 equality     .          207.85     1.53391e-02 >
159 R_BR3.BPM14L3.x_BR3.DHZ13L4 equality     .          214.17     7.02467e-01 >
160 R_BR3.BPM14L3.x_BR3.DHZ14L1 equality     .          214.94     9.59176e-01 >
161 R_BR3.BPM14L3.x_BR3.DHZ8L1 equality     .          211.23     5.28670e-01 >
162 R_BR3.BPM14L3.x_BR3.DHZ9L1 equality     .          213.35    -5.39699e-01 >
163 R_BR3.BPM14L3.x_BR3.DVT12L4 equality     .          215.96     1.73996e-03 >
164 R_BR3.BPM14L3.x_BR3.DVT13L4 equality     .          216.13     8.79757e-02 >
165 R_BR3.BPM14L3.x_BR3.DVT2L4 equality     .          214.73     9.19603e-02 >
166 R_BR3.BPM14L3.x_BR3.DVT6L4 equality     .          212.35    -1.16475e-01 >
167 R_BR3.BPM14L3.x_BR3.DVT8L1 equality     .          214.2     -1.58931e-01 >
168 R_BR3.BPM14L3.x_BR3.DVT9L1 equality     .          213.82    -1.12509e-01 >
169 R_BR3.BPM15L3.x_BR3.DHZ11L4 equality     .          318.35     4.60282e-02 >
170 R_BR3.BPM15L3.x_BR3.DHZ12L4 equality     .          313.72     4.18702e-01 >
171 R_BR3.BPM15L3.x_BR3.DHZ13L4 equality     .          311.6      8.65589e-01 >
172 R_BR3.BPM15L3.x_BR3.DHZ14L1 equality     .          314.3      6.19121e-01 >
173 R_BR3.BPM15L3.x_BR3.DHZ8L1 equality     .          319.14     7.34002e-01 >
174 R_BR3.BPM15L3.x_BR3.DHZ9L1 equality     .          317.1      3.02145e-02 >
175 R_BR3.BPM15L3.x_BR3.DVT12L4 equality     .          319.08     7.83964e-02 >
176 R_BR3.BPM15L3.x_BR3.DVT13L4 equality     .          317.35    -2.67885e-01 >
177 R_BR3.BPM15L3.x_BR3.DVT2L4 equality     .          321.05     9.57566e-02 >
178 R_BR3.BPM15L3.x_BR3.DVT6L4 equality     .          317.16    -8.71629e-02 >
179 R_BR3.BPM15L3.x_BR3.DVT8L1 equality     .          319.06     1.19419e-01 >
180 R_BR3.BPM15L3.x_BR3.DVT9L1 equality     .          318.75    -1.64569e-01 >
181 R_BR3.BPM16L3.x_BR3.DHZ11L4 equality     .          342.42     1.10665e-01 >
182 R_BR3.BPM16L3.x_BR3.DHZ12L4 equality     .          334.06     1.15550e-01 >
183 R_BR3.BPM16L3.x_BR3.DHZ13L4 equality     .          334.87     5.36685e-01 >
184 R_BR3.BPM16L3.x_BR3.DHZ14L1 equality     .          338.52    -3.32178e-01 >
185 R_BR3.BPM16L3.x_BR3.DHZ8L1 equality     .          344.05     4.32167e-01 >
186 R_BR3.BPM16L3.x_BR3.DHZ9L1 equality     .          340.3     -8.06583e-03 >
187 R_BR3.BPM16L3.x_BR3.DVT12L4 equality     .          331.51     1.96579e-01 >
188 R_BR3.BPM16L3.x_BR3.DVT13L4 equality     .          328.25    -1.92224e-01 >
189 R_BR3.BPM16L3.x_BR3.DVT2L4 equality     .          328.51     4.78701e-03 >
190 R_BR3.BPM16L3.x_BR3.DVT6L4 equality     .          324.17    -1.93334e-01 >
191 R_BR3.BPM16L3.x_BR3.DVT8L1 equality     .          330.87     1.13282e-01 >
192 R_BR3.BPM16L3.x_BR3.DVT9L1 equality     .          325.91    -1.19347e-02 >
193 R_BR3.BPM1L3.y_BR3.DHZ11L4 equality     .          266.76    -1.34489e-01 >
194 R_BR3.BPM1L3.y_BR3.DHZ12L4 equality     .          260.64     3.19562e-02 >
195 R_BR3.BPM1L3.y_BR3.DHZ13L4 equality     .          257.56     2.06820e-01 >
196 R_BR3.BPM1L3.y_BR3.DHZ14L1 equality     .          261.21     1.34445e-01 >
197 R_BR3.BPM1L3.y_BR3.DHZ8L1 equality     .          261.57    -1.34300e-01 >
198 R_BR3.BPM1L3.y_BR3.DHZ9L1 equality     .          258.89     9.85420e-02 >
199 R_BR3.BPM1L3.y_BR3.DVT12L4 equality     .          257.37    -6.04390e-02 >
200 R_BR3.BPM1L3.y_BR3.DVT13L4 equality     .          251.9     -1.61831e-01 >
201 R_BR3.BPM1L3.y_BR3.DVT2L4 equality     .          254.71     9.56199e-03 >
202 R_BR3.BPM1L3.y_BR3.DVT6L4 equality     .          255.63    -6.28585e-05 >
203 R_BR3.BPM1L3.y_BR3.DVT8L1 equality     .          254.03     1.03612e-01 >
204 R_BR3.BPM1L3.y_BR3.DVT9L1 equality     .          254.93    -1.11467e-01 >
205 R_BR3.BPM2L3.y_BR3.DHZ11L4 equality     .          192.49     4.87050e-02 >
206 R_BR3.BPM2L3.y_BR3.DHZ12L4 equality     .          194.16    -5.44675e-02 >
207 R_BR3.BPM2L3.y_BR3.DHZ13L4 equality     .          193.89     1.81906e-02 >
208 R_BR3.BPM2L3.y_BR3.DHZ14L1 equality     .          196.5      5.87020e-02 >
209 R_BR3.BPM2L3.y_BR3.DHZ8L1 equality     .          198.33     3.30244e-02 >
210 R_BR3.BPM2L3.y_BR3.DHZ9L1 equality     .          194.55    -6.84220e-02 >
211 R_BR3.BPM2L3.y_BR3.DVT12L4 equality     .          194.45    -1.05540e-02 >
212 R_BR3.BPM2L3.y_BR3.DVT13L4 equality     .          196.88     2.41943e-01 >
213 R_BR3.BPM2L3.y_BR3.DVT2L4 equality     .          196.4      5.62137e-02 >
214 R_BR3.BPM2L3.y_BR3.DVT6L4 equality     .          194.13     6.28993e-02 >
215 R_BR3.BPM2L3.y_BR3.DVT8L1 equality     .          197.65    -6.42277e-02 >
216 R_BR3.BPM2L3.y_BR3.DVT9L1 equality     .          200.1     -4.28017e-01 >
217 R_BR3.BPM3L3.y_BR3.DHZ11L4 equality     .          309.2      1.70471e-01 >
218 R_BR3.BPM3L3.y_BR3.DHZ12L4 equality     .          305        1.57838e-02 >
219 R_BR3.BPM3L3.y_BR3.DHZ13L4 equality     .          308.48    -2.32977e-01 >
220 R_BR3.BPM3L3.y_BR3.DHZ14L1 equality     .          311.75    -1.94110e-01 >
221 R_BR3.BPM3L3.y_BR3.DHZ8L1 equality     .          311.9      1.94813e-01 >
222 R_BR3.BPM3L3.y_BR3.DHZ9L1 equality     .          308.65    -4.39746e-02 >
223 R_BR3.BPM3L3.y_BR3.DVT12L4 equality     .          303.54    -3.54759e-02 >
224 R_BR3.BPM3L3.y_BR3.DVT13L4 equality     .          302.47    -5.58167e-02 >
225 R_BR3.BPM3L3.y_BR3.DVT2L4 equality     .          306.06     2.13343e-01 >
226 R_BR3.BPM3L3.y_BR3.DVT6L4 equality     .          306.1     -4.50382e-02 >
227 R_BR3.BPM3L3.y_BR3.DVT8L1 equality     .          305.71     1.96169e-02 >
228 R_BR3.BPM3L3.y_BR3.DVT9L1 equality     .          306.93     1.03590e-01 >
229 R_BR3.BPM4L3.y_BR3.DHZ11L4 equality     .          209.92    -1.01944e-01 >
230 R_BR3.BPM4L3.y_BR3.DHZ12L4 equality     .          208.08     4.28781e-03 >
231 R_BR3.BPM4L3.y_BR3.DHZ13L4 equality     .          209.11    -4.81482e-02 >
232 R_BR3.BPM4L3.y_BR3.DHZ14L1 equality     .          211.85    -8.17491e-02 >
233 R_BR3.BPM4L3.y_BR3.DHZ8L1 equality     .          210.02    -7.20430e-02 >
234 R_BR3.BPM4L3.y_BR3.DHZ9L1 equality     .          210.52     4.31068e-02 >
235 R_BR3.BPM4L3.y_BR3.DVT12L4 equality     .          211.43    -6.78129e-01 >
236 R_BR3.BPM4L3.y_BR3.DVT13L4 equality     .          206.83    -1.01112e-02 >
237 R_BR3.BPM4L3.y_BR3.DVT2L4 equality     .          207.62     5.06316e-01 >
238 R_BR3.BPM4L3.y_BR3.DVT6L4 equality     .          207.22     6.44013e-01 >
239 R_BR3.BPM4L3.y_BR3.DVT8L1 equality     .          209.27    -1.27630e-01 >
240 R_BR3.BPM4L3.y_BR3.DVT9L1 equality     .          205.48    -5.90293e-04 >
241 R_BR3.BPM5L3.y_BR3.DHZ11L4 equality     .          300.59    -1.88128e-01 >
242 R_BR3.BPM5L3.y_BR3.DHZ12L4 equality     .          297.16    -7.49861e-03 >
243 R_BR3.BPM5L3.y_BR3.DHZ13L4 equality     .          299.71     2.18643e-01 >
244 R_BR3.BPM5L3.y_BR3.DHZ14L1 equality     .          302.59     1.53308e-01 >
245 R_BR3.BPM5L3.y_BR3.DHZ8L1 equality     .          301.54    -1.95779e-01 >
246 R_BR3.BPM5L3.y_BR3.DHZ9L1 equality     .          301.97     6.30896e-02 >
247 R_BR3.BPM5L3.y_BR3.DVT12L4 equality     .          300.71    -4.86236e-03 >
248 R_BR3.BPM5L3.y_BR3.DVT13L4 equality     .          292.52     1.75925e-01 >
249 R_BR3.BPM5L3.y_BR3.DVT2L4 equality     .          294.96    -1.76153e-01 >
250 R_BR3.BPM5L3.y_BR3.DVT6L4 equality     .          295.26     1.47598e-01 >
251 R_BR3.BPM5L3.y_BR3.DVT8L1 equality     .          295.51    -6.11191e-02 >
252 R_BR3.BPM5L3.y_BR3.DVT9L1 equality     .          300.71    -1.92488e-01 >
253 R_BR3.BPM6L3.y_BR3.DHZ11L4 equality     .          205.66     1.21343e-01 >
254 R_BR3.BPM6L3.y_BR3.DHZ12L4 equality     .          201.86     1.50863e-02 >
255 R_BR3.BPM6L3.y_BR3.DHZ13L4 equality     .          204.39     1.05565e-02 >
256 R_BR3.BPM6L3.y_BR3.DHZ14L1 equality     .          206.14    -3.51600e-02 >
257 R_BR3.BPM6L3.y_BR3.DHZ8L1 equality     .          205.51     1.43962e-01 >
258 R_BR3.BPM6L3.y_BR3.DHZ9L1 equality     .          205.6     -4.68212e-02 >
259 R_BR3.BPM6L3.y_BR3.DVT12L4 equality     .          203.95     6.24701e-01 >
260 R_BR3.BPM6L3.y_BR3.DVT13L4 equality     .          204.5     -5.66306e-02 >
261 R_BR3.BPM6L3.y_BR3.DVT2L4 equality     .          201.85    -3.97400e-01 >
262 R_BR3.BPM6L3.y_BR3.DVT6L4 equality     .          201.08    -5.93092e-01 >
263 R_BR3.BPM6L3.y_BR3.DVT8L1 equality     .          205.4      1.43465e-01 >
264 R_BR3.BPM6L3.y_BR3.DVT9L1 equality     .          202.55    -5.36884e-02 >
265 R_BR3.BPM7L3.y_BR3.DHZ11L4 equality     .          247.51     2.04508e-01 >
266 R_BR3.BPM7L3.y_BR3.DHZ12L4 equality     .          239.62     4.92764e-02 >
267 R_BR3.BPM7L3.y_BR3.DHZ13L4 equality     .          243.43    -2.49969e-01 >
268 R_BR3.BPM7L3.y_BR3.DHZ14L1 equality     .          246.98    -1.87810e-01 >
269 R_BR3.BPM7L3.y_BR3.DHZ8L1 equality     .          246.56     2.30535e-01 >
270 R_BR3.BPM7L3.y_BR3.DHZ9L1 equality     .          246.83    -2.86577e-02 >
271 R_BR3.BPM7L3.y_BR3.DVT12L4 equality     .          249.31    -2.45008e-01 >
272 R_BR3.BPM7L3.y_BR3.DVT13L4 equality     .          250.81     1.64715e-01 >
273 R_BR3.BPM7L3.y_BR3.DVT2L4 equality     .          247.33     1.23634e-01 >
274 R_BR3.BPM7L3.y_BR3.DVT6L4 equality     .          247.73    -4.14349e-02 >
275 R_BR3.BPM7L3.y_BR3.DVT8L1 equality     .          247.99    -1.87408e-01 >
276 R_BR3.BPM7L3.y_BR3.DVT9L1 equality     .          243.93     1.71032e-01 >
277 R_BR3.BPM8L3.y_BR3.DHZ11L4 equality     .          310.08    -2.20504e-02 >
278 R_BR3.BPM8L3.y_BR3.DHZ12L4 equality     .          307.13     5.07885e-02 >
279 R_BR3.BPM8L3.y_BR3.DHZ13L4 equality     .          303.82    -1.02821e-01 >
280 R_BR3.BPM8L3.y_BR3.DHZ14L1 equality     .          311.28    -1.46651e-01 >
281 R_BR3.BPM8L3.y_BR3.DHZ8L1 equality     .          310.24     2.79224e-03 >
282 R_BR3.BPM8L3.y_BR3.DHZ9L1 equality     .          307.43     5.75752e-02 >
283 R_BR3.BPM8L3.y_BR3.DVT12L4 equality     .          310.09     1.64854e-01 >
284 R_BR3.BPM8L3.y_BR3.DVT13L4 equality     .          305.78     4.52686e-02 >
285 R_BR3.BPM8L3.y_BR3.DVT2L4 equality     .          308.97    -3.23316e-01 >
286 R_BR3.BPM8L3.y_BR3.DVT6L4 equality     .          299.52     6.51507e-02 >
287 R_BR3.BPM8L3.y_BR3.DVT8L1 equality     .          305.11     3.94910e-01 >
288 R_BR3.BPM8L3.y_BR3.DVT9L1 equality     .          307.07     4.68131e-01 >
289 R_BR3.BPM9L3.y_BR3.DHZ11L4 equality     .          334.71    -1.73276e-01 >
290 R_BR3.BPM9L3.y_BR3.DHZ12L4 equality     .          333.16    -6.18767e-04 >
291 R_BR3.BPM9L3.y_BR3.DHZ13L4 equality     .          334.6      2.19548e-01 >
292 R_BR3.BPM9L3.y_BR3.DHZ14L1 equality     .          340.73     1.62640e-01 >
293 R_BR3.BPM9L3.y_BR3.DHZ8L1 equality     .          335.94    -1.01454e-01 >
294 R_BR3.BPM9L3.y_BR3.DHZ9L1 equality     .          337.78     4.88413e-02 >
295 R_BR3.BPM9L3.y_BR3.DVT12L4 equality     .          331.03    -3.77944e-01 >
296 R_BR3.BPM9L3.y_BR3.DVT13L4 equality     .          338.49     1.72760e-01 >
297 R_BR3.BPM9L3.y_BR3.DVT2L4 equality     .          333.32     1.21841e-01 >
298 R_BR3.BPM9L3.y_BR3.DVT6L4 equality     .          330.97     3.82994e-02 >
299 R_BR3.BPM9L3.y_BR3.DVT8L1 equality     .          333.05    -6.65294e-02 >
300 R_BR3.BPM9L3.y_BR3.DVT9L1 equality     .          335.65     1.65184e-01 >
301 R_BR3.BPM10L3.y_BR3.DHZ11L4 equality     .          366.2      1.12704e-01 >
302 R_BR3.BPM10L3.y_BR3.DHZ12L4 equality     .          362.07    -6.54695e-02 >
303 R_BR3.BPM10L3.y_BR3.DHZ13L4 equality     .          361.04    -4.92270e-02 >
304 R_BR3.BPM10L3.y_BR3.DHZ14L1 equality     .          363.5      3.18224e-02 >
305 R_BR3.BPM10L3.y_BR3.DHZ8L1 equality     .          368.96    -1.26698e-02 >
306 R_BR3.BPM10L3.y_BR3.DHZ9L1 equality     .          364.84    -1.14716e-01 >
307 R_BR3.BPM10L3.y_BR3.DVT12L4 equality     .          359.34    -7.06080e-03 >
308 R_BR3.BPM10L3.y_BR3.DVT13L4 equality     .          360.65    -1.74220e-01 >
309 R_BR3.BPM10L3.y_BR3.DVT2L4 equality     .          355.51     2.45107e-01 >
310 R_BR3.BPM10L3.y_BR3.DVT6L4 equality     .          356.1     -3.89926e-02 >
311 R_BR3.BPM10L3.y_BR3.DVT8L1 equality     .          360.02    -3.41396e-01 >
312 R_BR3.BPM10L3.y_BR3.DVT9L1 equality     .          366.4      6.36800e-04 >
313 R_BR3.BPM11L3.y_BR3.DHZ11L4 equality     .          318.42     1.64786e-01 >
314 R_BR3.BPM11L3.y_BR3.DHZ12L4 equality     .          312.53     7.60878e-02 >
315 R_BR3.BPM11L3.y_BR3.DHZ13L4 equality     .          314.15    -2.46510e-01 >
316 R_BR3.BPM11L3.y_BR3.DHZ14L1 equality     .          319.85    -2.09922e-01 >
317 R_BR3.BPM11L3.y_BR3.DHZ8L1 equality     .          318.13     1.49435e-01 >
318 R_BR3.BPM11L3.y_BR3.DHZ9L1 equality     .          314.86    -3.98908e-02 >
319 R_BR3.BPM11L3.y_BR3.DVT12L4 equality     .          318.32    -3.57764e-02 >
320 R_BR3.BPM11L3.y_BR3.DVT13L4 equality     .          319.64     5.01990e-02 >
321 R_BR3.BPM11L3.y_BR3.DVT2L4 equality     .          314.09     2.63491e-02 >
322 R_BR3.BPM11L3.y_BR3.DVT6L4 equality     .          315.65     3.38509e-02 >
323 R_BR3.BPM11L3.y_BR3.DVT8L1 equality     .          313.99    -1.36149e-01 >
324 R_BR3.BPM11L3.y_BR3.DVT9L1 equality     .          319.49    -4.10469e-02 >
325 R_BR3.BPM12L3.y_BR3.DHZ11L4 equality     .          231.29    -3.66135e-02 >
326 R_BR3.BPM12L3.y_BR3.DHZ12L4 equality     .          228.92     7.34919e-02 >
327 R_BR3.BPM12L3.y_BR3.DHZ13L4 equality     .          229.14    -4.36869e-02 >
328 R_BR3.BPM12L3.y_BR3.DHZ14L1 equality     .          230.81    -8.16336e-02 >
329 R_BR3.BPM12L3.y_BR3.DHZ8L1 equality     .          232.09    -6.48901e-03 >
330 R_BR3.BPM12L3.y_BR3.DHZ9L1 equality     .          230.3      2.14208e-03 >
331 R_BR3.BPM12L3.y_BR3.DVT12L4 equality     .          232.44    -4.81615e-01 >
332 R_BR3.BPM12L3.y_BR3.DVT13L4 equality     .          232.5      2.97899e-01 >
333 R_BR3.BPM12L3.y_BR3.DVT2L4 equality     .          232.86     1.29506e-01 >
334 R_BR3.BPM12L3.y_BR3.DVT6L4 equality     .          233.21     3.16758e-01 >
335 R_BR3.BPM12L3.y_BR3.DVT8L1 equality     .          234.5      5.23798e-02 >
336 R_BR3.BPM12L3.y_BR3.DVT9L1 equality     .          232.15     7.61203e-02 >
337 R_BR3.BPM13L3.y_BR3.DHZ11L4 equality     .          318.63    -1.09314e-01 >
338 R_BR3.BPM13L3.y_BR3.DHZ12L4 equality     .          312.27    -1.23165e-02 >
339 R_BR3.BPM13L3.y_BR3.DHZ13L4 equality     .          312.67     2.35987e-01 >
340 R_BR3.BPM13L3.y_BR3.DHZ14L1 equality     .          317.13     1.99388e-01 >
341 R_BR3.BPM13L3.y_BR3.DHZ8L1 equality     .          317.01    -1.20333e-01 >
342 R_BR3.BPM13L3.y_BR3.DHZ9L1 equality     .          315.47     4.66164e-02 >
343 R_BR3.BPM13L3.y_BR3.DVT12L4 equality     .          316.17     7.16033e-02 >
344 R_BR3.BPM13L3.y_BR3.DVT13L4 equality     .          317.1      8.55466e-02 >
345 R_BR3.BPM13L3.y_BR3.DVT2L4 equality     .          315.8      8.92503e-02 >
346 R_BR3.BPM13L3.y_BR3.DVT6L4 equality     .          313.76    -1.26237e-02 >
347 R_BR3.BPM13L3.y_BR3.DVT8L1 equality     .          317.44     1.66905e-02 >
348 R_BR3.BPM13L3.y_BR3.DVT9L1 equality     .          320.26     1.15821e-01 >
349 R_BR3.BPM14L3.y_BR3.DHZ11L4 equality     .          244.36     1.94040e-02 >
350 R_BR3.BPM14L3.y_BR3.DHZ12L4 equality     .          241.74    -6.84268e-02 >
351 R_BR3.BPM14L3.y_BR3.DHZ13L4 equality     .          243.26     5.26209e-02 >
352 R_BR3.BPM14L3.y_BR3.DHZ14L1 equality     .          243.34     5.96912e-02 >
353 R_BR3.BPM14L3.y_BR3.DHZ8L1 equality     .          247.99     3.33053e-03 >
354 R_BR3.BPM14L3.y_BR3.DHZ9L1 equality     .          245.6     -8.09633e-02 >
355 R_BR3.BPM14L3.y_BR3.DVT12L4 equality     .          243.73     9.38291e-02 >
356 R_BR3.BPM14L3.y_BR3.DVT13L4 equality     .          242.56     3.29920e-01 >
357 R_BR3.BPM14L3.y_BR3.DVT2L4 equality     .          244.08     7.26882e-02 >
358 R_BR3.BPM14L3.y_BR3.DVT6L4 equality     .          243.53     3.39099e-02 >
359 R_BR3.BPM14L3.y_BR3.DVT8L1 equality     .          244.77    -8.52469e-02 >
360 R_BR3.BPM14L3.y_BR3.DVT9L1 equality     .          247.1     -3.29257e-01 >
361 R_BR3.BPM15L3.y_BR3.DHZ11L4 equality     .          335.46     1.18899e-01 >
362 R_BR3.BPM15L3.y_BR3.DHZ12L4 equality     .          332.49     5.74101e-02 >
363 R_BR3.BPM15L3.y_BR3.DHZ13L4 equality     .          333.02    -2.31557e-01 >
364 R_BR3.BPM15L3.y_BR3.DHZ14L1 equality     .          339.6     -1.94514e-01 >
365 R_BR3.BPM15L3.y_BR3.DHZ8L1 equality     .          337.23     1.32486e-01 >
366 R_BR3.BPM15L3.y_BR3.DHZ9L1 equality     .          334.2     -4.32529e-03 >
367 R_BR3.BPM15L3.y_BR3.DVT12L4 equality     .          335.53    -6.69545e-02 >
368 R_BR3.BPM15L3.y_BR3.DVT13L4 equality     .          332.18    -3.71891e-02 >
369 R_BR3.BPM15L3.y_BR3.DVT2L4 equality     .          339.47    -1.49537e-01 >
370 R_BR3.BPM15L3.y_BR3.DVT6L4 equality     .          334.11     6.42151e-04 >
371 R_BR3.BPM15L3.y_BR3.DVT8L1 equality     .          336.51     5.11509e-02 >
372 R_BR3.BPM15L3.y_BR3.DVT9L1 equality     .          337.85    -6.52703e-02 >
373 R_BR3.BPM16L3.y_BR3.DHZ11L4 equality     .          372.29     5.23250e-03 >
374 R_BR3.BPM16L3.y_BR3.DHZ12L4 equality     .          365.67     3.00430e-02 >
375 R_BR3.BPM16L3.y_BR3.DHZ13L4 equality     .          365.5     -7.14476e-02 >
376 R_BR3.BPM16L3.y_BR3.DHZ14L1 equality     .          370.71    -8.42793e-02 >
377 R_BR3.BPM16L3.y_BR3.DHZ8L1 equality     .          372.15    -2.02855e-03 >
378 R_BR3.BPM16L3.y_BR3.DHZ9L1 equality     .          370.13     5.32162e-02 >
379 R_BR3.BPM16L3.y_BR3.DVT12L4 equality     .          366.81     2.35650e-02 >
380 R_BR3.BPM16L3.y_BR3.DVT13L4 equality     .          365.16    -2.05629e-01 >
381 R_BR3.BPM16L3.y_BR3.DVT2L4 equality     .          366.91    -3.27802e-02 >
382 R_BR3.BPM16L3.y_BR3.DVT6L4 equality     .          366.38    -5.78751e-02 >
383 R_BR3.BPM16L3.y_BR3.DVT8L1 equality     .          363.83     3.91094e-02 >
384 R_BR3.BPM16L3.y_BR3.DVT9L1 equality     .          368.51     4.22469e-01 >

 Variables                  Curr. Value  Curr. Step   Lower Limit  Upper Limit
--------------------------------------------------------------------------------
 1 BR.QFOCELL1.dk1l         4.50634e-03 -1.29155e-06   .            .         
 2 BR.QDE1.dk1l            -3.33283e-03  1.18807e-06   .            .         
 3 BR.QFOCELL2.dk1l         1.58521e-03  2.51155e-06   .            .         
 4 BR.QDE2.dk1l            -1.94470e-03 -2.29084e-06   .            .         
 5 BR.QFOCELL3.dk1l        -9.95554e-03 -6.97589e-07   .            .         
 6 BR.QDE3.dk1l             7.70800e-03  6.44442e-07   .            .         
 7 BR.QFOCELL4.dk1l         1.96217e-03 -7.64824e-06   .            .         
 8 BR.QDE4.dk1l            -2.42624e-03  6.92740e-06   .            .         
 9 BR.QFOCELL5.dk1l         1.67976e-02  1.39021e-05   .            .         
10 BR.QDE5.dk1l            -1.61848e-02 -1.24516e-05   .            .         
11 BR.QFOCELL6.dk1l        -7.04520e-03  5.13945e-06   .            .         
12 BR.QDE6.dk1l             8.09393e-03 -4.73229e-06   .            .         
13 BR.QFOCELL7.dk1l        -6.47293e-03 -1.54332e-05   .            .         
14 BR.QDE7.dk1l             6.95210e-03  1.42827e-05   .            .         
15 BR.QFOCELL8.dk1l         2.00918e-02  3.61131e-06   .            .         
16 BR.QDE8.dk1l            -2.09963e-02 -3.22602e-06   .            .         
17 BR.QFOCELL9.dk1l         1.47375e-02  1.39761e-05   .            .         
18 BR.QDE9.dk1l            -1.46279e-02 -1.25235e-05   .            .         
19 BR.QFOCELL10.dk1l       -1.38054e-02 -3.90300e-06   .            .         
20 BR.QDE10.dk1l            1.48218e-02  3.51237e-06   .            .         
21 BR.QFOCELL11.dk1l       -6.92901e-03 -8.77484e-06   .            .         
22 BR.QDE11.dk1l            4.79436e-03  8.06287e-06   .            .         
23 BR.QFOCELL12.dk1l        1.33832e-03 -1.69035e-06   .            .         
24 BR.QDE12.dk1l           -1.99345e-03  1.67046e-06   .            .         
25 BR.QFOCELL13.dk1l        1.95311e-02 -2.70759e-07   .            .         
26 BR.QDE13.dk1l           -2.00561e-02  2.91746e-07   .            .         
27 BR.QFOCELL14.dk1l        8.78356e-03 -9.09970e-08   .            .         
28 BR.QDE14.dk1l           -8.98704e-03  6.22344e-08   .            .         
29 BR.QFOCELL15.dk1l       -1.43724e-02  1.08871e-07   .            .         
30 BR.QDE15.dk1l            1.31856e-02 -1.63652e-07   .            .         
31 BR.QFOCELL16.dk1l       -3.07301e-03  6.53245e-07   .            .         
32 BR.QDE16.dk1l            4.24852e-03 -6.15645e-07   .            .         

ncall=232 [5.8s], fval=2.84093e-01, fstp=-1.32302e-08, ccnt=384.


 Constraints                Type        Kind        Weight     Expr. Value
------------------------------------------------------------------------------
 1 R_BR3.BPM1L3.x_BR3.DHZ11L4 equality     .          256.16     5.75820e-01 >
 2 R_BR3.BPM1L3.x_BR3.DHZ12L4 equality     .          254.23     2.31918e-01 >
 3 R_BR3.BPM1L3.x_BR3.DHZ13L4 equality     .          253.59     7.91146e-01 >
 4 R_BR3.BPM1L3.x_BR3.DHZ14L1 equality     .          255.58     1.86378e-01 >
 5 R_BR3.BPM1L3.x_BR3.DHZ8L1 equality     .          251.17     4.30384e-02 >
 6 R_BR3.BPM1L3.x_BR3.DHZ9L1 equality     .          249.93    -1.11734e-01 >
 7 R_BR3.BPM1L3.x_BR3.DVT12L4 equality     .          260.4      1.33846e-01 >
 8 R_BR3.BPM1L3.x_BR3.DVT13L4 equality     .          256.07     1.19138e-01 >
 9 R_BR3.BPM1L3.x_BR3.DVT2L4 equality     .          252.75    -7.51863e-02 >
10 R_BR3.BPM1L3.x_BR3.DVT6L4 equality     .          253.38    -2.88300e-01 >
11 R_BR3.BPM1L3.x_BR3.DVT8L1 equality     .          254.19    -1.68381e-01 >
12 R_BR3.BPM1L3.x_BR3.DVT9L1 equality     .          254.31     3.19600e-02 >
13 R_BR3.BPM2L3.x_BR3.DHZ11L4 equality     .          156.29     3.64822e-01 >
14 R_BR3.BPM2L3.x_BR3.DHZ12L4 equality     .          154.4      4.53934e-01 >
15 R_BR3.BPM2L3.x_BR3.DHZ13L4 equality     .          157.12     1.12531e+00 >
16 R_BR3.BPM2L3.x_BR3.DHZ14L1 equality     .          159.5      1.16091e+00 >
17 R_BR3.BPM2L3.x_BR3.DHZ8L1 equality     .          158.32     3.21316e-01 >
18 R_BR3.BPM2L3.x_BR3.DHZ9L1 equality     .          156.91    -4.28632e-02 >
19 R_BR3.BPM2L3.x_BR3.DVT12L4 equality     .          159.11     5.89681e-02 >
20 R_BR3.BPM2L3.x_BR3.DVT13L4 equality     .          156.02    -1.46874e-02 >
21 R_BR3.BPM2L3.x_BR3.DVT2L4 equality     .          155.44     4.40324e-02 >
22 R_BR3.BPM2L3.x_BR3.DVT6L4 equality     .          156.47    -2.01516e-01 >
23 R_BR3.BPM2L3.x_BR3.DVT8L1 equality     .          156.24    -1.53125e-01 >
24 R_BR3.BPM2L3.x_BR3.DVT9L1 equality     .          155.22    -1.29191e-01 >
25 R_BR3.BPM3L3.x_BR3.DHZ11L4 equality     .          311.6      4.80750e-01 >
26 R_BR3.BPM3L3.x_BR3.DHZ12L4 equality     .          303.14    -1.67219e-02 >
27 R_BR3.BPM3L3.x_BR3.DHZ13L4 equality     .          303.16     3.35468e-01 >
28 R_BR3.BPM3L3.x_BR3.DHZ14L1 equality     .          306.57     2.45550e-01 >
29 R_BR3.BPM3L3.x_BR3.DHZ8L1 equality     .          308.71     1.03720e+00 >
30 R_BR3.BPM3L3.x_BR3.DHZ9L1 equality     .          305.32    -3.68203e-01 >
31 R_BR3.BPM3L3.x_BR3.DVT12L4 equality     .          304.68     6.63669e-02 >
32 R_BR3.BPM3L3.x_BR3.DVT13L4 equality     .          312.53    -2.50907e-01 >
33 R_BR3.BPM3L3.x_BR3.DVT2L4 equality     .          311.04     1.93206e-01 >
34 R_BR3.BPM3L3.x_BR3.DVT6L4 equality     .          308.23    -7.72096e-02 >
35 R_BR3.BPM3L3.x_BR3.DVT8L1 equality     .          308.71     8.73367e-02 >
36 R_BR3.BPM3L3.x_BR3.DVT9L1 equality     .          309.48    -1.54885e-01 >
37 R_BR3.BPM4L3.x_BR3.DHZ11L4 equality     .          198.58     3.38608e-01 >
38 R_BR3.BPM4L3.x_BR3.DHZ12L4 equality     .          201.04    -2.13540e-01 >
39 R_BR3.BPM4L3.x_BR3.DHZ13L4 equality     .          202.09     4.59162e-01 >
40 R_BR3.BPM4L3.x_BR3.DHZ14L1 equality     .          202.92    -3.36030e-01 >
41 R_BR3.BPM4L3.x_BR3.DHZ8L1 equality     .          201.17     4.34831e-01 >
42 R_BR3.BPM4L3.x_BR3.DHZ9L1 equality     .          200.74    -3.82350e-01 >
43 R_BR3.BPM4L3.x_BR3.DVT12L4 equality     .          199.05     1.75697e-01 >
44 R_BR3.BPM4L3.x_BR3.DVT13L4 equality     .          197.95    -1.51989e-01 >
45 R_BR3.BPM4L3.x_BR3.DVT2L4 equality     .          197.23     1.20179e-02 >
46 R_BR3.BPM4L3.x_BR3.DVT6L4 equality     .          195.97    -2.01469e-01 >
47 R_BR3.BPM4L3.x_BR3.DVT8L1 equality     .          198.39     6.94139e-02 >
48 R_BR3.BPM4L3.x_BR3.DVT9L1 equality     .          195.38    -7.38872e-02 >
49 R_BR3.BPM5L3.x_BR3.DHZ11L4 equality     .          323.52     6.47834e-01 >
50 R_BR3.BPM5L3.x_BR3.DHZ12L4 equality     .          321.44     1.32069e-01 >
51 R_BR3.BPM5L3.x_BR3.DHZ13L4 equality     .          331.9      8.22642e-01 >
52 R_BR3.BPM5L3.x_BR3.DHZ14L1 equality     .          329.01     4.27036e-01 >
53 R_BR3.BPM5L3.x_BR3.DHZ8L1 equality     .          324.43     4.02076e-02 >
54 R_BR3.BPM5L3.x_BR3.DHZ9L1 equality     .          326.34    -2.26582e-01 >
55 R_BR3.BPM5L3.x_BR3.DVT12L4 equality     .          337.83     1.23225e-01 >
56 R_BR3.BPM5L3.x_BR3.DVT13L4 equality     .          337.83     1.22047e-01 >
57 R_BR3.BPM5L3.x_BR3.DVT2L4 equality     .          328.25    -1.18266e-01 >
58 R_BR3.BPM5L3.x_BR3.DVT6L4 equality     .          332.41    -2.74402e-01 >
59 R_BR3.BPM5L3.x_BR3.DVT8L1 equality     .          331.07    -1.59934e-01 >
60 R_BR3.BPM5L3.x_BR3.DVT9L1 equality     .          327.95     1.49112e-02 >
61 R_BR3.BPM6L3.x_BR3.DHZ11L4 equality     .          199.06     5.99303e-01 >
62 R_BR3.BPM6L3.x_BR3.DHZ12L4 equality     .          197.02     4.40540e-01 >
63 R_BR3.BPM6L3.x_BR3.DHZ13L4 equality     .          203.36     7.94757e-01 >
64 R_BR3.BPM6L3.x_BR3.DHZ14L1 equality     .          200.11     8.94666e-01 >
65 R_BR3.BPM6L3.x_BR3.DHZ8L1 equality     .          198.67     7.19609e-01 >
66 R_BR3.BPM6L3.x_BR3.DHZ9L1 equality     .          198.05    -1.15308e-01 >
67 R_BR3.BPM6L3.x_BR3.DVT12L4 equality     .          203.3      4.64352e-02 >
68 R_BR3.BPM6L3.x_BR3.DVT13L4 equality     .          203.17    -3.73560e-02 >
69 R_BR3.BPM6L3.x_BR3.DVT2L4 equality     .          201.38     1.00517e-01 >
70 R_BR3.BPM6L3.x_BR3.DVT6L4 equality     .          200.05    -1.40882e-01 >
71 R_BR3.BPM6L3.x_BR3.DVT8L1 equality     .          201.17    -9.37161e-02 >
72 R_BR3.BPM6L3.x_BR3.DVT9L1 equality     .          202.7     -1.31418e-01 >
73 R_BR3.BPM7L3.x_BR3.DHZ11L4 equality     .          224.56    -6.04555e-02 >
74 R_BR3.BPM7L3.x_BR3.DHZ12L4 equality     .          219.91    -1.13229e-02 >
75 R_BR3.BPM7L3.x_BR3.DHZ13L4 equality     .          222.83     8.53410e-01 >
76 R_BR3.BPM7L3.x_BR3.DHZ14L1 equality     .          223.21     5.12789e-01 >
77 R_BR3.BPM7L3.x_BR3.DHZ8L1 equality     .          225.31     6.00973e-01 >
78 R_BR3.BPM7L3.x_BR3.DHZ9L1 equality     .          223.19    -2.45149e-01 >
79 R_BR3.BPM7L3.x_BR3.DVT12L4 equality     .          225.85     7.06483e-02 >
80 R_BR3.BPM7L3.x_BR3.DVT13L4 equality     .          225.36    -2.46697e-01 >
81 R_BR3.BPM7L3.x_BR3.DVT2L4 equality     .          220.05     1.67584e-01 >
82 R_BR3.BPM7L3.x_BR3.DVT6L4 equality     .          220.91     2.38285e-02 >
83 R_BR3.BPM7L3.x_BR3.DVT8L1 equality     .          222.9      1.19669e-01 >
84 R_BR3.BPM7L3.x_BR3.DVT9L1 equality     .          222.54    -1.47129e-01 >
85 R_BR3.BPM8L3.x_BR3.DHZ11L4 equality     .          333.06     4.69882e-02 >
86 R_BR3.BPM8L3.x_BR3.DHZ12L4 equality     .          331.72    -1.14492e-01 >
87 R_BR3.BPM8L3.x_BR3.DHZ13L4 equality     .          334.32     8.61545e-01 >
88 R_BR3.BPM8L3.x_BR3.DHZ14L1 equality     .          336.17    -2.02706e-02 >
89 R_BR3.BPM8L3.x_BR3.DHZ8L1 equality     .          337.58     4.64891e-01 >
90 R_BR3.BPM8L3.x_BR3.DHZ9L1 equality     .          333.83    -2.22782e-01 >
91 R_BR3.BPM8L3.x_BR3.DVT12L4 equality     .          336.7      1.44087e-01 >
92 R_BR3.BPM8L3.x_BR3.DVT13L4 equality     .          334.2     -1.31300e-01 >
93 R_BR3.BPM8L3.x_BR3.DVT2L4 equality     .          335.6      9.03801e-03 >
94 R_BR3.BPM8L3.x_BR3.DVT6L4 equality     .          329.87    -1.47199e-01 >
95 R_BR3.BPM8L3.x_BR3.DVT8L1 equality     .          332.62     1.36220e-01 >
96 R_BR3.BPM8L3.x_BR3.DVT9L1 equality     .          331.37    -3.36169e-02 >
97 R_BR3.BPM9L3.x_BR3.DHZ11L4 equality     .          295.11     6.07585e-01 >
98 R_BR3.BPM9L3.x_BR3.DHZ12L4 equality     .          265.71    -3.85878e-01 >
99 R_BR3.BPM9L3.x_BR3.DHZ13L4 equality     .          302.61     8.93306e-01 >
100 R_BR3.BPM9L3.x_BR3.DHZ14L1 equality     .          302.64     8.68687e-01 >
101 R_BR3.BPM9L3.x_BR3.DHZ8L1 equality     .          274.9     -1.57249e-01 >
102 R_BR3.BPM9L3.x_BR3.DHZ9L1 equality     .          295.83    -2.98461e-01 >
103 R_BR3.BPM9L3.x_BR3.DVT12L4 equality     .          277.83     7.38080e-02 >
104 R_BR3.BPM9L3.x_BR3.DVT13L4 equality     .          285.41     1.03408e-01 >
105 R_BR3.BPM9L3.x_BR3.DVT2L4 equality     .          275.96    -7.80662e-02 >
106 R_BR3.BPM9L3.x_BR3.DVT6L4 equality     .          273.27    -3.20886e-01 >
107 R_BR3.BPM9L3.x_BR3.DVT8L1 equality     .          276.9     -8.70101e-02 >
108 R_BR3.BPM9L3.x_BR3.DVT9L1 equality     .          281.52     9.12445e-02 >
109 R_BR3.BPM10L3.x_BR3.DHZ11L4 equality     .          319.65     9.27618e-01 >
110 R_BR3.BPM10L3.x_BR3.DHZ12L4 equality     .          316.13     5.45807e-01 >
111 R_BR3.BPM10L3.x_BR3.DHZ13L4 equality     .          325.84     3.66227e-01 >
112 R_BR3.BPM10L3.x_BR3.DHZ14L1 equality     .          326.76     4.85848e-01 >
113 R_BR3.BPM10L3.x_BR3.DHZ8L1 equality     .          320.51     6.87750e-02 >
114 R_BR3.BPM10L3.x_BR3.DHZ9L1 equality     .          322.85    -1.43539e-01 >
115 R_BR3.BPM10L3.x_BR3.DVT12L4 equality     .          326.21     8.41059e-02 >
116 R_BR3.BPM10L3.x_BR3.DVT13L4 equality     .          329.16    -5.85346e-02 >
117 R_BR3.BPM10L3.x_BR3.DVT2L4 equality     .          325.58     8.71621e-02 >
118 R_BR3.BPM10L3.x_BR3.DVT6L4 equality     .          320.71    -1.08237e-01 >
119 R_BR3.BPM10L3.x_BR3.DVT8L1 equality     .          322.38    -1.90419e-01 >
120 R_BR3.BPM10L3.x_BR3.DVT9L1 equality     .          321.9     -1.01038e-01 >
121 R_BR3.BPM11L3.x_BR3.DHZ11L4 equality     .          321.62    -3.07396e-01 >
122 R_BR3.BPM11L3.x_BR3.DHZ12L4 equality     .          316.81     3.53332e-01 >
123 R_BR3.BPM11L3.x_BR3.DHZ13L4 equality     .          318.29     1.04735e+00 >
124 R_BR3.BPM11L3.x_BR3.DHZ14L1 equality     .          323        3.03819e-01 >
125 R_BR3.BPM11L3.x_BR3.DHZ8L1 equality     .          323.25     2.43589e-01 >
126 R_BR3.BPM11L3.x_BR3.DHZ9L1 equality     .          321.03    -6.16279e-02 >
127 R_BR3.BPM11L3.x_BR3.DVT12L4 equality     .          323.49     1.36095e-01 >
128 R_BR3.BPM11L3.x_BR3.DVT13L4 equality     .          323.39    -2.50765e-01 >
129 R_BR3.BPM11L3.x_BR3.DVT2L4 equality     .          321.94     1.32766e-01 >
130 R_BR3.BPM11L3.x_BR3.DVT6L4 equality     .          317.89    -7.04595e-02 >
131 R_BR3.BPM11L3.x_BR3.DVT8L1 equality     .          319.79     7.01209e-02 >
132 R_BR3.BPM11L3.x_BR3.DVT9L1 equality     .          321.7     -2.51745e-01 >
133 R_BR3.BPM12L3.x_BR3.DHZ11L4 equality     .          231.32     2.02992e-01 >
134 R_BR3.BPM12L3.x_BR3.DHZ12L4 equality     .          230.81     7.06334e-02 >
135 R_BR3.BPM12L3.x_BR3.DHZ13L4 equality     .          235.29     1.14704e+00 >
136 R_BR3.BPM12L3.x_BR3.DHZ14L1 equality     .          237.27     1.98872e-01 >
137 R_BR3.BPM12L3.x_BR3.DHZ8L1 equality     .          236.62     5.56840e-01 >
138 R_BR3.BPM12L3.x_BR3.DHZ9L1 equality     .          234.67    -3.27019e-01 >
139 R_BR3.BPM12L3.x_BR3.DVT12L4 equality     .          236.69     1.17254e-01 >
140 R_BR3.BPM12L3.x_BR3.DVT13L4 equality     .          234.68    -9.08423e-02 >
141 R_BR3.BPM12L3.x_BR3.DVT2L4 equality     .          235.06    -1.23554e-02 >
142 R_BR3.BPM12L3.x_BR3.DVT6L4 equality     .          233.75    -1.87195e-01 >
143 R_BR3.BPM12L3.x_BR3.DVT8L1 equality     .          234.41     1.15402e-01 >
144 R_BR3.BPM12L3.x_BR3.DVT9L1 equality     .          236.74    -2.77267e-02 >
145 R_BR3.BPM13L3.x_BR3.DHZ11L4 equality     .          284.54     7.92276e-01 >
146 R_BR3.BPM13L3.x_BR3.DHZ12L4 equality     .          283.04     1.30089e-01 >
147 R_BR3.BPM13L3.x_BR3.DHZ13L4 equality     .          295.14     7.84440e-01 >
148 R_BR3.BPM13L3.x_BR3.DHZ14L1 equality     .          296.29     6.25805e-01 >
149 R_BR3.BPM13L3.x_BR3.DHZ8L1 equality     .          287.88     2.91635e-01 >
150 R_BR3.BPM13L3.x_BR3.DHZ9L1 equality     .          287.07    -2.39152e-01 >
151 R_BR3.BPM13L3.x_BR3.DVT12L4 equality     .          295.01     2.19377e-01 >
152 R_BR3.BPM13L3.x_BR3.DVT13L4 equality     .          294.7      1.27726e-01 >
153 R_BR3.BPM13L3.x_BR3.DVT2L4 equality     .          290.68    -6.91698e-02 >
154 R_BR3.BPM13L3.x_BR3.DVT6L4 equality     .          289.47    -2.75514e-01 >
155 R_BR3.BPM13L3.x_BR3.DVT8L1 equality     .          289.76    -1.34934e-01 >
156 R_BR3.BPM13L3.x_BR3.DVT9L1 equality     .          288.72     1.09594e-01 >
157 R_BR3.BPM14L3.x_BR3.DHZ11L4 equality     .          211.88     8.25958e-01 >
158 R_BR3.BPM14L3.x_BR3.DHZ12L4 equality     .          207.85     1.53051e-02 >
159 R_BR3.BPM14L3.x_BR3.DHZ13L4 equality     .          214.17     7.02454e-01 >
160 R_BR3.BPM14L3.x_BR3.DHZ14L1 equality     .          214.94     9.59186e-01 >
161 R_BR3.BPM14L3.x_BR3.DHZ8L1 equality     .          211.23     5.28724e-01 >
162 R_BR3.BPM14L3.x_BR3.DHZ9L1 equality     .          213.35    -5.39667e-01 >
163 R_BR3.BPM14L3.x_BR3.DVT12L4 equality     .          215.96     1.73996e-03 >
164 R_BR3.BPM14L3.x_BR3.DVT13L4 equality     .          216.13     8.79757e-02 >
165 R_BR3.BPM14L3.x_BR3.DVT2L4 equality     .          214.73     9.19603e-02 >
166 R_BR3.BPM14L3.x_BR3.DVT6L4 equality     .          212.35    -1.16475e-01 >
167 R_BR3.BPM14L3.x_BR3.DVT8L1 equality     .          214.2     -1.58931e-01 >
168 R_BR3.BPM14L3.x_BR3.DVT9L1 equality     .          213.82    -1.12509e-01 >
169 R_BR3.BPM15L3.x_BR3.DHZ11L4 equality     .          318.35     4.60713e-02 >
170 R_BR3.BPM15L3.x_BR3.DHZ12L4 equality     .          313.72     4.18666e-01 >
171 R_BR3.BPM15L3.x_BR3.DHZ13L4 equality     .          311.6      8.65571e-01 >
172 R_BR3.BPM15L3.x_BR3.DHZ14L1 equality     .          314.3      6.19119e-01 >
173 R_BR3.BPM15L3.x_BR3.DHZ8L1 equality     .          319.14     7.33993e-01 >
174 R_BR3.BPM15L3.x_BR3.DHZ9L1 equality     .          317.1      3.02189e-02 >
175 R_BR3.BPM15L3.x_BR3.DVT12L4 equality     .          319.08     7.83964e-02 >
176 R_BR3.BPM15L3.x_BR3.DVT13L4 equality     .          317.35    -2.67885e-01 >
177 R_BR3.BPM15L3.x_BR3.DVT2L4 equality     .          321.05     9.57566e-02 >
178 R_BR3.BPM15L3.x_BR3.DVT6L4 equality     .          317.16    -8.71629e-02 >
179 R_BR3.BPM15L3.x_BR3.DVT8L1 equality     .          319.06     1.19419e-01 >
180 R_BR3.BPM15L3.x_BR3.DVT9L1 equality     .          318.75    -1.64569e-01 >
181 R_BR3.BPM16L3.x_BR3.DHZ11L4 equality     .          342.42     1.10616e-01 >
182 R_BR3.BPM16L3.x_BR3.DHZ12L4 equality     .          334.06     1.15583e-01 >
183 R_BR3.BPM16L3.x_BR3.DHZ13L4 equality     .          334.87     5.36689e-01 >
184 R_BR3.BPM16L3.x_BR3.DHZ14L1 equality     .          338.52    -3.32194e-01 >
185 R_BR3.BPM16L3.x_BR3.DHZ8L1 equality     .          344.05     4.32119e-01 >
186 R_BR3.BPM16L3.x_BR3.DHZ9L1 equality     .          340.3     -8.10423e-03 >
187 R_BR3.BPM16L3.x_BR3.DVT12L4 equality     .          331.51     1.96579e-01 >
188 R_BR3.BPM16L3.x_BR3.DVT13L4 equality     .          328.25    -1.92224e-01 >
189 R_BR3.BPM16L3.x_BR3.DVT2L4 equality     .          328.51     4.78702e-03 >
190 R_BR3.BPM16L3.x_BR3.DVT6L4 equality     .          324.17    -1.93334e-01 >
191 R_BR3.BPM16L3.x_BR3.DVT8L1 equality     .          330.87     1.13282e-01 >
192 R_BR3.BPM16L3.x_BR3.DVT9L1 equality     .          325.91    -1.19347e-02 >
193 R_BR3.BPM1L3.y_BR3.DHZ11L4 equality     .          266.76    -1.34489e-01 >
194 R_BR3.BPM1L3.y_BR3.DHZ12L4 equality     .          260.64     3.19562e-02 >
195 R_BR3.BPM1L3.y_BR3.DHZ13L4 equality     .          257.56     2.06820e-01 >
196 R_BR3.BPM1L3.y_BR3.DHZ14L1 equality     .          261.21     1.34445e-01 >
197 R_BR3.BPM1L3.y_BR3.DHZ8L1 equality     .          261.57    -1.34300e-01 >
198 R_BR3.BPM1L3.y_BR3.DHZ9L1 equality     .          258.89     9.85419e-02 >
199 R_BR3.BPM1L3.y_BR3.DVT12L4 equality     .          257.37    -6.04346e-02 >
200 R_BR3.BPM1L3.y_BR3.DVT13L4 equality     .          251.9     -1.61824e-01 >
201 R_BR3.BPM1L3.y_BR3.DVT2L4 equality     .          254.71     9.56826e-03 >
202 R_BR3.BPM1L3.y_BR3.DVT6L4 equality     .          255.63    -6.39643e-05 >
203 R_BR3.BPM1L3.y_BR3.DVT8L1 equality     .          254.03     1.03608e-01 >
204 R_BR3.BPM1L3.y_BR3.DVT9L1 equality     .          254.93    -1.11468e-01 >
205 R_BR3.BPM2L3.y_BR3.DHZ11L4 equality     .          192.49     4.87050e-02 >
206 R_BR3.BPM2L3.y_BR3.DHZ12L4 equality     .          194.16    -5.44675e-02 >
207 R_BR3.BPM2L3.y_BR3.DHZ13L4 equality     .          193.89     1.81906e-02 >
208 R_BR3.BPM2L3.y_BR3.DHZ14L1 equality     .          196.5      5.87020e-02 >
209 R_BR3.BPM2L3.y_BR3.DHZ8L1 equality     .          198.33     3.30244e-02 >
210 R_BR3.BPM2L3.y_BR3.DHZ9L1 equality     .          194.55    -6.84220e-02 >
211 R_BR3.BPM2L3.y_BR3.DVT12L4 equality     .          194.45    -1.05641e-02 >
212 R_BR3.BPM2L3.y_BR3.DVT13L4 equality     .          196.88     2.41943e-01 >
213 R_BR3.BPM2L3.y_BR3.DVT2L4 equality     .          196.4      5.62213e-02 >
214 R_BR3.BPM2L3.y_BR3.DVT6L4 equality     .          194.13     6.28898e-02 >
215 R_BR3.BPM2L3.y_BR3.DVT8L1 equality     .          197.65    -6.42287e-02 >
216 R_BR3.BPM2L3.y_BR3.DVT9L1 equality     .          200.1     -4.28020e-01 >
217 R_BR3.BPM3L3.y_BR3.DHZ11L4 equality     .          309.2      1.70471e-01 >
218 R_BR3.BPM3L3.y_BR3.DHZ12L4 equality     .          305        1.57838e-02 >
219 R_BR3.BPM3L3.y_BR3.DHZ13L4 equality     .          308.48    -2.32977e-01 >
220 R_BR3.BPM3L3.y_BR3.DHZ14L1 equality     .          311.75    -1.94110e-01 >
221 R_BR3.BPM3L3.y_BR3.DHZ8L1 equality     .          311.9      1.94813e-01 >
222 R_BR3.BPM3L3.y_BR3.DHZ9L1 equality     .          308.65    -4.39746e-02 >
223 R_BR3.BPM3L3.y_BR3.DVT12L4 equality     .          303.54    -3.54765e-02 >
224 R_BR3.BPM3L3.y_BR3.DVT13L4 equality     .          302.47    -5.58198e-02 >
225 R_BR3.BPM3L3.y_BR3.DVT2L4 equality     .          306.06     2.13346e-01 >
226 R_BR3.BPM3L3.y_BR3.DVT6L4 equality     .          306.1     -4.50347e-02 >
227 R_BR3.BPM3L3.y_BR3.DVT8L1 equality     .          305.71     1.96192e-02 >
228 R_BR3.BPM3L3.y_BR3.DVT9L1 equality     .          306.93     1.03593e-01 >
229 R_BR3.BPM4L3.y_BR3.DHZ11L4 equality     .          209.92    -1.01944e-01 >
230 R_BR3.BPM4L3.y_BR3.DHZ12L4 equality     .          208.08     4.28781e-03 >
231 R_BR3.BPM4L3.y_BR3.DHZ13L4 equality     .          209.11    -4.81482e-02 >
232 R_BR3.BPM4L3.y_BR3.DHZ14L1 equality     .          211.85    -8.17491e-02 >
233 R_BR3.BPM4L3.y_BR3.DHZ8L1 equality     .          210.02    -7.20430e-02 >
234 R_BR3.BPM4L3.y_BR3.DHZ9L1 equality     .          210.52     4.31068e-02 >
235 R_BR3.BPM4L3.y_BR3.DVT12L4 equality     .          211.43    -6.78117e-01 >
236 R_BR3.BPM4L3.y_BR3.DVT13L4 equality     .          206.83    -1.01111e-02 >
237 R_BR3.BPM4L3.y_BR3.DVT2L4 equality     .          207.62     5.06307e-01 >
238 R_BR3.BPM4L3.y_BR3.DVT6L4 equality     .          207.22     6.44020e-01 >
239 R_BR3.BPM4L3.y_BR3.DVT8L1 equality     .          209.27    -1.27629e-01 >
240 R_BR3.BPM4L3.y_BR3.DVT9L1 equality     .          205.48    -5.86315e-04 >
241 R_BR3.BPM5L3.y_BR3.DHZ11L4 equality     .          300.59    -1.88128e-01 >
242 R_BR3.BPM5L3.y_BR3.DHZ12L4 equality     .          297.16    -7.49864e-03 >
243 R_BR3.BPM5L3.y_BR3.DHZ13L4 equality     .          299.71     2.18643e-01 >
244 R_BR3.BPM5L3.y_BR3.DHZ14L1 equality     .          302.59     1.53308e-01 >
245 R_BR3.BPM5L3.y_BR3.DHZ8L1 equality     .          301.54    -1.95779e-01 >
246 R_BR3.BPM5L3.y_BR3.DHZ9L1 equality     .          301.97     6.30896e-02 >
247 R_BR3.BPM5L3.y_BR3.DVT12L4 equality     .          300.71    -4.86138e-03 >
248 R_BR3.BPM5L3.y_BR3.DVT13L4 equality     .          292.52     1.75910e-01 >
249 R_BR3.BPM5L3.y_BR3.DVT2L4 equality     .          294.96    -1.76146e-01 >
250 R_BR3.BPM5L3.y_BR3.DVT6L4 equality     .          295.26     1.47581e-01 >
251 R_BR3.BPM5L3.y_BR3.DVT8L1 equality     .          295.51    -6.11103e-02 >
252 R_BR3.BPM5L3.y_BR3.DVT9L1 equality     .          300.71    -1.92492e-01 >
253 R_BR3.BPM6L3.y_BR3.DHZ11L4 equality     .          205.66     1.21343e-01 >
254 R_BR3.BPM6L3.y_BR3.DHZ12L4 equality     .          201.86     1.50863e-02 >
255 R_BR3.BPM6L3.y_BR3.DHZ13L4 equality     .          204.39     1.05565e-02 >
256 R_BR3.BPM6L3.y_BR3.DHZ14L1 equality     .          206.14    -3.51600e-02 >
257 R_BR3.BPM6L3.y_BR3.DHZ8L1 equality     .          205.51     1.43962e-01 >
258 R_BR3.BPM6L3.y_BR3.DHZ9L1 equality     .          205.6     -4.68212e-02 >
259 R_BR3.BPM6L3.y_BR3.DVT12L4 equality     .          203.95     6.24708e-01 >
260 R_BR3.BPM6L3.y_BR3.DVT13L4 equality     .          204.5     -5.66267e-02 >
261 R_BR3.BPM6L3.y_BR3.DVT2L4 equality     .          201.85    -3.97410e-01 >
262 R_BR3.BPM6L3.y_BR3.DVT6L4 equality     .          201.08    -5.93110e-01 >
263 R_BR3.BPM6L3.y_BR3.DVT8L1 equality     .          205.4      1.43463e-01 >
264 R_BR3.BPM6L3.y_BR3.DVT9L1 equality     .          202.55    -5.36796e-02 >
265 R_BR3.BPM7L3.y_BR3.DHZ11L4 equality     .          247.51     2.04508e-01 >
266 R_BR3.BPM7L3.y_BR3.DHZ12L4 equality     .          239.62     4.92764e-02 >
267 R_BR3.BPM7L3.y_BR3.DHZ13L4 equality     .          243.43    -2.49969e-01 >
268 R_BR3.BPM7L3.y_BR3.DHZ14L1 equality     .          246.98    -1.87810e-01 >
269 R_BR3.BPM7L3.y_BR3.DHZ8L1 equality     .          246.56     2.30535e-01 >
270 R_BR3.BPM7L3.y_BR3.DHZ9L1 equality     .          246.83    -2.86577e-02 >
271 R_BR3.BPM7L3.y_BR3.DVT12L4 equality     .          249.31    -2.45007e-01 >
272 R_BR3.BPM7L3.y_BR3.DVT13L4 equality     .          250.81     1.64711e-01 >
273 R_BR3.BPM7L3.y_BR3.DVT2L4 equality     .          247.33     1.23637e-01 >
274 R_BR3.BPM7L3.y_BR3.DVT6L4 equality     .          247.73    -4.14419e-02 >
275 R_BR3.BPM7L3.y_BR3.DVT8L1 equality     .          247.99    -1.87405e-01 >
276 R_BR3.BPM7L3.y_BR3.DVT9L1 equality     .          243.93     1.71035e-01 >
277 R_BR3.BPM8L3.y_BR3.DHZ11L4 equality     .          310.08    -2.20504e-02 >
278 R_BR3.BPM8L3.y_BR3.DHZ12L4 equality     .          307.13     5.07885e-02 >
279 R_BR3.BPM8L3.y_BR3.DHZ13L4 equality     .          303.82    -1.02821e-01 >
280 R_BR3.BPM8L3.y_BR3.DHZ14L1 equality     .          311.28    -1.46651e-01 >
281 R_BR3.BPM8L3.y_BR3.DHZ8L1 equality     .          310.24     2.79222e-03 >
282 R_BR3.BPM8L3.y_BR3.DHZ9L1 equality     .          307.43     5.75752e-02 >
283 R_BR3.BPM8L3.y_BR3.DVT12L4 equality     .          310.09     1.64883e-01 >
284 R_BR3.BPM8L3.y_BR3.DVT13L4 equality     .          305.78     4.52716e-02 >
285 R_BR3.BPM8L3.y_BR3.DVT2L4 equality     .          308.97    -3.23343e-01 >
286 R_BR3.BPM8L3.y_BR3.DVT6L4 equality     .          299.52     6.51429e-02 >
287 R_BR3.BPM8L3.y_BR3.DVT8L1 equality     .          305.11     3.94924e-01 >
288 R_BR3.BPM8L3.y_BR3.DVT9L1 equality     .          307.07     4.68145e-01 >
289 R_BR3.BPM9L3.y_BR3.DHZ11L4 equality     .          334.71    -1.73276e-01 >
290 R_BR3.BPM9L3.y_BR3.DHZ12L4 equality     .          333.16    -6.18761e-04 >
291 R_BR3.BPM9L3.y_BR3.DHZ13L4 equality     .          334.6      2.19548e-01 >
292 R_BR3.BPM9L3.y_BR3.DHZ14L1 equality     .          340.73     1.62639e-01 >
293 R_BR3.BPM9L3.y_BR3.DHZ8L1 equality     .          335.94    -1.01454e-01 >
294 R_BR3.BPM9L3.y_BR3.DHZ9L1 equality     .          337.78     4.88413e-02 >
295 R_BR3.BPM9L3.y_BR3.DVT12L4 equality     .          331.03    -3.77944e-01 >
296 R_BR3.BPM9L3.y_BR3.DVT13L4 equality     .          338.49     1.72764e-01 >
297 R_BR3.BPM9L3.y_BR3.DVT2L4 equality     .          333.32     1.21838e-01 >
298 R_BR3.BPM9L3.y_BR3.DVT6L4 equality     .          330.97     3.83028e-02 >
299 R_BR3.BPM9L3.y_BR3.DVT8L1 equality     .          333.05    -6.65292e-02 >
300 R_BR3.BPM9L3.y_BR3.DVT9L1 equality     .          335.65     1.65185e-01 >
301 R_BR3.BPM10L3.y_BR3.DHZ11L4 equality     .          366.2      1.12704e-01 >
302 R_BR3.BPM10L3.y_BR3.DHZ12L4 equality     .          362.07    -6.54695e-02 >
303 R_BR3.BPM10L3.y_BR3.DHZ13L4 equality     .          361.04    -4.92270e-02 >
304 R_BR3.BPM10L3.y_BR3.DHZ14L1 equality     .          363.5      3.18224e-02 >
305 R_BR3.BPM10L3.y_BR3.DHZ8L1 equality     .          368.96    -1.26698e-02 >
306 R_BR3.BPM10L3.y_BR3.DHZ9L1 equality     .          364.84    -1.14716e-01 >
307 R_BR3.BPM10L3.y_BR3.DVT12L4 equality     .          359.34    -7.04764e-03 >
308 R_BR3.BPM10L3.y_BR3.DVT13L4 equality     .          360.65    -1.74219e-01 >
309 R_BR3.BPM10L3.y_BR3.DVT2L4 equality     .          355.51     2.45094e-01 >
310 R_BR3.BPM10L3.y_BR3.DVT6L4 equality     .          356.1     -3.90176e-02 >
311 R_BR3.BPM10L3.y_BR3.DVT8L1 equality     .          360.02    -3.41384e-01 >
312 R_BR3.BPM10L3.y_BR3.DVT9L1 equality     .          366.4      6.32613e-04 >
313 R_BR3.BPM11L3.y_BR3.DHZ11L4 equality     .          318.42     1.64786e-01 >
314 R_BR3.BPM11L3.y_BR3.DHZ12L4 equality     .          312.53     7.60878e-02 >
315 R_BR3.BPM11L3.y_BR3.DHZ13L4 equality     .          314.15    -2.46510e-01 >
316 R_BR3.BPM11L3.y_BR3.DHZ14L1 equality     .          319.85    -2.09922e-01 >
317 R_BR3.BPM11L3.y_BR3.DHZ8L1 equality     .          318.13     1.49435e-01 >
318 R_BR3.BPM11L3.y_BR3.DHZ9L1 equality     .          314.86    -3.98908e-02 >
319 R_BR3.BPM11L3.y_BR3.DVT12L4 equality     .          318.32    -3.57751e-02 >
320 R_BR3.BPM11L3.y_BR3.DVT13L4 equality     .          319.64     5.01992e-02 >
321 R_BR3.BPM11L3.y_BR3.DVT2L4 equality     .          314.09     2.63493e-02 >
322 R_BR3.BPM11L3.y_BR3.DVT6L4 equality     .          315.65     3.38455e-02 >
323 R_BR3.BPM11L3.y_BR3.DVT8L1 equality     .          313.99    -1.36148e-01 >
324 R_BR3.BPM11L3.y_BR3.DVT9L1 equality     .          319.49    -4.10449e-02 >
325 R_BR3.BPM12L3.y_BR3.DHZ11L4 equality     .          231.29    -3.66135e-02 >
326 R_BR3.BPM12L3.y_BR3.DHZ12L4 equality     .          228.92     7.34919e-02 >
327 R_BR3.BPM12L3.y_BR3.DHZ13L4 equality     .          229.14    -4.36869e-02 >
328 R_BR3.BPM12L3.y_BR3.DHZ14L1 equality     .          230.81    -8.16336e-02 >
329 R_BR3.BPM12L3.y_BR3.DHZ8L1 equality     .          232.09    -6.48901e-03 >
330 R_BR3.BPM12L3.y_BR3.DHZ9L1 equality     .          230.3      2.14210e-03 >
331 R_BR3.BPM12L3.y_BR3.DVT12L4 equality     .          232.44    -4.81605e-01 >
332 R_BR3.BPM12L3.y_BR3.DVT13L4 equality     .          232.5      2.97901e-01 >
333 R_BR3.BPM12L3.y_BR3.DVT2L4 equality     .          232.86     1.29496e-01 >
334 R_BR3.BPM12L3.y_BR3.DVT6L4 equality     .          233.21     3.16765e-01 >
335 R_BR3.BPM12L3.y_BR3.DVT8L1 equality     .          234.5      5.23820e-02 >
336 R_BR3.BPM12L3.y_BR3.DVT9L1 equality     .          232.15     7.61266e-02 >
337 R_BR3.BPM13L3.y_BR3.DHZ11L4 equality     .          318.63    -1.09314e-01 >
338 R_BR3.BPM13L3.y_BR3.DHZ12L4 equality     .          312.27    -1.23166e-02 >
339 R_BR3.BPM13L3.y_BR3.DHZ13L4 equality     .          312.67     2.35987e-01 >
340 R_BR3.BPM13L3.y_BR3.DHZ14L1 equality     .          317.13     1.99388e-01 >
341 R_BR3.BPM13L3.y_BR3.DHZ8L1 equality     .          317.01    -1.20333e-01 >
342 R_BR3.BPM13L3.y_BR3.DHZ9L1 equality     .          315.47     4.66163e-02 >
343 R_BR3.BPM13L3.y_BR3.DVT12L4 equality     .          316.17     7.16059e-02 >
344 R_BR3.BPM13L3.y_BR3.DVT13L4 equality     .          317.1      8.55459e-02 >
345 R_BR3.BPM13L3.y_BR3.DVT2L4 equality     .          315.8      8.92497e-02 >
346 R_BR3.BPM13L3.y_BR3.DVT6L4 equality     .          313.76    -1.26214e-02 >
347 R_BR3.BPM13L3.y_BR3.DVT8L1 equality     .          317.44     1.66911e-02 >
348 R_BR3.BPM13L3.y_BR3.DVT9L1 equality     .          320.26     1.15818e-01 >
349 R_BR3.BPM14L3.y_BR3.DHZ11L4 equality     .          244.36     1.94040e-02 >
350 R_BR3.BPM14L3.y_BR3.DHZ12L4 equality     .          241.74    -6.84268e-02 >
351 R_BR3.BPM14L3.y_BR3.DHZ13L4 equality     .          243.26     5.26209e-02 >
352 R_BR3.BPM14L3.y_BR3.DHZ14L1 equality     .          243.34     5.96912e-02 >
353 R_BR3.BPM14L3.y_BR3.DHZ8L1 equality     .          247.99     3.33053e-03 >
354 R_BR3.BPM14L3.y_BR3.DHZ9L1 equality     .          245.6     -8.09633e-02 >
355 R_BR3.BPM14L3.y_BR3.DVT12L4 equality     .          243.73     9.38237e-02 >
356 R_BR3.BPM14L3.y_BR3.DVT13L4 equality     .          242.56     3.29922e-01 >
357 R_BR3.BPM14L3.y_BR3.DVT2L4 equality     .          244.08     7.26953e-02 >
358 R_BR3.BPM14L3.y_BR3.DVT6L4 equality     .          243.53     3.38973e-02 >
359 R_BR3.BPM14L3.y_BR3.DVT8L1 equality     .          244.77    -8.52486e-02 >
360 R_BR3.BPM14L3.y_BR3.DVT9L1 equality     .          247.1     -3.29259e-01 >
361 R_BR3.BPM15L3.y_BR3.DHZ11L4 equality     .          335.46     1.18899e-01 >
362 R_BR3.BPM15L3.y_BR3.DHZ12L4 equality     .          332.49     5.74101e-02 >
363 R_BR3.BPM15L3.y_BR3.DHZ13L4 equality     .          333.02    -2.31557e-01 >
364 R_BR3.BPM15L3.y_BR3.DHZ14L1 equality     .          339.6     -1.94514e-01 >
365 R_BR3.BPM15L3.y_BR3.DHZ8L1 equality     .          337.23     1.32486e-01 >
366 R_BR3.BPM15L3.y_BR3.DHZ9L1 equality     .          334.2     -4.32527e-03 >
367 R_BR3.BPM15L3.y_BR3.DVT12L4 equality     .          335.53    -6.69562e-02 >
368 R_BR3.BPM15L3.y_BR3.DVT13L4 equality     .          332.18    -3.71885e-02 >
369 R_BR3.BPM15L3.y_BR3.DVT2L4 equality     .          339.47    -1.49538e-01 >
370 R_BR3.BPM15L3.y_BR3.DVT6L4 equality     .          334.11     6.42474e-04 >
371 R_BR3.BPM15L3.y_BR3.DVT8L1 equality     .          336.51     5.11506e-02 >
372 R_BR3.BPM15L3.y_BR3.DVT9L1 equality     .          337.85    -6.52668e-02 >
373 R_BR3.BPM16L3.y_BR3.DHZ11L4 equality     .          372.29     5.23250e-03 >
374 R_BR3.BPM16L3.y_BR3.DHZ12L4 equality     .          365.67     3.00430e-02 >
375 R_BR3.BPM16L3.y_BR3.DHZ13L4 equality     .          365.5     -7.14476e-02 >
376 R_BR3.BPM16L3.y_BR3.DHZ14L1 equality     .          370.71    -8.42793e-02 >
377 R_BR3.BPM16L3.y_BR3.DHZ8L1 equality     .          372.15    -2.02856e-03 >
378 R_BR3.BPM16L3.y_BR3.DHZ9L1 equality     .          370.13     5.32162e-02 >
379 R_BR3.BPM16L3.y_BR3.DVT12L4 equality     .          366.81     2.35668e-02 >
380 R_BR3.BPM16L3.y_BR3.DVT13L4 equality     .          365.16    -2.05629e-01 >
381 R_BR3.BPM16L3.y_BR3.DVT2L4 equality     .          366.91    -3.27837e-02 >
382 R_BR3.BPM16L3.y_BR3.DVT6L4 equality     .          366.38    -5.78585e-02 >
383 R_BR3.BPM16L3.y_BR3.DVT8L1 equality     .          363.83     3.91098e-02 >
384 R_BR3.BPM16L3.y_BR3.DVT9L1 equality     .          368.51     4.22468e-01 >

 Variables                  Curr. Value  Curr. Step   Lower Limit  Upper Limit
--------------------------------------------------------------------------------
 1 BR.QFOCELL1.dk1l         4.50841e-03  2.06953e-06   .            .         
 2 BR.QDE1.dk1l            -3.33473e-03 -1.90694e-06   .            .         
 3 BR.QFOCELL2.dk1l         1.58590e-03  6.87880e-07   .            .         
 4 BR.QDE2.dk1l            -1.94536e-03 -6.53192e-07   .            .         
 5 BR.QFOCELL3.dk1l        -9.95466e-03  8.85267e-07   .            .         
 6 BR.QDE3.dk1l             7.70717e-03 -8.29565e-07   .            .         
 7 BR.QFOCELL4.dk1l         1.96327e-03  1.10567e-06   .            .         
 8 BR.QDE4.dk1l            -2.42724e-03 -9.93388e-07   .            .         
 9 BR.QFOCELL5.dk1l         1.67938e-02 -3.81384e-06   .            .         
10 BR.QDE5.dk1l            -1.61813e-02  3.45404e-06   .            .         
11 BR.QFOCELL6.dk1l        -7.04895e-03 -3.75333e-06   .            .         
12 BR.QDE6.dk1l             8.09746e-03  3.52227e-06   .            .         
13 BR.QFOCELL7.dk1l        -6.47189e-03  1.04036e-06   .            .         
14 BR.QDE7.dk1l             6.95114e-03 -9.62697e-07   .            .         
15 BR.QFOCELL8.dk1l         2.00975e-02  5.62154e-06   .            .         
16 BR.QDE8.dk1l            -2.10013e-02 -4.99119e-06   .            .         
17 BR.QFOCELL9.dk1l         1.47382e-02  6.31301e-07   .            .         
18 BR.QDE9.dk1l            -1.46286e-02 -6.59237e-07   .            .         
19 BR.QFOCELL10.dk1l       -1.38102e-02 -4.81167e-06   .            .         
20 BR.QDE10.dk1l            1.48263e-02  4.48317e-06   .            .         
21 BR.QFOCELL11.dk1l       -6.92903e-03 -1.67140e-08   .            .         
22 BR.QDE11.dk1l            4.79447e-03  1.10318e-07   .            .         
23 BR.QFOCELL12.dk1l        1.33918e-03  8.54177e-07   .            .         
24 BR.QDE12.dk1l           -1.99421e-03 -7.69370e-07   .            .         
25 BR.QFOCELL13.dk1l        1.95308e-02 -2.63011e-07   .            .         
26 BR.QDE13.dk1l           -2.00559e-02  2.58964e-07   .            .         
27 BR.QFOCELL14.dk1l        8.78342e-03 -1.43554e-07   .            .         
28 BR.QDE14.dk1l           -8.98690e-03  1.34065e-07   .            .         
29 BR.QFOCELL15.dk1l       -1.43726e-02 -1.83139e-07   .            .         
30 BR.QDE15.dk1l            1.31857e-02  1.79632e-07   .            .         
31 BR.QFOCELL16.dk1l       -3.07420e-03 -1.18508e-06   .            .         
32 BR.QDE16.dk1l            4.24962e-03  1.09301e-06   .            .         

ncall=265 [6.6s], fval=2.84093e-01, fstp=-1.27422e-09, ccnt=384.


 Constraints                Type        Kind        Weight     Penalty Value
------------------------------------------------------------------------------
 1 R_BR3.BPM1L3.x_BR3.DHZ11L4 equality     .          256.16     5.75820e-01 >
 2 R_BR3.BPM1L3.x_BR3.DHZ12L4 equality     .          254.23     2.31918e-01 >
 3 R_BR3.BPM1L3.x_BR3.DHZ13L4 equality     .          253.59     7.91146e-01 >
 4 R_BR3.BPM1L3.x_BR3.DHZ14L1 equality     .          255.58     1.86378e-01 >
 5 R_BR3.BPM1L3.x_BR3.DHZ8L1 equality     .          251.17     4.30384e-02 >
 6 R_BR3.BPM1L3.x_BR3.DHZ9L1 equality     .          249.93     1.11734e-01 >
 7 R_BR3.BPM1L3.x_BR3.DVT12L4 equality     .          260.4      1.33846e-01 >
 8 R_BR3.BPM1L3.x_BR3.DVT13L4 equality     .          256.07     1.19138e-01 >
 9 R_BR3.BPM1L3.x_BR3.DVT2L4 equality     .          252.75     7.51863e-02 >
10 R_BR3.BPM1L3.x_BR3.DVT6L4 equality     .          253.38     2.88300e-01 >
11 R_BR3.BPM1L3.x_BR3.DVT8L1 equality     .          254.19     1.68381e-01 >
12 R_BR3.BPM1L3.x_BR3.DVT9L1 equality     .          254.31     3.19600e-02 >
13 R_BR3.BPM2L3.x_BR3.DHZ11L4 equality     .          156.29     3.64822e-01 >
14 R_BR3.BPM2L3.x_BR3.DHZ12L4 equality     .          154.4      4.53934e-01 >
15 R_BR3.BPM2L3.x_BR3.DHZ13L4 equality     .          157.12     1.12531e+00 >
16 R_BR3.BPM2L3.x_BR3.DHZ14L1 equality     .          159.5      1.16091e+00 >
17 R_BR3.BPM2L3.x_BR3.DHZ8L1 equality     .          158.32     3.21316e-01 >
18 R_BR3.BPM2L3.x_BR3.DHZ9L1 equality     .          156.91     4.28632e-02 >
19 R_BR3.BPM2L3.x_BR3.DVT12L4 equality     .          159.11     5.89681e-02 >
20 R_BR3.BPM2L3.x_BR3.DVT13L4 equality     .          156.02     1.46874e-02 >
21 R_BR3.BPM2L3.x_BR3.DVT2L4 equality     .          155.44     4.40324e-02 >
22 R_BR3.BPM2L3.x_BR3.DVT6L4 equality     .          156.47     2.01516e-01 >
23 R_BR3.BPM2L3.x_BR3.DVT8L1 equality     .          156.24     1.53125e-01 >
24 R_BR3.BPM2L3.x_BR3.DVT9L1 equality     .          155.22     1.29191e-01 >
25 R_BR3.BPM3L3.x_BR3.DHZ11L4 equality     .          311.6      4.80750e-01 >
26 R_BR3.BPM3L3.x_BR3.DHZ12L4 equality     .          303.14     1.67219e-02 >
27 R_BR3.BPM3L3.x_BR3.DHZ13L4 equality     .          303.16     3.35468e-01 >
28 R_BR3.BPM3L3.x_BR3.DHZ14L1 equality     .          306.57     2.45550e-01 >
29 R_BR3.BPM3L3.x_BR3.DHZ8L1 equality     .          308.71     1.03720e+00 >
30 R_BR3.BPM3L3.x_BR3.DHZ9L1 equality     .          305.32     3.68203e-01 >
31 R_BR3.BPM3L3.x_BR3.DVT12L4 equality     .          304.68     6.63669e-02 >
32 R_BR3.BPM3L3.x_BR3.DVT13L4 equality     .          312.53     2.50907e-01 >
33 R_BR3.BPM3L3.x_BR3.DVT2L4 equality     .          311.04     1.93206e-01 >
34 R_BR3.BPM3L3.x_BR3.DVT6L4 equality     .          308.23     7.72096e-02 >
35 R_BR3.BPM3L3.x_BR3.DVT8L1 equality     .          308.71     8.73367e-02 >
36 R_BR3.BPM3L3.x_BR3.DVT9L1 equality     .          309.48     1.54885e-01 >
37 R_BR3.BPM4L3.x_BR3.DHZ11L4 equality     .          198.58     3.38608e-01 >
38 R_BR3.BPM4L3.x_BR3.DHZ12L4 equality     .          201.04     2.13540e-01 >
39 R_BR3.BPM4L3.x_BR3.DHZ13L4 equality     .          202.09     4.59162e-01 >
40 R_BR3.BPM4L3.x_BR3.DHZ14L1 equality     .          202.92     3.36030e-01 >
41 R_BR3.BPM4L3.x_BR3.DHZ8L1 equality     .          201.17     4.34831e-01 >
42 R_BR3.BPM4L3.x_BR3.DHZ9L1 equality     .          200.74     3.82350e-01 >
43 R_BR3.BPM4L3.x_BR3.DVT12L4 equality     .          199.05     1.75697e-01 >
44 R_BR3.BPM4L3.x_BR3.DVT13L4 equality     .          197.95     1.51989e-01 >
45 R_BR3.BPM4L3.x_BR3.DVT2L4 equality     .          197.23     1.20179e-02 >
46 R_BR3.BPM4L3.x_BR3.DVT6L4 equality     .          195.97     2.01469e-01 >
47 R_BR3.BPM4L3.x_BR3.DVT8L1 equality     .          198.39     6.94139e-02 >
48 R_BR3.BPM4L3.x_BR3.DVT9L1 equality     .          195.38     7.38872e-02 >
49 R_BR3.BPM5L3.x_BR3.DHZ11L4 equality     .          323.52     6.47834e-01 >
50 R_BR3.BPM5L3.x_BR3.DHZ12L4 equality     .          321.44     1.32069e-01 >
51 R_BR3.BPM5L3.x_BR3.DHZ13L4 equality     .          331.9      8.22642e-01 >
52 R_BR3.BPM5L3.x_BR3.DHZ14L1 equality     .          329.01     4.27036e-01 >
53 R_BR3.BPM5L3.x_BR3.DHZ8L1 equality     .          324.43     4.02076e-02 >
54 R_BR3.BPM5L3.x_BR3.DHZ9L1 equality     .          326.34     2.26582e-01 >
55 R_BR3.BPM5L3.x_BR3.DVT12L4 equality     .          337.83     1.23225e-01 >
56 R_BR3.BPM5L3.x_BR3.DVT13L4 equality     .          337.83     1.22047e-01 >
57 R_BR3.BPM5L3.x_BR3.DVT2L4 equality     .          328.25     1.18266e-01 >
58 R_BR3.BPM5L3.x_BR3.DVT6L4 equality     .          332.41     2.74402e-01 >
59 R_BR3.BPM5L3.x_BR3.DVT8L1 equality     .          331.07     1.59934e-01 >
60 R_BR3.BPM5L3.x_BR3.DVT9L1 equality     .          327.95     1.49112e-02 >
61 R_BR3.BPM6L3.x_BR3.DHZ11L4 equality     .          199.06     5.99303e-01 >
62 R_BR3.BPM6L3.x_BR3.DHZ12L4 equality     .          197.02     4.40540e-01 >
63 R_BR3.BPM6L3.x_BR3.DHZ13L4 equality     .          203.36     7.94757e-01 >
64 R_BR3.BPM6L3.x_BR3.DHZ14L1 equality     .          200.11     8.94666e-01 >
65 R_BR3.BPM6L3.x_BR3.DHZ8L1 equality     .          198.67     7.19609e-01 >
66 R_BR3.BPM6L3.x_BR3.DHZ9L1 equality     .          198.05     1.15308e-01 >
67 R_BR3.BPM6L3.x_BR3.DVT12L4 equality     .          203.3      4.64352e-02 >
68 R_BR3.BPM6L3.x_BR3.DVT13L4 equality     .          203.17     3.73560e-02 >
69 R_BR3.BPM6L3.x_BR3.DVT2L4 equality     .          201.38     1.00517e-01 >
70 R_BR3.BPM6L3.x_BR3.DVT6L4 equality     .          200.05     1.40882e-01 >
71 R_BR3.BPM6L3.x_BR3.DVT8L1 equality     .          201.17     9.37161e-02 >
72 R_BR3.BPM6L3.x_BR3.DVT9L1 equality     .          202.7      1.31418e-01 >
73 R_BR3.BPM7L3.x_BR3.DHZ11L4 equality     .          224.56     6.04555e-02 >
74 R_BR3.BPM7L3.x_BR3.DHZ12L4 equality     .          219.91     1.13229e-02 >
75 R_BR3.BPM7L3.x_BR3.DHZ13L4 equality     .          222.83     8.53410e-01 >
76 R_BR3.BPM7L3.x_BR3.DHZ14L1 equality     .          223.21     5.12789e-01 >
77 R_BR3.BPM7L3.x_BR3.DHZ8L1 equality     .          225.31     6.00973e-01 >
78 R_BR3.BPM7L3.x_BR3.DHZ9L1 equality     .          223.19     2.45149e-01 >
79 R_BR3.BPM7L3.x_BR3.DVT12L4 equality     .          225.85     7.06483e-02 >
80 R_BR3.BPM7L3.x_BR3.DVT13L4 equality     .          225.36     2.46697e-01 >
81 R_BR3.BPM7L3.x_BR3.DVT2L4 equality     .          220.05     1.67584e-01 >
82 R_BR3.BPM7L3.x_BR3.DVT6L4 equality     .          220.91     2.38285e-02 >
83 R_BR3.BPM7L3.x_BR3.DVT8L1 equality     .          222.9      1.19669e-01 >
84 R_BR3.BPM7L3.x_BR3.DVT9L1 equality     .          222.54     1.47129e-01 >
85 R_BR3.BPM8L3.x_BR3.DHZ11L4 equality     .          333.06     4.69882e-02 >
86 R_BR3.BPM8L3.x_BR3.DHZ12L4 equality     .          331.72     1.14492e-01 >
87 R_BR3.BPM8L3.x_BR3.DHZ13L4 equality     .          334.32     8.61545e-01 >
88 R_BR3.BPM8L3.x_BR3.DHZ14L1 equality     .          336.17     2.02706e-02 >
89 R_BR3.BPM8L3.x_BR3.DHZ8L1 equality     .          337.58     4.64891e-01 >
90 R_BR3.BPM8L3.x_BR3.DHZ9L1 equality     .          333.83     2.22782e-01 >
91 R_BR3.BPM8L3.x_BR3.DVT12L4 equality     .          336.7      1.44087e-01 >
92 R_BR3.BPM8L3.x_BR3.DVT13L4 equality     .          334.2      1.31300e-01 >
93 R_BR3.BPM8L3.x_BR3.DVT2L4 equality     .          335.6      9.03801e-03 >
94 R_BR3.BPM8L3.x_BR3.DVT6L4 equality     .          329.87     1.47199e-01 >
95 R_BR3.BPM8L3.x_BR3.DVT8L1 equality     .          332.62     1.36220e-01 >
96 R_BR3.BPM8L3.x_BR3.DVT9L1 equality     .          331.37     3.36169e-02 >
97 R_BR3.BPM9L3.x_BR3.DHZ11L4 equality     .          295.11     6.07585e-01 >
98 R_BR3.BPM9L3.x_BR3.DHZ12L4 equality     .          265.71     3.85878e-01 >
99 R_BR3.BPM9L3.x_BR3.DHZ13L4 equality     .          302.61     8.93306e-01 >
100 R_BR3.BPM9L3.x_BR3.DHZ14L1 equality     .          302.64     8.68687e-01 >
101 R_BR3.BPM9L3.x_BR3.DHZ8L1 equality     .          274.9      1.57249e-01 >
102 R_BR3.BPM9L3.x_BR3.DHZ9L1 equality     .          295.83     2.98461e-01 >
103 R_BR3.BPM9L3.x_BR3.DVT12L4 equality     .          277.83     7.38080e-02 >
104 R_BR3.BPM9L3.x_BR3.DVT13L4 equality     .          285.41     1.03408e-01 >
105 R_BR3.BPM9L3.x_BR3.DVT2L4 equality     .          275.96     7.80662e-02 >
106 R_BR3.BPM9L3.x_BR3.DVT6L4 equality     .          273.27     3.20886e-01 >
107 R_BR3.BPM9L3.x_BR3.DVT8L1 equality     .          276.9      8.70101e-02 >
108 R_BR3.BPM9L3.x_BR3.DVT9L1 equality     .          281.52     9.12445e-02 >
109 R_BR3.BPM10L3.x_BR3.DHZ11L4 equality     .          319.65     9.27618e-01 >
110 R_BR3.BPM10L3.x_BR3.DHZ12L4 equality     .          316.13     5.45807e-01 >
111 R_BR3.BPM10L3.x_BR3.DHZ13L4 equality     .          325.84     3.66227e-01 >
112 R_BR3.BPM10L3.x_BR3.DHZ14L1 equality     .          326.76     4.85848e-01 >
113 R_BR3.BPM10L3.x_BR3.DHZ8L1 equality     .          320.51     6.87750e-02 >
114 R_BR3.BPM10L3.x_BR3.DHZ9L1 equality     .          322.85     1.43539e-01 >
115 R_BR3.BPM10L3.x_BR3.DVT12L4 equality     .          326.21     8.41059e-02 >
116 R_BR3.BPM10L3.x_BR3.DVT13L4 equality     .          329.16     5.85346e-02 >
117 R_BR3.BPM10L3.x_BR3.DVT2L4 equality     .          325.58     8.71621e-02 >
118 R_BR3.BPM10L3.x_BR3.DVT6L4 equality     .          320.71     1.08237e-01 >
119 R_BR3.BPM10L3.x_BR3.DVT8L1 equality     .          322.38     1.90419e-01 >
120 R_BR3.BPM10L3.x_BR3.DVT9L1 equality     .          321.9      1.01038e-01 >
121 R_BR3.BPM11L3.x_BR3.DHZ11L4 equality     .          321.62     3.07396e-01 >
122 R_BR3.BPM11L3.x_BR3.DHZ12L4 equality     .          316.81     3.53332e-01 >
123 R_BR3.BPM11L3.x_BR3.DHZ13L4 equality     .          318.29     1.04735e+00 >
124 R_BR3.BPM11L3.x_BR3.DHZ14L1 equality     .          323        3.03819e-01 >
125 R_BR3.BPM11L3.x_BR3.DHZ8L1 equality     .          323.25     2.43589e-01 >
126 R_BR3.BPM11L3.x_BR3.DHZ9L1 equality     .          321.03     6.16279e-02 >
127 R_BR3.BPM11L3.x_BR3.DVT12L4 equality     .          323.49     1.36095e-01 >
128 R_BR3.BPM11L3.x_BR3.DVT13L4 equality     .          323.39     2.50765e-01 >
129 R_BR3.BPM11L3.x_BR3.DVT2L4 equality     .          321.94     1.32766e-01 >
130 R_BR3.BPM11L3.x_BR3.DVT6L4 equality     .          317.89     7.04595e-02 >
131 R_BR3.BPM11L3.x_BR3.DVT8L1 equality     .          319.79     7.01209e-02 >
132 R_BR3.BPM11L3.x_BR3.DVT9L1 equality     .          321.7      2.51745e-01 >
133 R_BR3.BPM12L3.x_BR3.DHZ11L4 equality     .          231.32     2.02992e-01 >
134 R_BR3.BPM12L3.x_BR3.DHZ12L4 equality     .          230.81     7.06334e-02 >
135 R_BR3.BPM12L3.x_BR3.DHZ13L4 equality     .          235.29     1.14704e+00 >
136 R_BR3.BPM12L3.x_BR3.DHZ14L1 equality     .          237.27     1.98872e-01 >
137 R_BR3.BPM12L3.x_BR3.DHZ8L1 equality     .          236.62     5.56840e-01 >
138 R_BR3.BPM12L3.x_BR3.DHZ9L1 equality     .          234.67     3.27019e-01 >
139 R_BR3.BPM12L3.x_BR3.DVT12L4 equality     .          236.69     1.17254e-01 >
140 R_BR3.BPM12L3.x_BR3.DVT13L4 equality     .          234.68     9.08423e-02 >
141 R_BR3.BPM12L3.x_BR3.DVT2L4 equality     .          235.06     1.23554e-02 >
142 R_BR3.BPM12L3.x_BR3.DVT6L4 equality     .          233.75     1.87195e-01 >
143 R_BR3.BPM12L3.x_BR3.DVT8L1 equality     .          234.41     1.15402e-01 >
144 R_BR3.BPM12L3.x_BR3.DVT9L1 equality     .          236.74     2.77267e-02 >
145 R_BR3.BPM13L3.x_BR3.DHZ11L4 equality     .          284.54     7.92276e-01 >
146 R_BR3.BPM13L3.x_BR3.DHZ12L4 equality     .          283.04     1.30089e-01 >
147 R_BR3.BPM13L3.x_BR3.DHZ13L4 equality     .          295.14     7.84440e-01 >
148 R_BR3.BPM13L3.x_BR3.DHZ14L1 equality     .          296.29     6.25805e-01 >
149 R_BR3.BPM13L3.x_BR3.DHZ8L1 equality     .          287.88     2.91635e-01 >
150 R_BR3.BPM13L3.x_BR3.DHZ9L1 equality     .          287.07     2.39152e-01 >
151 R_BR3.BPM13L3.x_BR3.DVT12L4 equality     .          295.01     2.19377e-01 >
152 R_BR3.BPM13L3.x_BR3.DVT13L4 equality     .          294.7      1.27726e-01 >
153 R_BR3.BPM13L3.x_BR3.DVT2L4 equality     .          290.68     6.91698e-02 >
154 R_BR3.BPM13L3.x_BR3.DVT6L4 equality     .          289.47     2.75514e-01 >
155 R_BR3.BPM13L3.x_BR3.DVT8L1 equality     .          289.76     1.34934e-01 >
156 R_BR3.BPM13L3.x_BR3.DVT9L1 equality     .          288.72     1.09594e-01 >
157 R_BR3.BPM14L3.x_BR3.DHZ11L4 equality     .          211.88     8.25958e-01 >
158 R_BR3.BPM14L3.x_BR3.DHZ12L4 equality     .          207.85     1.53051e-02 >
159 R_BR3.BPM14L3.x_BR3.DHZ13L4 equality     .          214.17     7.02454e-01 >
160 R_BR3.BPM14L3.x_BR3.DHZ14L1 equality     .          214.94     9.59186e-01 >
161 R_BR3.BPM14L3.x_BR3.DHZ8L1 equality     .          211.23     5.28724e-01 >
162 R_BR3.BPM14L3.x_BR3.DHZ9L1 equality     .          213.35     5.39667e-01 >
163 R_BR3.BPM14L3.x_BR3.DVT12L4 equality     .          215.96     1.73996e-03 >
164 R_BR3.BPM14L3.x_BR3.DVT13L4 equality     .          216.13     8.79757e-02 >
165 R_BR3.BPM14L3.x_BR3.DVT2L4 equality     .          214.73     9.19603e-02 >
166 R_BR3.BPM14L3.x_BR3.DVT6L4 equality     .          212.35     1.16475e-01 >
167 R_BR3.BPM14L3.x_BR3.DVT8L1 equality     .          214.2      1.58931e-01 >
168 R_BR3.BPM14L3.x_BR3.DVT9L1 equality     .          213.82     1.12509e-01 >
169 R_BR3.BPM15L3.x_BR3.DHZ11L4 equality     .          318.35     4.60713e-02 >
170 R_BR3.BPM15L3.x_BR3.DHZ12L4 equality     .          313.72     4.18666e-01 >
171 R_BR3.BPM15L3.x_BR3.DHZ13L4 equality     .          311.6      8.65571e-01 >
172 R_BR3.BPM15L3.x_BR3.DHZ14L1 equality     .          314.3      6.19119e-01 >
173 R_BR3.BPM15L3.x_BR3.DHZ8L1 equality     .          319.14     7.33993e-01 >
174 R_BR3.BPM15L3.x_BR3.DHZ9L1 equality     .          317.1      3.02189e-02 >
175 R_BR3.BPM15L3.x_BR3.DVT12L4 equality     .          319.08     7.83964e-02 >
176 R_BR3.BPM15L3.x_BR3.DVT13L4 equality     .          317.35     2.67885e-01 >
177 R_BR3.BPM15L3.x_BR3.DVT2L4 equality     .          321.05     9.57566e-02 >
178 R_BR3.BPM15L3.x_BR3.DVT6L4 equality     .          317.16     8.71629e-02 >
179 R_BR3.BPM15L3.x_BR3.DVT8L1 equality     .          319.06     1.19419e-01 >
180 R_BR3.BPM15L3.x_BR3.DVT9L1 equality     .          318.75     1.64569e-01 >
181 R_BR3.BPM16L3.x_BR3.DHZ11L4 equality     .          342.42     1.10616e-01 >
182 R_BR3.BPM16L3.x_BR3.DHZ12L4 equality     .          334.06     1.15583e-01 >
183 R_BR3.BPM16L3.x_BR3.DHZ13L4 equality     .          334.87     5.36689e-01 >
184 R_BR3.BPM16L3.x_BR3.DHZ14L1 equality     .          338.52     3.32194e-01 >
185 R_BR3.BPM16L3.x_BR3.DHZ8L1 equality     .          344.05     4.32119e-01 >
186 R_BR3.BPM16L3.x_BR3.DHZ9L1 equality     .          340.3      8.10423e-03 >
187 R_BR3.BPM16L3.x_BR3.DVT12L4 equality     .          331.51     1.96579e-01 >
188 R_BR3.BPM16L3.x_BR3.DVT13L4 equality     .          328.25     1.92224e-01 >
189 R_BR3.BPM16L3.x_BR3.DVT2L4 equality     .          328.51     4.78702e-03 >
190 R_BR3.BPM16L3.x_BR3.DVT6L4 equality     .          324.17     1.93334e-01 >
191 R_BR3.BPM16L3.x_BR3.DVT8L1 equality     .          330.87     1.13282e-01 >
192 R_BR3.BPM16L3.x_BR3.DVT9L1 equality     .          325.91     1.19347e-02 >
193 R_BR3.BPM1L3.y_BR3.DHZ11L4 equality     .          266.76     1.34489e-01 >
194 R_BR3.BPM1L3.y_BR3.DHZ12L4 equality     .          260.64     3.19562e-02 >
195 R_BR3.BPM1L3.y_BR3.DHZ13L4 equality     .          257.56     2.06820e-01 >
196 R_BR3.BPM1L3.y_BR3.DHZ14L1 equality     .          261.21     1.34445e-01 >
197 R_BR3.BPM1L3.y_BR3.DHZ8L1 equality     .          261.57     1.34300e-01 >
198 R_BR3.BPM1L3.y_BR3.DHZ9L1 equality     .          258.89     9.85419e-02 >
199 R_BR3.BPM1L3.y_BR3.DVT12L4 equality     .          257.37     6.04346e-02 >
200 R_BR3.BPM1L3.y_BR3.DVT13L4 equality     .          251.9      1.61824e-01 >
201 R_BR3.BPM1L3.y_BR3.DVT2L4 equality     .          254.71     9.56826e-03 >
202 R_BR3.BPM1L3.y_BR3.DVT6L4 equality     .          255.63     6.39643e-05 >
203 R_BR3.BPM1L3.y_BR3.DVT8L1 equality     .          254.03     1.03608e-01 >
204 R_BR3.BPM1L3.y_BR3.DVT9L1 equality     .          254.93     1.11468e-01 >
205 R_BR3.BPM2L3.y_BR3.DHZ11L4 equality     .          192.49     4.87050e-02 >
206 R_BR3.BPM2L3.y_BR3.DHZ12L4 equality     .          194.16     5.44675e-02 >
207 R_BR3.BPM2L3.y_BR3.DHZ13L4 equality     .          193.89     1.81906e-02 >
208 R_BR3.BPM2L3.y_BR3.DHZ14L1 equality     .          196.5      5.87020e-02 >
209 R_BR3.BPM2L3.y_BR3.DHZ8L1 equality     .          198.33     3.30244e-02 >
210 R_BR3.BPM2L3.y_BR3.DHZ9L1 equality     .          194.55     6.84220e-02 >
211 R_BR3.BPM2L3.y_BR3.DVT12L4 equality     .          194.45     1.05641e-02 >
212 R_BR3.BPM2L3.y_BR3.DVT13L4 equality     .          196.88     2.41943e-01 >
213 R_BR3.BPM2L3.y_BR3.DVT2L4 equality     .          196.4      5.62213e-02 >
214 R_BR3.BPM2L3.y_BR3.DVT6L4 equality     .          194.13     6.28898e-02 >
215 R_BR3.BPM2L3.y_BR3.DVT8L1 equality     .          197.65     6.42287e-02 >
216 R_BR3.BPM2L3.y_BR3.DVT9L1 equality     .          200.1      4.28020e-01 >
217 R_BR3.BPM3L3.y_BR3.DHZ11L4 equality     .          309.2      1.70471e-01 >
218 R_BR3.BPM3L3.y_BR3.DHZ12L4 equality     .          305        1.57838e-02 >
219 R_BR3.BPM3L3.y_BR3.DHZ13L4 equality     .          308.48     2.32977e-01 >
220 R_BR3.BPM3L3.y_BR3.DHZ14L1 equality     .          311.75     1.94110e-01 >
221 R_BR3.BPM3L3.y_BR3.DHZ8L1 equality     .          311.9      1.94813e-01 >
222 R_BR3.BPM3L3.y_BR3.DHZ9L1 equality     .          308.65     4.39746e-02 >
223 R_BR3.BPM3L3.y_BR3.DVT12L4 equality     .          303.54     3.54765e-02 >
224 R_BR3.BPM3L3.y_BR3.DVT13L4 equality     .          302.47     5.58198e-02 >
225 R_BR3.BPM3L3.y_BR3.DVT2L4 equality     .          306.06     2.13346e-01 >
226 R_BR3.BPM3L3.y_BR3.DVT6L4 equality     .          306.1      4.50347e-02 >
227 R_BR3.BPM3L3.y_BR3.DVT8L1 equality     .          305.71     1.96192e-02 >
228 R_BR3.BPM3L3.y_BR3.DVT9L1 equality     .          306.93     1.03593e-01 >
229 R_BR3.BPM4L3.y_BR3.DHZ11L4 equality     .          209.92     1.01944e-01 >
230 R_BR3.BPM4L3.y_BR3.DHZ12L4 equality     .          208.08     4.28781e-03 >
231 R_BR3.BPM4L3.y_BR3.DHZ13L4 equality     .          209.11     4.81482e-02 >
232 R_BR3.BPM4L3.y_BR3.DHZ14L1 equality     .          211.85     8.17491e-02 >
233 R_BR3.BPM4L3.y_BR3.DHZ8L1 equality     .          210.02     7.20430e-02 >
234 R_BR3.BPM4L3.y_BR3.DHZ9L1 equality     .          210.52     4.31068e-02 >
235 R_BR3.BPM4L3.y_BR3.DVT12L4 equality     .          211.43     6.78117e-01 >
236 R_BR3.BPM4L3.y_BR3.DVT13L4 equality     .          206.83     1.01111e-02 >
237 R_BR3.BPM4L3.y_BR3.DVT2L4 equality     .          207.62     5.06307e-01 >
238 R_BR3.BPM4L3.y_BR3.DVT6L4 equality     .          207.22     6.44020e-01 >
239 R_BR3.BPM4L3.y_BR3.DVT8L1 equality     .          209.27     1.27629e-01 >
240 R_BR3.BPM4L3.y_BR3.DVT9L1 equality     .          205.48     5.86315e-04 >
241 R_BR3.BPM5L3.y_BR3.DHZ11L4 equality     .          300.59     1.88128e-01 >
242 R_BR3.BPM5L3.y_BR3.DHZ12L4 equality     .          297.16     7.49864e-03 >
243 R_BR3.BPM5L3.y_BR3.DHZ13L4 equality     .          299.71     2.18643e-01 >
244 R_BR3.BPM5L3.y_BR3.DHZ14L1 equality     .          302.59     1.53308e-01 >
245 R_BR3.BPM5L3.y_BR3.DHZ8L1 equality     .          301.54     1.95779e-01 >
246 R_BR3.BPM5L3.y_BR3.DHZ9L1 equality     .          301.97     6.30896e-02 >
247 R_BR3.BPM5L3.y_BR3.DVT12L4 equality     .          300.71     4.86138e-03 >
248 R_BR3.BPM5L3.y_BR3.DVT13L4 equality     .          292.52     1.75910e-01 >
249 R_BR3.BPM5L3.y_BR3.DVT2L4 equality     .          294.96     1.76146e-01 >
250 R_BR3.BPM5L3.y_BR3.DVT6L4 equality     .          295.26     1.47581e-01 >
251 R_BR3.BPM5L3.y_BR3.DVT8L1 equality     .          295.51     6.11103e-02 >
252 R_BR3.BPM5L3.y_BR3.DVT9L1 equality     .          300.71     1.92492e-01 >
253 R_BR3.BPM6L3.y_BR3.DHZ11L4 equality     .          205.66     1.21343e-01 >
254 R_BR3.BPM6L3.y_BR3.DHZ12L4 equality     .          201.86     1.50863e-02 >
255 R_BR3.BPM6L3.y_BR3.DHZ13L4 equality     .          204.39     1.05565e-02 >
256 R_BR3.BPM6L3.y_BR3.DHZ14L1 equality     .          206.14     3.51600e-02 >
257 R_BR3.BPM6L3.y_BR3.DHZ8L1 equality     .          205.51     1.43962e-01 >
258 R_BR3.BPM6L3.y_BR3.DHZ9L1 equality     .          205.6      4.68212e-02 >
259 R_BR3.BPM6L3.y_BR3.DVT12L4 equality     .          203.95     6.24708e-01 >
260 R_BR3.BPM6L3.y_BR3.DVT13L4 equality     .          204.5      5.66267e-02 >
261 R_BR3.BPM6L3.y_BR3.DVT2L4 equality     .          201.85     3.97410e-01 >
262 R_BR3.BPM6L3.y_BR3.DVT6L4 equality     .          201.08     5.93110e-01 >
263 R_BR3.BPM6L3.y_BR3.DVT8L1 equality     .          205.4      1.43463e-01 >
264 R_BR3.BPM6L3.y_BR3.DVT9L1 equality     .          202.55     5.36796e-02 >
265 R_BR3.BPM7L3.y_BR3.DHZ11L4 equality     .          247.51     2.04508e-01 >
266 R_BR3.BPM7L3.y_BR3.DHZ12L4 equality     .          239.62     4.92764e-02 >
267 R_BR3.BPM7L3.y_BR3.DHZ13L4 equality     .          243.43     2.49969e-01 >
268 R_BR3.BPM7L3.y_BR3.DHZ14L1 equality     .          246.98     1.87810e-01 >
269 R_BR3.BPM7L3.y_BR3.DHZ8L1 equality     .          246.56     2.30535e-01 >
270 R_BR3.BPM7L3.y_BR3.DHZ9L1 equality     .          246.83     2.86577e-02 >
271 R_BR3.BPM7L3.y_BR3.DVT12L4 equality     .          249.31     2.45007e-01 >
272 R_BR3.BPM7L3.y_BR3.DVT13L4 equality     .          250.81     1.64711e-01 >
273 R_BR3.BPM7L3.y_BR3.DVT2L4 equality     .          247.33     1.23637e-01 >
274 R_BR3.BPM7L3.y_BR3.DVT6L4 equality     .          247.73     4.14419e-02 >
275 R_BR3.BPM7L3.y_BR3.DVT8L1 equality     .          247.99     1.87405e-01 >
276 R_BR3.BPM7L3.y_BR3.DVT9L1 equality     .          243.93     1.71035e-01 >
277 R_BR3.BPM8L3.y_BR3.DHZ11L4 equality     .          310.08     2.20504e-02 >
278 R_BR3.BPM8L3.y_BR3.DHZ12L4 equality     .          307.13     5.07885e-02 >
279 R_BR3.BPM8L3.y_BR3.DHZ13L4 equality     .          303.82     1.02821e-01 >
280 R_BR3.BPM8L3.y_BR3.DHZ14L1 equality     .          311.28     1.46651e-01 >
281 R_BR3.BPM8L3.y_BR3.DHZ8L1 equality     .          310.24     2.79222e-03 >
282 R_BR3.BPM8L3.y_BR3.DHZ9L1 equality     .          307.43     5.75752e-02 >
283 R_BR3.BPM8L3.y_BR3.DVT12L4 equality     .          310.09     1.64883e-01 >
284 R_BR3.BPM8L3.y_BR3.DVT13L4 equality     .          305.78     4.52716e-02 >
285 R_BR3.BPM8L3.y_BR3.DVT2L4 equality     .          308.97     3.23343e-01 >
286 R_BR3.BPM8L3.y_BR3.DVT6L4 equality     .          299.52     6.51429e-02 >
287 R_BR3.BPM8L3.y_BR3.DVT8L1 equality     .          305.11     3.94924e-01 >
288 R_BR3.BPM8L3.y_BR3.DVT9L1 equality     .          307.07     4.68145e-01 >
289 R_BR3.BPM9L3.y_BR3.DHZ11L4 equality     .          334.71     1.73276e-01 >
290 R_BR3.BPM9L3.y_BR3.DHZ12L4 equality     .          333.16     6.18761e-04 >
291 R_BR3.BPM9L3.y_BR3.DHZ13L4 equality     .          334.6      2.19548e-01 >
292 R_BR3.BPM9L3.y_BR3.DHZ14L1 equality     .          340.73     1.62639e-01 >
293 R_BR3.BPM9L3.y_BR3.DHZ8L1 equality     .          335.94     1.01454e-01 >
294 R_BR3.BPM9L3.y_BR3.DHZ9L1 equality     .          337.78     4.88413e-02 >
295 R_BR3.BPM9L3.y_BR3.DVT12L4 equality     .          331.03     3.77944e-01 >
296 R_BR3.BPM9L3.y_BR3.DVT13L4 equality     .          338.49     1.72764e-01 >
297 R_BR3.BPM9L3.y_BR3.DVT2L4 equality     .          333.32     1.21838e-01 >
298 R_BR3.BPM9L3.y_BR3.DVT6L4 equality     .          330.97     3.83028e-02 >
299 R_BR3.BPM9L3.y_BR3.DVT8L1 equality     .          333.05     6.65292e-02 >
300 R_BR3.BPM9L3.y_BR3.DVT9L1 equality     .          335.65     1.65185e-01 >
301 R_BR3.BPM10L3.y_BR3.DHZ11L4 equality     .          366.2      1.12704e-01 >
302 R_BR3.BPM10L3.y_BR3.DHZ12L4 equality     .          362.07     6.54695e-02 >
303 R_BR3.BPM10L3.y_BR3.DHZ13L4 equality     .          361.04     4.92270e-02 >
304 R_BR3.BPM10L3.y_BR3.DHZ14L1 equality     .          363.5      3.18224e-02 >
305 R_BR3.BPM10L3.y_BR3.DHZ8L1 equality     .          368.96     1.26698e-02 >
306 R_BR3.BPM10L3.y_BR3.DHZ9L1 equality     .          364.84     1.14716e-01 >
307 R_BR3.BPM10L3.y_BR3.DVT12L4 equality     .          359.34     7.04764e-03 >
308 R_BR3.BPM10L3.y_BR3.DVT13L4 equality     .          360.65     1.74219e-01 >
309 R_BR3.BPM10L3.y_BR3.DVT2L4 equality     .          355.51     2.45094e-01 >
310 R_BR3.BPM10L3.y_BR3.DVT6L4 equality     .          356.1      3.90176e-02 >
311 R_BR3.BPM10L3.y_BR3.DVT8L1 equality     .          360.02     3.41384e-01 >
312 R_BR3.BPM10L3.y_BR3.DVT9L1 equality     .          366.4      6.32613e-04 >
313 R_BR3.BPM11L3.y_BR3.DHZ11L4 equality     .          318.42     1.64786e-01 >
314 R_BR3.BPM11L3.y_BR3.DHZ12L4 equality     .          312.53     7.60878e-02 >
315 R_BR3.BPM11L3.y_BR3.DHZ13L4 equality     .          314.15     2.46510e-01 >
316 R_BR3.BPM11L3.y_BR3.DHZ14L1 equality     .          319.85     2.09922e-01 >
317 R_BR3.BPM11L3.y_BR3.DHZ8L1 equality     .          318.13     1.49435e-01 >
318 R_BR3.BPM11L3.y_BR3.DHZ9L1 equality     .          314.86     3.98908e-02 >
319 R_BR3.BPM11L3.y_BR3.DVT12L4 equality     .          318.32     3.57751e-02 >
320 R_BR3.BPM11L3.y_BR3.DVT13L4 equality     .          319.64     5.01992e-02 >
321 R_BR3.BPM11L3.y_BR3.DVT2L4 equality     .          314.09     2.63493e-02 >
322 R_BR3.BPM11L3.y_BR3.DVT6L4 equality     .          315.65     3.38455e-02 >
323 R_BR3.BPM11L3.y_BR3.DVT8L1 equality     .          313.99     1.36148e-01 >
324 R_BR3.BPM11L3.y_BR3.DVT9L1 equality     .          319.49     4.10449e-02 >
325 R_BR3.BPM12L3.y_BR3.DHZ11L4 equality     .          231.29     3.66135e-02 >
326 R_BR3.BPM12L3.y_BR3.DHZ12L4 equality     .          228.92     7.34919e-02 >
327 R_BR3.BPM12L3.y_BR3.DHZ13L4 equality     .          229.14     4.36869e-02 >
328 R_BR3.BPM12L3.y_BR3.DHZ14L1 equality     .          230.81     8.16336e-02 >
329 R_BR3.BPM12L3.y_BR3.DHZ8L1 equality     .          232.09     6.48901e-03 >
330 R_BR3.BPM12L3.y_BR3.DHZ9L1 equality     .          230.3      2.14210e-03 >
331 R_BR3.BPM12L3.y_BR3.DVT12L4 equality     .          232.44     4.81605e-01 >
332 R_BR3.BPM12L3.y_BR3.DVT13L4 equality     .          232.5      2.97901e-01 >
333 R_BR3.BPM12L3.y_BR3.DVT2L4 equality     .          232.86     1.29496e-01 >
334 R_BR3.BPM12L3.y_BR3.DVT6L4 equality     .          233.21     3.16765e-01 >
335 R_BR3.BPM12L3.y_BR3.DVT8L1 equality     .          234.5      5.23820e-02 >
336 R_BR3.BPM12L3.y_BR3.DVT9L1 equality     .          232.15     7.61266e-02 >
337 R_BR3.BPM13L3.y_BR3.DHZ11L4 equality     .          318.63     1.09314e-01 >
338 R_BR3.BPM13L3.y_BR3.DHZ12L4 equality     .          312.27     1.23166e-02 >
339 R_BR3.BPM13L3.y_BR3.DHZ13L4 equality     .          312.67     2.35987e-01 >
340 R_BR3.BPM13L3.y_BR3.DHZ14L1 equality     .          317.13     1.99388e-01 >
341 R_BR3.BPM13L3.y_BR3.DHZ8L1 equality     .          317.01     1.20333e-01 >
342 R_BR3.BPM13L3.y_BR3.DHZ9L1 equality     .          315.47     4.66163e-02 >
343 R_BR3.BPM13L3.y_BR3.DVT12L4 equality     .          316.17     7.16059e-02 >
344 R_BR3.BPM13L3.y_BR3.DVT13L4 equality     .          317.1      8.55459e-02 >
345 R_BR3.BPM13L3.y_BR3.DVT2L4 equality     .          315.8      8.92497e-02 >
346 R_BR3.BPM13L3.y_BR3.DVT6L4 equality     .          313.76     1.26214e-02 >
347 R_BR3.BPM13L3.y_BR3.DVT8L1 equality     .          317.44     1.66911e-02 >
348 R_BR3.BPM13L3.y_BR3.DVT9L1 equality     .          320.26     1.15818e-01 >
349 R_BR3.BPM14L3.y_BR3.DHZ11L4 equality     .          244.36     1.94040e-02 >
350 R_BR3.BPM14L3.y_BR3.DHZ12L4 equality     .          241.74     6.84268e-02 >
351 R_BR3.BPM14L3.y_BR3.DHZ13L4 equality     .          243.26     5.26209e-02 >
352 R_BR3.BPM14L3.y_BR3.DHZ14L1 equality     .          243.34     5.96912e-02 >
353 R_BR3.BPM14L3.y_BR3.DHZ8L1 equality     .          247.99     3.33053e-03 >
354 R_BR3.BPM14L3.y_BR3.DHZ9L1 equality     .          245.6      8.09633e-02 >
355 R_BR3.BPM14L3.y_BR3.DVT12L4 equality     .          243.73     9.38237e-02 >
356 R_BR3.BPM14L3.y_BR3.DVT13L4 equality     .          242.56     3.29922e-01 >
357 R_BR3.BPM14L3.y_BR3.DVT2L4 equality     .          244.08     7.26953e-02 >
358 R_BR3.BPM14L3.y_BR3.DVT6L4 equality     .          243.53     3.38973e-02 >
359 R_BR3.BPM14L3.y_BR3.DVT8L1 equality     .          244.77     8.52486e-02 >
360 R_BR3.BPM14L3.y_BR3.DVT9L1 equality     .          247.1      3.29259e-01 >
361 R_BR3.BPM15L3.y_BR3.DHZ11L4 equality     .          335.46     1.18899e-01 >
362 R_BR3.BPM15L3.y_BR3.DHZ12L4 equality     .          332.49     5.74101e-02 >
363 R_BR3.BPM15L3.y_BR3.DHZ13L4 equality     .          333.02     2.31557e-01 >
364 R_BR3.BPM15L3.y_BR3.DHZ14L1 equality     .          339.6      1.94514e-01 >
365 R_BR3.BPM15L3.y_BR3.DHZ8L1 equality     .          337.23     1.32486e-01 >
366 R_BR3.BPM15L3.y_BR3.DHZ9L1 equality     .          334.2      4.32527e-03 >
367 R_BR3.BPM15L3.y_BR3.DVT12L4 equality     .          335.53     6.69562e-02 >
368 R_BR3.BPM15L3.y_BR3.DVT13L4 equality     .          332.18     3.71885e-02 >
369 R_BR3.BPM15L3.y_BR3.DVT2L4 equality     .          339.47     1.49538e-01 >
370 R_BR3.BPM15L3.y_BR3.DVT6L4 equality     .          334.11     6.42474e-04 >
371 R_BR3.BPM15L3.y_BR3.DVT8L1 equality     .          336.51     5.11506e-02 >
372 R_BR3.BPM15L3.y_BR3.DVT9L1 equality     .          337.85     6.52668e-02 >
373 R_BR3.BPM16L3.y_BR3.DHZ11L4 equality     .          372.29     5.23250e-03 >
374 R_BR3.BPM16L3.y_BR3.DHZ12L4 equality     .          365.67     3.00430e-02 >
375 R_BR3.BPM16L3.y_BR3.DHZ13L4 equality     .          365.5      7.14476e-02 >
376 R_BR3.BPM16L3.y_BR3.DHZ14L1 equality     .          370.71     8.42793e-02 >
377 R_BR3.BPM16L3.y_BR3.DHZ8L1 equality     .          372.15     2.02856e-03 >
378 R_BR3.BPM16L3.y_BR3.DHZ9L1 equality     .          370.13     5.32162e-02 >
379 R_BR3.BPM16L3.y_BR3.DVT12L4 equality     .          366.81     2.35668e-02 >
380 R_BR3.BPM16L3.y_BR3.DVT13L4 equality     .          365.16     2.05629e-01 >
381 R_BR3.BPM16L3.y_BR3.DVT2L4 equality     .          366.91     3.27837e-02 >
382 R_BR3.BPM16L3.y_BR3.DVT6L4 equality     .          366.38     5.78585e-02 >
383 R_BR3.BPM16L3.y_BR3.DVT8L1 equality     .          363.83     3.91098e-02 >
384 R_BR3.BPM16L3.y_BR3.DVT9L1 equality     .          368.51     4.22468e-01 >

 Variables                  Final Value  Init. Value  Lower Limit  Upper Limit
--------------------------------------------------------------------------------
 1 BR.QFOCELL1.dk1l         4.50841e-03  0.00000e+00   .            .         
 2 BR.QDE1.dk1l            -3.33473e-03  0.00000e+00   .            .         
 3 BR.QFOCELL2.dk1l         1.58590e-03  0.00000e+00   .            .         
 4 BR.QDE2.dk1l            -1.94536e-03  0.00000e+00   .            .         
 5 BR.QFOCELL3.dk1l        -9.95466e-03  0.00000e+00   .            .         
 6 BR.QDE3.dk1l             7.70717e-03  0.00000e+00   .            .         
 7 BR.QFOCELL4.dk1l         1.96327e-03  0.00000e+00   .            .         
 8 BR.QDE4.dk1l            -2.42724e-03  0.00000e+00   .            .         
 9 BR.QFOCELL5.dk1l         1.67938e-02  0.00000e+00   .            .         
10 BR.QDE5.dk1l            -1.61813e-02  0.00000e+00   .            .         
11 BR.QFOCELL6.dk1l        -7.04895e-03  0.00000e+00   .            .         
12 BR.QDE6.dk1l             8.09746e-03  0.00000e+00   .            .         
13 BR.QFOCELL7.dk1l        -6.47189e-03  0.00000e+00   .            .         
14 BR.QDE7.dk1l             6.95114e-03  0.00000e+00   .            .         
15 BR.QFOCELL8.dk1l         2.00975e-02  0.00000e+00   .            .         
16 BR.QDE8.dk1l            -2.10013e-02  0.00000e+00   .            .         
17 BR.QFOCELL9.dk1l         1.47382e-02  0.00000e+00   .            .         
18 BR.QDE9.dk1l            -1.46286e-02  0.00000e+00   .            .         
19 BR.QFOCELL10.dk1l       -1.38102e-02  0.00000e+00   .            .         
20 BR.QDE10.dk1l            1.48263e-02  0.00000e+00   .            .         
21 BR.QFOCELL11.dk1l       -6.92903e-03  0.00000e+00   .            .         
22 BR.QDE11.dk1l            4.79447e-03  0.00000e+00   .            .         
23 BR.QFOCELL12.dk1l        1.33918e-03  0.00000e+00   .            .         
24 BR.QDE12.dk1l           -1.99421e-03  0.00000e+00   .            .         
25 BR.QFOCELL13.dk1l        1.95308e-02  0.00000e+00   .            .         
26 BR.QDE13.dk1l           -2.00559e-02  0.00000e+00   .            .         
27 BR.QFOCELL14.dk1l        8.78342e-03  0.00000e+00   .            .         
28 BR.QDE14.dk1l           -8.98690e-03  0.00000e+00   .            .         
29 BR.QFOCELL15.dk1l       -1.43726e-02  0.00000e+00   .            .         
30 BR.QDE15.dk1l            1.31857e-02  0.00000e+00   .            .         
31 BR.QFOCELL16.dk1l       -3.07420e-03  0.00000e+00   .            .         
32 BR.QDE16.dk1l            4.24962e-03  0.00000e+00   .            .         

ncall=265 [6.6s], fbst[265]=2.84093e-01, fstp=-1.27422e-09, status=XTOL.

INFO psb_md.optimisation: Wrote optimisation results (48 knobs from loco_method1 stage) to results/benchmark/normal_qde14_err/method1/knobs.csv
INFO __main__: Method 1 done: weighted response RMS 1.1888e+02 -> 8.0236e+01 (XTOL, 265 calls)
