@ NAME                 %s               "PSB3"
@ TYPE                 %s              "twiss"
@ TITLE                %n                  nil
@ ORIGIN               %s "MAD 1.1.14 Linux 64"
@ DATE                 %s           "31/08/26"
@ TIME                 %s           "03:49:12"
@ REFCOL               %s               "name"
@ DIRECTION            %le                    1
@ OBSERVE              %le                    0
@ ENERGY               %le          1.098272088
@ DELTAP               %le                    0
@ LENGTH               %le               157.08
@ ALFAP                %le        0.06515504822
@ Q1                   %le          4.173145903
@ Q2                   %le          4.228892753
@ Q3                   %le                    0
@ DQ1                  %le          -6.45532763
@ DQ2                  %le         -13.05222916
@ DQ3                  %le                    0
* NAME                                INDEX                 KIND                    S                 BETX                 ALFX                 BETY                 ALFY                  MUX                  MUY                    X                   PX                    Y                   PY                   DX                  DPX                   DY                  DPY                  R11                  R12                  R21                  R22                  K1L                  K2L                  K3L                  K4L                  K5L                 K1SL                 K2SL                 K3SL                 K4SL                 K5SL
$ %s                                     %d                   %s                  %le                  %le                  %le                  %le                  %le                  %le                  %le                  %le                  %le                  %le                  %le                  %le                  %le                  %le                  %le                  %le                  %le                  %le                  %le                  %le                  %le                  %le                  %le                  %le                  %le                  %le                  %le                  %le                  %le
  "DRIFT_0"                               1              "drift"               0.1795          5.913506226         0.2022665898          4.519618943         0.2723261355       0.004800091919       0.006250107406                    0                    0                    0                    0         -2.819074646      9.934162215e-05                    0                    0                    0                    0                    0                    0                    0                    0                    0                    0                    0                    0                    0                    0                    0                    0
  "BI3.BSW1L1.1"                          2              "rbend"               0.4925          5.804132116         0.1471714614          4.372426721         0.1979365551        0.01330716407        0.01746543027                    0                    0                    0                    0         -2.819043552      9.934162215e-05                    0                    0                    0                    0                    0                    0                    0                    0                    0                    0                    0                    0                    0                    0                    0                    0
  "DRIFT_1"                               3              "drift"               0.8695          5.718182775        0.08081087535          4.256961845         0.1083363256        0.02372972107         0.0313907313                    0                    0                    0                    0           -2.8190061      9.934162215e-05                    0                    0                    0                    0                    0                    0                    0                    0                    0                    0                    0                    0                    0                    0                    0                    0
  "BI3.BSW1L1.2"                          4              "rbend"               1.1945          5.684248112        0.02360347361          4.211646746        0.03109474839        0.03280737163        0.04361871918                    0                    0                    0                    0         -2.818973814      9.934162215e-05                    0                    0                    0                    0                    0                    0                    0                    0                    0                    0                    0                    0                    0                    0                    0                    0
  "DRIFT_2"                               5              "drift"             1.327628          5.681083208      0.0001699136807          4.207579759     -0.0005453029446        0.03653624113        0.04865279567                    0                    0                    0                    0         -2.818960589      9.934162215e-05                    0                    0                    0                    0                    0                    0                    0                    0                    0                    0                    0                    0                    0                    0                    0                    0
  "BI3.BTV1L1"                            6         "instrument"             1.327628          5.681083208      0.0001699136807          4.207579759     -0.0005453029446        0.03653624113        0.04865279567                    0                    0                    0                    0         -2.818960589      9.934162215e-05                    0                    0                    0                    0                    0                    0                    0                    0                    0                    0                    0                    0                    0                    0                    0                    0
  "DRIFT_3"                               7              "drift"                1.334           5.68108819     -0.0009517034389          4.207596358       -0.00205971319          0.036714752        0.04889382109                    0                    0                    0                    0         -2.818959956      9.934162215e-05                    0                    0                    0                    0                    0                    0                    0                    0                    0                    0                    0                    0                    0                    0                    0                    0
  "BI3.BCSF1L1"                           8         "instrument"                1.334           5.68108819     -0.0009517034389          4.207596358       -0.00205971319          0.036714752        0.04889382109                    0                    0                    0                    0         -2.818959956      9.934162215e-05                    0                    0                    0                    0                    0                    0                    0                    0                    0                    0                    0                    0                    0                    0                    0                    0
  "BI3.TSTR1L1"                           9         "instrument"                1.334           5.68108819     -0.0009517034389          4.207596358       -0.00205971319          0.036714752        0.04889382109                    0                    0                    0                    0         -2.818959956      9.934162215e-05                    0                    0                    0                    0                    0                    0                    0                    0                    0                    0                    0                    0                    0                    0                    0                    0
  "DRIFT_4"                              10              "drift"               1.3975          5.681918824       -0.01212914962          4.208816272       -0.01715152904         0.0384936032        0.05129549102                    0                    0                    0                    0         -2.818953648      9.934162215e-05                    0                    0                    0                    0                    0                    0                    0                    0                    0                    0                    0                    0                    0                    0                    0                    0
  "BI3.BSW1L1.3"                         11              "rbend"               1.7225          5.708395177       -0.06933655136          4.245068278        -0.0943931062        0.04758090525        0.06354475551                    0                    0                    0                    0         -2.818921362      9.934162215e-05                    0                    0                    0                    0                    0                    0                    0                    0                    0                    0                    0                    0                    0                    0                    0                    0
  "DRIFT_5"                              12              "drift"               2.0935          5.784070848        -0.1346410007          4.347820603        -0.1825673374        0.05786396659         0.0773059827                    0                    0                    0                    0         -2.818884506      9.934162215e-05                    0                    0                    0                    0                    0                    0                    0                    0                    0                    0                    0                    0                    0                    0                    0                    0
  "BI3.BSW1L1.4"                         13              "rbend"               2.4185          5.890179904        -0.1918484025          4.491592885        -0.2598089145        0.06673036157        0.08902145407                    0                    0                    0                    0          -2.81885222      9.934162215e-05                    0                    0                    0                    0                    0                    0                    0                    0                    0                    0                    0                    0                    0                    0                    0                    0
  "DRIFT_6"                              14              "drift"                2.456          5.904816067        -0.1984492565          4.511412772        -0.2687214042        0.06774237635        0.09034732103                    0                    0                    0                    0         -2.818848495      9.934162215e-05                    0                    0                    0                    0                    0                    0                    0                    0                    0                    0                    0                    0                    0                    0                    0                    0
  "BI3.TDI1L1"                           15         "collimator"                2.526          5.933461474        -0.2107708507          4.550198334        -0.2853580516        0.06962459922        0.09280635204                    0                    0                    0                    0         -2.818841541      9.934162215e-05                    0                    0                    0                    0                    0                    0                    0                    0                    0                    0                    0                    0                    0                    0                    0                    0
  "DRIFT_7"                              16              "drift"             2.654001          5.990303236        -0.2333019419          4.627144553        -0.3157795873        0.07304194086        0.09724671161                    0                    0                    0                    0         -2.818828825      9.934162215e-05                    0                    0                    0                    0                    0                    0                    0                    0                    0                    0                    0                    0                    0                    0                    0                    0
  "BR.BHZ11"                             17              "sbend"             4.271697          7.195037405        -0.5162271275          6.082407289        -0.5671815338         0.1124077565          0.146563537                    0                    0                    0                    0         -3.123251064        -0.3788938068                    0                    0                    0                    0                    0                    0                    0                    0                    0                    0                    0                    0                    0                    0                    0                    0
  "DRIFT_8"                              18              "drift"               4.2717          7.195040502        -0.5162276556          6.082410692        -0.5671821857         0.1124078229         0.1465636155                    0                    0                    0                    0         -3.123252201        -0.3788938068                    0                    0                    0                    0                    0                    0                    0                    0                    0                    0                    0                    0                    0                    0                    0                    0
  "BR.SPSCRAP11"                         19         "collimator"               4.2717          7.195040502        -0.5162276556          6.082410692        -0.5671821857         0.1124078229         0.1465636155                    0                    0                    0                    0         -3.123252201        -0.3788938068                    0                    0                    0                    0                    0                    0                    0                    0                    0                    0                    0                    0                    0                    0                    0                    0
  "DRIFT_9"                              20              "drift"             4.514819          7.456454157        -0.5590221365          6.371040023        -0.6200114563         0.1176914969         0.1527809819                    0                    0                    0                    0         -3.215368485        -0.3788938068                    0                    0                    0                    0                    0                    0                    0                    0                    0                    0                    0                    0                    0                    0                    0                    0
  "BR3.VVS1L2"                           21             "marker"             4.514819          7.456454157        -0.5590221365          6.371040023        -0.6200114563         0.1176914969         0.1527809819                    0                    0                    0                    0         -3.215368485        -0.3788938068                    0                    0                    0                    0                    0                    0                    0                    0                    0                    0                    0                    0                    0                    0                    0                    0
  "DRIFT_10"                             22              "drift"             4.638012          7.596860797        -0.5807069102          6.527099992        -0.6467810478         0.1202967042         0.1558216379                    0                    0                    0                    0         -3.262045549        -0.3788938068                    0                    0                    0                    0                    0                    0                    0                    0                    0                    0                    0                    0                    0                    0                    0                    0
  "BR.QFO11"                             23         "quadrupole"             5.141582          6.833916864          2.001220503          8.603595952         -3.727854115         0.1310884835         0.1668581231                    0                    0                    0                    0         -3.150042431          0.816854304                    0                    0                    0                    0                    0                    0         0.3672018884                    0                    0                    0                    0                    0                    0                    0                    0                    0
  "DRIFT_11"                             24              "drift"             5.467797          5.606195499           1.76231387          11.22001666         -4.292686663         0.1394803071         0.1721433925                    0                    0                    0                    0         -2.883572304          0.816854304                    0                    0                    0                    0                    0                    0                    0                    0                    0                    0                    0                    0                    0                    0                    0                    0
  "BR3.BPM1L3"                           25            "monitor"             5.467797          5.606195499           1.76231387          11.22001666         -4.292686663         0.1394803071         0.1721433925                    0                    0                    0                    0         -2.883572304          0.816854304                    0                    0                    0                    0                    0                    0                    0                    0                    0                    0                    0                    0                    0                    0                    0                    0
  "BR3.ONOH0.1L3"                        26          "multipole"             5.467797          5.606195499           1.76231387          11.22001666         -4.292686663         0.1394803071         0.1721433925                    0                    0                    0                    0         -2.883572304          0.816854304                    0                    0                    0                    0                    0                    0                    0                    0                    0                    0                    0                    0                    0                    0                    0                    0
  "BR3.QSKH0.1L3"                        27          "multipole"             5.467797          5.606195499           1.76231387          11.22001666         -4.292686663         0.1394803071         0.1721433925                    0                    0                    0                    0         -2.883572304          0.816854304                    0                    0                    0                    0                    0                    0                    0                    0                    0                    0                    0                    0                    0                    0                    0                    0
  "BR3.XNOH0.1L3"                        28          "multipole"             5.467797          5.606195499           1.76231387          11.22001666         -4.292686663         0.1394803071         0.1721433925                    0                    0                    0                    0         -2.883572304          0.816854304                    0                    0                    0                    0                    0                    0                    0                    0                    0                    0                    0                    0                    0                    0                    0                    0
  "DRIFT_12"                             29              "drift"             5.795327          4.530338693          1.522444184          14.21772934         -4.859796099         0.1498312036         0.1762710916                    0                    0                    0                    0         -2.616028014          0.816854304                    0                    0                    0                    0                    0                    0                    0                    0                    0                    0                    0                    0                    0                    0                    0                    0
  "BR.QDE1"                              30         "quadrupole"             6.674267          4.530522127         -1.522691429          14.21895171          4.858682742         0.1840161408         0.1851981802                    0                    0                    0                    0         -2.616101464         -0.817029369                    0                    0                    0                    0                    0                    0        -0.6542018271                    0                    0                    0                    0                    0                    0                    0                    0                    0
  "DRIFT_13"                             31              "drift"             6.816797          4.979461055         -1.627094079          12.86909165          4.612025535         0.1887928227         0.1868751557                    0                    0                    0                    0          -2.73255266         -0.817029369                    0                    0                    0                    0                    0                    0                    0                    0                    0                    0                    0                    0                    0                    0                    0                    0
  "BI3.KSW1L4"                           32            "hkicker"             7.186797          6.283789372         -1.898117587          9.693106894          3.971717062         0.1993278842         0.1921486184                    0                    0                    0                    0         -3.034853526         -0.817029369                    0                    0                    0                    0                    0                    0                    0                    0                    0                    0                    0                    0                    0                    0                    0                    0
  "DRIFT_14"                             33              "drift"             7.329012          6.838485766         -2.002289501          8.598432239          3.725604982         0.2027809816         0.1946279919                    0                    0                    0                    0         -3.151047358         -0.817029369                    0                    0                    0                    0                    0                    0                    0                    0                    0                    0                    0                    0                    0                    0                    0                    0
  "BR.QFO12"                             34         "quadrupole"             7.832582          7.601616933         0.5814272988          6.523230777         0.6463030109         0.2135657689         0.2056710747                    0                    0                    0                    0         -3.263044453         0.3790924231                    0                    0                    0                    0                    0                    0         0.3672018884                    0                    0                    0                    0                    0                    0                    0                    0                    0
  "DRIFT_15"                             35              "drift"             7.997852           7.41423987         0.5523360148          6.315538027         0.6103845312         0.2170697596         0.2097695811                    0                    0                    0                    0         -3.200391848         0.3790924231                    0                    0                    0                    0                    0                    0                    0                    0                    0                    0                    0                    0                    0                    0                    0                    0
  "BR3.BPP1L5"                           36            "monitor"             7.997852           7.41423987         0.5523360148          6.315538027         0.6103845312         0.2170697596         0.2097695811                    0                    0                    0                    0         -3.200391848         0.3790924231                    0                    0                    0                    0                    0                    0                    0                    0                    0                    0                    0                    0                    0                    0                    0                    0
  "DRIFT_16"                             37              "drift"             8.199799          7.198333332         0.5167887436          6.077870744         0.5664949613           0.22146987         0.2149582214                    0                    0                    0                    0         -3.123835271         0.3790924231                    0                    0                    0                    0                    0                    0                    0                    0                    0                    0                    0                    0                    0                    0                    0                    0
  "BR.STSCRAP12"                         38         "collimator"             8.199799          7.198333332         0.5167887436          6.077870744         0.5664949613           0.22146987         0.2149582214                    0                    0                    0                    0         -3.123835271         0.3790924231                    0                    0                    0                    0                    0                    0                    0                    0                    0                    0                    0                    0                    0                    0                    0                    0
  "DRIFT_17"                             39              "drift"             8.199804          7.198328165         0.5167878635          6.077865079         0.5664938747         0.2214699805         0.2149583523                    0                    0                    0                    0         -3.123833375         0.3790924231                    0                    0                    0                    0                    0                    0                    0                    0                    0                    0                    0                    0                    0                    0                    0                    0
  "BR.BHZ12"                             40              "sbend"               9.8175          5.991791429         0.2338626778          4.625041748         0.3149871702         0.2608216189         0.2643058039                    0                    0                    0                    0         -2.819091896      9.927461059e-05                    0                    0                    0                    0                    0                    0                    0                    0                    0                    0                    0                    0                    0                    0                    0                    0
  "DRIFT_18"                             41              "drift"              10.7355           5.71075817        0.07227377078          4.247012464        0.09680943584         0.2859021404         0.2975119648                    0                    0                    0                    0         -2.819000762      9.927461059e-05                    0                    0                    0                    0                    0                    0                    0                    0                    0                    0                    0                    0                    0                    0                    0                    0
  "BR3.BWS.2L1.V_ROT"                    42            "monitor"              10.7355           5.71075817        0.07227377078          4.247012464        0.09680943584         0.2859021404         0.2975119648                    0                    0                    0                    0         -2.819000762      9.927461059e-05                    0                    0                    0                    0                    0                    0                    0                    0                    0                    0                    0                    0                    0                    0                    0                    0
  "DRIFT_19"                             43              "drift"              10.8335          5.698283033        0.05502353888          4.230320363        0.07351813086         0.2886364563         0.3011920385                    0                    0                    0                    0         -2.818991033      9.927461059e-05                    0                    0                    0                    0                    0                    0                    0                    0                    0                    0                    0                    0                    0                    0                    0                    0
  "BR3.BWS.2L1.H_ROT"                    44            "monitor"              10.8335          5.698283033        0.05502353888          4.230320363        0.07351813086         0.2886364563         0.3011920385                    0                    0                    0                    0         -2.818991033      9.927461059e-05                    0                    0                    0                    0                    0                    0                    0                    0                    0                    0                    0                    0                    0                    0                    0                    0
  "DRIFT_20"                             45              "drift"              11.3695          5.689868439        -0.0393246683          4.219789526        -0.0538710474         0.3036403948         0.3214373638                    0                    0                    0                    0         -2.818937822      9.927461059e-05                    0                    0                    0                    0                    0                    0                    0                    0                    0                    0                    0                    0                    0                    0                    0                    0
  "BI3.KSW2L1"                           46            "hkicker"              11.7395          5.743066211        -0.1044530949          4.292190628         -0.141807607         0.3139490625         0.3352916956                    0                    0                    0                    0          -2.81890109      9.927461059e-05                    0                    0                    0                    0                    0                    0                    0                    0                    0                    0                    0                    0                    0                    0                    0                    0
  "DRIFT_21"                             47              "drift"            12.471501          5.990303236        -0.2333019419          4.627144945        -0.3157796329         0.3338635598         0.3615525101                    0                    0                    0                    0         -2.818828421      9.927461059e-05                    0                    0                    0                    0                    0                    0                    0                    0                    0                    0                    0                    0                    0                    0                    0                    0
  "BR.BHZ21"                             48              "sbend"            14.089197          7.195037405        -0.5162271275          6.082407775        -0.5671815451         0.3732293755         0.4108693314                    0                    0                    0                    0         -3.123250768        -0.3788938739                    0                    0                    0                    0                    0                    0                    0                    0                    0                    0                    0                    0                    0                    0                    0                    0
  "DRIFT_22"                             49              "drift"           14.0891995          7.195039986        -0.5162275676          6.082410611        -0.5671820884         0.3732294308         0.4108693968                    0                    0                    0                    0         -3.123251715        -0.3788938739                    0                    0                    0                    0                    0                    0                    0                    0                    0                    0                    0                    0                    0                    0                    0                    0
  "BR.STSCRAP21"                         50         "collimator"           14.0891995          7.195039986        -0.5162275676          6.082410611        -0.5671820884         0.3732294308         0.4108693968                    0                    0                    0                    0         -3.123251715        -0.3788938739                    0                    0                    0                    0                    0                    0                    0                    0                    0                    0                    0                    0                    0                    0                    0                    0
  "DRIFT_23"                             51              "drift"            14.455512          7.596860797        -0.5807069102          6.527100484        -0.6467810536         0.3811183232         0.4201274315                    0                    0                    0                    0         -3.262045277        -0.3788938739                    0                    0                    0                    0                    0                    0                    0                    0                    0                    0                    0                    0                    0                    0                    0                    0
  "BR.QFO21"                             52         "quadrupole"            14.959082          6.833916864          2.001220503          8.603596543         -3.727854318         0.3919101024         0.4311639159                    0                    0                    0                    0         -3.150042217         0.8168541463                    0                    0                    0                    0                    0                    0         0.3672018884                    0                    0                    0                    0                    0                    0                    0                    0                    0
  "DRIFT_24"                             53              "drift"            15.285302          5.606177876          1.762310208          11.22006032         -4.292695542          0.400302068         0.4364492559                    0                    0                    0                    0         -2.883568057         0.8168541463                    0                    0                    0                    0                    0                    0                    0                    0                    0                    0                    0                    0                    0                    0                    0                    0
  "BR3.BPM2L3"                           54            "monitor"            15.285302          5.606177876          1.762310208          11.22006032         -4.292695542          0.400302068         0.4364492559                    0                    0                    0                    0         -2.883568057         0.8168541463                    0                    0                    0                    0                    0                    0                    0                    0                    0                    0                    0                    0                    0                    0                    0                    0
  "BR3.ONOH0.2L3"                        55          "multipole"            15.285302          5.606177876          1.762310208          11.22006032         -4.292695542          0.400302068         0.4364492559                    0                    0                    0                    0         -2.883568057         0.8168541463                    0                    0                    0                    0                    0                    0                    0                    0                    0                    0                    0                    0                    0                    0                    0                    0
  "BR3.QSK2L3"                           56          "multipole"            15.285302          5.606177876          1.762310208          11.22006032         -4.292695542          0.400302068         0.4364492559                    0                    0                    0                    0         -2.883568057         0.8168541463                    0                    0                    0                    0                    0                    0                    0                    0                    0                    0                    0                    0                    0                    0                    0                    0
  "BR3.XNOH0.2L3"                        57          "multipole"            15.285302          5.606177876          1.762310208          11.22006032         -4.292695542          0.400302068         0.4364492559                    0                    0                    0                    0         -2.883568057         0.8168541463                    0                    0                    0                    0                    0                    0                    0                    0                    0                    0                    0                    0                    0                    0                    0                    0
  "DRIFT_25"                             58              "drift"            15.612827          4.530338693          1.522444184          14.21773022          -4.85979634         0.4106528225         0.4405768838                    0                    0                    0                    0         -2.616027903         0.8168541463                    0                    0                    0                    0                    0                    0                    0                    0                    0                    0                    0                    0                    0                    0                    0                    0
  "BR.QDE2"                              59         "quadrupole"            16.491767          4.530522127         -1.522691429          14.21895249          4.858683076         0.4448377598         0.4495039719                    0                    0                    0                    0         -2.616101471        -0.8170294943                    0                    0                    0                    0                    0                    0        -0.6542018271                    0                    0                    0                    0                    0                    0                    0                    0                    0
  "DRIFT_26"                             60              "drift"            16.819302          5.606573165         -1.762609496           11.2218284          4.291862936         0.4551882555         0.4536312231                    0                    0                    0                    0         -2.883707226        -0.8170294943                    0                    0                    0                    0                    0                    0                    0                    0                    0                    0                    0                    0                    0                    0                    0                    0
  "BR3.DHZ2L4"                           61            "hkicker"            16.819302          5.606573165         -1.762609496           11.2218284          4.291862936         0.4551882555         0.4536312231                    0                    0                    0                    0         -2.883707226        -0.8170294943                    0                    0                    0                    0                    0                    0                    0                    0                    0                    0                    0                    0                    0                    0                    0                    0
  "BR3.DVT2L4"                           62            "vkicker"            16.819302          5.606573165         -1.762609496           11.2218284          4.291862936         0.4551882555         0.4536312231                    0                    0                    0                    0         -2.883707226        -0.8170294943                    0                    0                    0                    0                    0                    0                    0                    0                    0                    0                    0                    0                    0                    0                    0                    0
  "BR3.OSK2L4"                           63          "multipole"            16.819302          5.606573165         -1.762609496           11.2218284          4.291862936         0.4551882555         0.4536312231                    0                    0                    0                    0         -2.883707226        -0.8170294943                    0                    0                    0                    0                    0                    0                    0                    0                    0                    0                    0                    0                    0                    0                    0                    0
  "BR3.XSK2L4"                           64          "multipole"            16.819302          5.606573165         -1.762609496           11.2218284          4.291862936         0.4551882555         0.4536312231                    0                    0                    0                    0         -2.883707226        -0.8170294943                    0                    0                    0                    0                    0                    0                    0                    0                    0                    0                    0                    0                    0                    0                    0                    0
  "DRIFT_27"                             65              "drift"            17.146512          6.838485766         -2.002289501          8.598432639          3.725605229         0.4636026005         0.4589337831                    0                    0                    0                    0         -3.151047447        -0.8170294943                    0                    0                    0                    0                    0                    0                    0                    0                    0                    0                    0                    0                    0                    0                    0                    0
  "BR.QFO22"                             66         "quadrupole"            17.650082          7.601616933         0.5814272988          6.523231011         0.6463031132         0.4743873879         0.4699768655                    0                    0                    0                    0         -3.263044596         0.3790923411                    0                    0                    0                    0                    0                    0         0.3672018884                    0                    0                    0                    0                    0                    0                    0                    0                    0
  "DRIFT_28"                             67              "drift"            18.017299          7.198333332         0.5167887436          6.077870905          0.566495059         0.4822914889         0.4792640118                    0                    0                    0                    0         -3.123835443         0.3790923411                    0                    0                    0                    0                    0                    0                    0                    0                    0                    0                    0                    0                    0                    0                    0                    0
  "BR.STSCRAP22"                         68         "collimator"            18.017299          7.198333332         0.5167887436          6.077870905          0.566495059         0.4822914889         0.4792640118                    0                    0                    0                    0         -3.123835443         0.3790923411                    0                    0                    0                    0                    0                    0                    0                    0                    0                    0                    0                    0                    0                    0                    0                    0
  "DRIFT_29"                             69              "drift"            18.017304          7.198328165         0.5167878635           6.07786524         0.5664939724         0.4822915995         0.4792641428                    0                    0                    0                    0         -3.123833548         0.3790923411                    0                    0                    0                    0                    0                    0                    0                    0                    0                    0                    0                    0                    0                    0                    0                    0
  "BR.BHZ22"                             70              "sbend"               19.635          5.991791429         0.2338626778          4.625041626         0.3149872446         0.5216432379         0.5286115943                    0                    0                    0                    0           -2.8190922      9.919259331e-05                    0                    0                    0                    0                    0                    0                    0                    0                    0                    0                    0                    0                    0                    0                    0                    0
  "DRIFT_30"                             71              "drift"               20.159          5.795034972          0.141626744          4.360192481         0.1904500542         0.5358148445         0.5472252323                    0                    0                    0                    0         -2.819040223      9.919259331e-05                    0                    0                    0                    0                    0                    0                    0                    0                    0                    0                    0                    0                    0                    0                    0                    0
  "BR3.DES3L1"                           72            "hkicker"               20.724          5.691187622        0.04217387633          4.220852974        0.05616854174          0.551498316         0.5682474834                    0                    0                    0                    0          -2.81898418      9.919259331e-05                    0                    0                    0                    0                    0                    0                    0                    0                    0                    0                    0                    0                    0                    0                    0                    0
  "HACMAP"                               73             "marker"               20.724          5.691187622        0.04217387633          4.220852974        0.05616854174          0.551498316         0.5682474834                    0                    0                    0                    0          -2.81898418      9.919259331e-05                    0                    0                    0                    0                    0                    0                    0                    0                    0                    0                    0                    0                    0                    0                    0                    0
  "VACMAP"                               74             "marker"               20.724          5.691187622        0.04217387633          4.220852974        0.05616854174          0.551498316         0.5682474834                    0                    0                    0                    0          -2.81898418      9.919259331e-05                    0                    0                    0                    0                    0                    0                    0                    0                    0                    0                    0                    0                    0                    0                    0                    0
  "DRIFT_31"                             75              "drift"               21.098          5.684262924       -0.02365864136           4.21208273       -0.03271868953         0.5619712091         0.5823830854                    0                    0                    0                    0         -2.818947082      9.919259331e-05                    0                    0                    0                    0                    0                    0                    0                    0                    0                    0                    0                    0                    0                    0                    0                    0
  "BR3.ONO3L1"                           76          "multipole"               21.098          5.684262924       -0.02365864136           4.21208273       -0.03271868953         0.5619712091         0.5823830854                    0                    0                    0                    0         -2.818947082      9.919259331e-05                    0                    0                    0                    0                    0                    0                    0                    0                    0                    0                    0                    0                    0                    0                    0                    0
  "BR3.QNO3L1"                           77          "multipole"               21.098          5.684262924       -0.02365864136           4.21208273       -0.03271868953         0.5619712091         0.5823830854                    0                    0                    0                    0         -2.818947082      9.919259331e-05                    0                    0                    0                    0                    0                    0                    0                    0                    0                    0                    0                    0                    0                    0                    0                    0
  "BR3.XNO3L1"                           78          "multipole"               21.098          5.684262924       -0.02365864136           4.21208273       -0.03271868953         0.5619712091         0.5823830854                    0                    0                    0                    0         -2.818947082      9.919259331e-05                    0                    0                    0                    0                    0                    0                    0                    0                    0                    0                    0                    0                    0                    0                    0                    0
  "DRIFT_32"                             79              "drift"               21.678          5.770921009        -0.1257518506          4.329987384        -0.1705651979         0.5781160426         0.6040651463                    0                    0                    0                    0          -2.81888955      9.919259331e-05                    0                    0                    0                    0                    0                    0                    0                    0                    0                    0                    0                    0                    0                    0                    0                    0
  "BR3.BPMT3L1"                          80            "monitor"               21.678          5.770921009        -0.1257518506          4.329987384        -0.1705651979         0.5781160426         0.6040651463                    0                    0                    0                    0          -2.81888955      9.919259331e-05                    0                    0                    0                    0                    0                    0                    0                    0                    0                    0                    0                    0                    0                    0                    0                    0
  "DRIFT_33"                             81              "drift"           22.2890015          5.990303469        -0.2333020299          4.627144859         -0.315779721          0.594685192         0.6258583241                    0                    0                    0                    0         -2.818828943      9.919259331e-05                    0                    0                    0                    0                    0                    0                    0                    0                    0                    0                    0                    0                    0                    0                    0                    0
  "BR.BHZ31"                             82              "sbend"           23.9066975          7.195037921        -0.5162272155          6.082408015        -0.5671816548         0.6340510055         0.6751751448                    0                    0                    0                    0         -3.123251422        -0.3788939559                    0                    0                    0                    0                    0                    0                    0                    0                    0                    0                    0                    0                    0                    0                    0                    0
  "DRIFT_34"                             83              "drift"              23.9067          7.195040502        -0.5162276556          6.082410851        -0.5671821981         0.6340510608         0.6751752102                    0                    0                    0                    0         -3.123252369        -0.3788939559                    0                    0                    0                    0                    0                    0                    0                    0                    0                    0                    0                    0                    0                    0                    0                    0
  "BR.STSCRAP31"                         84         "collimator"              23.9067          7.195040502        -0.5162276556          6.082410851        -0.5671821981         0.6340510608         0.6751752102                    0                    0                    0                    0         -3.123252369        -0.3788939559                    0                    0                    0                    0                    0                    0                    0                    0                    0                    0                    0                    0                    0                    0                    0                    0
  "DRIFT_35"                             85              "drift"            24.273012          7.596860797        -0.5807069102          6.527100159         -0.646781059         0.6419399421         0.6844332323                    0                    0                    0                    0         -3.262045772        -0.3788939559                    0                    0                    0                    0                    0                    0                    0                    0                    0                    0                    0                    0                    0                    0                    0                    0
  "BR.QFO31"                             86         "quadrupole"            24.776582          6.833916864          2.001220503          8.603596164         -3.727854198         0.6527317213         0.6954697172                    0                    0                    0                    0         -3.150042706         0.8168542478                    0                    0                    0                    0                    0                    0         0.3672018884                    0                    0                    0                    0                    0                    0                    0                    0                    0
  "DRIFT_36"                             87              "drift"            25.102807          5.606160253          1.762306546          11.22010279         -4.292704071         0.6611238289         0.7007551284                    0                    0                    0                    0         -2.883564429         0.8168542478                    0                    0                    0                    0                    0                    0                    0                    0                    0                    0                    0                    0                    0                    0                    0                    0
  "BR3.BPM3L3"                           88            "monitor"            25.102807          5.606160253          1.762306546          11.22010279         -4.292704071         0.6611238289         0.7007551284                    0                    0                    0                    0         -2.883564429         0.8168542478                    0                    0                    0                    0                    0                    0                    0                    0                    0                    0                    0                    0                    0                    0                    0                    0
  "BR3.ONOH0.3L3"                        89          "multipole"            25.102807          5.606160253          1.762306546          11.22010279         -4.292704071         0.6611238289         0.7007551284                    0                    0                    0                    0         -2.883564429         0.8168542478                    0                    0                    0                    0                    0                    0                    0                    0                    0                    0                    0                    0                    0                    0                    0                    0
  "BR3.QSKH0.3L3"                        90          "multipole"            25.102807          5.606160253          1.762306546          11.22010279         -4.292704071         0.6611238289         0.7007551284                    0                    0                    0                    0         -2.883564429         0.8168542478                    0                    0                    0                    0                    0                    0                    0                    0                    0                    0                    0                    0                    0                    0                    0                    0
  "BR3.XNOH0.3L3"                        91          "multipole"            25.102807          5.606160253          1.762306546          11.22010279         -4.292704071         0.6611238289         0.7007551284                    0                    0                    0                    0         -2.883564429         0.8168542478                    0                    0                    0                    0                    0                    0                    0                    0                    0                    0                    0                    0                    0                    0                    0                    0
  "DRIFT_37"                             92              "drift"            25.430327          4.530338693          1.522444184          14.21772967         -4.859796201         0.6714744415         0.7048826855                    0                    0                    0                    0         -2.616028326         0.8168542478                    0                    0                    0                    0                    0                    0                    0                    0                    0                    0                    0                    0                    0                    0                    0                    0
  "BR.QDE3"                              93         "quadrupole"            26.309267          4.530522127         -1.522691429          14.21895202          4.858682864         0.7056593787         0.7138097739                    0                    0                    0                    0         -2.616101924        -0.8170296663                    0                    0                    0                    0                    0                    0        -0.6542018271                    0                    0                    0                    0                    0                    0                    0                    0                    0
  "DRIFT_38"                             94              "drift"            26.636807          5.606590791         -1.762613158          11.22178514          4.291854099         0.7160100164         0.7179370962                    0                    0                    0                    0         -2.883711821        -0.8170296663                    0                    0                    0                    0                    0                    0                    0                    0                    0                    0                    0                    0                    0                    0                    0                    0
  "BR3.DHZ3L4"                           95            "hkicker"            26.636807          5.606590791         -1.762613158          11.22178514          4.291854099         0.7160100164         0.7179370962                    0                    0                    0                    0         -2.883711821        -0.8170296663                    0                    0                    0                    0                    0                    0                    0                    0                    0                    0                    0                    0                    0                    0                    0                    0
  "BR3.DVT3L4"                           96            "vkicker"            26.636807          5.606590791         -1.762613158          11.22178514          4.291854099         0.7160100164         0.7179370962                    0                    0                    0                    0         -2.883711821        -0.8170296663                    0                    0                    0                    0                    0                    0                    0                    0                    0                    0                    0                    0                    0                    0                    0                    0
  "DRIFT_39"                             97              "drift"            26.964012          6.838485766         -2.002289501          8.598432412          3.725605074         0.7244242195         0.7232395855                    0                    0                    0                    0         -3.151048013        -0.8170296663                    0                    0                    0                    0                    0                    0                    0                    0                    0                    0                    0                    0                    0                    0                    0                    0
  "BR.QFO32"                             98         "quadrupole"            27.467582          7.601616933         0.5814272988          6.523230892         0.6463030418         0.7352090068         0.7342826681                    0                    0                    0                    0         -3.263045193         0.3790923859                    0                    0                    0                    0                    0                    0         0.3672018884                    0                    0                    0                    0                    0                    0                    0                    0                    0
  "DRIFT_40"                             99              "drift"            27.834799          7.198333332         0.5167887436          6.077870837         0.5664949914         0.7431131079         0.7435698145                    0                    0                    0                    0         -3.123836025         0.3790923859                    0                    0                    0                    0                    0                    0                    0                    0                    0                    0                    0                    0                    0                    0                    0                    0
  "BR.STSCRAP32"                        100         "collimator"            27.834799          7.198333332         0.5167887436          6.077870837         0.5664949914         0.7431131079         0.7435698145                    0                    0                    0                    0         -3.123836025         0.3790923859                    0                    0                    0                    0                    0                    0                    0                    0                    0                    0                    0                    0                    0                    0                    0                    0
  "DRIFT_41"                            101              "drift"            27.834804          7.198328165         0.5167878635          6.077865172         0.5664939047         0.7431132184         0.7435699455                    0                    0                    0                    0         -3.123834129         0.3790923859                    0                    0                    0                    0                    0                    0                    0                    0                    0                    0                    0                    0                    0                    0                    0                    0
  "BR.BHZ32"                            102              "sbend"              29.4525          5.991791429         0.2338626778          4.625041748         0.3149871965         0.7824648568         0.7929173967                    0                    0                    0                    0          -2.81909271      9.923747105e-05                    0                    0                    0                    0                    0                    0                    0                    0                    0                    0                    0                    0                    0                    0                    0                    0
  "DRIFT_42"                            103              "drift"              29.8225          5.842830566         0.1687342513           4.42448775         0.2270506356         0.7924238473         0.8059496033                    0                    0                    0                    0         -2.819055992      9.923747105e-05                    0                    0                    0                    0                    0                    0                    0                    0                    0                    0                    0                    0                    0                    0                    0                    0
  "BR3.ONO4L1"                          104          "multipole"              29.8225          5.842830566         0.1687342513           4.42448775         0.2270506356         0.7924238473         0.8059496033                    0                    0                    0                    0         -2.819055992      9.923747105e-05                    0                    0                    0                    0                    0                    0                    0                    0                    0                    0                    0                    0                    0                    0                    0                    0
  "BR3.OSK4L1"                          105          "multipole"              29.8225          5.842830566         0.1687342513           4.42448775         0.2270506356         0.7924238473         0.8059496033                    0                    0                    0                    0         -2.819055992      9.923747105e-05                    0                    0                    0                    0                    0                    0                    0                    0                    0                    0                    0                    0                    0                    0                    0                    0
  "BR3.XNO4L1"                          106          "multipole"              29.8225          5.842830566         0.1687342513           4.42448775         0.2270506356         0.7924238473         0.8059496033                    0                    0                    0                    0         -2.819055992      9.923747105e-05                    0                    0                    0                    0                    0                    0                    0                    0                    0                    0                    0                    0                    0                    0                    0                    0
  "BR3.XSK4L1"                          107          "multipole"              29.8225          5.842830566         0.1687342513           4.42448775         0.2270506356         0.7924238473         0.8059496033                    0                    0                    0                    0         -2.819055992      9.923747105e-05                    0                    0                    0                    0                    0                    0                    0                    0                    0                    0                    0                    0                    0                    0                    0                    0
  "DRIFT_43"                            108              "drift"              30.3565          5.712816336        0.07473808963          4.249769666         0.1001367881         0.8071552778         0.8255990832                    0                    0                    0                    0         -2.819002999      9.923747105e-05                    0                    0                    0                    0                    0                    0                    0                    0                    0                    0                    0                    0                    0                    0                    0                    0
  "BE3.DHZ4L1"                          109            "hkicker"              30.3565          5.712816336        0.07473808963          4.249769666         0.1001367881         0.8071552778         0.8255990832                    0                    0                    0                    0         -2.819002999      9.923747105e-05                    0                    0                    0                    0                    0                    0                    0                    0                    0                    0                    0                    0                    0                    0                    0                    0
  "BE3.DVT4L1"                          110            "vkicker"              30.3565          5.712816336        0.07473808963          4.249769666         0.1001367881         0.8071552778         0.8255990832                    0                    0                    0                    0         -2.819002999      9.923747105e-05                    0                    0                    0                    0                    0                    0                    0                    0                    0                    0                    0                    0                    0                    0                    0                    0
  "DRIFT_44"                            111              "drift"              30.7885          5.681092701      -0.001303748988          4.207605732      -0.002535088427         0.8192356386         0.8418868675                    0                    0                    0                    0         -2.818960128      9.923747105e-05                    0                    0                    0                    0                    0                    0                    0                    0                    0                    0                    0                    0                    0                    0                    0                    0
  "BR3.BSGHV4L1"                        112            "monitor"              30.7885          5.681092701      -0.001303748988          4.207605732      -0.002535088427         0.8192356386         0.8418868675                    0                    0                    0                    0         -2.818960128      9.923747105e-05                    0                    0                    0                    0                    0                    0                    0                    0                    0                    0                    0                    0                    0                    0                    0                    0
  "DRIFT_45"                            113              "drift"              31.5865          5.795265491        -0.1417699231          4.362998635        -0.1921928604         0.8414421568          0.871703347                    0                    0                    0                    0         -2.818880937      9.923747105e-05                    0                    0                    0                    0                    0                    0                    0                    0                    0                    0                    0                    0                    0                    0                    0                    0
  "BR3.BWSH4L1"                         114            "monitor"              31.5865          5.795265491        -0.1417699231          4.362998635        -0.1921928604         0.8414421568          0.871703347                    0                    0                    0                    0         -2.818880937      9.923747105e-05                    0                    0                    0                    0                    0                    0                    0                    0                    0                    0                    0                    0                    0                    0                    0                    0
  "DRIFT_46"                            115              "drift"            32.106501          5.990303236        -0.2333019419          4.627144831        -0.3157796162         0.8555067977         0.8901641043                    0                    0                    0                    0         -2.818829333      9.923747105e-05                    0                    0                    0                    0                    0                    0                    0                    0                    0                    0                    0                    0                    0                    0                    0                    0
  "BR.BHZ41"                            116              "sbend"            33.724197          7.195037405        -0.5162271275          6.082407621        -0.5671815379         0.8948726134         0.9394809268                    0                    0                    0                    0          -3.12325174         -0.378893911                    0                    0                    0                    0                    0                    0                    0                    0                    0                    0                    0                    0                    0                    0                    0                    0
  "DRIFT_47"                            117              "drift"           33.7241995          7.195039986        -0.5162275676          6.082410457        -0.5671820811         0.8948726687         0.9394809922                    0                    0                    0                    0         -3.123252687         -0.378893911                    0                    0                    0                    0                    0                    0                    0                    0                    0                    0                    0                    0                    0                    0                    0                    0
  "BR.STSCRAP41"                        118         "collimator"           33.7241995          7.195039986        -0.5162275676          6.082410457        -0.5671820811         0.8948726687         0.9394809922                    0                    0                    0                    0         -3.123252687         -0.378893911                    0                    0                    0                    0                    0                    0                    0                    0                    0                    0                    0                    0                    0                    0                    0                    0
  "DRIFT_48"                            119              "drift"            34.090512          7.596860797        -0.5807069102          6.527100325        -0.6467810479         0.9027615611         0.9487390272                    0                    0                    0                    0         -3.262046263         -0.378893911                    0                    0                    0                    0                    0                    0                    0                    0                    0                    0                    0                    0                    0                    0                    0                    0
  "BR.QFO41"                            120         "quadrupole"            34.594082          6.833916864          2.001220503          8.603596348         -3.727854247         0.9135533403         0.9597755118                    0                    0                    0                    0          -3.15004313         0.8168544634                    0                    0                    0                    0                    0                    0         0.3672018884                    0                    0                    0                    0                    0                    0                    0                    0                    0
  "DRIFT_49"                            121              "drift"            34.920312          5.606142629          1.762302884          11.22014593         -4.292712778         0.9219455898         0.9650609938                    0                    0                    0                    0         -2.883560699         0.8168544634                    0                    0                    0                    0                    0                    0                    0                    0                    0                    0                    0                    0                    0                    0                    0                    0
  "BR3.BPM4L3"                          122            "monitor"            34.920312          5.606142629          1.762302884          11.22014593         -4.292712778         0.9219455898         0.9650609938                    0                    0                    0                    0         -2.883560699         0.8168544634                    0                    0                    0                    0                    0                    0                    0                    0                    0                    0                    0                    0                    0                    0                    0                    0
  "BR3.ONOH0.4L3"                       123          "multipole"            34.920312          5.606142629          1.762302884          11.22014593         -4.292712778         0.9219455898         0.9650609938                    0                    0                    0                    0         -2.883560699         0.8168544634                    0                    0                    0                    0                    0                    0                    0                    0                    0                    0                    0                    0                    0                    0                    0                    0
  "BR3.QNO4L3"                          124          "multipole"            34.920312          5.606142629          1.762302884          11.22014593         -4.292712778         0.9219455898         0.9650609938                    0                    0                    0                    0         -2.883560699         0.8168544634                    0                    0                    0                    0                    0                    0                    0                    0                    0                    0                    0                    0                    0                    0                    0                    0
  "BR3.XNOH0.4L3"                       125          "multipole"            34.920312          5.606142629          1.762302884          11.22014593         -4.292712778         0.9219455898         0.9650609938                    0                    0                    0                    0         -2.883560699         0.8168544634                    0                    0                    0                    0                    0                    0                    0                    0                    0                    0                    0                    0                    0                    0                    0                    0
  "DRIFT_50"                            126              "drift"            35.247827          4.530338693          1.522444184          14.21772992         -4.859796253         0.9322960604         0.9691884799                    0                    0                    0                    0         -2.616028609         0.8168544634                    0                    0                    0                    0                    0                    0                    0                    0                    0                    0                    0                    0                    0                    0                    0                    0
  "BR.QDE4"                             127         "quadrupole"            36.126767          4.530522127         -1.522691429          14.21895221          4.858682965         0.9664809976         0.9781155682                    0                    0                    0                    0         -2.616102085        -0.8170295894                    0                    0                    0                    0                    0                    0        -0.6542018271                    0                    0                    0                    0                    0                    0                    0                    0                    0
  "DRIFT_51"                            128              "drift"            36.454312          5.606608417         -1.762616821          11.22174236          4.291845533         0.9768317773         0.9822429614                    0                    0                    0                    0         -2.883716041        -0.8170295894                    0                    0                    0                    0                    0                    0                    0                    0                    0                    0                    0                    0                    0                    0                    0                    0
  "BR3.DHZ4L4"                          129            "hkicker"            36.454312          5.606608417         -1.762616821          11.22174236          4.291845533         0.9768317773         0.9822429614                    0                    0                    0                    0         -2.883716041        -0.8170295894                    0                    0                    0                    0                    0                    0                    0                    0                    0                    0                    0                    0                    0                    0                    0                    0
  "BR3.DVT4L4"                          130            "vkicker"            36.454312          5.606608417         -1.762616821          11.22174236          4.291845533         0.9768317773         0.9822429614                    0                    0                    0                    0         -2.883716041        -0.8170295894                    0                    0                    0                    0                    0                    0                    0                    0                    0                    0                    0                    0                    0                    0                    0                    0
  "DRIFT_52"                            131              "drift"            36.781512          6.838485766         -2.002289501          8.598432495          3.725605146         0.9852458384         0.9875453796                    0                    0                    0                    0         -3.151048123        -0.8170295894                    0                    0                    0                    0                    0                    0                    0                    0                    0                    0                    0                    0                    0                    0                    0                    0
  "BR.QFO42"                            132         "quadrupole"            37.285082          7.601616933         0.5814272988          6.523230921         0.6463030819         0.9960306258         0.9985884621                    0                    0                    0                    0         -3.263045256         0.3790924951                    0                    0                    0                    0                    0                    0         0.3672018884                    0                    0                    0                    0                    0                    0                    0                    0                    0
  "DRIFT_53"                            133              "drift"             37.45044           7.41414266         0.5523205248          6.315430722         0.6103654754         0.9995365055          1.002689186                    0                    0                    0                    0          -3.20035928         0.3790924951                    0                    0                    0                    0                    0                    0                    0                    0                    0                    0                    0                    0                    0                    0                    0                    0
  "BR3.BPTF4L5"                         134            "monitor"             37.45044           7.41414266         0.5523205248          6.315430722         0.6103654754         0.9995365055          1.002689186                    0                    0                    0                    0          -3.20035928         0.3790924951                    0                    0                    0                    0                    0                    0                    0                    0                    0                    0                    0                    0                    0                    0                    0                    0
  "DRIFT_54"                            135              "drift"            37.652299          7.198333332         0.5167887436          6.077870837         0.5664950289          1.003934727          1.007875609                    0                    0                    0                    0         -3.123836048         0.3790924951                    0                    0                    0                    0                    0                    0                    0                    0                    0                    0                    0                    0                    0                    0                    0                    0
  "BR.STSCRAP42"                        136         "collimator"            37.652299          7.198333332         0.5167887436          6.077870837         0.5664950289          1.003934727          1.007875609                    0                    0                    0                    0         -3.123836048         0.3790924951                    0                    0                    0                    0                    0                    0                    0                    0                    0                    0                    0                    0                    0                    0                    0                    0
  "DRIFT_55"                            137              "drift"            37.652304          7.198328165         0.5167878635          6.077865172         0.5664939423          1.003934837           1.00787574                    0                    0                    0                    0         -3.123834152         0.3790924951                    0                    0                    0                    0                    0                    0                    0                    0                    0                    0                    0                    0                    0                    0                    0                    0
  "BR.BHZ42"                            138              "sbend"                39.27          5.991791429         0.2338626778          4.625041648         0.3149872202          1.043286476          1.057223191                    0                    0                    0                    0         -2.819092557      9.934666881e-05                    0                    0                    0                    0                    0                    0                    0                    0                    0                    0                    0                    0                    0                    0                    0                    0
  "DRIFT_56"                            139              "drift"            39.521261          5.885382975         0.1896350195          4.481758016         0.2552709256          1.050022586          1.066011067                    0                    0                    0                    0         -2.819067595      9.934666881e-05                    0                    0                    0                    0                    0                    0                    0                    0                    0                    0                    0                    0                    0                    0                    0                    0
  "BR3.ACWF5L1.1"                       140           "rfcavity"            40.464261          5.684259404        0.02364554306          4.211661649        0.03115152043          1.076087156          1.100832879                    0                    0                    0                    0         -2.818973911      9.934666881e-05                    0                    0                    0                    0                    0                    0                    0                    0                    0                    0                    0                    0                    0                    0                    0                    0
  "DRIFT_57"                            141              "drift"            40.575761          5.681174807       0.004019003692          4.207669588        0.00465171802          1.079210119          1.105048856                    0                    0                    0                    0         -2.818962834      9.934666881e-05                    0                    0                    0                    0                    0                    0                    0                    0                    0                    0                    0                    0                    0                    0                    0                    0
  "BR3.ACWF5L1.2"                       142           "rfcavity"            41.518761          5.830123042        -0.1619704727          4.410241047        -0.2194676871          1.105406217          1.140173428                    0                    0                    0                    0          -2.81886915      9.934666881e-05                    0                    0                    0                    0                    0                    0                    0                    0                    0                    0                    0                    0                    0                    0                    0                    0
  "DRIFT_58"                            143              "drift"            41.924001          5.990303236        -0.2333019419          4.627144663        -0.3157796147          1.116328417          1.154469902                    0                    0                    0                    0         -2.818828891      9.934666881e-05                    0                    0                    0                    0                    0                    0                    0                    0                    0                    0                    0                    0                    0                    0                    0                    0
  "BR.BHZ51"                            144              "sbend"            43.541697          7.195037405        -0.5162271275          6.082407477        -0.5671815536          1.155694232          1.203786726                    0                    0                    0                    0         -3.123251122        -0.3788938018                    0                    0                    0                    0                    0                    0                    0                    0                    0                    0                    0                    0                    0                    0                    0                    0
  "DRIFT_59"                            145              "drift"           43.5416995          7.195039986        -0.5162275676          6.082410313        -0.5671820968          1.155694288          1.203786792                    0                    0                    0                    0         -3.123252069        -0.3788938018                    0                    0                    0                    0                    0                    0                    0                    0                    0                    0                    0                    0                    0                    0                    0                    0
  "BR.STSCRAP51"                        146         "collimator"           43.5416995          7.195039986        -0.5162275676          6.082410313        -0.5671820968          1.155694288          1.203786792                    0                    0                    0                    0         -3.123252069        -0.3788938018                    0                    0                    0                    0                    0                    0                    0                    0                    0                    0                    0                    0                    0                    0                    0                    0
  "DRIFT_60"                            147              "drift"            43.908012          7.596860797        -0.5807069102          6.527100194        -0.6467810665           1.16358318          1.213044827                    0                    0                    0                    0         -3.262045605        -0.3788938018                    0                    0                    0                    0                    0                    0                    0                    0                    0                    0                    0                    0                    0                    0                    0                    0
  "BR.QFO51"                            148         "quadrupole"            44.411582          6.833916864          2.001220503          8.603596215         -3.727854223          1.174374959          1.224081312                    0                    0                    0                    0         -3.150042479         0.8168543284                    0                    0                    0                    0                    0                    0         0.3672018884                    0                    0                    0                    0                    0                    0                    0                    0                    0
  "DRIFT_61"                            149              "drift"            44.737806          5.606163777          1.762307279          11.22009427         -4.292702368          1.182767038          1.229366708                    0                    0                    0                    0         -2.883564993         0.8168543284                    0                    0                    0                    0                    0                    0                    0                    0                    0                    0                    0                    0                    0                    0                    0                    0
  "BR3.BPM5L3"                          150            "monitor"            44.737806          5.606163777          1.762307279          11.22009427         -4.292702368          1.182767038          1.229366708                    0                    0                    0                    0         -2.883564993         0.8168543284                    0                    0                    0                    0                    0                    0                    0                    0                    0                    0                    0                    0                    0                    0                    0                    0
  "BR3.ONOH0.5L3"                       151          "multipole"            44.737806          5.606163777          1.762307279          11.22009427         -4.292702368          1.182767038          1.229366708                    0                    0                    0                    0         -2.883564993         0.8168543284                    0                    0                    0                    0                    0                    0                    0                    0                    0                    0                    0                    0                    0                    0                    0                    0
  "BR3.QSKH0.5L3"                       152          "multipole"            44.737806          5.606163777          1.762307279          11.22009427         -4.292702368          1.182767038          1.229366708                    0                    0                    0                    0         -2.883564993         0.8168543284                    0                    0                    0                    0                    0                    0                    0                    0                    0                    0                    0                    0                    0                    0                    0                    0
  "BR3.XNOH0.5L3"                       153          "multipole"            44.737806          5.606163777          1.762307279          11.22009427         -4.292702368          1.182767038          1.229366708                    0                    0                    0                    0         -2.883564993         0.8168543284                    0                    0                    0                    0                    0                    0                    0                    0                    0                    0                    0                    0                    0                    0                    0                    0
  "DRIFT_62"                            154              "drift"            45.065327          4.530338693          1.522444184          14.21772976         -4.859796234          1.193117679           1.23349428                    0                    0                    0                    0         -2.616028046         0.8168543284                    0                    0                    0                    0                    0                    0                    0                    0                    0                    0                    0                    0                    0                    0                    0                    0
  "BR.QDE5"                             155         "quadrupole"            45.944267          4.530522127         -1.522691429          14.21895211          4.858682893          1.227302617          1.242421368                    0                    0                    0                    0         -2.616101482        -0.8170293604                    0                    0                    0                    0                    0                    0        -0.6542018271                    0                    0                    0                    0                    0                    0                    0                    0                    0
  "DRIFT_63"                            156              "drift"            46.110806          5.058013093         -1.644680575          12.64862932          4.570476579          1.232840702          1.244397845                    0                    0                    0                    0         -2.752168735        -0.8170293604                    0                    0                    0                    0                    0                    0                    0                    0                    0                    0                    0                    0                    0                    0                    0                    0
  "BR3.DHZ5L4"                          157            "hkicker"            46.110806          5.058013093         -1.644680575          12.64862932          4.570476579          1.232840702          1.244397845                    0                    0                    0                    0         -2.752168735        -0.8170293604                    0                    0                    0                    0                    0                    0                    0                    0                    0                    0                    0                    0                    0                    0                    0                    0
  "BR3.DVT5L4"                          158            "vkicker"            46.110806          5.058013093         -1.644680575          12.64862932          4.570476579          1.232840702          1.244397845                    0                    0                    0                    0         -2.752168735        -0.8170293604                    0                    0                    0                    0                    0                    0                    0                    0                    0                    0                    0                    0                    0                    0                    0                    0
  "DRIFT_64"                            159              "drift"            46.599012          6.838485766         -2.002289501           8.59843247          3.725605098          1.246067457           1.25185118                    0                    0                    0                    0          -3.15104737        -0.8170293604                    0                    0                    0                    0                    0                    0                    0                    0                    0                    0                    0                    0                    0                    0                    0                    0
  "BR.QFO52"                            160         "quadrupole"            47.102582          7.601616933         0.5814272988          6.523230936         0.6463030459          1.256852245          1.262894262                    0                    0                    0                    0          -3.26304446         0.3790924354                    0                    0                    0                    0                    0                    0         0.3672018884                    0                    0                    0                    0                    0                    0                    0                    0                    0
  "DRIFT_65"                            161              "drift"            47.469799          7.198333332         0.5167887436          6.077870878         0.5664949958          1.264756346          1.272181409                    0                    0                    0                    0         -3.123835274         0.3790924354                    0                    0                    0                    0                    0                    0                    0                    0                    0                    0                    0                    0                    0                    0                    0                    0
  "BR.STSCRAP52"                        162         "collimator"            47.469799          7.198333332         0.5167887436          6.077870878         0.5664949958          1.264756346          1.272181409                    0                    0                    0                    0         -3.123835274         0.3790924354                    0                    0                    0                    0                    0                    0                    0                    0                    0                    0                    0                    0                    0                    0                    0                    0
  "DRIFT_66"                            163              "drift"            47.469804          7.198328165         0.5167878635          6.077865213         0.5664939091          1.264756456           1.27218154                    0                    0                    0                    0         -3.123833378         0.3790924354                    0                    0                    0                    0                    0                    0                    0                    0                    0                    0                    0                    0                    0                    0                    0                    0
  "BR.BHZ52"                            164              "sbend"              49.0875          5.991791429         0.2338626778          4.625041772         0.3149872025          1.304108095           1.32152899                    0                    0                    0                    0         -2.819091879      9.928695288e-05                    0                    0                    0                    0                    0                    0                    0                    0                    0                    0                    0                    0                    0                    0                    0                    0
  "DRIFT_67"                            165              "drift"              49.4575          5.842830566         0.1687342513          4.424487769         0.2270506417          1.314067085          1.334561197                    0                    0                    0                    0         -2.819055143      9.928695288e-05                    0                    0                    0                    0                    0                    0                    0                    0                    0                    0                    0                    0                    0                    0                    0                    0
  "BR3.ONO6L1"                          166          "multipole"              49.4575          5.842830566         0.1687342513          4.424487769         0.2270506417          1.314067085          1.334561197                    0                    0                    0                    0         -2.819055143      9.928695288e-05                    0                    0                    0                    0                    0                    0                    0                    0                    0                    0                    0                    0                    0                    0                    0                    0
  "BR3.OSK6L1"                          167          "multipole"              49.4575          5.842830566         0.1687342513          4.424487769         0.2270506417          1.314067085          1.334561197                    0                    0                    0                    0         -2.819055143      9.928695288e-05                    0                    0                    0                    0                    0                    0                    0                    0                    0                    0                    0                    0                    0                    0                    0                    0
  "BR3.XNO6L1"                          168          "multipole"              49.4575          5.842830566         0.1687342513          4.424487769         0.2270506417          1.314067085          1.334561197                    0                    0                    0                    0         -2.819055143      9.928695288e-05                    0                    0                    0                    0                    0                    0                    0                    0                    0                    0                    0                    0                    0                    0                    0                    0
  "BR3.XSK6L1"                          169          "multipole"              49.4575          5.842830566         0.1687342513          4.424487769         0.2270506417          1.314067085          1.334561197                    0                    0                    0                    0         -2.819055143      9.928695288e-05                    0                    0                    0                    0                    0                    0                    0                    0                    0                    0                    0                    0                    0                    0                    0                    0
  "DRIFT_68"                            170              "drift"           51.7415015          5.990303469        -0.2333020299          4.627145136        -0.3157797279          1.377150049          1.418775715                    0                    0                    0                    0         -2.818828371      9.928695288e-05                    0                    0                    0                    0                    0                    0                    0                    0                    0                    0                    0                    0                    0                    0                    0                    0
  "BR.BHZ61"                            171              "sbend"           53.3591975          7.195037921        -0.5162272155          6.082408268        -0.5671816341          1.416515862          1.468092533                    0                    0                    0                    0         -3.123250698        -0.3788938615                    0                    0                    0                    0                    0                    0                    0                    0                    0                    0                    0                    0                    0                    0                    0                    0
  "DRIFT_69"                            172              "drift"              53.3592          7.195040502        -0.5162276556          6.082411104        -0.5671821773          1.416515918          1.468092599                    0                    0                    0                    0         -3.123251646        -0.3788938615                    0                    0                    0                    0                    0                    0                    0                    0                    0                    0                    0                    0                    0                    0                    0                    0
  "BR.STSCRAP61"                        173         "collimator"              53.3592          7.195040502        -0.5162276556          6.082411104        -0.5671821773          1.416515918          1.468092599                    0                    0                    0                    0         -3.123251646        -0.3788938615                    0                    0                    0                    0                    0                    0                    0                    0                    0                    0                    0                    0                    0                    0                    0                    0
  "DRIFT_70"                            174              "drift"            53.725512          7.596860797        -0.5807069102          6.527100396        -0.6467810335          1.424404799           1.47735062                    0                    0                    0                    0         -3.262045014        -0.3788938615                    0                    0                    0                    0                    0                    0                    0                    0                    0                    0                    0                    0                    0                    0                    0                    0
  "BR.QFO61"                            175         "quadrupole"            54.229082          6.833916864          2.001220503          8.603596415         -3.727854253          1.435196578          1.488387105                    0                    0                    0                    0         -3.150041971         0.8168540637                    0                    0                    0                    0                    0                    0         0.3672018884                    0                    0                    0                    0                    0                    0                    0                    0                    0
  "DRIFT_71"                            176              "drift"            54.555311          5.606146154          1.762303617          11.22013741         -4.292711051          1.443588799          1.493672573                    0                    0                    0                    0         -2.883560487         0.8168540637                    0                    0                    0                    0                    0                    0                    0                    0                    0                    0                    0                    0                    0                    0                    0                    0
  "BR3.BPM6L3"                          177            "monitor"            54.555311          5.606146154          1.762303617          11.22013741         -4.292711051          1.443588799          1.493672573                    0                    0                    0                    0         -2.883560487         0.8168540637                    0                    0                    0                    0                    0                    0                    0                    0                    0                    0                    0                    0                    0                    0                    0                    0
  "BR3.ONOH0.6L3"                       178          "multipole"            54.555311          5.606146154          1.762303617          11.22013741         -4.292711051          1.443588799          1.493672573                    0                    0                    0                    0         -2.883560487         0.8168540637                    0                    0                    0                    0                    0                    0                    0                    0                    0                    0                    0                    0                    0                    0                    0                    0
  "BR3.QSK6L3"                          179          "multipole"            54.555311          5.606146154          1.762303617          11.22013741         -4.292711051          1.443588799          1.493672573                    0                    0                    0                    0         -2.883560487         0.8168540637                    0                    0                    0                    0                    0                    0                    0                    0                    0                    0                    0                    0                    0                    0                    0                    0
  "BR3.XNOH0.6L3"                       180          "multipole"            54.555311          5.606146154          1.762303617          11.22013741         -4.292711051          1.443588799          1.493672573                    0                    0                    0                    0         -2.883560487         0.8168540637                    0                    0                    0                    0                    0                    0                    0                    0                    0                    0                    0                    0                    0                    0                    0                    0
  "DRIFT_72"                            181              "drift"            54.882827          4.530338693          1.522444184             14.21773         -4.859796254          1.453939298          1.497800073                    0                    0                    0                    0         -2.616027711         0.8168540637                    0                    0                    0                    0                    0                    0                    0                    0                    0                    0                    0                    0                    0                    0                    0                    0
  "BR.QDE6"                             182         "quadrupole"            55.761767          4.530522127         -1.522691429          14.21895225          4.858683001          1.488124236          1.506727161                    0                    0                    0                    0         -2.616101301        -0.8170294641                    0                    0                    0                    0                    0                    0        -0.6542018271                    0                    0                    0                    0                    0                    0                    0                    0                    0
  "DRIFT_73"                            183              "drift"            56.089311          5.606604892         -1.762616088          11.22175095          4.291847293          1.498474987           1.51085454                    0                    0                    0                    0           -2.8837144        -0.8170294641                    0                    0                    0                    0                    0                    0                    0                    0                    0                    0                    0                    0                    0                    0                    0                    0
  "BR3.DHZ6L4"                          184            "hkicker"            56.089311          5.606604892         -1.762616088          11.22175095          4.291847293          1.498474987           1.51085454                    0                    0                    0                    0           -2.8837144        -0.8170294641                    0                    0                    0                    0                    0                    0                    0                    0                    0                    0                    0                    0                    0                    0                    0                    0
  "BR3.DVT6L4"                          185            "vkicker"            56.089311          5.606604892         -1.762616088          11.22175095          4.291847293          1.498474987           1.51085454                    0                    0                    0                    0           -2.8837144        -0.8170294641                    0                    0                    0                    0                    0                    0                    0                    0                    0                    0                    0                    0                    0                    0                    0                    0
  "BR3.OSK6L4"                          186          "multipole"            56.089311          5.606604892         -1.762616088          11.22175095          4.291847293          1.498474987           1.51085454                    0                    0                    0                    0           -2.8837144        -0.8170294641                    0                    0                    0                    0                    0                    0                    0                    0                    0                    0                    0                    0                    0                    0                    0                    0
  "BR3.XSK6L4"                          187          "multipole"            56.089311          5.606604892         -1.762616088          11.22175095          4.291847293          1.498474987           1.51085454                    0                    0                    0                    0           -2.8837144        -0.8170294641                    0                    0                    0                    0                    0                    0                    0                    0                    0                    0                    0                    0                    0                    0                    0                    0
  "DRIFT_74"                            188              "drift"            56.416512          6.838485766         -2.002289501          8.598432491          3.725605168          1.506889076          1.516156973                    0                    0                    0                    0         -3.151047258        -0.8170294641                    0                    0                    0                    0                    0                    0                    0                    0                    0                    0                    0                    0                    0                    0                    0                    0
  "BR.QFO62"                            189         "quadrupole"            56.920082          7.601616933         0.5814272988          6.523230897         0.6463031031          1.517673864          1.527200055                    0                    0                    0                    0         -3.263044409         0.3790923011                    0                    0                    0                    0                    0                    0         0.3672018884                    0                    0                    0                    0                    0                    0                    0                    0                    0
  "DRIFT_75"                            190              "drift"              57.2873          7.198332299         0.5167885676          6.077869665          0.566494831          1.525577987          1.536487228                    0                    0                    0                    0         -3.123834892         0.3790923011                    0                    0                    0                    0                    0                    0                    0                    0                    0                    0                    0                    0                    0                    0                    0                    0
  "BR.STSCRAP62"                        191         "collimator"              57.2873          7.198332299         0.5167885676          6.077869665          0.566494831          1.525577987          1.536487228                    0                    0                    0                    0         -3.123834892         0.3790923011                    0                    0                    0                    0                    0                    0                    0                    0                    0                    0                    0                    0                    0                    0                    0                    0
  "DRIFT_76"                            192              "drift"           57.2873045          7.198327648         0.5167877755          6.077864566          0.566493853          1.525578086          1.536487346                    0                    0                    0                    0         -3.123833186         0.3790923011                    0                    0                    0                    0                    0                    0                    0                    0                    0                    0                    0                    0                    0                    0                    0                    0
  "BR.BHZ62"                            193              "sbend"           58.9050005          5.991791196         0.2338625898          4.625041361          0.314987116          1.564929727          1.585834802                    0                    0                    0                    0         -2.819091903       9.91525909e-05                    0                    0                    0                    0                    0                    0                    0                    0                    0                    0                    0                    0                    0                    0                    0                    0
  "DRIFT_77"                            194              "drift"            59.156261          5.885382975         0.1896350195          4.481758036         0.2552709401          1.571665824           1.59462266                    0                    0                    0                    0          -2.81906699       9.91525909e-05                    0                    0                    0                    0                    0                    0                    0                    0                    0                    0                    0                    0                    0                    0                    0                    0
  "BR3.ACWF7L1.1"                       195           "rfcavity"            60.099261          5.684259404        0.02364554306          4.211661643         0.0311515344          1.597730394          1.629444472                    0                    0                    0                    0         -2.818973489       9.91525909e-05                    0                    0                    0                    0                    0                    0                    0                    0                    0                    0                    0                    0                    0                    0                    0                    0
  "DRIFT_78"                            196              "drift"            60.210761          5.681174807       0.004019003692          4.207669579        0.00465173193          1.600853357          1.633660449                    0                    0                    0                    0         -2.818962433       9.91525909e-05                    0                    0                    0                    0                    0                    0                    0                    0                    0                    0                    0                    0                    0                    0                    0                    0
  "BR3.ACWF7L1.2"                       197           "rfcavity"            61.153761          5.830123042        -0.1619704727          4.410241012        -0.2194676737          1.627049455          1.668785021                    0                    0                    0                    0         -2.818868932       9.91525909e-05                    0                    0                    0                    0                    0                    0                    0                    0                    0                    0                    0                    0                    0                    0                    0                    0
  "DRIFT_79"                            198              "drift"           61.5590015          5.990303469        -0.2333020299          4.627144933        -0.3157797204          1.637971668          1.683081513                    0                    0                    0                    0         -2.818828752       9.91525909e-05                    0                    0                    0                    0                    0                    0                    0                    0                    0                    0                    0                    0                    0                    0                    0                    0
  "BR.BHZ71"                            199              "sbend"           63.1766975          7.195037921        -0.5162272155          6.082408074        -0.5671816464          1.677337481          1.732398333                    0                    0                    0                    0         -3.123251295        -0.3788939959                    0                    0                    0                    0                    0                    0                    0                    0                    0                    0                    0                    0                    0                    0                    0                    0
  "DRIFT_80"                            200              "drift"              63.1767          7.195040502        -0.5162276556           6.08241091        -0.5671821897          1.677337537          1.732398398                    0                    0                    0                    0         -3.123252242        -0.3788939959                    0                    0                    0                    0                    0                    0                    0                    0                    0                    0                    0                    0                    0                    0                    0                    0
  "BR.STSCRAP71"                        201         "collimator"              63.1767          7.195040502        -0.5162276556           6.08241091        -0.5671821897          1.677337537          1.732398398                    0                    0                    0                    0         -3.123252242        -0.3788939959                    0                    0                    0                    0                    0                    0                    0                    0                    0                    0                    0                    0                    0                    0                    0                    0
  "DRIFT_81"                            202              "drift"            63.543012          7.596860797        -0.5807069102          6.527100212        -0.6467810492          1.685226418           1.74165642                    0                    0                    0                    0         -3.262045659        -0.3788939959                    0                    0                    0                    0                    0                    0                    0                    0                    0                    0                    0                    0                    0                    0                    0                    0
  "BR.QFO71"                            203         "quadrupole"            64.046582          6.833916864          2.001220503          8.603596215         -3.727854204          1.696018197          1.752692905                    0                    0                    0                    0         -3.150042623         0.8168541714                    0                    0                    0                    0                    0                    0         0.3672018884                    0                    0                    0                    0                    0                    0                    0                    0                    0
  "DRIFT_82"                            204              "drift"            64.372816          5.606128531          1.762299955          11.22018011         -4.292719658           1.70441056          1.757978444                    0                    0                    0                    0          -2.88355702         0.8168541714                    0                    0                    0                    0                    0                    0                    0                    0                    0                    0                    0                    0                    0                    0                    0                    0
  "BR3.BPM7L3"                          205            "monitor"            64.372816          5.606128531          1.762299955          11.22018011         -4.292719658           1.70441056          1.757978444                    0                    0                    0                    0          -2.88355702         0.8168541714                    0                    0                    0                    0                    0                    0                    0                    0                    0                    0                    0                    0                    0                    0                    0                    0
  "BR3.ONOH0.7L3"                       206          "multipole"            64.372816          5.606128531          1.762299955          11.22018011         -4.292719658           1.70441056          1.757978444                    0                    0                    0                    0          -2.88355702         0.8168541714                    0                    0                    0                    0                    0                    0                    0                    0                    0                    0                    0                    0                    0                    0                    0                    0
  "BR3.QSKH0.7L3"                       207          "multipole"            64.372816          5.606128531          1.762299955          11.22018011         -4.292719658           1.70441056          1.757978444                    0                    0                    0                    0          -2.88355702         0.8168541714                    0                    0                    0                    0                    0                    0                    0                    0                    0                    0                    0                    0                    0                    0                    0                    0
  "BR3.XNOH0.7L3"                       208          "multipole"            64.372816          5.606128531          1.762299955          11.22018011         -4.292719658           1.70441056          1.757978444                    0                    0                    0                    0          -2.88355702         0.8168541714                    0                    0                    0                    0                    0                    0                    0                    0                    0                    0                    0                    0                    0                    0                    0                    0
  "DRIFT_83"                            209              "drift"            64.700327          4.530338693          1.522444184          14.21772973         -4.859796204          1.714760917          1.762105873                    0                    0                    0                    0         -2.616028293         0.8168541714                    0                    0                    0                    0                    0                    0                    0                    0                    0                    0                    0                    0                    0                    0                    0                    0
  "BR.QDE7"                             210         "quadrupole"            65.579267          4.530522127         -1.522691429          14.21895205          4.858682891          1.748945854          1.771032962                    0                    0                    0                    0         -2.616101955        -0.8170297422                    0                    0                    0                    0                    0                    0        -0.6542018271                    0                    0                    0                    0                    0                    0                    0                    0                    0
  "DRIFT_84"                            211              "drift"            65.906816          5.606622518          -1.76261975           11.2217079          4.291838547          1.759296748          1.775160411                    0                    0                    0                    0          -2.88371923        -0.8170297422                    0                    0                    0                    0                    0                    0                    0                    0                    0                    0                    0                    0                    0                    0                    0                    0
  "BR3.DSHAH7L4"                        212            "hkicker"            65.906816          5.606622518          -1.76261975           11.2217079          4.291838547          1.759296748          1.775160411                    0                    0                    0                    0          -2.88371923        -0.8170297422                    0                    0                    0                    0                    0                    0                    0                    0                    0                    0                    0                    0                    0                    0                    0                    0
  "BR3.DSHAV7L4"                        213            "vkicker"            65.906816          5.606622518          -1.76261975           11.2217079          4.291838547          1.759296748          1.775160411                    0                    0                    0                    0          -2.88371923        -0.8170297422                    0                    0                    0                    0                    0                    0                    0                    0                    0                    0                    0                    0                    0                    0                    0                    0
  "DRIFT_85"                            214              "drift"            66.234012          6.838485766         -2.002289501          8.598432413          3.725605092          1.767710695          1.780462773                    0                    0                    0                    0         -3.151048093        -0.8170297422                    0                    0                    0                    0                    0                    0                    0                    0                    0                    0                    0                    0                    0                    0                    0                    0
  "BR.QFO72"                            215         "quadrupole"            66.737582          7.601616933         0.5814272988          6.523230877         0.6463030572          1.778495483          1.791505856                    0                    0                    0                    0         -3.263045304         0.3790923457                    0                    0                    0                    0                    0                    0         0.3672018884                    0                    0                    0                    0                    0                    0                    0                    0                    0
  "DRIFT_86"                            216              "drift"              67.1048          7.198332299         0.5167885676          6.077869678         0.5664947881          1.786399606          1.800793028                    0                    0                    0                    0         -3.123835771         0.3790923457                    0                    0                    0                    0                    0                    0                    0                    0                    0                    0                    0                    0                    0                    0                    0                    0
  "BR.STSCRAP72"                        217         "collimator"              67.1048          7.198332299         0.5167885676          6.077869678         0.5664947881          1.786399606          1.800793028                    0                    0                    0                    0         -3.123835771         0.3790923457                    0                    0                    0                    0                    0                    0                    0                    0                    0                    0                    0                    0                    0                    0                    0                    0
  "DRIFT_87"                            218              "drift"           67.1048045          7.198327648         0.5167877755           6.07786458         0.5664938102          1.786399705          1.800793146                    0                    0                    0                    0         -3.123834065         0.3790923457                    0                    0                    0                    0                    0                    0                    0                    0                    0                    0                    0                    0                    0                    0                    0                    0
  "BR.BHZ72"                            219              "sbend"           68.7225005          5.991791196         0.2338625898          4.625041487         0.3149870901          1.825751346          1.850140601                    0                    0                    0                    0          -2.81909271       9.91972858e-05                    0                    0                    0                    0                    0                    0                    0                    0                    0                    0                    0                    0                    0                    0                    0                    0
  "DRIFT_88"                            220              "drift"             69.08625           5.84494662         0.1698343936          4.427335212         0.2285360633          1.835540108          1.862948042                    0                    0                    0                    0         -2.819056627       9.91972858e-05                    0                    0                    0                    0                    0                    0                    0                    0                    0                    0                    0                    0                    0                    0                    0                    0
  "BR3.ONO8L1"                          221          "multipole"             69.08625           5.84494662         0.1698343936          4.427335212         0.2285360633          1.835540108          1.862948042                    0                    0                    0                    0         -2.819056627       9.91972858e-05                    0                    0                    0                    0                    0                    0                    0                    0                    0                    0                    0                    0                    0                    0                    0                    0
  "BR3.QNO8L1"                          222          "multipole"             69.08625           5.84494662         0.1698343936          4.427335212         0.2285360633          1.835540108          1.862948042                    0                    0                    0                    0         -2.819056627       9.91972858e-05                    0                    0                    0                    0                    0                    0                    0                    0                    0                    0                    0                    0                    0                    0                    0                    0
  "BR3.XNO8L1"                          223          "multipole"             69.08625           5.84494662         0.1698343936          4.427335212         0.2285360633          1.835540108          1.862948042                    0                    0                    0                    0         -2.819056627       9.91972858e-05                    0                    0                    0                    0                    0                    0                    0                    0                    0                    0                    0                    0                    0                    0                    0                    0
  "DRIFT_89"                            224              "drift"             69.59625          5.717499062        0.08006277856          4.256045453         0.1073262095          1.849599352          1.881690226                    0                    0                    0                    0         -2.819006036       9.91972858e-05                    0                    0                    0                    0                    0                    0                    0                    0                    0                    0                    0                    0                    0                    0                    0                    0
  "BR3.DHZ8L1"                          225            "hkicker"             69.59625          5.717499062        0.08006277856          4.256045453         0.1073262095          1.849599352          1.881690226                    0                    0                    0                    0         -2.819006036       9.91972858e-05                    0                    0                    0                    0                    0                    0                    0                    0                    0                    0                    0                    0                    0                    0                    0                    0
  "BR3.DVT8L1"                          226            "vkicker"             69.59625          5.717499062        0.08006277856          4.256045453         0.1073262095          1.849599352          1.881690226                    0                    0                    0                    0         -2.819006036       9.91972858e-05                    0                    0                    0                    0                    0                    0                    0                    0                    0                    0                    0                    0                    0                    0                    0                    0
  "DRIFT_90"                            227              "drift"             69.94025          5.683245701        0.01951094411           4.21032951        0.02556897488          1.859209747          1.894638044                    0                    0                    0                    0         -2.818971913       9.91972858e-05                    0                    0                    0                    0                    0                    0                    0                    0                    0                    0                    0                    0                    0                    0                    0                    0
  "BR3.BCTI8L1"                         228            "monitor"             70.46955          5.711905691       -0.07365791048          4.249846447          -0.10022784          1.874016505          1.914605247                    0                    0                    0                    0         -2.818919407       9.91972858e-05                    0                    0                    0                    0                    0                    0                    0                    0                    0                    0                    0                    0                    0                    0                    0                    0
  "DRIFT_91"                            229              "drift"            70.565273          5.727620081       -0.09050733853          4.271212378        -0.1229779788          1.876680166          1.918181356                    0                    0                    0                    0         -2.818909912       9.91972858e-05                    0                    0                    0                    0                    0                    0                    0                    0                    0                    0                    0                    0                    0                    0                    0                    0
  "BR3.BCW8L1"                          230            "monitor"            70.905773          5.809663703        -0.1504430933          4.382515481        -0.2039033812          1.886080152          1.930719962                    0                    0                    0                    0         -2.818876135       9.91972858e-05                    0                    0                    0                    0                    0                    0                    0                    0                    0                    0                    0                    0                    0                    0                    0                    0
  "DRIFT_92"                            231              "drift"            71.041223          5.853648174        -0.1742853781          4.442113301        -0.2360952923          1.889777151          1.935606608                    0                    0                    0                    0         -2.818862699       9.91972858e-05                    0                    0                    0                    0                    0                    0                    0                    0                    0                    0                    0                    0                    0                    0                    0                    0
  "BR3.VVS8L1"                          232             "marker"            71.041223          5.853648174        -0.1742853781          4.442113301        -0.2360952923          1.889777151          1.935606608                    0                    0                    0                    0         -2.818862699       9.91972858e-05                    0                    0                    0                    0                    0                    0                    0                    0                    0                    0                    0                    0                    0                    0                    0                    0
  "DRIFT_93"                            233              "drift"            71.188223          5.908691752        -0.2001607259           4.51666105        -0.2710322502          1.893755691          1.940830713                    0                    0                    0                    0         -2.818848117       9.91972858e-05                    0                    0                    0                    0                    0                    0                    0                    0                    0                    0                    0                    0                    0                    0                    0                    0
  "BR3.BPP8L1"                          234            "monitor"            71.188223          5.908691752        -0.2001607259           4.51666105        -0.2710322502          1.893755691          1.940830713                    0                    0                    0                    0         -2.818848117       9.91972858e-05                    0                    0                    0                    0                    0                    0                    0                    0                    0                    0                    0                    0                    0                    0                    0                    0
  "DRIFT_94"                            235              "drift"            71.376501          5.990303236        -0.2333019419          4.627144811        -0.3157796008          1.898793274          1.947387291                    0                    0                    0                    0          -2.81882944       9.91972858e-05                    0                    0                    0                    0                    0                    0                    0                    0                    0                    0                    0                    0                    0                    0                    0                    0
  "BR.BHZ81"                            236              "sbend"            72.994197          7.195037405        -0.5162271275          6.082407551        -0.5671815223          1.938159089          1.996704114                    0                    0                    0                    0         -3.123251912        -0.3788939512                    0                    0                    0                    0                    0                    0                    0                    0                    0                    0                    0                    0                    0                    0                    0                    0
  "DRIFT_95"                            237              "drift"           72.9941995          7.195039986        -0.5162275676          6.082410386        -0.5671820656          1.938159144           1.99670418                    0                    0                    0                    0         -3.123252859        -0.3788939512                    0                    0                    0                    0                    0                    0                    0                    0                    0                    0                    0                    0                    0                    0                    0                    0
  "BR.STSCRAP81"                        238         "collimator"           72.9941995          7.195039986        -0.5162275676          6.082410386        -0.5671820656          1.938159144           1.99670418                    0                    0                    0                    0         -3.123252859        -0.3788939512                    0                    0                    0                    0                    0                    0                    0                    0                    0                    0                    0                    0                    0                    0                    0                    0
  "DRIFT_96"                            239              "drift"            73.360512          7.596860797        -0.5807069102          6.527100244        -0.6467810322          1.946048037          2.005962215                    0                    0                    0                    0         -3.262046449        -0.3788939512                    0                    0                    0                    0                    0                    0                    0                    0                    0                    0                    0                    0                    0                    0                    0                    0
  "BR.QFO81"                            240         "quadrupole"            73.864082          6.833916864          2.001220503          8.603596232         -3.727854191          1.956839816          2.016998699                    0                    0                    0                    0          -3.15004332         0.8168544932                    0                    0                    0                    0                    0                    0         0.3672018884                    0                    0                    0                    0                    0                    0                    0                    0                    0
  "DRIFT_97"                            241              "drift"            74.190321          5.606110908          1.762296293          11.22022304         -4.292728298          1.965232321          2.022284309                    0                    0                    0                    0         -2.883553527         0.8168544932                    0                    0                    0                    0                    0                    0                    0                    0                    0                    0                    0                    0                    0                    0                    0                    0
  "BR3.BPM8L3"                          242            "monitor"            74.190321          5.606110908          1.762296293          11.22022304         -4.292728298          1.965232321          2.022284309                    0                    0                    0                    0         -2.883553527         0.8168544932                    0                    0                    0                    0                    0                    0                    0                    0                    0                    0                    0                    0                    0                    0                    0                    0
  "BR3.ONOH0.8L3"                       243          "multipole"            74.190321          5.606110908          1.762296293          11.22022304         -4.292728298          1.965232321          2.022284309                    0                    0                    0                    0         -2.883553527         0.8168544932                    0                    0                    0                    0                    0                    0                    0                    0                    0                    0                    0                    0                    0                    0                    0                    0
  "BR3.QNO8L3"                          244          "multipole"            74.190321          5.606110908          1.762296293          11.22022304         -4.292728298          1.965232321          2.022284309                    0                    0                    0                    0         -2.883553527         0.8168544932                    0                    0                    0                    0                    0                    0                    0                    0                    0                    0                    0                    0                    0                    0                    0                    0
  "BR3.XNOH0.8L3"                       245          "multipole"            74.190321          5.606110908          1.762296293          11.22022304         -4.292728298          1.965232321          2.022284309                    0                    0                    0                    0         -2.883553527         0.8168544932                    0                    0                    0                    0                    0                    0                    0                    0                    0                    0                    0                    0                    0                    0                    0                    0
  "DRIFT_98"                            246              "drift"            74.517827          4.530338693          1.522444184          14.21772972         -4.859796181          1.975582536          2.026411668                    0                    0                    0                    0         -2.616028779         0.8168544932                    0                    0                    0                    0                    0                    0                    0                    0                    0                    0                    0                    0                    0                    0                    0                    0
  "BR.QDE8"                             247         "quadrupole"            75.396767          4.530522127         -1.522691429          14.21895201          4.858682898          2.009767473          2.035338756                    0                    0                    0                    0         -2.616102276        -0.8170296725                    0                    0                    0                    0                    0                    0        -0.6542018271                    0                    0                    0                    0                    0                    0                    0                    0                    0
  "DRIFT_99"                            248              "drift"            75.693797          5.499717988         -1.740264706          11.48528496          4.344653618          2.019243641          2.039038357                    0                    0                    0                    0           -2.8587846        -0.8170296725                    0                    0                    0                    0                    0                    0                    0                    0                    0                    0                    0                    0                    0                    0                    0                    0
  "BR3.TSAA8L4"                         249         "collimator"            75.693797          5.499717988         -1.740264706          11.48528496          4.344653618          2.019243641          2.039038357                    0                    0                    0                    0           -2.8587846        -0.8170296725                    0                    0                    0                    0                    0                    0                    0                    0                    0                    0                    0                    0                    0                    0                    0                    0
  "DRIFT_100"                           250              "drift"            75.865797          6.120039207         -1.866254012          10.04192111          4.046996695          2.023962803          2.041587463                    0                    0                    0                    0         -2.999313704        -0.8170296725                    0                    0                    0                    0                    0                    0                    0                    0                    0                    0                    0                    0                    0                    0                    0                    0
  "BR3.TSAB8L4"                         251         "collimator"            75.865797          6.120039207         -1.866254012          10.04192111          4.046996695          2.023962803          2.041587463                    0                    0                    0                    0         -2.999313704        -0.8170296725                    0                    0                    0                    0                    0                    0                    0                    0                    0                    0                    0                    0                    0                    0                    0                    0
  "DRIFT_101"                           252              "drift"            76.051512          6.838485766         -2.002289501          8.598432369          3.725605092          2.028532314          2.044768568                    0                    0                    0                    0         -3.151048369        -0.8170296725                    0                    0                    0                    0                    0                    0                    0                    0                    0                    0                    0                    0                    0                    0                    0                    0
  "BR.QFO82"                            253         "quadrupole"            76.555082          7.601616933         0.5814272988          6.523230826         0.6463030713          2.039317102           2.05581165                    0                    0                    0                    0         -3.263045521         0.3790925073                    0                    0                    0                    0                    0                    0         0.3672018884                    0                    0                    0                    0                    0                    0                    0                    0                    0
  "DRIFT_102"                           254              "drift"              76.9223          7.198332299         0.5167885676          6.077869617         0.5664948006          2.047221225          2.065098823                    0                    0                    0                    0         -3.123835928         0.3790925073                    0                    0                    0                    0                    0                    0                    0                    0                    0                    0                    0                    0                    0                    0                    0                    0
  "BR.STSCRAP82"                        255         "collimator"              76.9223          7.198332299         0.5167885676          6.077869617         0.5664948006          2.047221225          2.065098823                    0                    0                    0                    0         -3.123835928         0.3790925073                    0                    0                    0                    0                    0                    0                    0                    0                    0                    0                    0                    0                    0                    0                    0                    0
  "DRIFT_103"                           256              "drift"           76.9223045          7.198327648         0.5167877755          6.077864519         0.5664938226          2.047221324          2.065098941                    0                    0                    0                    0         -3.123834222         0.3790925073                    0                    0                    0                    0                    0                    0                    0                    0                    0                    0                    0                    0                    0                    0                    0                    0
  "BR.BHZ82"                            257              "sbend"           78.5400005          5.991791196         0.2338625898          4.625041401         0.3149870931          2.086572965          2.114446397                    0                    0                    0                    0         -2.819092608      9.935885311e-05                    0                    0                    0                    0                    0                    0                    0                    0                    0                    0                    0                    0                    0                    0                    0                    0
  "DRIFT_104"                           258              "drift"               78.924          5.838140507         0.1662699324          4.418176871         0.2237233202          2.096913447          2.127982546                    0                    0                    0                    0         -2.819054454      9.935885311e-05                    0                    0                    0                    0                    0                    0                    0                    0                    0                    0                    0                    0                    0                    0                    0                    0
  "BR3.DHZ9L1"                          259            "hkicker"               78.924          5.838140507         0.1662699324          4.418176871         0.2237233202          2.096913447          2.127982546                    0                    0                    0                    0         -2.819054454      9.935885311e-05                    0                    0                    0                    0                    0                    0                    0                    0                    0                    0                    0                    0                    0                    0                    0                    0
  "BR3.DVT9L1"                          260            "vkicker"               78.924          5.838140507         0.1662699324          4.418176871         0.2237233202          2.096913447          2.127982546                    0                    0                    0                    0         -2.819054454      9.935885311e-05                    0                    0                    0                    0                    0                    0                    0                    0                    0                    0                    0                    0                    0                    0                    0                    0
  "DRIFT_105"                           261              "drift"              79.4089          5.718279811        0.08091648902           4.25709202         0.1084788903          2.110285973          2.145814679                    0                    0                    0                    0         -2.819006275      9.935885311e-05                    0                    0                    0                    0                    0                    0                    0                    0                    0                    0                    0                    0                    0                    0                    0                    0
  "BR3.BCTDC9L1"                        262            "monitor"              79.7289          5.684517991        0.02458920115          4.212002568        0.03242564716          2.119223531          2.157853487                    0                    0                    0                    0          -2.81897448      9.935885311e-05                    0                    0                    0                    0                    0                    0                    0                    0                    0                    0                    0                    0                    0                    0                    0                    0
  "DRIFT_106"                           263              "drift"               80.634          5.784205533        -0.1347290121          4.348003392        -0.1826861976          2.144450676          2.191770663                    0                    0                    0                    0          -2.81888455      9.935885311e-05                    0                    0                    0                    0                    0                    0                    0                    0                    0                    0                    0                    0                    0                    0                    0                    0
  "BR3.ONO9L1"                          264          "multipole"               80.634          5.784205533        -0.1347290121          4.348003392        -0.1826861976          2.144450676          2.191770663                    0                    0                    0                    0          -2.81888455      9.935885311e-05                    0                    0                    0                    0                    0                    0                    0                    0                    0                    0                    0                    0                    0                    0                    0                    0
  "BR3.OSK9L1"                          265          "multipole"               80.634          5.784205533        -0.1347290121          4.348003392        -0.1826861976          2.144450676          2.191770663                    0                    0                    0                    0          -2.81888455      9.935885311e-05                    0                    0                    0                    0                    0                    0                    0                    0                    0                    0                    0                    0                    0                    0                    0                    0
  "BR3.XNO9L1"                          266          "multipole"               80.634          5.784205533        -0.1347290121          4.348003392        -0.1826861976          2.144450676          2.191770663                    0                    0                    0                    0          -2.81888455      9.935885311e-05                    0                    0                    0                    0                    0                    0                    0                    0                    0                    0                    0                    0                    0                    0                    0                    0
  "BR3.XSK9L1"                          267          "multipole"               80.634          5.784205533        -0.1347290121          4.348003392        -0.1826861976          2.144450676          2.191770663                    0                    0                    0                    0          -2.81888455      9.935885311e-05                    0                    0                    0                    0                    0                    0                    0                    0                    0                    0                    0                    0                    0                    0                    0                    0
  "DRIFT_107"                           268              "drift"            81.194001          5.990303236        -0.2333019419          4.627144743        -0.3157796107          2.159614892          2.211693089                    0                    0                    0                    0         -2.818828909      9.935885311e-05                    0                    0                    0                    0                    0                    0                    0                    0                    0                    0                    0                    0                    0                    0                    0                    0
  "BR.BHZ91"                            269              "sbend"            82.811697          7.195037405        -0.5162271275          6.082407529        -0.5671815408          2.198980708          2.261009912                    0                    0                    0                    0         -3.123251121        -0.3788937896                    0                    0                    0                    0                    0                    0                    0                    0                    0                    0                    0                    0                    0                    0                    0                    0
  "DRIFT_108"                           270              "drift"           82.8116995          7.195039986        -0.5162275676          6.082410365         -0.567182084          2.198980763          2.261009977                    0                    0                    0                    0         -3.123252068        -0.3788937896                    0                    0                    0                    0                    0                    0                    0                    0                    0                    0                    0                    0                    0                    0                    0                    0
  "BR.STSCRAP91"                        271         "collimator"           82.8116995          7.195039986        -0.5162275676          6.082410365         -0.567182084          2.198980763          2.261009977                    0                    0                    0                    0         -3.123252068        -0.3788937896                    0                    0                    0                    0                    0                    0                    0                    0                    0                    0                    0                    0                    0                    0                    0                    0
  "DRIFT_109"                           272              "drift"            83.178012          7.596860797        -0.5807069102          6.527100236        -0.6467810522          2.206869656          2.270268013                    0                    0                    0                    0         -3.262045599        -0.3788937896                    0                    0                    0                    0                    0                    0                    0                    0                    0                    0                    0                    0                    0                    0                    0                    0
  "BR.QFO91"                            273         "quadrupole"            83.681582          6.833916864          2.001220503          8.603596247         -3.727854218          2.217661435          2.281304497                    0                    0                    0                    0         -3.150042468         0.8168543375                    0                    0                    0                    0                    0                    0         0.3672018884                    0                    0                    0                    0                    0                    0                    0                    0                    0
  "DRIFT_110"                           274              "drift"            84.007826          5.606093285          1.762292631            11.220266         -4.292736989          2.226054082          2.286590178                    0                    0                    0                    0         -2.883548642         0.8168543375                    0                    0                    0                    0                    0                    0                    0                    0                    0                    0                    0                    0                    0                    0                    0                    0
  "BR3.BPM9L3"                          275            "monitor"            84.007826          5.606093285          1.762292631            11.220266         -4.292736989          2.226054082          2.286590178                    0                    0                    0                    0         -2.883548642         0.8168543375                    0                    0                    0                    0                    0                    0                    0                    0                    0                    0                    0                    0                    0                    0                    0                    0
  "BR3.ONOH0.9L3"                       276          "multipole"            84.007826          5.606093285          1.762292631            11.220266         -4.292736989          2.226054082          2.286590178                    0                    0                    0                    0         -2.883548642         0.8168543375                    0                    0                    0                    0                    0                    0                    0                    0                    0                    0                    0                    0                    0                    0                    0                    0
  "BR3.QSKH0.9L3"                       277          "multipole"            84.007826          5.606093285          1.762292631            11.220266         -4.292736989          2.226054082          2.286590178                    0                    0                    0                    0         -2.883548642         0.8168543375                    0                    0                    0                    0                    0                    0                    0                    0                    0                    0                    0                    0                    0                    0                    0                    0
  "BR3.XNOH0.9L3"                       278          "multipole"            84.007826          5.606093285          1.762292631            11.220266         -4.292736989          2.226054082          2.286590178                    0                    0                    0                    0         -2.883548642         0.8168543375                    0                    0                    0                    0                    0                    0                    0                    0                    0                    0                    0                    0                    0                    0                    0                    0
  "DRIFT_111"                           279              "drift"            84.335327          4.530338693          1.522444184          14.21772978         -4.859796222          2.236404155          2.290717466                    0                    0                    0                    0         -2.616028029         0.8168543375                    0                    0                    0                    0                    0                    0                    0                    0                    0                    0                    0                    0                    0                    0                    0                    0
  "BR.QDE9"                             280         "quadrupole"            85.214267          4.530522127         -1.522691429           14.2189521          4.858682909          2.270589092          2.299644554                    0                    0                    0                    0         -2.616101451        -0.8170293364                    0                    0                    0                    0                    0                    0        -0.6542018271                    0                    0                    0                    0                    0                    0                    0                    0                    0
  "DRIFT_112"                           281              "drift"            85.541826          5.606657771         -1.762627075          11.22162211          4.291821257          2.280940269          2.303772146                    0                    0                    0                    0         -2.883726763        -0.8170293364                    0                    0                    0                    0                    0                    0                    0                    0                    0                    0                    0                    0                    0                    0                    0                    0
  "BR3.DSHAH9L4"                        282            "hkicker"            85.541826          5.606657771         -1.762627075          11.22162211          4.291821257          2.280940269          2.303772146                    0                    0                    0                    0         -2.883726763        -0.8170293364                    0                    0                    0                    0                    0                    0                    0                    0                    0                    0                    0                    0                    0                    0                    0                    0
  "BR3.DSHAV9L4"                        283            "vkicker"            85.541826          5.606657771         -1.762627075          11.22162211          4.291821257          2.280940269          2.303772146                    0                    0                    0                    0         -2.883726763        -0.8170293364                    0                    0                    0                    0                    0                    0                    0                    0                    0                    0                    0                    0                    0                    0                    0                    0
  "DRIFT_113"                           284              "drift"            85.869012          6.838485766         -2.002289501          8.598432444          3.725605106          2.289353933          2.309074365                    0                    0                    0                    0         -3.151047324        -0.8170293364                    0                    0                    0                    0                    0                    0                    0                    0                    0                    0                    0                    0                    0                    0                    0                    0
  "BR.QFO92"                            285         "quadrupole"            86.372582          7.601616933         0.5814272988          6.523230899          0.646303061          2.300138721          2.320117448                    0                    0                    0                    0         -3.263044406         0.3790924407                    0                    0                    0                    0                    0                    0         0.3672018884                    0                    0                    0                    0                    0                    0                    0                    0                    0
  "DRIFT_114"                           286              "drift"            86.739799          7.198333332         0.5167887436           6.07787083         0.5664950093          2.308042822          2.329404594                    0                    0                    0                    0         -3.123835218         0.3790924407                    0                    0                    0                    0                    0                    0                    0                    0                    0                    0                    0                    0                    0                    0                    0                    0
  "BR.STSCRAP92"                        287         "collimator"            86.739799          7.198333332         0.5167887436           6.07787083         0.5664950093          2.308042822          2.329404594                    0                    0                    0                    0         -3.123835218         0.3790924407                    0                    0                    0                    0                    0                    0                    0                    0                    0                    0                    0                    0                    0                    0                    0                    0
  "DRIFT_115"                           288              "drift"            86.739804          7.198328165         0.5167878635          6.077865165         0.5664939227          2.308042932          2.329404725                    0                    0                    0                    0         -3.123833322         0.3790924407                    0                    0                    0                    0                    0                    0                    0                    0                    0                    0                    0                    0                    0                    0                    0                    0
  "BR.BHZ92"                            289              "sbend"              88.3575          5.991791429         0.2338626778          4.625041694         0.3149872073          2.347394571          2.378752177                    0                    0                    0                    0         -2.819091814      9.929220384e-05                    0                    0                    0                    0                    0                    0                    0                    0                    0                    0                    0                    0                    0                    0                    0                    0
  "DRIFT_116"                           290              "drift"            91.011501          5.990303236        -0.2333019419          4.627144749        -0.3157796167          2.420436511          2.475998886                    0                    0                    0                    0         -2.818828293      9.929220384e-05                    0                    0                    0                    0                    0                    0                    0                    0                    0                    0                    0                    0                    0                    0                    0                    0
  "BR.BHZ101"                           291              "sbend"            92.629197          7.195037405        -0.5162271275          6.082407555        -0.5671815469          2.459802327          2.525315709                    0                    0                    0                    0         -3.123250612        -0.3788938563                    0                    0                    0                    0                    0                    0                    0                    0                    0                    0                    0                    0                    0                    0                    0                    0
  "DRIFT_117"                           292              "drift"           92.6291995          7.195039986        -0.5162275676          6.082410391        -0.5671820901          2.459802382          2.525315775                    0                    0                    0                    0         -3.123251559        -0.3788938563                    0                    0                    0                    0                    0                    0                    0                    0                    0                    0                    0                    0                    0                    0                    0                    0
  "BR.STSCRAP101"                       293         "collimator"           92.6291995          7.195039986        -0.5162275676          6.082410391        -0.5671820901          2.459802382          2.525315775                    0                    0                    0                    0         -3.123251559        -0.3788938563                    0                    0                    0                    0                    0                    0                    0                    0                    0                    0                    0                    0                    0                    0                    0                    0
  "DRIFT_118"                           294              "drift"            92.995512          7.596860797        -0.5807069102          6.527100267        -0.6467810583          2.467691275           2.53457381                    0                    0                    0                    0         -3.262045114        -0.3788938563                    0                    0                    0                    0                    0                    0                    0                    0                    0                    0                    0                    0                    0                    0                    0                    0
  "BR.QFO101"                           295         "quadrupole"            93.499082          6.833916864          2.001220503          8.603596291         -3.727854239          2.478483054          2.545610295                    0                    0                    0                    0          -3.15004206         0.8168541043                    0                    0                    0                    0                    0                    0         0.3672018884                    0                    0                    0                    0                    0                    0                    0                    0                    0
  "DRIFT_119"                           296              "drift"             93.82532          5.606114433          1.762297026          11.22021455         -4.292726625          2.486875531           2.55089589                    0                    0                    0                    0         -2.883553211         0.8168541043                    0                    0                    0                    0                    0                    0                    0                    0                    0                    0                    0                    0                    0                    0                    0                    0
  "BR3.BPM10L3"                         297            "monitor"             93.82532          5.606114433          1.762297026          11.22021455         -4.292726625          2.486875531           2.55089589                    0                    0                    0                    0         -2.883553211         0.8168541043                    0                    0                    0                    0                    0                    0                    0                    0                    0                    0                    0                    0                    0                    0                    0                    0
  "BR3.ONOH0.10L3"                      298          "multipole"             93.82532          5.606114433          1.762297026          11.22021455         -4.292726625          2.486875531           2.55089589                    0                    0                    0                    0         -2.883553211         0.8168541043                    0                    0                    0                    0                    0                    0                    0                    0                    0                    0                    0                    0                    0                    0                    0                    0
  "BR3.QSK10L3"                         299          "multipole"             93.82532          5.606114433          1.762297026          11.22021455         -4.292726625          2.486875531           2.55089589                    0                    0                    0                    0         -2.883553211         0.8168541043                    0                    0                    0                    0                    0                    0                    0                    0                    0                    0                    0                    0                    0                    0                    0                    0
  "BR3.XNOH0.10L3"                      300          "multipole"             93.82532          5.606114433          1.762297026          11.22021455         -4.292726625          2.486875531           2.55089589                    0                    0                    0                    0         -2.883553211         0.8168541043                    0                    0                    0                    0                    0                    0                    0                    0                    0                    0                    0                    0                    0                    0                    0                    0
  "DRIFT_120"                           301              "drift"            94.152827          4.530338693          1.522444184          14.21772986         -4.859796249          2.497225774          2.555023263                    0                    0                    0                    0         -2.616027773         0.8168541043                    0                    0                    0                    0                    0                    0                    0                    0                    0                    0                    0                    0                    0                    0                    0                    0
  "BR.QDE10"                            302         "quadrupole"            95.031767          4.530522127         -1.522691429          14.21895218          4.858682935          2.531410711          2.563950351                    0                    0                    0                    0         -2.616101343        -0.8170294561                    0                    0                    0                    0                    0                    0        -0.6542018271                    0                    0                    0                    0                    0                    0                    0                    0                    0
  "DRIFT_121"                           303              "drift"             95.35932          5.606636619          -1.76262268          11.22167367          4.291831664          2.541761718          2.568077858                    0                    0                    0                    0         -2.883721793        -0.8170294561                    0                    0                    0                    0                    0                    0                    0                    0                    0                    0                    0                    0                    0                    0                    0                    0
  "BR3.DHZ10L4"                         304            "hkicker"             95.35932          5.606636619          -1.76262268          11.22167367          4.291831664          2.541761718          2.568077858                    0                    0                    0                    0         -2.883721793        -0.8170294561                    0                    0                    0                    0                    0                    0                    0                    0                    0                    0                    0                    0                    0                    0                    0                    0
  "BR3.DVT10L4"                         305            "vkicker"             95.35932          5.606636619          -1.76262268          11.22167367          4.291831664          2.541761718          2.568077858                    0                    0                    0                    0         -2.883721793        -0.8170294561                    0                    0                    0                    0                    0                    0                    0                    0                    0                    0                    0                    0                    0                    0                    0                    0
  "DRIFT_122"                           306              "drift"            95.686512          6.838485766         -2.002289501          8.598432492          3.725605126          2.550175552          2.573380162                    0                    0                    0                    0         -3.151047295        -0.8170294561                    0                    0                    0                    0                    0                    0                    0                    0                    0                    0                    0                    0                    0                    0                    0                    0
  "BR.QFO102"                           307         "quadrupole"            96.190082          7.601616933         0.5814272988          6.523230936         0.6463030649          2.560960339          2.584423245                    0                    0                    0                    0         -3.263044438         0.3790923214                    0                    0                    0                    0                    0                    0         0.3672018884                    0                    0                    0                    0                    0                    0                    0                    0                    0
  "DRIFT_123"                           308              "drift"              96.5573          7.198332299         0.5167885676          6.077869731          0.566494796          2.568864463          2.593710418                    0                    0                    0                    0         -3.123834914         0.3790923214                    0                    0                    0                    0                    0                    0                    0                    0                    0                    0                    0                    0                    0                    0                    0                    0
  "BR.STSCRAP102"                       309         "collimator"              96.5573          7.198332299         0.5167885676          6.077869731          0.566494796          2.568864463          2.593710418                    0                    0                    0                    0         -3.123834914         0.3790923214                    0                    0                    0                    0                    0                    0                    0                    0                    0                    0                    0                    0                    0                    0                    0                    0
  "DRIFT_124"                           310              "drift"           96.5573045          7.198327648         0.5167877755          6.077864633          0.566493818          2.568864562          2.593710535                    0                    0                    0                    0         -3.123833208         0.3790923214                    0                    0                    0                    0                    0                    0                    0                    0                    0                    0                    0                    0                    0                    0                    0                    0
  "BR.BHZ102"                           311              "sbend"           98.1750005          5.991791196         0.2338625898          4.625041512         0.3149870992          2.608216203           2.64305799                    0                    0                    0                    0         -2.819091892      9.917297172e-05                    0                    0                    0                    0                    0                    0                    0                    0                    0                    0                    0                    0                    0                    0                    0                    0
  "DRIFT_125"                           312              "drift"               98.471          5.868767136         0.1817599366          4.459392772         0.2446379696          2.616163873          2.653438613                    0                    0                    0                    0         -2.819062537      9.917297172e-05                    0                    0                    0                    0                    0                    0                    0                    0                    0                    0                    0                    0                    0                    0                    0                    0
  "BE3.DHZ11L1"                         313            "hkicker"               98.471          5.868767136         0.1817599366          4.459392772         0.2446379696          2.616163873          2.653438613                    0                    0                    0                    0         -2.819062537      9.917297172e-05                    0                    0                    0                    0                    0                    0                    0                    0                    0                    0                    0                    0                    0                    0                    0                    0
  "BE3.DVT11L1"                         314            "vkicker"               98.471          5.868767136         0.1817599366          4.459392772         0.2446379696          2.616163873          2.653438613                    0                    0                    0                    0         -2.819062537      9.917297172e-05                    0                    0                    0                    0                    0                    0                    0                    0                    0                    0                    0                    0                    0                    0                    0                    0
  "DRIFT_126"                           315              "drift"               99.638          5.684262924       -0.02365864136          4.212082979       -0.03271869562          2.648544161          2.696829461                    0                    0                    0                    0         -2.818946802      9.917297172e-05                    0                    0                    0                    0                    0                    0                    0                    0                    0                    0                    0                    0                    0                    0                    0                    0
  "BR3.ONO11L1"                         316          "multipole"               99.638          5.684262924       -0.02365864136          4.212082979       -0.03271869562          2.648544161          2.696829461                    0                    0                    0                    0         -2.818946802      9.917297172e-05                    0                    0                    0                    0                    0                    0                    0                    0                    0                    0                    0                    0                    0                    0                    0                    0
  "BR3.QNO11L1"                         317          "multipole"               99.638          5.684262924       -0.02365864136          4.212082979       -0.03271869562          2.648544161          2.696829461                    0                    0                    0                    0         -2.818946802      9.917297172e-05                    0                    0                    0                    0                    0                    0                    0                    0                    0                    0                    0                    0                    0                    0                    0                    0
  "BR3.XNO11L1"                         318          "multipole"               99.638          5.684262924       -0.02365864136          4.212082979       -0.03271869562          2.648544161          2.696829461                    0                    0                    0                    0         -2.818946802      9.917297172e-05                    0                    0                    0                    0                    0                    0                    0                    0                    0                    0                    0                    0                    0                    0                    0                    0
  "DRIFT_127"                           319              "drift"           100.338677           5.80383513         -0.146993751          4.374615349        -0.1992460616          2.668007908           2.72292506                    0                    0                    0                    0         -2.818877314      9.917297172e-05                    0                    0                    0                    0                    0                    0                    0                    0                    0                    0                    0                    0                    0                    0                    0                    0
  "BR3.BWSV11L1"                        320            "monitor"           100.338677           5.80383513         -0.146993751          4.374615349        -0.1992460616          2.668007908           2.72292506                    0                    0                    0                    0         -2.818877314      9.917297172e-05                    0                    0                    0                    0                    0                    0                    0                    0                    0                    0                    0                    0                    0                    0                    0                    0
  "DRIFT_128"                           321              "drift"           100.829001          5.990303236        -0.2333019419          4.627144787        -0.3157795916           2.68125813           2.74030468                    0                    0                    0                    0         -2.818828687      9.917297172e-05                    0                    0                    0                    0                    0                    0                    0                    0                    0                    0                    0                    0                    0                    0                    0                    0
  "BR.BHZ111"                           322              "sbend"           102.446697          7.195037405        -0.5162271275          6.082407498        -0.5671815143          2.720623946          2.789621503                    0                    0                    0                    0         -3.123251197        -0.3788939755                    0                    0                    0                    0                    0                    0                    0                    0                    0                    0                    0                    0                    0                    0                    0                    0
  "DRIFT_129"                           323              "drift"          102.4466995          7.195039986        -0.5162275676          6.082410334        -0.5671820576          2.720624001          2.789621569                    0                    0                    0                    0         -3.123252145        -0.3788939755                    0                    0                    0                    0                    0                    0                    0                    0                    0                    0                    0                    0                    0                    0                    0                    0
  "BR.STSCRAP111"                       324         "collimator"          102.4466995          7.195039986        -0.5162275676          6.082410334        -0.5671820576          2.720624001          2.789621569                    0                    0                    0                    0         -3.123252145        -0.3788939755                    0                    0                    0                    0                    0                    0                    0                    0                    0                    0                    0                    0                    0                    0                    0                    0
  "DRIFT_130"                           325              "drift"             102.4787           7.22825932        -0.5218603844          6.118933073        -0.5741357016          2.721330229          2.790456409                    0                    0                    0                    0         -3.135376941        -0.3788939755                    0                    0                    0                    0                    0                    0                    0                    0                    0                    0                    0                    0                    0                    0                    0                    0
  "BR3.BPP11L2"                         326            "monitor"             102.4787           7.22825932        -0.5218603844          6.118933073        -0.5741357016          2.721330229          2.790456409                    0                    0                    0                    0         -3.135376941        -0.3788939755                    0                    0                    0                    0                    0                    0                    0                    0                    0                    0                    0                    0                    0                    0                    0                    0
  "DRIFT_131"                           327              "drift"           102.813012          7.596860797        -0.5807069102          6.527100186        -0.6467810243          2.728512894          2.798879604                    0                    0                    0                    0         -3.262045744        -0.3788939755                    0                    0                    0                    0                    0                    0                    0                    0                    0                    0                    0                    0                    0                    0                    0                    0
  "BR.QFO111"                           328         "quadrupole"           103.316582          6.833916864          2.001220503          8.603596154         -3.727854156          2.739304673          2.809916089                    0                    0                    0                    0          -3.15004269           0.81685422                    0                    0                    0                    0                    0                    0         0.3672018884                    0                    0                    0                    0                    0                    0                    0                    0                    0
  "DRIFT_132"                           329              "drift"           103.642825           5.60609681          1.762293364          11.22025728         -4.292735184          2.747697291          2.815201755                    0                    0                    0                    0         -2.883549719           0.81685422                    0                    0                    0                    0                    0                    0                    0                    0                    0                    0                    0                    0                    0                    0                    0                    0
  "BR3.BPM11L3"                         330            "monitor"           103.642825           5.60609681          1.762293364          11.22025728         -4.292735184          2.747697291          2.815201755                    0                    0                    0                    0         -2.883549719           0.81685422                    0                    0                    0                    0                    0                    0                    0                    0                    0                    0                    0                    0                    0                    0                    0                    0
  "BR3.ONOH0.11L3"                      331          "multipole"           103.642825           5.60609681          1.762293364          11.22025728         -4.292735184          2.747697291          2.815201755                    0                    0                    0                    0         -2.883549719           0.81685422                    0                    0                    0                    0                    0                    0                    0                    0                    0                    0                    0                    0                    0                    0                    0                    0
  "BR3.QSKH0.11L3"                      332          "multipole"           103.642825           5.60609681          1.762293364          11.22025728         -4.292735184          2.747697291          2.815201755                    0                    0                    0                    0         -2.883549719           0.81685422                    0                    0                    0                    0                    0                    0                    0                    0                    0                    0                    0                    0                    0                    0                    0                    0
  "BR3.XNOH0.11L3"                      333          "multipole"           103.642825           5.60609681          1.762293364          11.22025728         -4.292735184          2.747697291          2.815201755                    0                    0                    0                    0         -2.883549719           0.81685422                    0                    0                    0                    0                    0                    0                    0                    0                    0                    0                    0                    0                    0                    0                    0                    0
  "DRIFT_133"                           334              "drift"           103.970327          4.530338693          1.522444184          14.21772959         -4.859796137          2.758047393          2.819329057                    0                    0                    0                    0         -2.616028328           0.81685422                    0                    0                    0                    0                    0                    0                    0                    0                    0                    0                    0                    0                    0                    0                    0                    0
  "BR.QDE11"                            335         "quadrupole"           104.849267          4.530522127         -1.522691429          14.21895188          4.858682853           2.79223233          2.828256146                    0                    0                    0                    0         -2.616101954        -0.8170297042                    0                    0                    0                    0                    0                    0        -0.6542018271                    0                    0                    0                    0                    0                    0                    0                    0                    0
  "DRIFT_134"                           336              "drift"           105.176825          5.606654246         -1.762626343          11.22163051          4.291822935          2.802583479          2.832383723                    0                    0                    0                    0         -2.883726569        -0.8170297042                    0                    0                    0                    0                    0                    0                    0                    0                    0                    0                    0                    0                    0                    0                    0                    0
  "BR3.DHZ11L4"                         337            "hkicker"           105.176825          5.606654246         -1.762626343          11.22163051          4.291822935          2.802583479          2.832383723                    0                    0                    0                    0         -2.883726569        -0.8170297042                    0                    0                    0                    0                    0                    0                    0                    0                    0                    0                    0                    0                    0                    0                    0                    0
  "BR3.DVT11L4"                         338            "vkicker"           105.176825          5.606654246         -1.762626343          11.22163051          4.291822935          2.802583479          2.832383723                    0                    0                    0                    0         -2.883726569        -0.8170297042                    0                    0                    0                    0                    0                    0                    0                    0                    0                    0                    0                    0                    0                    0                    0                    0
  "BR3.OSK11L4"                         339          "multipole"           105.176825          5.606654246         -1.762626343          11.22163051          4.291822935          2.802583479          2.832383723                    0                    0                    0                    0         -2.883726569        -0.8170297042                    0                    0                    0                    0                    0                    0                    0                    0                    0                    0                    0                    0                    0                    0                    0                    0
  "BR3.XSK11L4"                         340          "multipole"           105.176825          5.606654246         -1.762626343          11.22163051          4.291822935          2.802583479          2.832383723                    0                    0                    0                    0         -2.883726569        -0.8170297042                    0                    0                    0                    0                    0                    0                    0                    0                    0                    0                    0                    0                    0                    0                    0                    0
  "DRIFT_135"                           341              "drift"           105.504012          6.838485766         -2.002289501          8.598432293          3.725605057          2.810997171          2.837685957                    0                    0                    0                    0         -3.151048067        -0.8170297042                    0                    0                    0                    0                    0                    0                    0                    0                    0                    0                    0                    0                    0                    0                    0                    0
  "BR.QFO112"                           342         "quadrupole"           106.007582          7.601616933         0.5814272988          6.523230771         0.6463030623          2.821781958           2.84872904                    0                    0                    0                    0         -3.263045262          0.379092371                    0                    0                    0                    0                    0                    0         0.3672018884                    0                    0                    0                    0                    0                    0                    0                    0                    0
  "DRIFT_136"                           343              "drift"             106.3748          7.198332299         0.5167885676          6.077869568         0.5664947916          2.829686082          2.858016213                    0                    0                    0                    0         -3.123835719          0.379092371                    0                    0                    0                    0                    0                    0                    0                    0                    0                    0                    0                    0                    0                    0                    0                    0
  "BR.STSCRAP112"                       344         "collimator"             106.3748          7.198332299         0.5167885676          6.077869568         0.5664947916          2.829686082          2.858016213                    0                    0                    0                    0         -3.123835719          0.379092371                    0                    0                    0                    0                    0                    0                    0                    0                    0                    0                    0                    0                    0                    0                    0                    0
  "DRIFT_137"                           345              "drift"           106.374804          7.198328165         0.5167878635          6.077865036         0.5664939223           2.82968617          2.858016318                    0                    0                    0                    0         -3.123834203          0.379092371                    0                    0                    0                    0                    0                    0                    0                    0                    0                    0                    0                    0                    0                    0                    0                    0
  "BR.BHZ112"                           346              "sbend"             107.9925          5.991791429         0.2338626778          4.625041583         0.3149871969          2.869037808           2.90736377                    0                    0                    0                    0         -2.819092807      9.922254406e-05                    0                    0                    0                    0                    0                    0                    0                    0                    0                    0                    0                    0                    0                    0                    0                    0
  "DRIFT_138"                           347              "drift"             108.2915           5.86767816         0.1812318682          4.457926852         0.2439249464          2.877066857          2.917851498                    0                    0                    0                    0          -2.81906314      9.922254406e-05                    0                    0                    0                    0                    0                    0                    0                    0                    0                    0                    0                    0                    0                    0                    0                    0
  "BR3.KQM12L1"                         348             "kicker"             109.5215           5.68815262       -0.03527614448          4.217436965        -0.0484047126          2.911213138          2.963627611                    0                    0                    0                    0         -2.818941096      9.922254406e-05                    0                    0                    0                    0                    0                    0                    0                    0                    0                    0                    0                    0                    0                    0                    0                    0
  "DRIFT_139"                           349              "drift"             110.0865          5.784205533        -0.1347290121          4.348003343        -0.1826862226          2.926915533          2.984688055                    0                    0                    0                    0         -2.818885035      9.922254406e-05                    0                    0                    0                    0                    0                    0                    0                    0                    0                    0                    0                    0                    0                    0                    0                    0
  "BR3.ONO12L1"                         350          "multipole"             110.0865          5.784205533        -0.1347290121          4.348003343        -0.1826862226          2.926915533          2.984688055                    0                    0                    0                    0         -2.818885035      9.922254406e-05                    0                    0                    0                    0                    0                    0                    0                    0                    0                    0                    0                    0                    0                    0                    0                    0
  "BR3.OSK12L1"                         351          "multipole"             110.0865          5.784205533        -0.1347290121          4.348003343        -0.1826862226          2.926915533          2.984688055                    0                    0                    0                    0         -2.818885035      9.922254406e-05                    0                    0                    0                    0                    0                    0                    0                    0                    0                    0                    0                    0                    0                    0                    0                    0
  "BR3.XNO12L1"                         352          "multipole"             110.0865          5.784205533        -0.1347290121          4.348003343        -0.1826862226          2.926915533          2.984688055                    0                    0                    0                    0         -2.818885035      9.922254406e-05                    0                    0                    0                    0                    0                    0                    0                    0                    0                    0                    0                    0                    0                    0                    0                    0
  "BR3.XSK12L1"                         353          "multipole"             110.0865          5.784205533        -0.1347290121          4.348003343        -0.1826862226          2.926915533          2.984688055                    0                    0                    0                    0         -2.818885035      9.922254406e-05                    0                    0                    0                    0                    0                    0                    0                    0                    0                    0                    0                    0                    0                    0                    0                    0
  "DRIFT_140"                           354              "drift"           110.646501          5.990303236        -0.2333019419          4.627144724        -0.3157796384          2.942079749          3.004610481                    0                    0                    0                    0         -2.818829471      9.922254406e-05                    0                    0                    0                    0                    0                    0                    0                    0                    0                    0                    0                    0                    0                    0                    0                    0
  "BR.BHZ121"                           355              "sbend"           112.264197          7.195037405        -0.5162271275          6.082407611        -0.5671815744          2.981445565          3.053927304                    0                    0                    0                    0         -3.123251901        -0.3788939259                    0                    0                    0                    0                    0                    0                    0                    0                    0                    0                    0                    0                    0                    0                    0                    0
  "DRIFT_141"                           356              "drift"          112.2641995          7.195039986        -0.5162275676          6.082410447        -0.5671821176           2.98144562           3.05392737                    0                    0                    0                    0         -3.123252848        -0.3788939259                    0                    0                    0                    0                    0                    0                    0                    0                    0                    0                    0                    0                    0                    0                    0                    0
  "BR.STSCRAP121"                       357         "collimator"          112.2641995          7.195039986        -0.5162275676          6.082410447        -0.5671821176           2.98144562           3.05392737                    0                    0                    0                    0         -3.123252848        -0.3788939259                    0                    0                    0                    0                    0                    0                    0                    0                    0                    0                    0                    0                    0                    0                    0                    0
  "DRIFT_142"                           358              "drift"           112.630512          7.596860797        -0.5807069102          6.527100343         -0.646781087          2.989334513          3.063185405                    0                    0                    0                    0          -3.26204643        -0.3788939259                    0                    0                    0                    0                    0                    0                    0                    0                    0                    0                    0                    0                    0                    0                    0                    0
  "BR.QFO121"                           359         "quadrupole"           113.134082          6.833916864          2.001220503          8.603596416         -3.727854313          3.000126292          3.074221889                    0                    0                    0                    0         -3.150043289         0.8168545092                    0                    0                    0                    0                    0                    0         0.3672018884                    0                    0                    0                    0                    0                    0                    0                    0                    0
  "DRIFT_143"                           360              "drift"            113.46033          5.606079187          1.762289702          11.22030058         -4.292744025          3.008519052          3.079507627                    0                    0                    0                    0         -2.883546139         0.8168545092                    0                    0                    0                    0                    0                    0                    0                    0                    0                    0                    0                    0                    0                    0                    0                    0
  "BR3.BPM12L3"                         361            "monitor"            113.46033          5.606079187          1.762289702          11.22030058         -4.292744025          3.008519052          3.079507627                    0                    0                    0                    0         -2.883546139         0.8168545092                    0                    0                    0                    0                    0                    0                    0                    0                    0                    0                    0                    0                    0                    0                    0                    0
  "BR3.ONOH0.12L3"                      362          "multipole"            113.46033          5.606079187          1.762289702          11.22030058         -4.292744025          3.008519052          3.079507627                    0                    0                    0                    0         -2.883546139         0.8168545092                    0                    0                    0                    0                    0                    0                    0                    0                    0                    0                    0                    0                    0                    0                    0                    0
  "BR3.QNO12L3"                         363          "multipole"            113.46033          5.606079187          1.762289702          11.22030058         -4.292744025          3.008519052          3.079507627                    0                    0                    0                    0         -2.883546139         0.8168545092                    0                    0                    0                    0                    0                    0                    0                    0                    0                    0                    0                    0                    0                    0                    0                    0
  "BR3.XNOH0.12L3"                      364          "multipole"            113.46033          5.606079187          1.762289702          11.22030058         -4.292744025          3.008519052          3.079507627                    0                    0                    0                    0         -2.883546139         0.8168545092                    0                    0                    0                    0                    0                    0                    0                    0                    0                    0                    0                    0                    0                    0                    0                    0
  "DRIFT_144"                           365              "drift"           113.787827          4.530338693          1.522444184           14.2177301         -4.859796348          3.018869012          3.083634857                    0                    0                    0                    0         -2.616028738         0.8168545092                    0                    0                    0                    0                    0                    0                    0                    0                    0                    0                    0                    0                    0                    0                    0                    0
  "BR.QDE12"                            366         "quadrupole"           114.666767          4.530522127         -1.522691429          14.21895244          4.858683009          3.053053949          3.092561946                    0                    0                    0                    0         -2.616102208        -0.8170296225                    0                    0                    0                    0                    0                    0        -0.6542018271                    0                    0                    0                    0                    0                    0                    0                    0                    0
  "DRIFT_145"                           367              "drift"            114.99433          5.606671872         -1.762630005          11.22158805          4.291814427           3.06340524          3.096689594                    0                    0                    0                    0         -2.883730882        -0.8170296225                    0                    0                    0                    0                    0                    0                    0                    0                    0                    0                    0                    0                    0                    0                    0                    0
  "BR3.DHZ12L4"                         368            "hkicker"            114.99433          5.606671872         -1.762630005          11.22158805          4.291814427           3.06340524          3.096689594                    0                    0                    0                    0         -2.883730882        -0.8170296225                    0                    0                    0                    0                    0                    0                    0                    0                    0                    0                    0                    0                    0                    0                    0                    0
  "BR3.DVT12L4"                         369            "vkicker"            114.99433          5.606671872         -1.762630005          11.22158805          4.291814427           3.06340524          3.096689594                    0                    0                    0                    0         -2.883730882        -0.8170296225                    0                    0                    0                    0                    0                    0                    0                    0                    0                    0                    0                    0                    0                    0                    0                    0
  "BR3.OSK12L4"                         370          "multipole"            114.99433          5.606671872         -1.762630005          11.22158805          4.291814427           3.06340524          3.096689594                    0                    0                    0                    0         -2.883730882        -0.8170296225                    0                    0                    0                    0                    0                    0                    0                    0                    0                    0                    0                    0                    0                    0                    0                    0
  "BR3.XSK12L4"                         371          "multipole"            114.99433          5.606671872         -1.762630005          11.22158805          4.291814427           3.06340524          3.096689594                    0                    0                    0                    0         -2.883730882        -0.8170296225                    0                    0                    0                    0                    0                    0                    0                    0                    0                    0                    0                    0                    0                    0                    0                    0
  "DRIFT_146"                           372              "drift"           115.321512          6.838485766         -2.002289501          8.598432666          3.725605188           3.07181879          3.101991757                    0                    0                    0                    0         -3.151048268        -0.8170296225                    0                    0                    0                    0                    0                    0                    0                    0                    0                    0                    0                    0                    0                    0                    0                    0
  "BR.QFO122"                           373         "quadrupole"           115.825082          7.601616933         0.5814272988          6.523231078         0.6463030688          3.082603577          3.113034839                    0                    0                    0                    0         -3.263045404         0.3790925168                    0                    0                    0                    0                    0                    0         0.3672018884                    0                    0                    0                    0                    0                    0                    0                    0                    0
  "DRIFT_147"                           374              "drift"           116.192299          7.198333332         0.5167887436          6.077871003         0.5664950187          3.090507678          3.122321985                    0                    0                    0                    0         -3.123836188         0.3790925168                    0                    0                    0                    0                    0                    0                    0                    0                    0                    0                    0                    0                    0                    0                    0                    0
  "BR.STSCRAP122"                       375         "collimator"           116.192299          7.198333332         0.5167887436          6.077871003         0.5664950187          3.090507678          3.122321985                    0                    0                    0                    0         -3.123836188         0.3790925168                    0                    0                    0                    0                    0                    0                    0                    0                    0                    0                    0                    0                    0                    0                    0                    0
  "DRIFT_148"                           376              "drift"           116.192304          7.198328165         0.5167878635          6.077865338          0.566493932          3.090507789          3.122322116                    0                    0                    0                    0         -3.123834292         0.3790925168                    0                    0                    0                    0                    0                    0                    0                    0                    0                    0                    0                    0                    0                    0                    0                    0
  "BR.BHZ122"                           377              "sbend"               117.81          5.991791429         0.2338626778          4.625041819         0.3149872269          3.129859427          3.171669566                    0                    0                    0                    0         -2.819092662      9.936831874e-05                    0                    0                    0                    0                    0                    0                    0                    0                    0                    0                    0                    0                    0                    0                    0                    0
  "DRIFT_149"                           378              "drift"           118.061261          5.885382975         0.1896350195          4.481758184         0.2552709342          3.136595537          3.180457441                    0                    0                    0                    0         -2.819067695      9.936831874e-05                    0                    0                    0                    0                    0                    0                    0                    0                    0                    0                    0                    0                    0                    0                    0                    0
  "BR3.ACWF13L1.1"                      379           "rfcavity"           119.004261          5.684259404        0.02364554306          4.211661794        0.03115153655          3.162660107          3.215279252                    0                    0                    0                    0         -2.818973991      9.936831874e-05                    0                    0                    0                    0                    0                    0                    0                    0                    0                    0                    0                    0                    0                    0                    0                    0
  "DRIFT_150"                           380              "drift"           119.115761          5.681174807       0.004019003692          4.207669729       0.004651735019           3.16578307          3.219495229                    0                    0                    0                    0         -2.818962911      9.936831874e-05                    0                    0                    0                    0                    0                    0                    0                    0                    0                    0                    0                    0                    0                    0                    0                    0
  "BR3.ACWF13L1.2"                      381           "rfcavity"           120.058761          5.830123042        -0.1619704727          4.410241149        -0.2194676627          3.191979168            3.2546198                    0                    0                    0                    0         -2.818869207      9.936831874e-05                    0                    0                    0                    0                    0                    0                    0                    0                    0                    0                    0                    0                    0                    0                    0                    0
  "DRIFT_151"                           382              "drift"           120.464001          5.990303236        -0.2333019419          4.627144744        -0.3157795871          3.202901368          3.268916274                    0                    0                    0                    0         -2.818828939      9.936831874e-05                    0                    0                    0                    0                    0                    0                    0                    0                    0                    0                    0                    0                    0                    0                    0                    0
  "BR.BHZ131"                           383              "sbend"           122.081697          7.195037405        -0.5162271275          6.082407446        -0.5671815136          3.242267184          3.318233098                    0                    0                    0                    0         -3.123251135        -0.3788937801                    0                    0                    0                    0                    0                    0                    0                    0                    0                    0                    0                    0                    0                    0                    0                    0
  "DRIFT_152"                           384              "drift"          122.0816995          7.195039986        -0.5162275676          6.082410282        -0.5671820568          3.242267239          3.318233163                    0                    0                    0                    0         -3.123252082        -0.3788937801                    0                    0                    0                    0                    0                    0                    0                    0                    0                    0                    0                    0                    0                    0                    0                    0
  "BR.STSCRAP131"                       385         "collimator"          122.0816995          7.195039986        -0.5162275676          6.082410282        -0.5671820568          3.242267239          3.318233163                    0                    0                    0                    0         -3.123252082        -0.3788937801                    0                    0                    0                    0                    0                    0                    0                    0                    0                    0                    0                    0                    0                    0                    0                    0
  "DRIFT_153"                           386              "drift"           122.448012          7.596860797        -0.5807069102          6.527100133        -0.6467810242          3.250156132          3.327491198                    0                    0                    0                    0          -3.26204561        -0.3788937801                    0                    0                    0                    0                    0                    0                    0                    0                    0                    0                    0                    0                    0                    0                    0                    0
  "BR.QFO131"                           387         "quadrupole"           122.951582          6.833916864          2.001220503          8.603596092         -3.727854135          3.260947911          3.338527683                    0                    0                    0                    0         -3.150042473         0.8168543499                    0                    0                    0                    0                    0                    0         0.3672018884                    0                    0                    0                    0                    0                    0                    0                    0                    0
  "DRIFT_154"                           388              "drift"           123.277835          5.606061564           1.76228604          11.22034306         -4.292752476          3.269340813          3.343813492                    0                    0                    0                    0         -2.883541291         0.8168543499                    0                    0                    0                    0                    0                    0                    0                    0                    0                    0                    0                    0                    0                    0                    0                    0
  "BR3.BPM13L3"                         389            "monitor"           123.277835          5.606061564           1.76228604          11.22034306         -4.292752476          3.269340813          3.343813492                    0                    0                    0                    0         -2.883541291         0.8168543499                    0                    0                    0                    0                    0                    0                    0                    0                    0                    0                    0                    0                    0                    0                    0                    0
  "BR3.ONOH0.13L3"                      390          "multipole"           123.277835          5.606061564           1.76228604          11.22034306         -4.292752476          3.269340813          3.343813492                    0                    0                    0                    0         -2.883541291         0.8168543499                    0                    0                    0                    0                    0                    0                    0                    0                    0                    0                    0                    0                    0                    0                    0                    0
  "BR3.QSKH0.13L3"                      391          "multipole"           123.277835          5.606061564           1.76228604          11.22034306         -4.292752476          3.269340813          3.343813492                    0                    0                    0                    0         -2.883541291         0.8168543499                    0                    0                    0                    0                    0                    0                    0                    0                    0                    0                    0                    0                    0                    0                    0                    0
  "BR3.XNOH0.13L3"                      392          "multipole"           123.277835          5.606061564           1.76228604          11.22034306         -4.292752476          3.269340813          3.343813492                    0                    0                    0                    0         -2.883541291         0.8168543499                    0                    0                    0                    0                    0                    0                    0                    0                    0                    0                    0                    0                    0                    0                    0                    0
  "DRIFT_155"                           393              "drift"           123.605327          4.530338693          1.522444184           14.2177295         -4.859796112          3.279690631          3.347940652                    0                    0                    0                    0         -2.616028026         0.8168543499                    0                    0                    0                    0                    0                    0                    0                    0                    0                    0                    0                    0                    0                    0                    0                    0
  "BR.QDE13"                            394         "quadrupole"           124.484267          4.530522127         -1.522691429           14.2189518          4.858682818          3.313875568           3.35686774                    0                    0                    0                    0         -2.616101435         -0.817029318                    0                    0                    0                    0                    0                    0        -0.6542018271                    0                    0                    0                    0                    0                    0                    0                    0                    0
  "DRIFT_156"                           395              "drift"           124.811835          5.606689498         -1.762633668          11.22154461          4.291805599          3.324227001           3.36099546                    0                    0                    0                    0         -2.883734095         -0.817029318                    0                    0                    0                    0                    0                    0                    0                    0                    0                    0                    0                    0                    0                    0                    0                    0
  "BR3.DHZ13L4"                         396            "hkicker"           124.811835          5.606689498         -1.762633668          11.22154461          4.291805599          3.324227001           3.36099546                    0                    0                    0                    0         -2.883734095         -0.817029318                    0                    0                    0                    0                    0                    0                    0                    0                    0                    0                    0                    0                    0                    0                    0                    0
  "BR3.DVT13L4"                         397            "vkicker"           124.811835          5.606689498         -1.762633668          11.22154461          4.291805599          3.324227001           3.36099546                    0                    0                    0                    0         -2.883734095         -0.817029318                    0                    0                    0                    0                    0                    0                    0                    0                    0                    0                    0                    0                    0                    0                    0                    0
  "DRIFT_157"                           398              "drift"           125.139012          6.838485766         -2.002289501          8.598432252          3.725605031          3.332640409          3.366297552                    0                    0                    0                    0         -3.151047296         -0.817029318                    0                    0                    0                    0                    0                    0                    0                    0                    0                    0                    0                    0                    0                    0                    0                    0
  "BR.QFO132"                           399         "quadrupole"           125.642582          7.601616933         0.5814272988          6.523230748         0.6463030512          3.343425196          3.377340635                    0                    0                    0                    0         -3.263044372         0.3790924474                    0                    0                    0                    0                    0                    0         0.3672018884                    0                    0                    0                    0                    0                    0                    0                    0                    0
  "DRIFT_158"                           400              "drift"           126.009799          7.198333332         0.5167887436          6.077870686         0.5664949983          3.351329297          3.386627782                    0                    0                    0                    0         -3.123835181         0.3790924474                    0                    0                    0                    0                    0                    0                    0                    0                    0                    0                    0                    0                    0                    0                    0                    0
  "BR.STSCRAP132"                       401         "collimator"           126.009799          7.198333332         0.5167887436          6.077870686         0.5664949983          3.351329297          3.386627782                    0                    0                    0                    0         -3.123835181         0.3790924474                    0                    0                    0                    0                    0                    0                    0                    0                    0                    0                    0                    0                    0                    0                    0                    0
  "DRIFT_159"                           402              "drift"           126.009804          7.198328165         0.5167878635          6.077865021         0.5664939117          3.351329408          3.386627913                    0                    0                    0                    0         -3.123833285         0.3790924474                    0                    0                    0                    0                    0                    0                    0                    0                    0                    0                    0                    0                    0                    0                    0                    0
  "BR.BHZ132"                           403              "sbend"             127.6275          5.991791429         0.2338626778          4.625041599          0.314987189          3.390681046          3.435975365                    0                    0                    0                    0         -2.819091767      9.929893799e-05                    0                    0                    0                    0                    0                    0                    0                    0                    0                    0                    0                    0                    0                    0                    0                    0
  "DRIFT_160"                           404              "drift"            127.93409          5.864937201         0.1798958554          4.454237783         0.2421210512          3.398916014           3.44673418                    0                    0                    0                    0         -2.819061323      9.929893799e-05                    0                    0                    0                    0                    0                    0                    0                    0                    0                    0                    0                    0                    0                    0                    0                    0
  "BR3.DHZ14L1"                         405            "hkicker"            127.93409          5.864937201         0.1798958554          4.454237783         0.2421210512          3.398916014           3.44673418                    0                    0                    0                    0         -2.819061323      9.929893799e-05                    0                    0                    0                    0                    0                    0                    0                    0                    0                    0                    0                    0                    0                    0                    0                    0
  "BR3.DVT14L1"                         406            "vkicker"            127.93409          5.864937201         0.1798958554          4.454237783         0.2421210512          3.398916014           3.44673418                    0                    0                    0                    0         -2.819061323      9.929893799e-05                    0                    0                    0                    0                    0                    0                    0                    0                    0                    0                    0                    0                    0                    0                    0                    0
  "DRIFT_161"                           407              "drift"          128.1511955          5.795121239         0.1416803429          4.360308517         0.1905223713           3.40484429          3.454577888                    0                    0                    0                    0         -2.819039764      9.929893799e-05                    0                    0                    0                    0                    0                    0                    0                    0                    0                    0                    0                    0                    0                    0                    0                    0
  "BE3.KFA14L1"                         408            "hkicker"          130.1569845          5.934932473        -0.2113842021          4.552190081        -0.2861862546            3.4603991          3.528903569                    0                    0                    0                    0         -2.818840592      9.929893799e-05                    0                    0                    0                    0                    0                    0                    0                    0                    0                    0                    0                    0                    0                    0                    0                    0
  "DRIFT_162"                           409              "drift"           130.281501          5.990303236        -0.2333019419          4.627144768        -0.3157796413          3.463722987          3.533222075                    0                    0                    0                    0         -2.818828227      9.929893799e-05                    0                    0                    0                    0                    0                    0                    0                    0                    0                    0                    0                    0                    0                    0                    0                    0
  "BR.BHZ141"                           410              "sbend"           131.899197          7.195037405        -0.5162271275          6.082407658        -0.5671815732          3.503088803          3.582538898                    0                    0                    0                    0         -3.123250535        -0.3788938495                    0                    0                    0                    0                    0                    0                    0                    0                    0                    0                    0                    0                    0                    0                    0                    0
  "DRIFT_163"                           411              "drift"          131.8991995          7.195039986        -0.5162275676          6.082410494        -0.5671821164          3.503088858          3.582538963                    0                    0                    0                    0         -3.123251482        -0.3788938495                    0                    0                    0                    0                    0                    0                    0                    0                    0                    0                    0                    0                    0                    0                    0                    0
  "BR.STSCRAP141"                       412         "collimator"          131.8991995          7.195039986        -0.5162275676          6.082410494        -0.5671821164          3.503088858          3.582538963                    0                    0                    0                    0         -3.123251482        -0.3788938495                    0                    0                    0                    0                    0                    0                    0                    0                    0                    0                    0                    0                    0                    0                    0                    0
  "DRIFT_164"                           413              "drift"                  132          7.300900502        -0.5339707513          6.198962884        -0.5890858621          3.505302422          3.585151756                    0                    0                    0                    0         -3.161444172        -0.3788938495                    0                    0                    0                    0                    0                    0                    0                    0                    0                    0                    0                    0                    0                    0                    0                    0
  "BR3.VVS14L2"                         414             "marker"                  132          7.300900502        -0.5339707513          6.198962884        -0.5890858621          3.505302422          3.585151756                    0                    0                    0                    0         -3.161444172        -0.3788938495                    0                    0                    0                    0                    0                    0                    0                    0                    0                    0                    0                    0                    0                    0                    0                    0
  "DRIFT_165"                           415              "drift"           132.265512          7.596860797        -0.5807069102          6.527100389        -0.6467810851          3.510977751          3.591796998                    0                    0                    0                    0         -3.262045036        -0.3788938495                    0                    0                    0                    0                    0                    0                    0                    0                    0                    0                    0                    0                    0                    0                    0                    0
  "BR.QFO141"                           416         "quadrupole"           132.769082          6.833916864          2.001220503          8.603596468         -3.727854328           3.52176953          3.602833483                    0                    0                    0                    0         -3.150041985         0.8168540824                    0                    0                    0                    0                    0                    0         0.3672018884                    0                    0                    0                    0                    0                    0                    0                    0                    0
  "DRIFT_166"                           417              "drift"           133.095339          5.606047466          1.762283111          11.22037791         -4.292759624          3.530162546          3.608119348                    0                    0                    0                    0         -2.883537623         0.8168540824                    0                    0                    0                    0                    0                    0                    0                    0                    0                    0                    0                    0                    0                    0                    0                    0
  "BR3.BPM14L3"                         418            "monitor"           133.095339          5.606047466          1.762283111          11.22037791         -4.292759624          3.530162546          3.608119348                    0                    0                    0                    0         -2.883537623         0.8168540824                    0                    0                    0                    0                    0                    0                    0                    0                    0                    0                    0                    0                    0                    0                    0                    0
  "BR3.ONOH0.14L3"                      419          "multipole"           133.095339          5.606047466          1.762283111          11.22037791         -4.292759624          3.530162546          3.608119348                    0                    0                    0                    0         -2.883537623         0.8168540824                    0                    0                    0                    0                    0                    0                    0                    0                    0                    0                    0                    0                    0                    0                    0                    0
  "BR3.QSK14L3"                         420          "multipole"           133.095339          5.606047466          1.762283111          11.22037791         -4.292759624          3.530162546          3.608119348                    0                    0                    0                    0         -2.883537623         0.8168540824                    0                    0                    0                    0                    0                    0                    0                    0                    0                    0                    0                    0                    0                    0                    0                    0
  "BR3.XNOH0.14L3"                      421          "multipole"           133.095339          5.606047466          1.762283111          11.22037791         -4.292759624          3.530162546          3.608119348                    0                    0                    0                    0         -2.883537623         0.8168540824                    0                    0                    0                    0                    0                    0                    0                    0                    0                    0                    0                    0                    0                    0                    0                    0
  "DRIFT_167"                           422              "drift"           133.422827          4.530338693          1.522444184          14.21773017         -4.859796365           3.54051225          3.612246451                    0                    0                    0                    0         -2.616027713         0.8168540824                    0                    0                    0                    0                    0                    0                    0                    0                    0                    0                    0                    0                    0                    0                    0                    0
  "BR.QDE14"                            423         "quadrupole"           134.301767          4.530522127         -1.522691429           14.2189525          4.858683038          3.574697187          3.621173539                    0                    0                    0                    0         -2.616101286        -0.8170294411                    0                    0                    0                    0                    0                    0        -0.6542018271                    0                    0                    0                    0                    0                    0                    0                    0                    0
  "DRIFT_168"                           424              "drift"            134.42124          4.904818652          -1.61020492          13.08269134           4.65192742          3.578731326            3.6225677                    0                    0                    0                    0         -2.713714244        -0.8170294411                    0                    0                    0                    0                    0                    0                    0                    0                    0                    0                    0                    0                    0                    0                    0                    0
  "BR3.BPP14L4"                         425            "monitor"            134.42124          4.904818652          -1.61020492          13.08269134           4.65192742          3.578731326            3.6225677                    0                    0                    0                    0         -2.713714244        -0.8170294411                    0                    0                    0                    0                    0                    0                    0                    0                    0                    0                    0                    0                    0                    0                    0                    0
  "DRIFT_169"                           426              "drift"            134.45724          5.021702721         -1.636574774          12.74999537          4.589627132          3.579885814          3.623011329                    0                    0                    0                    0         -2.743127304        -0.8170294411                    0                    0                    0                    0                    0                    0                    0                    0                    0                    0                    0                    0                    0                    0                    0                    0
  "BE3.BSW14L4"                         427            "hkicker"            134.92724          6.721891368         -1.980847879          8.818027358          3.776262265          3.592774883           3.63006832                    0                    0                    0                    0         -3.127131141        -0.8170294411                    0                    0                    0                    0                    0                    0                    0                    0                    0                    0                    0                    0                    0                    0                    0                    0
  "DRIFT_170"                           428              "drift"           134.956512          6.838485766         -2.002289501          8.598432693          3.725605209          3.593462028           3.63060335                    0                    0                    0                    0         -3.151047227        -0.8170294411                    0                    0                    0                    0                    0                    0                    0                    0                    0                    0                    0                    0                    0                    0                    0                    0
  "BR.QFO142"                           429         "quadrupole"           135.460082          7.601616933         0.5814272988          6.523231091         0.6463030793          3.604246815          3.641646432                    0                    0                    0                    0          -3.26304437         0.3790923111                    0                    0                    0                    0                    0                    0         0.3672018884                    0                    0                    0                    0                    0                    0                    0                    0                    0
  "DRIFT_171"                           430              "drift"           135.827299          7.198333332         0.5167887436          6.077871008         0.5664950286          3.612150916          3.650933579                    0                    0                    0                    0         -3.123835228         0.3790923111                    0                    0                    0                    0                    0                    0                    0                    0                    0                    0                    0                    0                    0                    0                    0                    0
  "BR.SPSCRAP142"                       431         "collimator"           135.827299          7.198333332         0.5167887436          6.077871008         0.5664950286          3.612150916          3.650933579                    0                    0                    0                    0         -3.123835228         0.3790923111                    0                    0                    0                    0                    0                    0                    0                    0                    0                    0                    0                    0                    0                    0                    0                    0
  "DRIFT_172"                           432              "drift"           135.827304          7.198328165         0.5167878635          6.077865343          0.566493942          3.612151027           3.65093371                    0                    0                    0                    0         -3.123833333         0.3790923111                    0                    0                    0                    0                    0                    0                    0                    0                    0                    0                    0                    0                    0                    0                    0                    0
  "BR.BHZ142"                           433              "sbend"              137.445          5.991791429         0.2338626778          4.625041797         0.3149872335          3.651502665           3.70028116                    0                    0                    0                    0         -2.819092034      9.916259101e-05                    0                    0                    0                    0                    0                    0                    0                    0                    0                    0                    0                    0                    0                    0                    0                    0
  "DRIFT_173"                           434              "drift"           137.670173           5.89539717         0.1942271016          4.495238926          0.261471181           3.65753389           3.70814399                    0                    0                    0                    0         -2.819069705      9.916259101e-05                    0                    0                    0                    0                    0                    0                    0                    0                    0                    0                    0                    0                    0                    0                    0                    0
  "BE3.BTV10"                           435         "instrument"           137.670173           5.89539717         0.1942271016          4.495238926          0.261471181           3.65753389           3.70814399                    0                    0                    0                    0         -2.819069705      9.916259101e-05                    0                    0                    0                    0                    0                    0                    0                    0                    0                    0                    0                    0                    0                    0                    0                    0
  "DRIFT_174"                           436              "drift"           137.715573           5.87812416         0.1862356677          4.471987212         0.2506811271          3.658761342          3.709755588                    0                    0                    0                    0         -2.819065203      9.916259101e-05                    0                    0                    0                    0                    0                    0                    0                    0                    0                    0                    0                    0                    0                    0                    0                    0
  "BR3.BTV15L1"                         437         "instrument"           137.715573           5.87812416         0.1862356677          4.471987212         0.2506811271          3.658761342          3.709755588                    0                    0                    0                    0         -2.819065203      9.916259101e-05                    0                    0                    0                    0                    0                    0                    0                    0                    0                    0                    0                    0                    0                    0                    0                    0
  "DRIFT_175"                           438              "drift"           137.996102          5.787487528         0.1368561747          4.350044077         0.1840088143           3.66641909          3.719885229                    0                    0                    0                    0         -2.819037385      9.916259101e-05                    0                    0                    0                    0                    0                    0                    0                    0                    0                    0                    0                    0                    0                    0                    0                    0
  "BE3.SMH15L1"                         439            "hkicker"           138.946102           5.68632135       -0.03036546112          4.214921241       -0.04177425004          3.692897278           3.75549188                    0                    0                    0                    0          -2.81894318      9.916259101e-05                    0                    0                    0                    0                    0                    0                    0                    0                    0                    0                    0                    0                    0                    0                    0                    0
  "DRIFT_176"                           440              "drift"           139.287652          5.727598181       -0.09048603977          4.271182537        -0.1229492033          3.702428137          3.768317423                    0                    0                    0                    0         -2.818909311      9.916259101e-05                    0                    0                    0                    0                    0                    0                    0                    0                    0                    0                    0                    0                    0                    0                    0                    0
  "BR3.DHZ15L1"                         441            "hkicker"           139.287652          5.727598181       -0.09048603977          4.271182537        -0.1229492033          3.702428137          3.768317423                    0                    0                    0                    0         -2.818909311      9.916259101e-05                    0                    0                    0                    0                    0                    0                    0                    0                    0                    0                    0                    0                    0                    0                    0                    0
  "BR3.DVT15L1"                         442            "vkicker"           139.287652          5.727598181       -0.09048603977          4.271182537        -0.1229492033          3.702428137          3.768317423                    0                    0                    0                    0         -2.818909311      9.916259101e-05                    0                    0                    0                    0                    0                    0                    0                    0                    0                    0                    0                    0                    0                    0                    0                    0
  "DRIFT_177"                           443              "drift"            139.63066          5.810382921        -0.1508632596          4.383490174        -0.2044706742          3.711896872          3.780947216                    0                    0                    0                    0         -2.818875298      9.916259101e-05                    0                    0                    0                    0                    0                    0                    0                    0                    0                    0                    0                    0                    0                    0                    0                    0
  "BE3.BSW15L1"                         444            "hkicker"            139.99666          5.944394134        -0.2152875951          4.564999545        -0.2914565705          3.721814919          3.793983582                    0                    0                    0                    0         -2.818839004      9.916259101e-05                    0                    0                    0                    0                    0                    0                    0                    0                    0                    0                    0                    0                    0                    0                    0                    0
  "DRIFT_178"                           445              "drift"           140.099001          5.990303236        -0.2333019419          4.627144701        -0.3157795859          3.724544606          3.797527868                    0                    0                    0                    0         -2.818828856      9.916259101e-05                    0                    0                    0                    0                    0                    0                    0                    0                    0                    0                    0                    0                    0                    0                    0                    0
  "BR.BHZ151"                           446              "sbend"           141.716697          7.195037405        -0.5162271275          6.082407406        -0.5671815167          3.763910422          3.846844692                    0                    0                    0                    0         -3.123251383        -0.3788939859                    0                    0                    0                    0                    0                    0                    0                    0                    0                    0                    0                    0                    0                    0                    0                    0
  "DRIFT_179"                           447              "drift"          141.7166995          7.195039986        -0.5162275676          6.082410242        -0.5671820599          3.763910477          3.846844758                    0                    0                    0                    0          -3.12325233        -0.3788939859                    0                    0                    0                    0                    0                    0                    0                    0                    0                    0                    0                    0                    0                    0                    0                    0
  "BR.SPSCRAP151"                       448         "collimator"          141.7166995          7.195039986        -0.5162275676          6.082410242        -0.5671820599          3.763910477          3.846844758                    0                    0                    0                    0          -3.12325233        -0.3788939859                    0                    0                    0                    0                    0                    0                    0                    0                    0                    0                    0                    0                    0                    0                    0                    0
  "DRIFT_180"                           449              "drift"           142.083012          7.596860797        -0.5807069102          6.527100096        -0.6467810281          3.771799369          3.856102793                    0                    0                    0                    0         -3.262045933        -0.3788939859                    0                    0                    0                    0                    0                    0                    0                    0                    0                    0                    0                    0                    0                    0                    0                    0
  "BR.QFO151"                           450         "quadrupole"           142.586582          6.833916864          2.001220503          8.603596052         -3.727854126          3.782591149          3.867139278                    0                    0                    0                    0         -3.150042868          0.816854278                    0                    0                    0                    0                    0                    0         0.3672018884                    0                    0                    0                    0                    0                    0                    0                    0                    0
  "DRIFT_181"                           451              "drift"           142.912834          5.606065089          1.762286773          11.22033443         -4.292750736          3.790984023          3.872425072                    0                    0                    0                    0         -2.883542526          0.816854278                    0                    0                    0                    0                    0                    0                    0                    0                    0                    0                    0                    0                    0                    0                    0                    0
  "BR3.BPM15L3"                         452            "monitor"           142.912834          5.606065089          1.762286773          11.22033443         -4.292750736          3.790984023          3.872425072                    0                    0                    0                    0         -2.883542526          0.816854278                    0                    0                    0                    0                    0                    0                    0                    0                    0                    0                    0                    0                    0                    0                    0                    0
  "BR3.ONOH0.15L3"                      453          "multipole"           142.912834          5.606065089          1.762286773          11.22033443         -4.292750736          3.790984023          3.872425072                    0                    0                    0                    0         -2.883542526          0.816854278                    0                    0                    0                    0                    0                    0                    0                    0                    0                    0                    0                    0                    0                    0                    0                    0
  "BR3.QSKH0.15L3"                      454          "multipole"           142.912834          5.606065089          1.762286773          11.22033443         -4.292750736          3.790984023          3.872425072                    0                    0                    0                    0         -2.883542526          0.816854278                    0                    0                    0                    0                    0                    0                    0                    0                    0                    0                    0                    0                    0                    0                    0                    0
  "BR3.XNOH0.15L3"                      455          "multipole"           142.912834          5.606065089          1.762286773          11.22033443         -4.292750736          3.790984023          3.872425072                    0                    0                    0                    0         -2.883542526          0.816854278                    0                    0                    0                    0                    0                    0                    0                    0                    0                    0                    0                    0                    0                    0                    0                    0
  "DRIFT_182"                           456              "drift"           143.240327          4.530338693          1.522444184          14.21772945         -4.859796104          3.801333869          3.876552247                    0                    0                    0                    0         -2.616028468          0.816854278                    0                    0                    0                    0                    0                    0                    0                    0                    0                    0                    0                    0                    0                    0                    0                    0
  "BR.QDE15"                            457         "quadrupole"           144.119267          4.530522127         -1.522691429          14.21895176          4.858682796          3.835518806          3.885479335                    0                    0                    0                    0         -2.616102079        -0.8170297288                    0                    0                    0                    0                    0                    0        -0.6542018271                    0                    0                    0                    0                    0                    0                    0                    0                    0
  "DRIFT_183"                           458              "drift"           144.221834           4.85058376         -1.597821343          13.24047624          4.681184092          3.839001308          3.886669059                    0                    0                    0                    0         -2.699902367        -0.8170297288                    0                    0                    0                    0                    0                    0                    0                    0                    0                    0                    0                    0                    0                    0                    0                    0
  "BE3.BSW15L4"                         459            "hkicker"           144.691834          6.514344182         -1.942094447          9.222444659          3.867819261          3.852324029          3.893440392                    0                    0                    0                    0          -3.08390634        -0.8170297288                    0                    0                    0                    0                    0                    0                    0                    0                    0                    0                    0                    0                    0                    0                    0                    0
  "DRIFT_184"                           460              "drift"           144.774012          6.838485766         -2.002289501          8.598432239          3.725605016          3.854283647          3.894909147                    0                    0                    0                    0         -3.151048209        -0.8170297288                    0                    0                    0                    0                    0                    0                    0                    0                    0                    0                    0                    0                    0                    0                    0                    0
  "BR.QFO152"                           461         "quadrupole"           145.277582          7.601616933         0.5814272988          6.523230746         0.6463030416          3.865068434           3.90595223                    0                    0                    0                    0         -3.263045402          0.379092399                    0                    0                    0                    0                    0                    0         0.3672018884                    0                    0                    0                    0                    0                    0                    0                    0                    0
  "DRIFT_185"                           462              "drift"           145.644799          7.198333332         0.5167887436          6.077870692         0.5664949894          3.872972535          3.915239376                    0                    0                    0                    0         -3.123836229          0.379092399                    0                    0                    0                    0                    0                    0                    0                    0                    0                    0                    0                    0                    0                    0                    0                    0
  "BR.STSCRAP152"                       463         "collimator"           145.644799          7.198333332         0.5167887436          6.077870692         0.5664949894          3.872972535          3.915239376                    0                    0                    0                    0         -3.123836229          0.379092399                    0                    0                    0                    0                    0                    0                    0                    0                    0                    0                    0                    0                    0                    0                    0                    0
  "DRIFT_186"                           464              "drift"           145.644804          7.198328165         0.5167878635          6.077865027         0.5664939027          3.872972646          3.915239507                    0                    0                    0                    0         -3.123834333          0.379092399                    0                    0                    0                    0                    0                    0                    0                    0                    0                    0                    0                    0                    0                    0                    0                    0
  "BR.BHZ152"                           465              "sbend"             147.2625          5.991791429         0.2338626778          4.625041627         0.3149871838          3.912324284           3.96458696                    0                    0                    0                    0         -2.819092893      9.925049909e-05                    0                    0                    0                    0                    0                    0                    0                    0                    0                    0                    0                    0                    0                    0                    0                    0
  "DRIFT_187"                           466              "drift"             147.6255           5.84520147         0.1699664107          4.427677994         0.2287142859          3.922092638          3.977367458                    0                    0                    0                    0         -2.819056865      9.925049909e-05                    0                    0                    0                    0                    0                    0                    0                    0                    0                    0                    0                    0                    0                    0                    0                    0
  "BR3.ONO16L1"                         467          "multipole"             147.6255           5.84520147         0.1699664107          4.427677994         0.2287142859          3.922092638          3.977367458                    0                    0                    0                    0         -2.819056865      9.925049909e-05                    0                    0                    0                    0                    0                    0                    0                    0                    0                    0                    0                    0                    0                    0                    0                    0
  "BR3.QNO16L1"                         468          "multipole"             147.6255           5.84520147         0.1699664107          4.427677994         0.2287142859          3.922092638          3.977367458                    0                    0                    0                    0         -2.819056865      9.925049909e-05                    0                    0                    0                    0                    0                    0                    0                    0                    0                    0                    0                    0                    0                    0                    0                    0
  "BR3.XNO16L1"                         469          "multipole"             147.6255           5.84520147         0.1699664107          4.427677994         0.2287142859          3.922092638          3.977367458                    0                    0                    0                    0         -2.819056865      9.925049909e-05                    0                    0                    0                    0                    0                    0                    0                    0                    0                    0                    0                    0                    0                    0                    0                    0
  "DRIFT_188"                           470              "drift"              148.038          5.734930557        0.09735701616          4.279429129         0.1306769019          3.933441396          3.992472269                    0                    0                    0                    0         -2.819015924      9.925049909e-05                    0                    0                    0                    0                    0                    0                    0                    0                    0                    0                    0                    0                    0                    0                    0                    0
  "BI3.KSW16L1"                         471            "hkicker"              148.408          5.686983883        0.03222858957           4.21526475        0.04274033933          3.943760003          4.006354759                    0                    0                    0                    0         -2.818979201      9.925049909e-05                    0                    0                    0                    0                    0                    0                    0                    0                    0                    0                    0                    0                    0                    0                    0                    0
  "DRIFT_189"                           472              "drift"            149.25851          5.759491519        -0.1174805404           4.31448266        -0.1593972981          3.967499863           4.03831019                    0                    0                    0                    0         -2.818894788      9.925049909e-05                    0                    0                    0                    0                    0                    0                    0                    0                    0                    0                    0                    0                    0                    0                    0                    0
  "BR3.DHZ16L1"                         473            "hkicker"            149.25851          5.759491519        -0.1174805404           4.31448266        -0.1593972981          3.967499863           4.03831019                    0                    0                    0                    0         -2.818894788      9.925049909e-05                    0                    0                    0                    0                    0                    0                    0                    0                    0                    0                    0                    0                    0                    0                    0                    0
  "BR3.DVT16L1"                         474            "vkicker"            149.25851          5.759491519        -0.1174805404           4.31448266        -0.1593972981          3.967499863           4.03831019                    0                    0                    0                    0         -2.818894788      9.925049909e-05                    0                    0                    0                    0                    0                    0                    0                    0                    0                    0                    0                    0                    0                    0                    0                    0
  "DRIFT_190"                           475              "drift"          149.9165015          5.990303469        -0.2333020299          4.627145125        -0.3157797596          3.985366238          4.061833686                    0                    0                    0                    0         -2.818829482      9.925049909e-05                    0                    0                    0                    0                    0                    0                    0                    0                    0                    0                    0                    0                    0                    0                    0                    0
  "BR.BHZ161"                           476              "sbend"          151.5341975          7.195037921        -0.5162272155          6.082408371        -0.5671816713          4.024732052          4.111150504                    0                    0                    0                    0         -3.123251867         -0.378893898                    0                    0                    0                    0                    0                    0                    0                    0                    0                    0                    0                    0                    0                    0                    0                    0
  "DRIFT_191"                           477              "drift"             151.5342          7.195040502        -0.5162276556          6.082411207        -0.5671822146          4.024732107           4.11115057                    0                    0                    0                    0         -3.123252815         -0.378893898                    0                    0                    0                    0                    0                    0                    0                    0                    0                    0                    0                    0                    0                    0                    0                    0
  "BR.STSCRAP161"                       478         "collimator"             151.5342          7.195040502        -0.5162276556          6.082411207        -0.5671822146          4.024732107           4.11115057                    0                    0                    0                    0         -3.123252815         -0.378893898                    0                    0                    0                    0                    0                    0                    0                    0                    0                    0                    0                    0                    0                    0                    0                    0
  "DRIFT_192"                           479              "drift"           151.900512          7.596860797        -0.5807069102          6.527100526         -0.646781072          4.032620988          4.120408591                    0                    0                    0                    0         -3.262046196         -0.378893898                    0                    0                    0                    0                    0                    0                    0                    0                    0                    0                    0                    0                    0                    0                    0                    0
  "BR.QFO161"                           480         "quadrupole"           152.404082          6.833916864          2.001220503          8.603596615         -3.727854362          4.043412768          4.131445075                    0                    0                    0                    0         -3.150043064         0.8168544515                    0                    0                    0                    0                    0                    0         0.3672018884                    0                    0                    0                    0                    0                    0                    0                    0                    0
  "DRIFT_193"                           481              "drift"           152.730339          5.606047466          1.762283111          11.22037808         -4.292759659          4.051805784           4.13673094                    0                    0                    0                    0         -2.883538581         0.8168544515                    0                    0                    0                    0                    0                    0                    0                    0                    0                    0                    0                    0                    0                    0                    0                    0
  "BR3.BPM16L3"                         482            "monitor"           152.730339          5.606047466          1.762283111          11.22037808         -4.292759659          4.051805784           4.13673094                    0                    0                    0                    0         -2.883538581         0.8168544515                    0                    0                    0                    0                    0                    0                    0                    0                    0                    0                    0                    0                    0                    0                    0                    0
  "BR3.ONOH0.16L3"                      483          "multipole"           152.730339          5.606047466          1.762283111          11.22037808         -4.292759659          4.051805784           4.13673094                    0                    0                    0                    0         -2.883538581         0.8168544515                    0                    0                    0                    0                    0                    0                    0                    0                    0                    0                    0                    0                    0                    0                    0                    0
  "BR3.QNO16L3"                         484          "multipole"           152.730339          5.606047466          1.762283111          11.22037808         -4.292759659          4.051805784           4.13673094                    0                    0                    0                    0         -2.883538581         0.8168544515                    0                    0                    0                    0                    0                    0                    0                    0                    0                    0                    0                    0                    0                    0                    0                    0
  "BR3.XNOH0.16L3"                      485          "multipole"           152.730339          5.606047466          1.762283111          11.22037808         -4.292759659          4.051805784           4.13673094                    0                    0                    0                    0         -2.883538581         0.8168544515                    0                    0                    0                    0                    0                    0                    0                    0                    0                    0                    0                    0                    0                    0                    0                    0
  "DRIFT_194"                           486              "drift"           153.057827          4.530338693          1.522444184          14.21773036           -4.8597964          4.062155488          4.140858043                    0                    0                    0                    0          -2.61602855         0.8168544515                    0                    0                    0                    0                    0                    0                    0                    0                    0                    0                    0                    0                    0                    0                    0                    0
  "BR.QDE16"                            487         "quadrupole"           153.936767          4.530522127         -1.522691429          14.21895264          4.858683119          4.096340425          4.149785131                    0                    0                    0                    0         -2.616102019        -0.8170295624                    0                    0                    0                    0                    0                    0        -0.6542018271                    0                    0                    0                    0                    0                    0                    0                    0                    0
  "DRIFT_195"                           488              "drift"           154.079339          4.979597732         -1.627124844          12.86870508          4.611953208          4.101118449          4.151462626                    0                    0                    0                    0         -2.732587558        -0.8170295624                    0                    0                    0                    0                    0                    0                    0                    0                    0                    0                    0                    0                    0                    0                    0                    0
  "BI3.KSW16L4"                         489            "hkicker"           154.449339          6.283948815         -1.898148352          9.692773862          3.971644682          4.111653232          4.156736259                    0                    0                    0                    0         -3.034888496        -0.8170295624                    0                    0                    0                    0                    0                    0                    0                    0                    0                    0                    0                    0                    0                    0                    0                    0
  "DRIFT_196"                           490              "drift"           154.591512          6.838485766         -2.002289501          8.598432745          3.725605265          4.115105266          4.159214942                    0                    0                    0                    0          -3.15104804        -0.8170295624                    0                    0                    0                    0                    0                    0                    0                    0                    0                    0                    0                    0                    0                    0                    0                    0
  "BR.QFO162"                           491         "quadrupole"           155.095082          7.601616933         0.5814272988            6.5232311         0.6463031142          4.125890053          4.170258025                    0                    0                    0                    0         -3.263045167         0.3790924901                    0                    0                    0                    0                    0                    0         0.3672018884                    0                    0                    0                    0                    0                    0                    0                    0                    0
  "DRIFT_197"                           492              "drift"           155.218397          7.460896224         0.5597210503          6.367138243         0.6195028025          4.128496248          4.173303528                    0                    0                    0                    0         -3.216297377         0.3790924901                    0                    0                    0                    0                    0                    0                    0                    0                    0                    0                    0                    0                    0                    0                    0                    0
  "BR3.VVS16L5"                         493             "marker"           155.218397          7.460896224         0.5597210503          6.367138243         0.6195028025          4.128496248          4.173303528                    0                    0                    0                    0         -3.216297377         0.3790924901                    0                    0                    0                    0                    0                    0                    0                    0                    0                    0                    0                    0                    0                    0                    0                    0
  "DRIFT_198"                           494              "drift"           155.462299          7.198333332         0.5167887436          6.077870992         0.5664950611          4.133794154          4.179545171                    0                    0                    0                    0         -3.123835961         0.3790924901                    0                    0                    0                    0                    0                    0                    0                    0                    0                    0                    0                    0                    0                    0                    0                    0
  "BR.STSCRAP162"                       495         "collimator"           155.462299          7.198333332         0.5167887436          6.077870992         0.5664950611          4.133794154          4.179545171                    0                    0                    0                    0         -3.123835961         0.3790924901                    0                    0                    0                    0                    0                    0                    0                    0                    0                    0                    0                    0                    0                    0                    0                    0
  "DRIFT_199"                           496              "drift"           155.462304          7.198328165         0.5167878635          6.077865327         0.5664939745          4.133794265          4.179545302                    0                    0                    0                    0         -3.123834065         0.3790924901                    0                    0                    0                    0                    0                    0                    0                    0                    0                    0                    0                    0                    0                    0                    0                    0
  "BR.BHZ162"                           497              "sbend"               157.08          5.991791429         0.2338626778          4.625041696         0.3149872528          4.173145903          4.228892753                    0                    0                    0                    0         -2.819092478      9.934162215e-05                    0                    0                    0                    0                    0                    0                    0                    0                    0                    0                    0                    0                    0                    0                    0                    0
