@ NAME                 %s               "PSB3"
@ TYPE                 %s              "twiss"
@ TITLE                %n                  nil
@ ORIGIN               %s "MAD 1.1.14 Linux 64"
@ DATE                 %s           "31/08/26"
@ TIME                 %s           "03:02:59"
@ REFCOL               %s               "name"
@ DIRECTION            %le                    1
@ OBSERVE              %le                    0
@ ENERGY               %le          1.098272088
@ DELTAP               %le                    0
@ LENGTH               %le               157.08
@ ALFAP                %le        0.06505500006
@ Q1                   %le          4.177343136
@ Q2                   %le          4.237517622
@ Q3                   %le                    0
@ DQ1                  %le         -6.464167015
@ DQ2                  %le         -13.09385184
@ DQ3                  %le                    0
* NAME                                INDEX                 KIND                    S                 BETX                 ALFX                 BETY                 ALFY                  MUX                  MUY                    X                   PX                    Y                   PY                   DX                  DPX                   DY                  DPY                  R11                  R12                  R21                  R22                  K1L                  K2L                  K3L                  K4L                  K5L                 K1SL                 K2SL                 K3SL                 K4SL                 K5SL
$ %s                                     %d                   %s                  %le                  %le                  %le                  %le                  %le                  %le                  %le                  %le                  %le                  %le                  %le                  %le                  %le                  %le                  %le                  %le                  %le                  %le                  %le                  %le                  %le                  %le                  %le                  %le                  %le                  %le                  %le                  %le                  %le
  "DRIFT_0"                               1              "drift"               0.1795          5.906907355         0.2025119947          4.506033405         0.2732800713       0.004805382727       0.006268494387                    0                    0                    0                    0         -2.813321858      9.933822495e-05                    0                    0                    0                    0                    0                    0                    0                    0                    0                    0                    0                    0                    0                    0                    0                    0
  "BI3.BSW1L1.1"                          2              "rbend"               0.4925          5.797400533         0.1473500534          4.358325536         0.1986300554        0.01332215489        0.01751892586                    0                    0                    0                    0         -2.813290765      9.933822495e-05                    0                    0                    0                    0                    0                    0                    0                    0                    0                    0                    0                    0                    0                    0                    0                    0
  "DRIFT_1"                               3              "drift"               0.8695          5.711346873         0.0809089931           4.24245602         0.1087161386         0.0237570179        0.03149068012                    0                    0                    0                    0         -2.813253315      9.933822495e-05                    0                    0                    0                    0                    0                    0                    0                    0                    0                    0                    0                    0                    0                    0                    0                    0
  "BI3.BSW1L1.2"                          4              "rbend"               1.1945           5.67737098        0.02363221699          4.196981929        0.03120414126        0.03284561085         0.0437610199                    0                    0                    0                    0          -2.81322103      9.933822495e-05                    0                    0                    0                    0                    0                    0                    0                    0                    0                    0                    0                    0                    0                    0                    0                    0
  "DRIFT_2"                               5              "drift"             1.327628          5.674202206      0.0001702395972          4.192900563     -0.0005466808214        0.03657900058        0.04881270923                    0                    0                    0                    0         -2.813207805      9.933822495e-05                    0                    0                    0                    0                    0                    0                    0                    0                    0                    0                    0                    0                    0                    0                    0                    0
  "BI3.BTV1L1"                            6         "instrument"             1.327628          5.674202206      0.0001702395972          4.192900563     -0.0005466808214        0.03657900058        0.04881270923                    0                    0                    0                    0         -2.813207805      9.933822495e-05                    0                    0                    0                    0                    0                    0                    0                    0                    0                    0                    0                    0                    0                    0                    0                    0
  "DRIFT_3"                               7              "drift"                1.334          5.674207192     -0.0009527376872          4.192917214      -0.002066392965        0.03675772792        0.04905457847                    0                    0                    0                    0         -2.813207172      9.933822495e-05                    0                    0                    0                    0                    0                    0                    0                    0                    0                    0                    0                    0                    0                    0                    0                    0
  "BI3.BCSF1L1"                           8         "instrument"                1.334          5.674207192     -0.0009527376872          4.192917214      -0.002066392965        0.03675772792        0.04905457847                    0                    0                    0                    0         -2.813207172      9.933822495e-05                    0                    0                    0                    0                    0                    0                    0                    0                    0                    0                    0                    0                    0                    0                    0                    0
  "BI3.TSTR1L1"                           9         "instrument"                1.334          5.674207192     -0.0009527376872          4.192917214      -0.002066392965        0.03675772792        0.04905457847                    0                    0                    0                    0         -2.813207172      9.933822495e-05                    0                    0                    0                    0                    0                    0                    0                    0                    0                    0                    0                    0                    0                    0                    0                    0
  "DRIFT_4"                              10              "drift"               1.3975          5.675038819       -0.01214373856          4.194141331       -0.01721104475        0.03853873607         0.0514646547                    0                    0                    0                    0         -2.813200864      9.933822495e-05                    0                    0                    0                    0                    0                    0                    0                    0                    0                    0                    0                    0                    0                    0                    0                    0
  "BI3.BSW1L1.3"                         11              "rbend"               1.7225          5.701547201       -0.06942051468          4.230519909       -0.09472304205        0.04763701573        0.06375649533                    0                    0                    0                    0         -2.813168579      9.933822495e-05                    0                    0                    0                    0                    0                    0                    0                    0                    0                    0                    0                    0                    0                    0                    0                    0
  "DRIFT_5"                              12              "drift"               2.0935          5.777314554        -0.1348041576          4.333631572        -0.1832059682        0.05793228222        0.07756402859                    0                    0                    0                    0         -2.813131725      9.933822495e-05                    0                    0                    0                    0                    0                    0                    0                    0                    0                    0                    0                    0                    0                    0                    0                    0
  "BI3.BSW1L1.4"                         13              "rbend"               2.4185          5.883552209        -0.1920809337           4.47790685        -0.2607179655        0.06680886607        0.08931664981                    0                    0                    0                    0          -2.81309944      9.933822495e-05                    0                    0                    0                    0                    0                    0                    0                    0                    0                    0                    0                    0                    0                    0                    0                    0
  "DRIFT_6"                              14              "drift"                2.456          5.898206111        -0.1986897925          4.497796086        -0.2696616575        0.06782201795        0.09064654998                    0                    0                    0                    0         -2.813095715      9.933822495e-05                    0                    0                    0                    0                    0                    0                    0                    0                    0                    0                    0                    0                    0                    0                    0                    0
  "BI3.TDI1L1"                           15         "collimator"                2.526           5.92688624        -0.2110263289          4.536717361        -0.2863565492        0.06970633965        0.09311295737                    0                    0                    0                    0         -2.813088761      9.933822495e-05                    0                    0                    0                    0                    0                    0                    0                    0                    0                    0                    0                    0                    0                    0                    0                    0
  "DRIFT_7"                              16              "drift"             2.654001          5.983796901        -0.2335847431           4.61393283        -0.3168845897        0.07312743533        0.09756627499                    0                    0                    0                    0         -2.813076046      9.933822495e-05                    0                    0                    0                    0                    0                    0                    0                    0                    0                    0                    0                    0                    0                    0                    0                    0
  "BR.BHZ11"                             17              "sbend"             4.271697          7.189991645         -0.516853027          6.075365968          -0.56982034         0.1125292021         0.1469855808                    0                    0                    0                    0          -3.11749829        -0.3788938102                    0                    0                    0                    0                    0                    0                    0                    0                    0                    0                    0                    0                    0                    0                    0                    0
  "DRIFT_8"                              18              "drift"               4.2717          7.189994746        -0.5168535557          6.075369387        -0.5698209942         0.1125292685         0.1469856594                    0                    0                    0                    0         -3.117499427        -0.3788938102                    0                    0                    0                    0                    0                    0                    0                    0                    0                    0                    0                    0                    0                    0                    0                    0
  "BR.SPSCRAP11"                         19         "collimator"               4.2717          7.189994746        -0.5168535557          6.075369387        -0.5698209942         0.1125292685         0.1469856594                    0                    0                    0                    0         -3.117499427        -0.3788938102                    0                    0                    0                    0                    0                    0                    0                    0                    0                    0                    0                    0                    0                    0                    0                    0
  "DRIFT_9"                              20              "drift"             4.514819          7.451725353        -0.5596999327          6.365325882        -0.6228315583         0.1178164743         0.1532094226                    0                    0                    0                    0         -3.209615711        -0.3788938102                    0                    0                    0                    0                    0                    0                    0                    0                    0                    0                    0                    0                    0                    0                    0                    0
  "BR3.VVS1L2"                           21             "marker"             4.514819          7.451725353        -0.5596999327          6.365325882        -0.6228315583         0.1178164743         0.1532094226                    0                    0                    0                    0         -3.209615711        -0.3788938102                    0                    0                    0                    0                    0                    0                    0                    0                    0                    0                    0                    0                    0                    0                    0                    0
  "DRIFT_10"                             22              "drift"             4.638012          7.592302233        -0.5814110031          6.522092002        -0.6496930147         0.1204232905          0.156252611                    0                    0                    0                    0         -3.256292777        -0.3788938102                    0                    0                    0                    0                    0                    0                    0                    0                    0                    0                    0                    0                    0                    0                    0                    0
  "BR.QFO11"                             23         "quadrupole"             5.141582          6.829196751          2.002105943          8.602921644         -3.734382089         0.1312216288         0.1672941927                    0                    0                    0                    0         -3.144442199         0.8162492433                    0                    0                    0                    0                    0                    0         0.3676598381                    0                    0                    0                    0                    0                    0                    0                    0                    0
  "DRIFT_11"                             24              "drift"             5.467797          5.601006799          1.762864863          11.22421842         -4.301106074         0.1396202458         0.1725786795                    0                    0                    0                    0         -2.878169452         0.8162492433                    0                    0                    0                    0                    0                    0                    0                    0                    0                    0                    0                    0                    0                    0                    0                    0
  "BR3.BPM1L3"                           25            "monitor"             5.467797          5.601006799          1.762864863          11.22421842         -4.301106074         0.1396202458         0.1725786795                    0                    0                    0                    0         -2.878169452         0.8162492433                    0                    0                    0                    0                    0                    0                    0                    0                    0                    0                    0                    0                    0                    0                    0                    0
  "BR3.ONOH0.1L3"                        26          "multipole"             5.467797          5.601006799          1.762864863          11.22421842         -4.301106074         0.1396202458         0.1725786795                    0                    0                    0                    0         -2.878169452         0.8162492433                    0                    0                    0                    0                    0                    0                    0                    0                    0                    0                    0                    0                    0                    0                    0                    0
  "BR3.QSKH0.1L3"                        27          "multipole"             5.467797          5.601006799          1.762864863          11.22421842         -4.301106074         0.1396202458         0.1725786795                    0                    0                    0                    0         -2.878169452         0.8162492433                    0                    0                    0                    0                    0                    0                    0                    0                    0                    0                    0                    0                    0                    0                    0                    0
  "BR3.XNOH0.1L3"                        28          "multipole"             5.467797          5.601006799          1.762864863          11.22421842         -4.301106074         0.1396202458         0.1725786795                    0                    0                    0                    0         -2.878169452         0.8162492433                    0                    0                    0                    0                    0                    0                    0                    0                    0                    0                    0                    0                    0                    0                    0                    0
  "DRIFT_12"                             29              "drift"             5.795327          4.524899044          1.522659382          14.22806831          -4.87011457         0.1499821739         0.1767041058                    0                    0                    0                    0         -2.610823338         0.8162492433                    0                    0                    0                    0                    0                    0                    0                    0                    0                    0                    0                    0                    0                    0                    0                    0
  "BR.QDE1"                              30         "quadrupole"             6.674267          4.525083799         -1.522908457          14.22929355          4.868998972         0.1842130536          0.185623533                    0                    0                    0                    0         -2.610896975        -0.8164247647                    0                    0                    0                    0                    0                    0        -0.6550591552                    0                    0                    0                    0                    0                    0                    0                    0                    0
  "DRIFT_13"                             31              "drift"             6.816797          4.974105444           -1.6274574          12.87661048          4.621515834          0.188995179         0.1872994094                    0                    0                    0                    0         -2.727261996        -0.8164247647                    0                    0                    0                    0                    0                    0                    0                    0                    0                    0                    0                    0                    0                    0                    0                    0
  "BI3.KSW1L4"                           32            "hkicker"             7.186797          6.278843132         -1.898860675          9.694396204          3.979063288         0.1995400758          0.192570981                    0                    0                    0                    0         -3.029339159        -0.8164247647                    0                    0                    0                    0                    0                    0                    0                    0                    0                    0                    0                    0                    0                    0                    0                    0
  "DRIFT_14"                             33              "drift"             7.329012          6.833771642         -2.003178558          8.597749263          3.732127102         0.2029957247         0.1950502882                    0                    0                    0                    0         -3.145447007        -0.8164247647                    0                    0                    0                    0                    0                    0                    0                    0                    0                    0                    0                    0                    0                    0                    0                    0
  "BR.QFO12"                             34         "quadrupole"             7.832582          7.597065719          0.582132505          6.518217178         0.6492141957         0.2137870524         0.2060984836                    0                    0                    0                    0         -3.257291679          0.379092421                    0                    0                    0                    0                    0                    0         0.3676598381                    0                    0                    0                    0                    0                    0                    0                    0                    0
  "DRIFT_15"                             35              "drift"             7.997852          7.409461388         0.5530059426          6.309582535         0.6131724623         0.2172932229         0.2102005012                    0                    0                    0                    0         -3.194639075          0.379092421                    0                    0                    0                    0                    0                    0                    0                    0                    0                    0                    0                    0                    0                    0                    0                    0
  "BR3.BPP1L5"                           36            "monitor"             7.997852          7.409461388         0.5530059426          6.309582535         0.6131724623         0.2172932229         0.2102005012                    0                    0                    0                    0         -3.194639075          0.379092421                    0                    0                    0                    0                    0                    0                    0                    0                    0                    0                    0                    0                    0                    0                    0                    0
  "DRIFT_16"                             37              "drift"             8.199799          7.193292976         0.5174155638          6.070819638         0.5691322859         0.2216962944         0.2153946054                    0                    0                    0                    0         -3.118082498          0.379092421                    0                    0                    0                    0                    0                    0                    0                    0                    0                    0                    0                    0                    0                    0                    0                    0
  "BR.STSCRAP12"                         38         "collimator"             8.199799          7.193292976         0.5174155638          6.070819638         0.5691322859         0.2216962944         0.2153946054                    0                    0                    0                    0         -3.118082498          0.379092421                    0                    0                    0                    0                    0                    0                    0                    0                    0                    0                    0                    0                    0                    0                    0                    0
  "DRIFT_17"                             39              "drift"             8.199804          7.193287802         0.5174146826          6.070813946         0.5691311955         0.2216964051         0.2153947364                    0                    0                    0                    0         -3.118080602          0.379092421                    0                    0                    0                    0                    0                    0                    0                    0                    0                    0                    0                    0                    0                    0                    0                    0
  "BR.BHZ12"                             40              "sbend"               9.8175          5.985287536         0.2341463988          4.611825483          0.316090461          0.261083946         0.2648448582                    0                    0                    0                    0         -2.813339126      9.927254227e-05                    0                    0                    0                    0                    0                    0                    0                    0                    0                    0                    0                    0                    0                    0                    0                    0
  "DRIFT_18"                             41              "drift"              10.7355          5.703913252        0.07236153574          4.232471755        0.09714889378         0.2861933832         0.2981571904                    0                    0                    0                    0         -2.813247994      9.927254227e-05                    0                    0                    0                    0                    0                    0                    0                    0                    0                    0                    0                    0                    0                    0                    0                    0
  "BR3.BWS.2L1.V_ROT"                    42            "monitor"              10.7355          5.703913252        0.07236153574          4.232471755        0.09714889378         0.2861933832         0.2981571904                    0                    0                    0                    0         -2.813247994      9.927254227e-05                    0                    0                    0                    0                    0                    0                    0                    0                    0                    0                    0                    0                    0                    0                    0                    0
  "DRIFT_19"                             43              "drift"              10.8335          5.691422964        0.05509038479          4.215721111        0.07377604674         0.2889309879         0.3018499599                    0                    0                    0                    0         -2.813238265      9.927254227e-05                    0                    0                    0                    0                    0                    0                    0                    0                    0                    0                    0                    0                    0                    0                    0                    0
  "BR3.BWS.2L1.H_ROT"                    44            "monitor"              10.8335          5.691422964        0.05509038479          4.215721111        0.07377604674         0.2889309879         0.3018499599                    0                    0                    0                    0         -2.813238265      9.927254227e-05                    0                    0                    0                    0                    0                    0                    0                    0                    0                    0                    0                    0                    0                    0                    0                    0
  "DRIFT_20"                             45              "drift"              11.3695          5.682998037       -0.03937223675          4.205152836       -0.05405911668         0.3039530922         0.3221659576                    0                    0                    0                    0         -2.813185055      9.927254227e-05                    0                    0                    0                    0                    0                    0                    0                    0                    0                    0                    0                    0                    0                    0                    0                    0
  "BI3.KSW2L1"                           46            "hkicker"              11.7395          5.736260232        -0.1045796434          4.277807019        -0.1423035392         0.3142741241         0.3360678129                    0                    0                    0                    0         -2.813148324      9.927254227e-05                    0                    0                    0                    0                    0                    0                    0                    0                    0                    0                    0                    0                    0                    0                    0                    0
  "DRIFT_21"                             47              "drift"            12.471501          5.983796901        -0.2335847431          4.613933222        -0.3168846352         0.3342113813         0.3624111278                    0                    0                    0                    0         -2.813075657      9.927254227e-05                    0                    0                    0                    0                    0                    0                    0                    0                    0                    0                    0                    0                    0                    0                    0                    0
  "BR.BHZ21"                             48              "sbend"            14.089197          7.189991645         -0.516853027          6.075366453        -0.5698203512         0.3736131481         0.4118304294                    0                    0                    0                    0         -3.117498007        -0.3788938759                    0                    0                    0                    0                    0                    0                    0                    0                    0                    0                    0                    0                    0                    0                    0                    0
  "DRIFT_22"                             49              "drift"           14.0891995          7.189994229        -0.5168534675          6.075369302        -0.5698208963         0.3736132034         0.4118304949                    0                    0                    0                    0         -3.117498954        -0.3788938759                    0                    0                    0                    0                    0                    0                    0                    0                    0                    0                    0                    0                    0                    0                    0                    0
  "BR.STSCRAP21"                         50         "collimator"           14.0891995          7.189994229        -0.5168534675          6.075369302        -0.5698208963         0.3736132034         0.4118304949                    0                    0                    0                    0         -3.117498954        -0.3788938759                    0                    0                    0                    0                    0                    0                    0                    0                    0                    0                    0                    0                    0                    0                    0                    0
  "DRIFT_23"                             51              "drift"            14.455512          7.592302233        -0.5814110031          6.522092494        -0.6496930202         0.3815072365         0.4210974589                    0                    0                    0                    0         -3.256292517        -0.3788938759                    0                    0                    0                    0                    0                    0                    0                    0                    0                    0                    0                    0                    0                    0                    0                    0
  "BR.QFO21"                             52         "quadrupole"            14.959082          6.829196751          2.002105943          8.602922235         -3.734382292         0.3923055748         0.4321390398                    0                    0                    0                    0         -3.144441996         0.8162490912                    0                    0                    0                    0                    0                    0         0.3676598381                    0                    0                    0                    0                    0                    0                    0                    0                    0
  "DRIFT_24"                             53              "drift"            15.285302          5.600989171          1.762861196          11.22426216         -4.301114982         0.4007043339         0.4374235972                    0                    0                    0                    0         -2.878165217         0.8162490912                    0                    0                    0                    0                    0                    0                    0                    0                    0                    0                    0                    0                    0                    0                    0                    0
  "BR3.BPM2L3"                           54            "monitor"            15.285302          5.600989171          1.762861196          11.22426216         -4.301114982         0.4007043339         0.4374235972                    0                    0                    0                    0         -2.878165217         0.8162490912                    0                    0                    0                    0                    0                    0                    0                    0                    0                    0                    0                    0                    0                    0                    0                    0
  "BR3.ONOH0.2L3"                        55          "multipole"            15.285302          5.600989171          1.762861196          11.22426216         -4.301114982         0.4007043339         0.4374235972                    0                    0                    0                    0         -2.878165217         0.8162490912                    0                    0                    0                    0                    0                    0                    0                    0                    0                    0                    0                    0                    0                    0                    0                    0
  "BR3.QSK2L3"                           56          "multipole"            15.285302          5.600989171          1.762861196          11.22426216         -4.301114982         0.4007043339         0.4374235972                    0                    0                    0                    0         -2.878165217         0.8162490912                    0                    0                    0                    0                    0                    0                    0                    0                    0                    0                    0                    0                    0                    0                    0                    0
  "BR3.XNOH0.2L3"                        57          "multipole"            15.285302          5.600989171          1.762861196          11.22426216         -4.301114982         0.4007043339         0.4374235972                    0                    0                    0                    0         -2.878165217         0.8162490912                    0                    0                    0                    0                    0                    0                    0                    0                    0                    0                    0                    0                    0                    0                    0                    0
  "DRIFT_25"                             58              "drift"            15.612827          4.524899044          1.522659382          14.22806919          -4.87011481         0.4110661199         0.4415489523                    0                    0                    0                    0         -2.610823234         0.8162490912                    0                    0                    0                    0                    0                    0                    0                    0                    0                    0                    0                    0                    0                    0                    0                    0
  "BR.QDE2"                              59         "quadrupole"            16.491767          4.525083799         -1.522908457          14.22929433          4.868999306         0.4452969995          0.450468379                    0                    0                    0                    0         -2.610896986        -0.8164248878                    0                    0                    0                    0                    0                    0        -0.6550591552                    0                    0                    0                    0                    0                    0                    0                    0                    0
  "DRIFT_26"                             60              "drift"            16.819302          5.601387117         -1.763162705          11.22603405          4.300281169          0.455658522         0.4545933567                    0                    0                    0                    0         -2.878304711        -0.8164248878                    0                    0                    0                    0                    0                    0                    0                    0                    0                    0                    0                    0                    0                    0                    0                    0
  "BR3.DHZ2L4"                           61            "hkicker"            16.819302          5.601387117         -1.763162705          11.22603405          4.300281169          0.455658522         0.4545933567                    0                    0                    0                    0         -2.878304711        -0.8164248878                    0                    0                    0                    0                    0                    0                    0                    0                    0                    0                    0                    0                    0                    0                    0                    0
  "BR3.DVT2L4"                           62            "vkicker"            16.819302          5.601387117         -1.763162705          11.22603405          4.300281169          0.455658522         0.4545933567                    0                    0                    0                    0         -2.878304711        -0.8164248878                    0                    0                    0                    0                    0                    0                    0                    0                    0                    0                    0                    0                    0                    0                    0                    0
  "BR3.OSK2L4"                           63          "multipole"            16.819302          5.601387117         -1.763162705          11.22603405          4.300281169          0.455658522         0.4545933567                    0                    0                    0                    0         -2.878304711        -0.8164248878                    0                    0                    0                    0                    0                    0                    0                    0                    0                    0                    0                    0                    0                    0                    0                    0
  "BR3.XSK2L4"                           64          "multipole"            16.819302          5.601387117         -1.763162705          11.22603405          4.300281169          0.455658522         0.4545933567                    0                    0                    0                    0         -2.878304711        -0.8164248878                    0                    0                    0                    0                    0                    0                    0                    0                    0                    0                    0                    0                    0                    0                    0                    0
  "DRIFT_27"                             65              "drift"            17.146512          6.833771642         -2.003178558          8.597749661          3.732127348         0.4640796707         0.4598951336                    0                    0                    0                    0         -3.145447099        -0.8164248878                    0                    0                    0                    0                    0                    0                    0                    0                    0                    0                    0                    0                    0                    0                    0                    0
  "BR.QFO22"                             66         "quadrupole"            17.650082          7.597065719          0.582132505           6.51821741         0.6492142982         0.4748709984         0.4709433287                    0                    0                    0                    0         -3.257291823         0.3790923419                    0                    0                    0                    0                    0                    0         0.3676598381                    0                    0                    0                    0                    0                    0                    0                    0                    0
  "DRIFT_28"                             67              "drift"            18.017299          7.193292976         0.5174155638          6.070819796         0.5691323837         0.4827802404         0.4802394501                    0                    0                    0                    0          -3.11808267         0.3790923419                    0                    0                    0                    0                    0                    0                    0                    0                    0                    0                    0                    0                    0                    0                    0                    0
  "BR.STSCRAP22"                         68         "collimator"            18.017299          7.193292976         0.5174155638          6.070819796         0.5691323837         0.4827802404         0.4802394501                    0                    0                    0                    0          -3.11808267         0.3790923419                    0                    0                    0                    0                    0                    0                    0                    0                    0                    0                    0                    0                    0                    0                    0                    0
  "DRIFT_29"                             69              "drift"            18.017304          7.193287802         0.5174146826          6.070814105         0.5691312933         0.4827803511         0.4802395812                    0                    0                    0                    0         -3.118080775         0.3790923419                    0                    0                    0                    0                    0                    0                    0                    0                    0                    0                    0                    0                    0                    0                    0                    0
  "BR.BHZ22"                             70              "sbend"               19.635          5.985287536         0.2341463988          4.611825358         0.3160905351          0.522167892          0.529689703                    0                    0                    0                    0         -2.813339426      9.919343235e-05                    0                    0                    0                    0                    0                    0                    0                    0                    0                    0                    0                    0                    0                    0                    0                    0
  "DRIFT_30"                             71              "drift"               20.159          5.788292351          0.141798612          4.346048429         0.1911173442         0.5363554948         0.5483605625                    0                    0                    0                    0         -2.813287449      9.919343235e-05                    0                    0                    0                    0                    0                    0                    0                    0                    0                    0                    0                    0                    0                    0                    0                    0
  "BR3.DES3L1"                           72            "hkicker"               20.724          5.684318931        0.04222513969            4.2062205        0.05636571667         0.5520576371          0.569454004                    0                    0                    0                    0         -2.813231404      9.919343235e-05                    0                    0                    0                    0                    0                    0                    0                    0                    0                    0                    0                    0                    0                    0                    0                    0
  "HACMAP"                               73             "marker"               20.724          5.684318931        0.04222513969            4.2062205        0.05636571667         0.5520576371          0.569454004                    0                    0                    0                    0         -2.813231404      9.919343235e-05                    0                    0                    0                    0                    0                    0                    0                    0                    0                    0                    0                    0                    0                    0                    0                    0
  "VACMAP"                               74             "marker"               20.724          5.684318931        0.04222513969            4.2062205        0.05636571667         0.5520576371          0.569454004                    0                    0                    0                    0         -2.813231404      9.919343235e-05                    0                    0                    0                    0                    0                    0                    0                    0                    0                    0                    0                    0                    0                    0                    0                    0
  "DRIFT_31"                             75              "drift"               21.098          5.677385746        -0.0236872119          4.197419154        -0.0328327058          0.562543219          0.583639015                    0                    0                    0                    0         -2.813194306      9.919343235e-05                    0                    0                    0                    0                    0                    0                    0                    0                    0                    0                    0                    0                    0                    0                    0                    0
  "BR3.ONO3L1"                           76          "multipole"               21.098          5.677385746        -0.0236872119          4.197419154        -0.0328327058          0.562543219          0.583639015                    0                    0                    0                    0         -2.813194306      9.919343235e-05                    0                    0                    0                    0                    0                    0                    0                    0                    0                    0                    0                    0                    0                    0                    0                    0
  "BR3.QNO3L1"                           77          "multipole"               21.098          5.677385746        -0.0236872119          4.197419154        -0.0328327058          0.562543219          0.583639015                    0                    0                    0                    0         -2.813194306      9.919343235e-05                    0                    0                    0                    0                    0                    0                    0                    0                    0                    0                    0                    0                    0                    0                    0                    0
  "BR3.XNO3L1"                           78          "multipole"               21.098          5.677385746        -0.0236872119          4.197419154        -0.0328327058          0.562543219          0.583639015                    0                    0                    0                    0         -2.813194306      9.919343235e-05                    0                    0                    0                    0                    0                    0                    0                    0                    0                    0                    0                    0                    0                    0                    0                    0
  "DRIFT_32"                             79              "drift"               21.678          5.764148781        -0.1259042277          4.315735973        -0.1711618102         0.5787073816         0.6053952094                    0                    0                    0                    0         -2.813136774      9.919343235e-05                    0                    0                    0                    0                    0                    0                    0                    0                    0                    0                    0                    0                    0                    0                    0                    0
  "BR3.BPMT3L1"                          80            "monitor"               21.678          5.764148781        -0.1259042277          4.315735973        -0.1711618102         0.5787073816         0.6053952094                    0                    0                    0                    0         -2.813136774      9.919343235e-05                    0                    0                    0                    0                    0                    0                    0                    0                    0                    0                    0                    0                    0                    0                    0                    0
  "DRIFT_33"                             81              "drift"           22.2890015          5.983797135        -0.2335848312          4.613933138        -0.3168847244         0.5952953406         0.6272559962                    0                    0                    0                    0         -2.813076167      9.919343235e-05                    0                    0                    0                    0                    0                    0                    0                    0                    0                    0                    0                    0                    0                    0                    0                    0
  "BR.BHZ31"                             82              "sbend"           23.9066975          7.189992162        -0.5168531151          6.075366699        -0.5698204621         0.6346971052         0.6766752973                    0                    0                    0                    0         -3.117498644         -0.378893955                    0                    0                    0                    0                    0                    0                    0                    0                    0                    0                    0                    0                    0                    0                    0                    0
  "DRIFT_34"                             83              "drift"              23.9067          7.189994746        -0.5168535557          6.075369548        -0.5698210073         0.6346971605         0.6766753628                    0                    0                    0                    0         -3.117499591         -0.378893955                    0                    0                    0                    0                    0                    0                    0                    0                    0                    0                    0                    0                    0                    0                    0                    0
  "BR.STSCRAP31"                         84         "collimator"              23.9067          7.189994746        -0.5168535557          6.075369548        -0.5698210073         0.6346971605         0.6766753628                    0                    0                    0                    0         -3.117499591         -0.378893955                    0                    0                    0                    0                    0                    0                    0                    0                    0                    0                    0                    0                    0                    0                    0                    0
  "DRIFT_35"                             85              "drift"            24.273012          7.592302233        -0.5814110031          6.522092173        -0.6496930266         0.6425911825         0.6859423141                    0                    0                    0                    0         -3.256292994         -0.378893955                    0                    0                    0                    0                    0                    0                    0                    0                    0                    0                    0                    0                    0                    0                    0                    0
  "BR.QFO31"                             86         "quadrupole"            24.776582          6.829196751          2.002105943          8.602921861         -3.734382175         0.6533895208         0.6969838955                    0                    0                    0                    0         -3.144442467         0.8162491891                    0                    0                    0                    0                    0                    0         0.3676598381                    0                    0                    0                    0                    0                    0                    0                    0                    0
  "DRIFT_36"                             87              "drift"            25.102807          5.600971542          1.762857529          11.22430471         -4.301123542         0.6617884219          0.702268524                    0                    0                    0                    0         -2.878161576         0.8162491891                    0                    0                    0                    0                    0                    0                    0                    0                    0                    0                    0                    0                    0                    0                    0                    0
  "BR3.BPM3L3"                           88            "monitor"            25.102807          5.600971542          1.762857529          11.22430471         -4.301123542         0.6617884219          0.702268524                    0                    0                    0                    0         -2.878161576         0.8162491891                    0                    0                    0                    0                    0                    0                    0                    0                    0                    0                    0                    0                    0                    0                    0                    0
  "BR3.ONOH0.3L3"                        89          "multipole"            25.102807          5.600971542          1.762857529          11.22430471         -4.301123542         0.6617884219          0.702268524                    0                    0                    0                    0         -2.878161576         0.8162491891                    0                    0                    0                    0                    0                    0                    0                    0                    0                    0                    0                    0                    0                    0                    0                    0
  "BR3.QSKH0.3L3"                        90          "multipole"            25.102807          5.600971542          1.762857529          11.22430471         -4.301123542         0.6617884219          0.702268524                    0                    0                    0                    0         -2.878161576         0.8162491891                    0                    0                    0                    0                    0                    0                    0                    0                    0                    0                    0                    0                    0                    0                    0                    0
  "BR3.XNOH0.3L3"                        91          "multipole"            25.102807          5.600971542          1.762857529          11.22430471         -4.301123542         0.6617884219          0.702268524                    0                    0                    0                    0         -2.878161576         0.8162491891                    0                    0                    0                    0                    0                    0                    0                    0                    0                    0                    0                    0                    0                    0                    0                    0
  "DRIFT_37"                             92              "drift"            25.430327          4.524899044          1.522659382          14.22806865         -4.870114675         0.6721500659         0.7063938084                    0                    0                    0                    0         -2.610823641         0.8162491891                    0                    0                    0                    0                    0                    0                    0                    0                    0                    0                    0                    0                    0                    0                    0                    0
  "BR.QDE3"                              93         "quadrupole"            26.309267          4.525083799         -1.522908457          14.22929388          4.868999096         0.7063809455         0.7153132354                    0                    0                    0                    0         -2.610897422        -0.8164250537                    0                    0                    0                    0                    0                    0        -0.6550591552                    0                    0                    0                    0                    0                    0                    0                    0                    0
  "DRIFT_38"                             94              "drift"            26.636807          5.601404749         -1.763166373          11.22599072          4.300272306           0.71674261         0.7194382842                    0                    0                    0                    0         -2.878309284        -0.8164250537                    0                    0                    0                    0                    0                    0                    0                    0                    0                    0                    0                    0                    0                    0                    0                    0
  "BR3.DHZ3L4"                           95            "hkicker"            26.636807          5.601404749         -1.763166373          11.22599072          4.300272306           0.71674261         0.7194382842                    0                    0                    0                    0         -2.878309284        -0.8164250537                    0                    0                    0                    0                    0                    0                    0                    0                    0                    0                    0                    0                    0                    0                    0                    0
  "BR3.DVT3L4"                           96            "vkicker"            26.636807          5.601404749         -1.763166373          11.22599072          4.300272306           0.71674261         0.7194382842                    0                    0                    0                    0         -2.878309284        -0.8164250537                    0                    0                    0                    0                    0                    0                    0                    0                    0                    0                    0                    0                    0                    0                    0                    0
  "DRIFT_39"                             97              "drift"            26.964012          6.833771642         -2.003178558          8.597749441          3.732127196         0.7251636167         0.7247399903                    0                    0                    0                    0         -3.145447644        -0.8164250537                    0                    0                    0                    0                    0                    0                    0                    0                    0                    0                    0                    0                    0                    0                    0                    0
  "BR.QFO32"                             98         "quadrupole"            27.467582          7.597065719          0.582132505          6.518217296          0.649214227         0.7359549444         0.7357881856                    0                    0                    0                    0         -3.257292399         0.3790923853                    0                    0                    0                    0                    0                    0         0.3676598381                    0                    0                    0                    0                    0                    0                    0                    0                    0
  "DRIFT_40"                             99              "drift"            27.834799          7.193292976         0.5174155638          6.070819733         0.5691323163         0.7438641864         0.7450843072                    0                    0                    0                    0         -3.118083231         0.3790923853                    0                    0                    0                    0                    0                    0                    0                    0                    0                    0                    0                    0                    0                    0                    0                    0
  "BR.STSCRAP32"                        100         "collimator"            27.834799          7.193292976         0.5174155638          6.070819733         0.5691323163         0.7438641864         0.7450843072                    0                    0                    0                    0         -3.118083231         0.3790923853                    0                    0                    0                    0                    0                    0                    0                    0                    0                    0                    0                    0                    0                    0                    0                    0
  "DRIFT_41"                            101              "drift"            27.834804          7.193287802         0.5174146826          6.070814042         0.5691312259          0.743864297         0.7450844383                    0                    0                    0                    0         -3.118081335         0.3790923853                    0                    0                    0                    0                    0                    0                    0                    0                    0                    0                    0                    0                    0                    0                    0                    0
  "BR.BHZ32"                            102              "sbend"              29.4525          5.985287536         0.2341463988          4.611825484         0.3160904877          0.783251838         0.7945345596                    0                    0                    0                    0         -2.813339917      9.923680974e-05                    0                    0                    0                    0                    0                    0                    0                    0                    0                    0                    0                    0                    0                    0                    0                    0
  "DRIFT_42"                            103              "drift"              29.8225          5.836145942         0.1689389921           4.41056896         0.2278460639         0.7932219574         0.8076060913                    0                    0                    0                    0         -2.813303199      9.923680974e-05                    0                    0                    0                    0                    0                    0                    0                    0                    0                    0                    0                    0                    0                    0                    0                    0
  "BR3.ONO4L1"                          104          "multipole"              29.8225          5.836145942         0.1689389921           4.41056896         0.2278460639         0.7932219574         0.8076060913                    0                    0                    0                    0         -2.813303199      9.923680974e-05                    0                    0                    0                    0                    0                    0                    0                    0                    0                    0                    0                    0                    0                    0                    0                    0
  "BR3.OSK4L1"                          105          "multipole"              29.8225          5.836145942         0.1689389921           4.41056896         0.2278460639         0.7932219574         0.8076060913                    0                    0                    0                    0         -2.813303199      9.923680974e-05                    0                    0                    0                    0                    0                    0                    0                    0                    0                    0                    0                    0                    0                    0                    0                    0
  "BR3.XNO4L1"                          106          "multipole"              29.8225          5.836145942         0.1689389921           4.41056896         0.2278460639         0.7932219574         0.8076060913                    0                    0                    0                    0         -2.813303199      9.923680974e-05                    0                    0                    0                    0                    0                    0                    0                    0                    0                    0                    0                    0                    0                    0                    0                    0
  "BR3.XSK4L1"                          107          "multipole"              29.8225          5.836145942         0.1689389921           4.41056896         0.2278460639         0.7932219574         0.8076060913                    0                    0                    0                    0         -2.813303199      9.923680974e-05                    0                    0                    0                    0                    0                    0                    0                    0                    0                    0                    0                    0                    0                    0                    0                    0
  "DRIFT_43"                            108              "drift"              30.3565          5.705973918        0.07482884302          4.235238626         0.1004878954         0.8079707067         0.8273206167                    0                    0                    0                    0         -2.813250206      9.923680974e-05                    0                    0                    0                    0                    0                    0                    0                    0                    0                    0                    0                    0                    0                    0                    0                    0
  "BE3.DHZ4L1"                          109            "hkicker"              30.3565          5.705973918        0.07482884302          4.235238626         0.1004878954         0.8079707067         0.8273206167                    0                    0                    0                    0         -2.813250206      9.923680974e-05                    0                    0                    0                    0                    0                    0                    0                    0                    0                    0                    0                    0                    0                    0                    0                    0
  "BE3.DVT4L1"                          110            "vkicker"              30.3565          5.705973918        0.07482884302          4.235238626         0.1004878954         0.8079707067         0.8273206167                    0                    0                    0                    0         -2.813250206      9.923680974e-05                    0                    0                    0                    0                    0                    0                    0                    0                    0                    0                    0                    0                    0                    0                    0                    0
  "DRIFT_44"                            111              "drift"              30.7885          5.674211708      -0.001305210156          4.192926618       -0.00254343186         0.8200656635         0.8436650527                    0                    0                    0                    0         -2.813207336      9.923680974e-05                    0                    0                    0                    0                    0                    0                    0                    0                    0                    0                    0                    0                    0                    0                    0                    0
  "BR3.BSGHV4L1"                        112            "monitor"              30.7885          5.674211708      -0.001305210156          4.192926618       -0.00254343186         0.8200656635         0.8436650527                    0                    0                    0                    0         -2.813207336      9.923680974e-05                    0                    0                    0                    0                    0                    0                    0                    0                    0                    0                    0                    0                    0                    0                    0                    0
  "DRIFT_45"                            113              "drift"              31.5865          5.788522763        -0.1419417251          4.348862697        -0.1928651892          0.842298753         0.8735833841                    0                    0                    0                    0         -2.813128145      9.923680974e-05                    0                    0                    0                    0                    0                    0                    0                    0                    0                    0                    0                    0                    0                    0                    0                    0
  "BR3.BWSH4L1"                         114            "monitor"              31.5865          5.788522763        -0.1419417251          4.348862697        -0.1928651892          0.842298753         0.8735833841                    0                    0                    0                    0         -2.813128145      9.923680974e-05                    0                    0                    0                    0                    0                    0                    0                    0                    0                    0                    0                    0                    0                    0                    0                    0
  "DRIFT_46"                            115              "drift"            32.106501          5.983796901        -0.2335847431          4.613933107         -0.316884618         0.8563792733         0.8921008306                    0                    0                    0                    0         -2.813076542      9.923680974e-05                    0                    0                    0                    0                    0                    0                    0                    0                    0                    0                    0                    0                    0                    0                    0                    0
  "BR.BHZ41"                            116              "sbend"            33.724197          7.189991645         -0.516853027          6.075366297        -0.5698203435         0.8957810401         0.9415201335                    0                    0                    0                    0          -3.11749895        -0.3788939117                    0                    0                    0                    0                    0                    0                    0                    0                    0                    0                    0                    0                    0                    0                    0                    0
  "DRIFT_47"                            117              "drift"           33.7241995          7.189994229        -0.5168534675          6.075369146        -0.5698208886         0.8957810954          0.941520199                    0                    0                    0                    0         -3.117499897        -0.3788939117                    0                    0                    0                    0                    0                    0                    0                    0                    0                    0                    0                    0                    0                    0                    0                    0
  "BR.STSCRAP41"                        118         "collimator"           33.7241995          7.189994229        -0.5168534675          6.075369146        -0.5698208886         0.8957810954          0.941520199                    0                    0                    0                    0         -3.117499897        -0.3788939117                    0                    0                    0                    0                    0                    0                    0                    0                    0                    0                    0                    0                    0                    0                    0                    0
  "DRIFT_48"                            119              "drift"            34.090512          7.592302233        -0.5814110031          6.522092332         -0.649693014         0.9036751285         0.9507871632                    0                    0                    0                    0         -3.256293473        -0.3788939117                    0                    0                    0                    0                    0                    0                    0                    0                    0                    0                    0                    0                    0                    0                    0                    0
  "BR.QFO41"                            120         "quadrupole"            34.594082          6.829196751          2.002105943          8.602922036         -3.734382219         0.9144734667         0.9618287444                    0                    0                    0                    0         -3.144442882         0.8162493993                    0                    0                    0                    0                    0                    0         0.3676598381                    0                    0                    0                    0                    0                    0                    0                    0                    0
  "DRIFT_49"                            121              "drift"            34.920312          5.600953914          1.762853862          11.22434793         -4.301132273           0.92287251         0.9671134437                    0                    0                    0                    0          -2.87815784         0.8162493993                    0                    0                    0                    0                    0                    0                    0                    0                    0                    0                    0                    0                    0                    0                    0                    0
  "BR3.BPM4L3"                          122            "monitor"            34.920312          5.600953914          1.762853862          11.22434793         -4.301132273           0.92287251         0.9671134437                    0                    0                    0                    0          -2.87815784         0.8162493993                    0                    0                    0                    0                    0                    0                    0                    0                    0                    0                    0                    0                    0                    0                    0                    0
  "BR3.ONOH0.4L3"                       123          "multipole"            34.920312          5.600953914          1.762853862          11.22434793         -4.301132273           0.92287251         0.9671134437                    0                    0                    0                    0          -2.87815784         0.8162493993                    0                    0                    0                    0                    0                    0                    0                    0                    0                    0                    0                    0                    0                    0                    0                    0
  "BR3.QNO4L3"                          124          "multipole"            34.920312          5.600953914          1.762853862          11.22434793         -4.301132273           0.92287251         0.9671134437                    0                    0                    0                    0          -2.87815784         0.8162493993                    0                    0                    0                    0                    0                    0                    0                    0                    0                    0                    0                    0                    0                    0                    0                    0
  "BR3.XNOH0.4L3"                       125          "multipole"            34.920312          5.600953914          1.762853862          11.22434793         -4.301132273           0.92287251         0.9671134437                    0                    0                    0                    0          -2.87815784         0.8162493993                    0                    0                    0                    0                    0                    0                    0                    0                    0                    0                    0                    0                    0                    0                    0                    0
  "DRIFT_50"                            126              "drift"            35.247827          4.524899044          1.522659382          14.22806889         -4.870114722         0.9332340119          0.971238657                    0                    0                    0                    0         -2.610823918         0.8162493993                    0                    0                    0                    0                    0                    0                    0                    0                    0                    0                    0                    0                    0                    0                    0                    0
  "BR.QDE4"                             127         "quadrupole"            36.126767          4.525083799         -1.522908457          14.22929405          4.868999193         0.9674648915         0.9801580839                    0                    0                    0                    0         -2.610897579        -0.8164249793                    0                    0                    0                    0                    0                    0        -0.6550591552                    0                    0                    0                    0                    0                    0                    0                    0                    0
  "DRIFT_51"                            128              "drift"            36.454312           5.60142238         -1.763170041          11.22594784          4.300263707         0.9778266981         0.9842832036                    0                    0                    0                    0         -2.878313499        -0.8164249793                    0                    0                    0                    0                    0                    0                    0                    0                    0                    0                    0                    0                    0                    0                    0                    0
  "BR3.DHZ4L4"                          129            "hkicker"            36.454312           5.60142238         -1.763170041          11.22594784          4.300263707         0.9778266981         0.9842832036                    0                    0                    0                    0         -2.878313499        -0.8164249793                    0                    0                    0                    0                    0                    0                    0                    0                    0                    0                    0                    0                    0                    0                    0                    0
  "BR3.DVT4L4"                          130            "vkicker"            36.454312           5.60142238         -1.763170041          11.22594784          4.300263707         0.9778266981         0.9842832036                    0                    0                    0                    0         -2.878313499        -0.8164249793                    0                    0                    0                    0                    0                    0                    0                    0                    0                    0                    0                    0                    0                    0                    0                    0
  "DRIFT_52"                            131              "drift"            36.781512          6.833771642         -2.003178558          8.597749512          3.732127264         0.9862475627         0.9895848388                    0                    0                    0                    0         -3.145447753        -0.8164249793                    0                    0                    0                    0                    0                    0                    0                    0                    0                    0                    0                    0                    0                    0                    0                    0
  "BR.QFO42"                            132         "quadrupole"            37.285082          7.597065719          0.582132505          6.518217317         0.6492142664         0.9970388904          1.000633034                    0                    0                    0                    0         -3.257292462         0.3790924917                    0                    0                    0                    0                    0                    0         0.3676598381                    0                    0                    0                    0                    0                    0                    0                    0                    0
  "DRIFT_53"                            133              "drift"             37.45044           7.40936406         0.5529904338          6.309474734         0.6131533406          1.000546951          1.004737271                    0                    0                    0                    0         -3.194606485         0.3790924917                    0                    0                    0                    0                    0                    0                    0                    0                    0                    0                    0                    0                    0                    0                    0                    0
  "BR3.BPTF4L5"                         134            "monitor"             37.45044           7.40936406         0.5529904338          6.309474734         0.6131533406          1.000546951          1.004737271                    0                    0                    0                    0         -3.194606485         0.3790924917                    0                    0                    0                    0                    0                    0                    0                    0                    0                    0                    0                    0                    0                    0                    0                    0
  "DRIFT_54"                            135              "drift"            37.652299          7.193292976         0.5174155638          6.070819726         0.5691323531          1.004948132          1.009929156                    0                    0                    0                    0         -3.118083254         0.3790924917                    0                    0                    0                    0                    0                    0                    0                    0                    0                    0                    0                    0                    0                    0                    0                    0
  "BR.STSCRAP42"                        136         "collimator"            37.652299          7.193292976         0.5174155638          6.070819726         0.5691323531          1.004948132          1.009929156                    0                    0                    0                    0         -3.118083254         0.3790924917                    0                    0                    0                    0                    0                    0                    0                    0                    0                    0                    0                    0                    0                    0                    0                    0
  "DRIFT_55"                            137              "drift"            37.652304          7.193287802         0.5174146826          6.070814035         0.5691312627          1.004948243          1.009929287                    0                    0                    0                    0         -3.118081359         0.3790924917                    0                    0                    0                    0                    0                    0                    0                    0                    0                    0                    0                    0                    0                    0                    0                    0
  "BR.BHZ42"                            138              "sbend"                39.27          5.985287536         0.2341463988          4.611825379         0.3160905103          1.044335784          1.059379409                    0                    0                    0                    0         -2.813339769      9.934319794e-05                    0                    0                    0                    0                    0                    0                    0                    0                    0                    0                    0                    0                    0                    0                    0                    0
  "DRIFT_56"                            139              "drift"            39.521261          5.878749981         0.1898651063          4.468039849         0.2561651509          1.051079359          1.068193393                    0                    0                    0                    0         -2.813314808      9.934319794e-05                    0                    0                    0                    0                    0                    0                    0                    0                    0                    0                    0                    0                    0                    0                    0                    0
  "BR3.ACWF5L1.1"                       140           "rfcavity"            40.464261          5.677382286        0.02367433745          4.196996884         0.0312611113          1.077174695          1.103131365                    0                    0                    0                    0         -2.813221127      9.934319794e-05                    0                    0                    0                    0                    0                    0                    0                    0                    0                    0                    0                    0                    0                    0                    0                    0
  "DRIFT_57"                            141              "drift"            40.575761          5.674293922       0.004023997331          4.192990728        0.00466853398          1.080301443          1.107362091                    0                    0                    0                    0         -2.813210051      9.934319794e-05                    0                    0                    0                    0                    0                    0                    0                    0                    0                    0                    0                    0                    0                    0                    0                    0
  "BR3.ACWF5L1.2"                       142           "rfcavity"            41.518761          5.823422558        -0.1621667715          4.396270383        -0.2202355056          1.106528779          1.142605907                    0                    0                    0                    0          -2.81311637      9.934319794e-05                    0                    0                    0                    0                    0                    0                    0                    0                    0                    0                    0                    0                    0                    0                    0                    0
  "DRIFT_58"                            143              "drift"            41.924001          5.983796901        -0.2335847431          4.613932942         -0.316884618          1.117463219          1.156945683                    0                    0                    0                    0         -2.813076112      9.934319794e-05                    0                    0                    0                    0                    0                    0                    0                    0                    0                    0                    0                    0                    0                    0                    0                    0
  "BR.BHZ51"                            144              "sbend"            43.541697          7.189991645         -0.516853027           6.07536616        -0.5698203608          1.156864986          1.206364987                    0                    0                    0                    0         -3.117498349        -0.3788938053                    0                    0                    0                    0                    0                    0                    0                    0                    0                    0                    0                    0                    0                    0                    0                    0
  "DRIFT_59"                            145              "drift"           43.5416995          7.189994229        -0.5168534675           6.07536901        -0.5698209059          1.156865041          1.206365053                    0                    0                    0                    0         -3.117499296        -0.3788938053                    0                    0                    0                    0                    0                    0                    0                    0                    0                    0                    0                    0                    0                    0                    0                    0
  "BR.STSCRAP51"                        146         "collimator"           43.5416995          7.189994229        -0.5168534675           6.07536901        -0.5698209059          1.156865041          1.206365053                    0                    0                    0                    0         -3.117499296        -0.3788938053                    0                    0                    0                    0                    0                    0                    0                    0                    0                    0                    0                    0                    0                    0                    0                    0
  "DRIFT_60"                            147              "drift"            43.908012          7.592302233        -0.5814110031           6.52209221        -0.6496930343          1.164759074          1.215632017                    0                    0                    0                    0         -3.256292833        -0.3788938053                    0                    0                    0                    0                    0                    0                    0                    0                    0                    0                    0                    0                    0                    0                    0                    0
  "BR.QFO51"                            148         "quadrupole"            44.411582          6.829196751          2.002105943          8.602921914         -3.734382201          1.175557413          1.226673598                    0                    0                    0                    0         -3.144442248          0.816249268                    0                    0                    0                    0                    0                    0         0.3676598381                    0                    0                    0                    0                    0                    0                    0                    0                    0
  "DRIFT_61"                            149              "drift"            44.737806          5.600975068          1.762858262          11.22429618         -4.301121835          1.183956285          1.231958213                    0                    0                    0                    0         -2.878162147          0.816249268                    0                    0                    0                    0                    0                    0                    0                    0                    0                    0                    0                    0                    0                    0                    0                    0
  "BR3.BPM5L3"                          150            "monitor"            44.737806          5.600975068          1.762858262          11.22429618         -4.301121835          1.183956285          1.231958213                    0                    0                    0                    0         -2.878162147          0.816249268                    0                    0                    0                    0                    0                    0                    0                    0                    0                    0                    0                    0                    0                    0                    0                    0
  "BR3.ONOH0.5L3"                       151          "multipole"            44.737806          5.600975068          1.762858262          11.22429618         -4.301121835          1.183956285          1.231958213                    0                    0                    0                    0         -2.878162147          0.816249268                    0                    0                    0                    0                    0                    0                    0                    0                    0                    0                    0                    0                    0                    0                    0                    0
  "BR3.QSKH0.5L3"                       152          "multipole"            44.737806          5.600975068          1.762858262          11.22429618         -4.301121835          1.183956285          1.231958213                    0                    0                    0                    0         -2.878162147          0.816249268                    0                    0                    0                    0                    0                    0                    0                    0                    0                    0                    0                    0                    0                    0                    0                    0
  "BR3.XNOH0.5L3"                       153          "multipole"            44.737806          5.600975068          1.762858262          11.22429618         -4.301121835          1.183956285          1.231958213                    0                    0                    0                    0         -2.878162147          0.816249268                    0                    0                    0                    0                    0                    0                    0                    0                    0                    0                    0                    0                    0                    0                    0                    0
  "DRIFT_62"                            154              "drift"            45.065327          4.524899044          1.522659382          14.22806875          -4.87011471          1.194317958          1.236083511                    0                    0                    0                    0         -2.610823371          0.816249268                    0                    0                    0                    0                    0                    0                    0                    0                    0                    0                    0                    0                    0                    0                    0                    0
  "BR.QDE5"                             155         "quadrupole"            45.944267          4.525083799         -1.522908457          14.22929397          4.868999128          1.228548838          1.245002938                    0                    0                    0                    0         -2.610896993        -0.8164247562                    0                    0                    0                    0                    0                    0        -0.6550591552                    0                    0                    0                    0                    0                    0                    0                    0                    0
  "DRIFT_63"                            156              "drift"            46.110806           5.05267552         -1.645068539          12.65569579          4.579827755          1.234093178          1.246978145                    0                    0                    0                    0         -2.746863556        -0.8164247562                    0                    0                    0                    0                    0                    0                    0                    0                    0                    0                    0                    0                    0                    0                    0                    0
  "BR3.DHZ5L4"                          157            "hkicker"            46.110806           5.05267552         -1.645068539          12.65569579          4.579827755          1.234093178          1.246978145                    0                    0                    0                    0         -2.746863556        -0.8164247562                    0                    0                    0                    0                    0                    0                    0                    0                    0                    0                    0                    0                    0                    0                    0                    0
  "BR3.DVT5L4"                          158            "vkicker"            46.110806           5.05267552         -1.645068539          12.65569579          4.579827755          1.234093178          1.246978145                    0                    0                    0                    0         -2.746863556        -0.8164247562                    0                    0                    0                    0                    0                    0                    0                    0                    0                    0                    0                    0                    0                    0                    0                    0
  "DRIFT_64"                            159              "drift"            46.599012          6.833771642         -2.003178558          8.597749501          3.732127221          1.247331509          1.254429693                    0                    0                    0                    0          -3.14544702        -0.8164247562                    0                    0                    0                    0                    0                    0                    0                    0                    0                    0                    0                    0                    0                    0                    0                    0
  "BR.QFO52"                            160         "quadrupole"            47.102582          7.597065719          0.582132505          6.518217342         0.6492142316          1.258122836          1.265477888                    0                    0                    0                    0         -3.257291687         0.3790924335                    0                    0                    0                    0                    0                    0         0.3676598381                    0                    0                    0                    0                    0                    0                    0                    0                    0
  "DRIFT_65"                            161              "drift"            47.469799          7.193292976         0.5174155638          6.070819776         0.5691323211          1.266032078           1.27477401                    0                    0                    0                    0         -3.118082501         0.3790924335                    0                    0                    0                    0                    0                    0                    0                    0                    0                    0                    0                    0                    0                    0                    0                    0
  "BR.STSCRAP52"                        162         "collimator"            47.469799          7.193292976         0.5174155638          6.070819776         0.5691323211          1.266032078           1.27477401                    0                    0                    0                    0         -3.118082501         0.3790924335                    0                    0                    0                    0                    0                    0                    0                    0                    0                    0                    0                    0                    0                    0                    0                    0
  "DRIFT_66"                            163              "drift"            47.469804          7.193287802         0.5174146826          6.070814084         0.5691312307          1.266032189          1.274774141                    0                    0                    0                    0         -3.118080606         0.3790924335                    0                    0                    0                    0                    0                    0                    0                    0                    0                    0                    0                    0                    0                    0                    0                    0
  "BR.BHZ52"                            164              "sbend"              49.0875          5.985287536         0.2341463988          4.611825508         0.3160904941           1.30541973          1.324224262                    0                    0                    0                    0          -2.81333911      9.928501425e-05                    0                    0                    0                    0                    0                    0                    0                    0                    0                    0                    0                    0                    0                    0                    0                    0
  "DRIFT_67"                            165              "drift"              49.4575          5.836145942         0.1689389921          4.410568979         0.2278460704          1.315389849          1.337295794                    0                    0                    0                    0         -2.813302374      9.928501425e-05                    0                    0                    0                    0                    0                    0                    0                    0                    0                    0                    0                    0                    0                    0                    0                    0
  "BR3.ONO6L1"                          166          "multipole"              49.4575          5.836145942         0.1689389921          4.410568979         0.2278460704          1.315389849          1.337295794                    0                    0                    0                    0         -2.813302374      9.928501425e-05                    0                    0                    0                    0                    0                    0                    0                    0                    0                    0                    0                    0                    0                    0                    0                    0
  "BR3.OSK6L1"                          167          "multipole"              49.4575          5.836145942         0.1689389921          4.410568979         0.2278460704          1.315389849          1.337295794                    0                    0                    0                    0         -2.813302374      9.928501425e-05                    0                    0                    0                    0                    0                    0                    0                    0                    0                    0                    0                    0                    0                    0                    0                    0
  "BR3.XNO6L1"                          168          "multipole"              49.4575          5.836145942         0.1689389921          4.410568979         0.2278460704          1.315389849          1.337295794                    0                    0                    0                    0         -2.813302374      9.928501425e-05                    0                    0                    0                    0                    0                    0                    0                    0                    0                    0                    0                    0                    0                    0                    0                    0
  "BR3.XSK6L1"                          169          "multipole"              49.4575          5.836145942         0.1689389921          4.410568979         0.2278460704          1.315389849          1.337295794                    0                    0                    0                    0         -2.813302374      9.928501425e-05                    0                    0                    0                    0                    0                    0                    0                    0                    0                    0                    0                    0                    0                    0                    0                    0
  "DRIFT_68"                            170              "drift"           51.7415015          5.983797135        -0.2335848312          4.613933411        -0.3168847299          1.378547179           1.42179055                    0                    0                    0                    0         -2.813075607      9.928501425e-05                    0                    0                    0                    0                    0                    0                    0                    0                    0                    0                    0                    0                    0                    0                    0                    0
  "BR.BHZ61"                            171              "sbend"           53.3591975          7.189992162        -0.5168531151          6.075366945        -0.5698204399          1.417948943          1.471209849                    0                    0                    0                    0         -3.117497937        -0.3788938634                    0                    0                    0                    0                    0                    0                    0                    0                    0                    0                    0                    0                    0                    0                    0                    0
  "DRIFT_69"                            172              "drift"              53.3592          7.189994746        -0.5168535557          6.075369794         -0.569820985          1.417948998          1.471209914                    0                    0                    0                    0         -3.117498885        -0.3788938634                    0                    0                    0                    0                    0                    0                    0                    0                    0                    0                    0                    0                    0                    0                    0                    0
  "BR.STSCRAP61"                        173         "collimator"              53.3592          7.189994746        -0.5168535557          6.075369794         -0.569820985          1.417948998          1.471209914                    0                    0                    0                    0         -3.117498885        -0.3788938634                    0                    0                    0                    0                    0                    0                    0                    0                    0                    0                    0                    0                    0                    0                    0                    0
  "DRIFT_70"                            174              "drift"            53.725512          7.592302233        -0.5814110031            6.5220924        -0.6496929996           1.42584302          1.480476865                    0                    0                    0                    0         -3.256292253        -0.3788938634                    0                    0                    0                    0                    0                    0                    0                    0                    0                    0                    0                    0                    0                    0                    0                    0
  "BR.QFO61"                            175         "quadrupole"            54.229082          6.829196751          2.002105943          8.602922099         -3.734382224          1.436641359          1.491518446                    0                    0                    0                    0          -3.14444175         0.8162490085                    0                    0                    0                    0                    0                    0         0.3676598381                    0                    0                    0                    0                    0                    0                    0                    0                    0
  "DRIFT_71"                            176              "drift"            54.555311          5.600957439          1.762854595          11.22433939         -4.301130539          1.445040374          1.496803131                    0                    0                    0                    0         -2.878157652         0.8162490085                    0                    0                    0                    0                    0                    0                    0                    0                    0                    0                    0                    0                    0                    0                    0                    0
  "BR3.BPM6L3"                          177            "monitor"            54.555311          5.600957439          1.762854595          11.22433939         -4.301130539          1.445040374          1.496803131                    0                    0                    0                    0         -2.878157652         0.8162490085                    0                    0                    0                    0                    0                    0                    0                    0                    0                    0                    0                    0                    0                    0                    0                    0
  "BR3.ONOH0.6L3"                       178          "multipole"            54.555311          5.600957439          1.762854595          11.22433939         -4.301130539          1.445040374          1.496803131                    0                    0                    0                    0         -2.878157652         0.8162490085                    0                    0                    0                    0                    0                    0                    0                    0                    0                    0                    0                    0                    0                    0                    0                    0
  "BR3.QSK6L3"                          179          "multipole"            54.555311          5.600957439          1.762854595          11.22433939         -4.301130539          1.445040374          1.496803131                    0                    0                    0                    0         -2.878157652         0.8162490085                    0                    0                    0                    0                    0                    0                    0                    0                    0                    0                    0                    0                    0                    0                    0                    0
  "BR3.XNOH0.6L3"                       180          "multipole"            54.555311          5.600957439          1.762854595          11.22433939         -4.301130539          1.445040374          1.496803131                    0                    0                    0                    0         -2.878157652         0.8162490085                    0                    0                    0                    0                    0                    0                    0                    0                    0                    0                    0                    0                    0                    0                    0                    0
  "DRIFT_72"                            181              "drift"            54.882827          4.524899044          1.522659382          14.22806895         -4.870114721          1.455401904          1.500928359                    0                    0                    0                    0         -2.610823042         0.8162490085                    0                    0                    0                    0                    0                    0                    0                    0                    0                    0                    0                    0                    0                    0                    0                    0
  "BR.QDE6"                             182         "quadrupole"            55.761767          4.525083799         -1.522908457          14.22929408          4.868999227          1.489632783          1.509847786                    0                    0                    0                    0         -2.610896816        -0.8164248574                    0                    0                    0                    0                    0                    0        -0.6550591552                    0                    0                    0                    0                    0                    0                    0                    0                    0
  "DRIFT_73"                            183              "drift"            56.089311          5.601418854         -1.763169307          11.22595645           4.30026547          1.499994562          1.513972891                    0                    0                    0                    0         -2.878311879        -0.8164248574                    0                    0                    0                    0                    0                    0                    0                    0                    0                    0                    0                    0                    0                    0                    0                    0
  "BR3.DHZ6L4"                          184            "hkicker"            56.089311          5.601418854         -1.763169307          11.22595645           4.30026547          1.499994562          1.513972891                    0                    0                    0                    0         -2.878311879        -0.8164248574                    0                    0                    0                    0                    0                    0                    0                    0                    0                    0                    0                    0                    0                    0                    0                    0
  "BR3.DVT6L4"                          185            "vkicker"            56.089311          5.601418854         -1.763169307          11.22595645           4.30026547          1.499994562          1.513972891                    0                    0                    0                    0         -2.878311879        -0.8164248574                    0                    0                    0                    0                    0                    0                    0                    0                    0                    0                    0                    0                    0                    0                    0                    0
  "BR3.OSK6L4"                          186          "multipole"            56.089311          5.601418854         -1.763169307          11.22595645           4.30026547          1.499994562          1.513972891                    0                    0                    0                    0         -2.878311879        -0.8164248574                    0                    0                    0                    0                    0                    0                    0                    0                    0                    0                    0                    0                    0                    0                    0                    0
  "BR3.XSK6L4"                          187          "multipole"            56.089311          5.601418854         -1.763169307          11.22595645           4.30026547          1.499994562          1.513972891                    0                    0                    0                    0         -2.878311879        -0.8164248574                    0                    0                    0                    0                    0                    0                    0                    0                    0                    0                    0                    0                    0                    0                    0                    0
  "DRIFT_74"                            188              "drift"            56.416512          6.833771642         -2.003178558          8.597749506          3.732127285          1.508415455           1.51927454                    0                    0                    0                    0         -3.145446909        -0.8164248574                    0                    0                    0                    0                    0                    0                    0                    0                    0                    0                    0                    0                    0                    0                    0                    0
  "BR.QFO62"                            189         "quadrupole"            56.920082          7.597065719          0.582132505           6.51821729         0.6492142872          1.519206782          1.530322736                    0                    0                    0                    0         -3.257291636         0.3790923019                    0                    0                    0                    0                    0                    0         0.3676598381                    0                    0                    0                    0                    0                    0                    0                    0                    0
  "DRIFT_75"                            190              "drift"              57.2873          7.193291941         0.5174153876          6.070818547         0.5691321539          1.527116046          1.539618883                    0                    0                    0                    0         -3.118082119         0.3790923019                    0                    0                    0                    0                    0                    0                    0                    0                    0                    0                    0                    0                    0                    0                    0                    0
  "BR.STSCRAP62"                        191         "collimator"              57.2873          7.193291941         0.5174153876          6.070818547         0.5691321539          1.527116046          1.539618883                    0                    0                    0                    0         -3.118082119         0.3790923019                    0                    0                    0                    0                    0                    0                    0                    0                    0                    0                    0                    0                    0                    0                    0                    0
  "DRIFT_76"                            192              "drift"           57.2873045          7.193287284         0.5174145945          6.070813425         0.5691311726          1.527116146          1.539619001                    0                    0                    0                    0         -3.118080413         0.3790923019                    0                    0                    0                    0                    0                    0                    0                    0                    0                    0                    0                    0                    0                    0                    0                    0
  "BR.BHZ62"                            193              "sbend"           58.9050005          5.985287302         0.2341463106          4.611825091         0.3160904052          1.566503689          1.589069128                    0                    0                    0                    0         -2.813339128      9.915340841e-05                    0                    0                    0                    0                    0                    0                    0                    0                    0                    0                    0                    0                    0                    0                    0                    0
  "DRIFT_77"                            194              "drift"            59.156261          5.878749981         0.1898651063           4.46803987          0.256165165          1.573247251          1.597883095                    0                    0                    0                    0         -2.813314215      9.915340841e-05                    0                    0                    0                    0                    0                    0                    0                    0                    0                    0                    0                    0                    0                    0                    0                    0
  "BR3.ACWF7L1.1"                       195           "rfcavity"            60.099261          5.677382286        0.02367433745          4.196996879        0.03126112491          1.599342587          1.632821067                    0                    0                    0                    0         -2.813220713      9.915340841e-05                    0                    0                    0                    0                    0                    0                    0                    0                    0                    0                    0                    0                    0                    0                    0                    0
  "DRIFT_78"                            196              "drift"            60.210761          5.674293922       0.004023997331           4.19299072       0.004668547527          1.602469335          1.637051793                    0                    0                    0                    0         -2.813209658      9.915340841e-05                    0                    0                    0                    0                    0                    0                    0                    0                    0                    0                    0                    0                    0                    0                    0                    0
  "BR3.ACWF7L1.2"                       197           "rfcavity"            61.153761          5.823422558        -0.1621667715          4.396270349        -0.2202354926          1.628696671          1.672295609                    0                    0                    0                    0         -2.813116156      9.915340841e-05                    0                    0                    0                    0                    0                    0                    0                    0                    0                    0                    0                    0                    0                    0                    0                    0
  "DRIFT_79"                            198              "drift"           61.5590015          5.983797135        -0.2335848312          4.613933215        -0.3168847244          1.639631125          1.686635402                    0                    0                    0                    0         -2.813075975      9.915340841e-05                    0                    0                    0                    0                    0                    0                    0                    0                    0                    0                    0                    0                    0                    0                    0                    0
  "BR.BHZ71"                            199              "sbend"           63.1766975          7.189992162        -0.5168531151          6.075366763        -0.5698204541          1.679032889          1.736054702                    0                    0                    0                    0         -3.117498517        -0.3788939951                    0                    0                    0                    0                    0                    0                    0                    0                    0                    0                    0                    0                    0                    0                    0                    0
  "DRIFT_80"                            200              "drift"              63.1767          7.189994746        -0.5168535557          6.075369612        -0.5698209992          1.679032944          1.736054768                    0                    0                    0                    0         -3.117499464        -0.3788939951                    0                    0                    0                    0                    0                    0                    0                    0                    0                    0                    0                    0                    0                    0                    0                    0
  "BR.STSCRAP71"                        201         "collimator"              63.1767          7.189994746        -0.5168535557          6.075369612        -0.5698209992          1.679032944          1.736054768                    0                    0                    0                    0         -3.117499464        -0.3788939951                    0                    0                    0                    0                    0                    0                    0                    0                    0                    0                    0                    0                    0                    0                    0                    0
  "DRIFT_81"                            202              "drift"            63.543012          7.592302233        -0.5814110031           6.52209223        -0.6496930171          1.686926966          1.745321719                    0                    0                    0                    0         -3.256292881        -0.3788939951                    0                    0                    0                    0                    0                    0                    0                    0                    0                    0                    0                    0                    0                    0                    0                    0
  "BR.QFO71"                            203         "quadrupole"            64.046582          6.829196751          2.002105943          8.602921918         -3.734382183          1.697725305            1.7563633                    0                    0                    0                    0         -3.144442385         0.8162491126                    0                    0                    0                    0                    0                    0         0.3676598381                    0                    0                    0                    0                    0                    0                    0                    0                    0
  "DRIFT_82"                            204              "drift"            64.372816          5.600939811          1.762850929           11.2243822         -4.301139184          1.706124462          1.761648057                    0                    0                    0                    0         -2.878154172         0.8162491126                    0                    0                    0                    0                    0                    0                    0                    0                    0                    0                    0                    0                    0                    0                    0                    0
  "BR3.BPM7L3"                          205            "monitor"            64.372816          5.600939811          1.762850929           11.2243822         -4.301139184          1.706124462          1.761648057                    0                    0                    0                    0         -2.878154172         0.8162491126                    0                    0                    0                    0                    0                    0                    0                    0                    0                    0                    0                    0                    0                    0                    0                    0
  "BR3.ONOH0.7L3"                       206          "multipole"            64.372816          5.600939811          1.762850929           11.2243822         -4.301139184          1.706124462          1.761648057                    0                    0                    0                    0         -2.878154172         0.8162491126                    0                    0                    0                    0                    0                    0                    0                    0                    0                    0                    0                    0                    0                    0                    0                    0
  "BR3.QSKH0.7L3"                       207          "multipole"            64.372816          5.600939811          1.762850929           11.2243822         -4.301139184          1.706124462          1.761648057                    0                    0                    0                    0         -2.878154172         0.8162491126                    0                    0                    0                    0                    0                    0                    0                    0                    0                    0                    0                    0                    0                    0                    0                    0
  "BR3.XNOH0.7L3"                       208          "multipole"            64.372816          5.600939811          1.762850929           11.2243822         -4.301139184          1.706124462          1.761648057                    0                    0                    0                    0         -2.878154172         0.8162491126                    0                    0                    0                    0                    0                    0                    0                    0                    0                    0                    0                    0                    0                    0                    0                    0
  "DRIFT_83"                            209              "drift"            64.700327          4.524899044          1.522659382          14.22806872         -4.870114681           1.71648585          1.765773213                    0                    0                    0                    0         -2.610823608         0.8162491126                    0                    0                    0                    0                    0                    0                    0                    0                    0                    0                    0                    0                    0                    0                    0                    0
  "BR.QDE7"                             210         "quadrupole"            65.579267          4.525083799         -1.522908457          14.22929391          4.868999127          1.750716729           1.77469264                    0                    0                    0                    0         -2.610897453        -0.8164251297                    0                    0                    0                    0                    0                    0        -0.6550591552                    0                    0                    0                    0                    0                    0                    0                    0                    0
  "DRIFT_84"                            211              "drift"            65.906816          5.601436486         -1.763172975          11.22591334          4.300256704           1.76107865          1.778817817                    0                    0                    0                    0         -2.878316688        -0.8164251297                    0                    0                    0                    0                    0                    0                    0                    0                    0                    0                    0                    0                    0                    0                    0                    0
  "BR3.DSHAH7L4"                        212            "hkicker"            65.906816          5.601436486         -1.763172975          11.22591334          4.300256704           1.76107865          1.778817817                    0                    0                    0                    0         -2.878316688        -0.8164251297                    0                    0                    0                    0                    0                    0                    0                    0                    0                    0                    0                    0                    0                    0                    0                    0
  "BR3.DSHAV7L4"                        213            "vkicker"            65.906816          5.601436486         -1.763172975          11.22591334          4.300256704           1.76107865          1.778817817                    0                    0                    0                    0         -2.878316688        -0.8164251297                    0                    0                    0                    0                    0                    0                    0                    0                    0                    0                    0                    0                    0                    0                    0                    0
  "DRIFT_85"                            214              "drift"            66.234012          6.833771642         -2.003178558          8.597749447          3.732127216          1.769499401          1.784119395                    0                    0                    0                    0         -3.145447725        -0.8164251297                    0                    0                    0                    0                    0                    0                    0                    0                    0                    0                    0                    0                    0                    0                    0                    0
  "BR.QFO72"                            215         "quadrupole"            66.737582          7.597065719          0.582132505          6.518217284         0.6492142433          1.780290728           1.79516759                    0                    0                    0                    0          -3.25729251         0.3790923451                    0                    0                    0                    0                    0                    0         0.3676598381                    0                    0                    0                    0                    0                    0                    0                    0                    0
  "DRIFT_86"                            216              "drift"              67.1048          7.193291941         0.5174153876          6.070818572         0.5691321132          1.788199992          1.804463738                    0                    0                    0                    0         -3.118082977         0.3790923451                    0                    0                    0                    0                    0                    0                    0                    0                    0                    0                    0                    0                    0                    0                    0                    0
  "BR.STSCRAP72"                        217         "collimator"              67.1048          7.193291941         0.5174153876          6.070818572         0.5691321132          1.788199992          1.804463738                    0                    0                    0                    0         -3.118082977         0.3790923451                    0                    0                    0                    0                    0                    0                    0                    0                    0                    0                    0                    0                    0                    0                    0                    0
  "DRIFT_87"                            218              "drift"           67.1048045          7.193287284         0.5174145945           6.07081345         0.5691311319          1.788200092          1.804463856                    0                    0                    0                    0         -3.118081271         0.3790923451                    0                    0                    0                    0                    0                    0                    0                    0                    0                    0                    0                    0                    0                    0                    0                    0
  "BR.BHZ72"                            219              "sbend"           68.7225005          5.985287302         0.2341463106          4.611825222         0.3160903816          1.827587635          1.853913982                    0                    0                    0                    0         -2.813339917      9.919659279e-05                    0                    0                    0                    0                    0                    0                    0                    0                    0                    0                    0                    0                    0                    0                    0                    0
  "DRIFT_88"                            220              "drift"             69.08625          5.838264563         0.1700404686          4.413426396         0.2293366927          1.837387331          1.866760038                    0                    0                    0                    0         -2.813303834      9.919659279e-05                    0                    0                    0                    0                    0                    0                    0                    0                    0                    0                    0                    0                    0                    0                    0                    0
  "BR3.ONO8L1"                          221          "multipole"             69.08625          5.838264563         0.1700404686          4.413426396         0.2293366927          1.837387331          1.866760038                    0                    0                    0                    0         -2.813303834      9.919659279e-05                    0                    0                    0                    0                    0                    0                    0                    0                    0                    0                    0                    0                    0                    0                    0                    0
  "BR3.QNO8L1"                          222          "multipole"             69.08625          5.838264563         0.1700404686          4.413426396         0.2293366927          1.837387331          1.866760038                    0                    0                    0                    0         -2.813303834      9.919659279e-05                    0                    0                    0                    0                    0                    0                    0                    0                    0                    0                    0                    0                    0                    0                    0                    0
  "BR3.XNO8L1"                          223          "multipole"             69.08625          5.838264563         0.1700404686          4.413426396         0.2293366927          1.837387331          1.866760038                    0                    0                    0                    0         -2.813303834      9.919659279e-05                    0                    0                    0                    0                    0                    0                    0                    0                    0                    0                    0                    0                    0                    0                    0                    0
  "DRIFT_89"                            224              "drift"             69.59625           5.71066233        0.08015998911          4.241536415         0.1077024873          1.851463079          1.885564099                    0                    0                    0                    0         -2.813253244      9.919659279e-05                    0                    0                    0                    0                    0                    0                    0                    0                    0                    0                    0                    0                    0                    0                    0                    0
  "BR3.DHZ8L1"                          225            "hkicker"             69.59625           5.71066233        0.08015998911          4.241536415         0.1077024873          1.851463079          1.885564099                    0                    0                    0                    0         -2.813253244      9.919659279e-05                    0                    0                    0                    0                    0                    0                    0                    0                    0                    0                    0                    0                    0                    0                    0                    0
  "BR3.DVT8L1"                          226            "vkicker"             69.59625           5.71066233        0.08015998911          4.241536415         0.1077024873          1.851463079          1.885564099                    0                    0                    0                    0         -2.813253244      9.919659279e-05                    0                    0                    0                    0                    0                    0                    0                    0                    0                    0                    0                    0                    0                    0                    0                    0
  "DRIFT_90"                            227              "drift"             69.94025          5.676367348        0.01953472454          4.195660055        0.02565902334          1.861085064          1.898556796                    0                    0                    0                    0         -2.813219121      9.919659279e-05                    0                    0                    0                    0                    0                    0                    0                    0                    0                    0                    0                    0                    0                    0                    0                    0
  "BR3.BCTI8L1"                         228            "monitor"             70.46955          5.705061966       -0.07374711423          4.235314776        -0.1005782019          1.875909726          1.918593526                    0                    0                    0                    0         -2.813166616      9.919659279e-05                    0                    0                    0                    0                    0                    0                    0                    0                    0                    0                    0                    0                    0                    0                    0                    0
  "DRIFT_91"                            229              "drift"            70.565273           5.72079539       -0.09061697528          4.256755406        -0.1234079883          1.878576574          1.922181845                    0                    0                    0                    0          -2.81315712      9.919659279e-05                    0                    0                    0                    0                    0                    0                    0                    0                    0                    0                    0                    0                    0                    0                    0                    0
  "BR3.BCW8L1"                          230            "monitor"            70.905773          5.802938423         -0.150625413          4.368447815        -0.2046167077          1.887987626           1.93476202                    0                    0                    0                    0         -2.813123344      9.919659279e-05                    0                    0                    0                    0                    0                    0                    0                    0                    0                    0                    0                    0                    0                    0                    0                    0
  "DRIFT_92"                            231              "drift"            71.041223          5.846976201        -0.1744966109          4.428254141        -0.2369213216          1.891688878          1.939664185                    0                    0                    0                    0         -2.813109908      9.919659279e-05                    0                    0                    0                    0                    0                    0                    0                    0                    0                    0                    0                    0                    0                    0                    0                    0
  "BR3.VVS8L1"                          232             "marker"            71.041223          5.846976201        -0.1744966109          4.428254141        -0.2369213216          1.891688878          1.939664185                    0                    0                    0                    0         -2.813109908      9.919659279e-05                    0                    0                    0                    0                    0                    0                    0                    0                    0                    0                    0                    0                    0                    0                    0                    0
  "DRIFT_93"                            233              "drift"            71.188223          5.902086494        -0.2004033374          4.503062723        -0.2719805926          1.895671915          1.944904359                    0                    0                    0                    0         -2.813095326      9.919659279e-05                    0                    0                    0                    0                    0                    0                    0                    0                    0                    0                    0                    0                    0                    0                    0                    0
  "BR3.BPP8L1"                          234            "monitor"            71.188223          5.902086494        -0.2004033374          4.503062723        -0.2719805926          1.895671915          1.944904359                    0                    0                    0                    0         -2.813095326      9.919659279e-05                    0                    0                    0                    0                    0                    0                    0                    0                    0                    0                    0                    0                    0                    0                    0                    0
  "DRIFT_94"                            235              "drift"            71.376501          5.983796901        -0.2335847431          4.613933084        -0.3168846022          1.900715057          1.951480235                    0                    0                    0                    0         -2.813076649      9.919659279e-05                    0                    0                    0                    0                    0                    0                    0                    0                    0                    0                    0                    0                    0                    0                    0                    0
  "BR.BHZ81"                            236              "sbend"            72.994197          7.189991645         -0.516853027          6.075366222        -0.5698203278          1.940116824          2.000899538                    0                    0                    0                    0         -3.117499122        -0.3788939519                    0                    0                    0                    0                    0                    0                    0                    0                    0                    0                    0                    0                    0                    0                    0                    0
  "DRIFT_95"                            237              "drift"           72.9941995          7.189994229        -0.5168534675          6.075369071        -0.5698208729          1.940116879          2.000899604                    0                    0                    0                    0         -3.117500069        -0.3788939519                    0                    0                    0                    0                    0                    0                    0                    0                    0                    0                    0                    0                    0                    0                    0                    0
  "BR.STSCRAP81"                        238         "collimator"           72.9941995          7.189994229        -0.5168534675          6.075369071        -0.5698208729          1.940116879          2.000899604                    0                    0                    0                    0         -3.117500069        -0.3788939519                    0                    0                    0                    0                    0                    0                    0                    0                    0                    0                    0                    0                    0                    0                    0                    0
  "DRIFT_96"                            239              "drift"            73.360512          7.592302233        -0.5814110031          6.522092246        -0.6496929983          1.948010912          2.010166568                    0                    0                    0                    0          -3.25629366        -0.3788939519                    0                    0                    0                    0                    0                    0                    0                    0                    0                    0                    0                    0                    0                    0                    0                    0
  "BR.QFO81"                            240         "quadrupole"            73.864082          6.829196751          2.002105943          8.602921915         -3.734382161          1.958809251          2.021208149                    0                    0                    0                    0         -3.144443071         0.8162494293                    0                    0                    0                    0                    0                    0         0.3676598381                    0                    0                    0                    0                    0                    0                    0                    0                    0
  "DRIFT_97"                            241              "drift"            74.190321          5.600922182          1.762847262          11.22442519         -4.301147843           1.96720855          2.026492976                    0                    0                    0                    0         -2.878150674         0.8162494293                    0                    0                    0                    0                    0                    0                    0                    0                    0                    0                    0                    0                    0                    0                    0                    0
  "BR3.BPM8L3"                          242            "monitor"            74.190321          5.600922182          1.762847262          11.22442519         -4.301147843           1.96720855          2.026492976                    0                    0                    0                    0         -2.878150674         0.8162494293                    0                    0                    0                    0                    0                    0                    0                    0                    0                    0                    0                    0                    0                    0                    0                    0
  "BR3.ONOH0.8L3"                       243          "multipole"            74.190321          5.600922182          1.762847262          11.22442519         -4.301147843           1.96720855          2.026492976                    0                    0                    0                    0         -2.878150674         0.8162494293                    0                    0                    0                    0                    0                    0                    0                    0                    0                    0                    0                    0                    0                    0                    0                    0
  "BR3.QNO8L3"                          244          "multipole"            74.190321          5.600922182          1.762847262          11.22442519         -4.301147843           1.96720855          2.026492976                    0                    0                    0                    0         -2.878150674         0.8162494293                    0                    0                    0                    0                    0                    0                    0                    0                    0                    0                    0                    0                    0                    0                    0                    0
  "BR3.XNOH0.8L3"                       245          "multipole"            74.190321          5.600922182          1.762847262          11.22442519         -4.301147843           1.96720855          2.026492976                    0                    0                    0                    0         -2.878150674         0.8162494293                    0                    0                    0                    0                    0                    0                    0                    0                    0                    0                    0                    0                    0                    0                    0                    0
  "DRIFT_98"                            246              "drift"            74.517827          4.524899044          1.522659382          14.22806868         -4.870114647          1.977569796          2.030618062                    0                    0                    0                    0         -2.610824088         0.8162494293                    0                    0                    0                    0                    0                    0                    0                    0                    0                    0                    0                    0                    0                    0                    0                    0
  "BR.QDE8"                             247         "quadrupole"            75.396767          4.525083799         -1.522908457          14.22929384          4.868999122          2.011800675          2.039537489                    0                    0                    0                    0         -2.610897772        -0.8164250624                    0                    0                    0                    0                    0                    0        -0.6550591552                    0                    0                    0                    0                    0                    0                    0                    0                    0
  "DRIFT_99"                            248              "drift"            75.693797          5.494499143         -1.740786606           11.4900096          4.353248617           2.02128705          2.043234985                    0                    0                    0                    0         -2.853400508        -0.8164250624                    0                    0                    0                    0                    0                    0                    0                    0                    0                    0                    0                    0                    0                    0                    0                    0
  "BR3.TSAA8L4"                         249         "collimator"            75.693797          5.494499143         -1.740786606           11.4900096          4.353248617           2.02128705          2.043234985                    0                    0                    0                    0         -2.853400508        -0.8164250624                    0                    0                    0                    0                    0                    0                    0                    0                    0                    0                    0                    0                    0                    0                    0                    0
  "DRIFT_100"                           250              "drift"            75.865797          6.115030261         -1.866952452           10.0438605          4.054594989          2.026010387           2.04578332                    0                    0                    0                    0         -2.993825619        -0.8164250624                    0                    0                    0                    0                    0                    0                    0                    0                    0                    0                    0                    0                    0                    0                    0                    0
  "BR3.TSAB8L4"                         251         "collimator"            75.865797          6.115030261         -1.866952452           10.0438605          4.054594989          2.026010387           2.04578332                    0                    0                    0                    0         -2.993825619        -0.8164250624                    0                    0                    0                    0                    0                    0                    0                    0                    0                    0                    0                    0                    0                    0                    0                    0
  "DRIFT_101"                           252              "drift"            76.051512          6.833771642         -2.003178558          8.597749383          3.732127208          2.030583347          2.048964244                    0                    0                    0                    0         -3.145447999        -0.8164250624                    0                    0                    0                    0                    0                    0                    0                    0                    0                    0                    0                    0                    0                    0                    0                    0
  "BR.QFO82"                            253         "quadrupole"            76.555082          7.597065719          0.582132505           6.51821722         0.6492142548          2.041374674           2.06001244                    0                    0                    0                    0         -3.257292726          0.379092504                    0                    0                    0                    0                    0                    0         0.3676598381                    0                    0                    0                    0                    0                    0                    0                    0                    0
  "DRIFT_102"                           254              "drift"              76.9223          7.193291941         0.5174153876          6.070818499         0.5691321231          2.049283938          2.069308587                    0                    0                    0                    0         -3.118083135          0.379092504                    0                    0                    0                    0                    0                    0                    0                    0                    0                    0                    0                    0                    0                    0                    0                    0
  "BR.STSCRAP82"                        255         "collimator"              76.9223          7.193291941         0.5174153876          6.070818499         0.5691321231          2.049283938          2.069308587                    0                    0                    0                    0         -3.118083135          0.379092504                    0                    0                    0                    0                    0                    0                    0                    0                    0                    0                    0                    0                    0                    0                    0                    0
  "DRIFT_103"                           256              "drift"           76.9223045          7.193287284         0.5174145945          6.070813377         0.5691311418          2.049284038          2.069308705                    0                    0                    0                    0         -3.118081429          0.379092504                    0                    0                    0                    0                    0                    0                    0                    0                    0                    0                    0                    0                    0                    0                    0                    0
  "BR.BHZ82"                            257              "sbend"           78.5400005          5.985287302         0.2341463106          4.611825132         0.3160903821          2.088671581          2.118758832                    0                    0                    0                    0          -2.81333982      9.935550376e-05                    0                    0                    0                    0                    0                    0                    0                    0                    0                    0                    0                    0                    0                    0                    0                    0
  "DRIFT_104"                           258              "drift"               78.924          5.831450192         0.1664716848           4.40423597         0.2245070978          2.099023629          2.132335899                    0                    0                    0                    0         -2.813301667      9.935550376e-05                    0                    0                    0                    0                    0                    0                    0                    0                    0                    0                    0                    0                    0                    0                    0                    0
  "BR3.DHZ9L1"                          259            "hkicker"               78.924          5.831450192         0.1664716848           4.40423597         0.2245070978          2.099023629          2.132335899                    0                    0                    0                    0         -2.813301667      9.935550376e-05                    0                    0                    0                    0                    0                    0                    0                    0                    0                    0                    0                    0                    0                    0                    0                    0
  "BR3.DVT9L1"                          260            "vkicker"               78.924          5.831450192         0.1664716848           4.40423597         0.2245070978          2.099023629          2.132335899                    0                    0                    0                    0         -2.813301667      9.935550376e-05                    0                    0                    0                    0                    0                    0                    0                    0                    0                    0                    0                    0                    0                    0                    0                    0
  "DRIFT_105"                           261              "drift"              79.4089          5.711444027        0.08101473484          4.242586652         0.1088592011          2.112411866          2.150226985                    0                    0                    0                    0          -2.81325349      9.935550376e-05                    0                    0                    0                    0                    0                    0                    0                    0                    0                    0                    0                    0                    0                    0                    0                    0
  "BR3.BCTDC9L1"                        262            "monitor"              79.7289          5.677641187         0.0246191399          4.197339004        0.03253969824          2.121360196          2.162307483                    0                    0                    0                    0         -2.813221696      9.935550376e-05                    0                    0                    0                    0                    0                    0                    0                    0                    0                    0                    0                    0                    0                    0                    0                    0
  "DRIFT_106"                           263              "drift"               80.634          5.777449402        -0.1348922757          4.333815003        -0.1833252457          2.146617624          2.196341203                    0                    0                    0                    0         -2.813131769      9.935550376e-05                    0                    0                    0                    0                    0                    0                    0                    0                    0                    0                    0                    0                    0                    0                    0                    0
  "BR3.ONO9L1"                          264          "multipole"               80.634          5.777449402        -0.1348922757          4.333815003        -0.1833252457          2.146617624          2.196341203                    0                    0                    0                    0         -2.813131769      9.935550376e-05                    0                    0                    0                    0                    0                    0                    0                    0                    0                    0                    0                    0                    0                    0                    0                    0
  "BR3.OSK9L1"                          265          "multipole"               80.634          5.777449402        -0.1348922757          4.333815003        -0.1833252457          2.146617624          2.196341203                    0                    0                    0                    0         -2.813131769      9.935550376e-05                    0                    0                    0                    0                    0                    0                    0                    0                    0                    0                    0                    0                    0                    0                    0                    0
  "BR3.XNO9L1"                          266          "multipole"               80.634          5.777449402        -0.1348922757          4.333815003        -0.1833252457          2.146617624          2.196341203                    0                    0                    0                    0         -2.813131769      9.935550376e-05                    0                    0                    0                    0                    0                    0                    0                    0                    0                    0                    0                    0                    0                    0                    0                    0
  "BR3.XSK9L1"                          267          "multipole"               80.634          5.777449402        -0.1348922757          4.333815003        -0.1833252457          2.146617624          2.196341203                    0                    0                    0                    0         -2.813131769      9.935550376e-05                    0                    0                    0                    0                    0                    0                    0                    0                    0                    0                    0                    0                    0                    0                    0                    0
  "DRIFT_107"                           268              "drift"            81.194001          5.983796901        -0.2335847431          4.613933025        -0.3168846143          2.161799003          2.216325087                    0                    0                    0                    0          -2.81307613      9.935550376e-05                    0                    0                    0                    0                    0                    0                    0                    0                    0                    0                    0                    0                    0                    0                    0                    0
  "BR.BHZ91"                            269              "sbend"            82.811697          7.189991645         -0.516853027          6.075366216        -0.5698203478           2.20120077           2.26574439                    0                    0                    0                    0         -3.117498347         -0.378893793                    0                    0                    0                    0                    0                    0                    0                    0                    0                    0                    0                    0                    0                    0                    0                    0
  "DRIFT_108"                           270              "drift"           82.8116995          7.189994229        -0.5168534675          6.075369065        -0.5698208929          2.201200825          2.265744456                    0                    0                    0                    0         -3.117499294         -0.378893793                    0                    0                    0                    0                    0                    0                    0                    0                    0                    0                    0                    0                    0                    0                    0                    0
  "BR.STSCRAP91"                        271         "collimator"           82.8116995          7.189994229        -0.5168534675          6.075369065        -0.5698208929          2.201200825          2.265744456                    0                    0                    0                    0         -3.117499294         -0.378893793                    0                    0                    0                    0                    0                    0                    0                    0                    0                    0                    0                    0                    0                    0                    0                    0
  "DRIFT_109"                           272              "drift"            83.178012          7.592302233        -0.5814110031          6.522092255        -0.6496930197          2.209094858           2.27501142                    0                    0                    0                    0         -3.256292827         -0.378893793                    0                    0                    0                    0                    0                    0                    0                    0                    0                    0                    0                    0                    0                    0                    0                    0
  "BR.QFO91"                            273         "quadrupole"            83.681582          6.829196751          2.002105943          8.602921951         -3.734382197          2.219893197          2.286053001                    0                    0                    0                    0         -3.144442237         0.8162492769                    0                    0                    0                    0                    0                    0         0.3676598381                    0                    0                    0                    0                    0                    0                    0                    0                    0
  "DRIFT_110"                           274              "drift"            84.007826          5.600904554          1.762843595          11.22446826         -4.301156573          2.228292638          2.291337899                    0                    0                    0                    0         -2.878145808         0.8162492769                    0                    0                    0                    0                    0                    0                    0                    0                    0                    0                    0                    0                    0                    0                    0                    0
  "BR3.BPM9L3"                          275            "monitor"            84.007826          5.600904554          1.762843595          11.22446826         -4.301156573          2.228292638          2.291337899                    0                    0                    0                    0         -2.878145808         0.8162492769                    0                    0                    0                    0                    0                    0                    0                    0                    0                    0                    0                    0                    0                    0                    0                    0
  "BR3.ONOH0.9L3"                       276          "multipole"            84.007826          5.600904554          1.762843595          11.22446826         -4.301156573          2.228292638          2.291337899                    0                    0                    0                    0         -2.878145808         0.8162492769                    0                    0                    0                    0                    0                    0                    0                    0                    0                    0                    0                    0                    0                    0                    0                    0
  "BR3.QSKH0.9L3"                       277          "multipole"            84.007826          5.600904554          1.762843595          11.22446826         -4.301156573          2.228292638          2.291337899                    0                    0                    0                    0         -2.878145808         0.8162492769                    0                    0                    0                    0                    0                    0                    0                    0                    0                    0                    0                    0                    0                    0                    0                    0
  "BR3.XNOH0.9L3"                       278          "multipole"            84.007826          5.600904554          1.762843595          11.22446826         -4.301156573          2.228292638          2.291337899                    0                    0                    0                    0         -2.878145808         0.8162492769                    0                    0                    0                    0                    0                    0                    0                    0                    0                    0                    0                    0                    0                    0                    0                    0
  "DRIFT_111"                           279              "drift"            84.335327          4.524899044          1.522659382          14.22806877         -4.870114698          2.238653742          2.295462914                    0                    0                    0                    0         -2.610823353         0.8162492769                    0                    0                    0                    0                    0                    0                    0                    0                    0                    0                    0                    0                    0                    0                    0                    0
  "BR.QDE9"                             280         "quadrupole"            85.214267          4.525083799         -1.522908457          14.22929397          4.868999146          2.272884621          2.304382341                    0                    0                    0                    0         -2.610896962        -0.8164247319                    0                    0                    0                    0                    0                    0        -0.6550591552                    0                    0                    0                    0                    0                    0                    0                    0                    0
  "DRIFT_112"                           281              "drift"            85.541826          5.601471749          -1.76318031          11.22582737          4.300239357          2.283246826          2.308507659                    0                    0                    0                    0         -2.878324231        -0.8164247319                    0                    0                    0                    0                    0                    0                    0                    0                    0                    0                    0                    0                    0                    0                    0                    0
  "BR3.DSHAH9L4"                        282            "hkicker"            85.541826          5.601471749          -1.76318031          11.22582737          4.300239357          2.283246826          2.308507659                    0                    0                    0                    0         -2.878324231        -0.8164247319                    0                    0                    0                    0                    0                    0                    0                    0                    0                    0                    0                    0                    0                    0                    0                    0
  "BR3.DSHAV9L4"                        283            "vkicker"            85.541826          5.601471749          -1.76318031          11.22582737          4.300239357          2.283246826          2.308507659                    0                    0                    0                    0         -2.878324231        -0.8164247319                    0                    0                    0                    0                    0                    0                    0                    0                    0                    0                    0                    0                    0                    0                    0                    0
  "DRIFT_113"                           284              "drift"            85.869012          6.833771642         -2.003178558          8.597749476          3.732127231          2.291667293          2.313809096                    0                    0                    0                    0         -3.145446973        -0.8164247319                    0                    0                    0                    0                    0                    0                    0                    0                    0                    0                    0                    0                    0                    0                    0                    0
  "BR.QFO92"                            285         "quadrupole"            86.372582          7.597065719          0.582132505          6.518217305         0.6492142475           2.30245862          2.324857291                    0                    0                    0                    0         -3.257291632         0.3790924387                    0                    0                    0                    0                    0                    0         0.3676598381                    0                    0                    0                    0                    0                    0                    0                    0                    0
  "DRIFT_114"                           286              "drift"            86.739799          7.193292976         0.5174155638          6.070819728         0.5691323355          2.310367862          2.334153413                    0                    0                    0                    0         -3.118082444         0.3790924387                    0                    0                    0                    0                    0                    0                    0                    0                    0                    0                    0                    0                    0                    0                    0                    0
  "BR.STSCRAP92"                        287         "collimator"            86.739799          7.193292976         0.5174155638          6.070819728         0.5691323355          2.310367862          2.334153413                    0                    0                    0                    0         -3.118082444         0.3790924387                    0                    0                    0                    0                    0                    0                    0                    0                    0                    0                    0                    0                    0                    0                    0                    0
  "DRIFT_115"                           288              "drift"            86.739804          7.193287802         0.5174146826          6.070814037         0.5691312451          2.310367973          2.334153544                    0                    0                    0                    0         -3.118080549         0.3790924387                    0                    0                    0                    0                    0                    0                    0                    0                    0                    0                    0                    0                    0                    0                    0                    0
  "BR.BHZ92"                            289              "sbend"              88.3575          5.985287536         0.2341463988          4.611825428         0.3160904993          2.349755514          2.383603666                    0                    0                    0                    0         -2.813339045      9.929020336e-05                    0                    0                    0                    0                    0                    0                    0                    0                    0                    0                    0                    0                    0                    0                    0                    0
  "DRIFT_116"                           290              "drift"            91.011501          5.983796901        -0.2335847431          4.613933021        -0.3168846183          2.422882949          2.481169938                    0                    0                    0                    0         -2.813075528      9.929020336e-05                    0                    0                    0                    0                    0                    0                    0                    0                    0                    0                    0                    0                    0                    0                    0                    0
  "BR.BHZ101"                           291              "sbend"            92.629197          7.189991645         -0.516853027          6.075366227        -0.5698203528          2.462284716          2.530589242                    0                    0                    0                    0          -3.11749785        -0.3788938583                    0                    0                    0                    0                    0                    0                    0                    0                    0                    0                    0                    0                    0                    0                    0                    0
  "DRIFT_117"                           292              "drift"           92.6291995          7.189994229        -0.5168534675          6.075369076        -0.5698208979          2.462284771          2.530589308                    0                    0                    0                    0         -3.117498797        -0.3788938583                    0                    0                    0                    0                    0                    0                    0                    0                    0                    0                    0                    0                    0                    0                    0                    0
  "BR.STSCRAP101"                       293         "collimator"           92.6291995          7.189994229        -0.5168534675          6.075369076        -0.5698208979          2.462284771          2.530589308                    0                    0                    0                    0         -3.117498797        -0.3788938583                    0                    0                    0                    0                    0                    0                    0                    0                    0                    0                    0                    0                    0                    0                    0                    0
  "DRIFT_118"                           294              "drift"            92.995512          7.592302233        -0.5814110031           6.52209227         -0.649693025          2.470178804          2.539856272                    0                    0                    0                    0         -3.256292354        -0.3788938583                    0                    0                    0                    0                    0                    0                    0                    0                    0                    0                    0                    0                    0                    0                    0                    0
  "BR.QFO101"                           295         "quadrupole"            93.499082          6.829196751          2.002105943          8.602921974         -3.734382211          2.480977143          2.550897853                    0                    0                    0                    0         -3.144441839          0.816249049                    0                    0                    0                    0                    0                    0         0.3676598381                    0                    0                    0                    0                    0                    0                    0                    0                    0
  "DRIFT_119"                           296              "drift"             93.82532          5.600925708          1.762847995          11.22441668         -4.301146165          2.489376413          2.556182666                    0                    0                    0                    0         -2.878150381          0.816249049                    0                    0                    0                    0                    0                    0                    0                    0                    0                    0                    0                    0                    0                    0                    0                    0
  "BR3.BPM10L3"                         297            "monitor"             93.82532          5.600925708          1.762847995          11.22441668         -4.301146165          2.489376413          2.556182666                    0                    0                    0                    0         -2.878150381          0.816249049                    0                    0                    0                    0                    0                    0                    0                    0                    0                    0                    0                    0                    0                    0                    0                    0
  "BR3.ONOH0.10L3"                      298          "multipole"             93.82532          5.600925708          1.762847995          11.22441668         -4.301146165          2.489376413          2.556182666                    0                    0                    0                    0         -2.878150381          0.816249049                    0                    0                    0                    0                    0                    0                    0                    0                    0                    0                    0                    0                    0                    0                    0                    0
  "BR3.QSK10L3"                         299          "multipole"             93.82532          5.600925708          1.762847995          11.22441668         -4.301146165          2.489376413          2.556182666                    0                    0                    0                    0         -2.878150381          0.816249049                    0                    0                    0                    0                    0                    0                    0                    0                    0                    0                    0                    0                    0                    0                    0                    0
  "BR3.XNOH0.10L3"                      300          "multipole"             93.82532          5.600925708          1.762847995          11.22441668         -4.301146165          2.489376413          2.556182666                    0                    0                    0                    0         -2.878150381          0.816249049                    0                    0                    0                    0                    0                    0                    0                    0                    0                    0                    0                    0                    0                    0                    0                    0
  "DRIFT_120"                           301              "drift"            94.152827          4.524899044          1.522659382          14.22806882         -4.870114717          2.499737688          2.560307766                    0                    0                    0                    0         -2.610823104          0.816249049                    0                    0                    0                    0                    0                    0                    0                    0                    0                    0                    0                    0                    0                    0                    0                    0
  "BR.QDE10"                            302         "quadrupole"            95.031767          4.525083799         -1.522908457          14.22929401           4.86899916          2.533968567          2.569227193                    0                    0                    0                    0         -2.610896858        -0.8164248494                    0                    0                    0                    0                    0                    0        -0.6550591552                    0                    0                    0                    0                    0                    0                    0                    0                    0
  "DRIFT_121"                           303              "drift"             95.35932          5.601450591         -1.763175909          11.22587901          4.300249788          2.544330601          2.573352426                    0                    0                    0                    0         -2.878319267        -0.8164248494                    0                    0                    0                    0                    0                    0                    0                    0                    0                    0                    0                    0                    0                    0                    0                    0
  "BR3.DHZ10L4"                         304            "hkicker"             95.35932          5.601450591         -1.763175909          11.22587901          4.300249788          2.544330601          2.573352426                    0                    0                    0                    0         -2.878319267        -0.8164248494                    0                    0                    0                    0                    0                    0                    0                    0                    0                    0                    0                    0                    0                    0                    0                    0
  "BR3.DVT10L4"                         305            "vkicker"             95.35932          5.601450591         -1.763175909          11.22587901          4.300249788          2.544330601          2.573352426                    0                    0                    0                    0         -2.878319267        -0.8164248494                    0                    0                    0                    0                    0                    0                    0                    0                    0                    0                    0                    0                    0                    0                    0                    0
  "DRIFT_122"                           306              "drift"            95.686512          6.833771642         -2.003178558          8.597749509          3.732127242          2.552751239          2.578653948                    0                    0                    0                    0         -3.145446946        -0.8164248494                    0                    0                    0                    0                    0                    0                    0                    0                    0                    0                    0                    0                    0                    0                    0                    0
  "BR.QFO102"                           307         "quadrupole"            96.190082          7.597065719          0.582132505          6.518217331         0.6492142484          2.563542566          2.589702143                    0                    0                    0                    0         -3.257291665         0.3790923222                    0                    0                    0                    0                    0                    0         0.3676598381                    0                    0                    0                    0                    0                    0                    0                    0                    0
  "DRIFT_123"                           308              "drift"              96.5573          7.193291941         0.5174153876          6.070818615         0.5691321185           2.57145183          2.598998291                    0                    0                    0                    0         -3.118082141         0.3790923222                    0                    0                    0                    0                    0                    0                    0                    0                    0                    0                    0                    0                    0                    0                    0                    0
  "BR.STSCRAP102"                       309         "collimator"              96.5573          7.193291941         0.5174153876          6.070818615         0.5691321185           2.57145183          2.598998291                    0                    0                    0                    0         -3.118082141         0.3790923222                    0                    0                    0                    0                    0                    0                    0                    0                    0                    0                    0                    0                    0                    0                    0                    0
  "DRIFT_124"                           310              "drift"           96.5573045          7.193287284         0.5174145945          6.070813493         0.5691311371           2.57145193          2.598998409                    0                    0                    0                    0         -3.118080435         0.3790923222                    0                    0                    0                    0                    0                    0                    0                    0                    0                    0                    0                    0                    0                    0                    0                    0
  "BR.BHZ102"                           311              "sbend"           98.1750005          5.985287302         0.2341463106          4.611825245         0.3160903884          2.610839473          2.648448534                    0                    0                    0                    0         -2.813339118      9.917369561e-05                    0                    0                    0                    0                    0                    0                    0                    0                    0                    0                    0                    0                    0                    0                    0                    0
  "DRIFT_125"                           312              "drift"               98.471          5.862113982         0.1819804734           4.44559626         0.2454949689          2.618795979          2.658860182                    0                    0                    0                    0         -2.813309762      9.917369561e-05                    0                    0                    0                    0                    0                    0                    0                    0                    0                    0                    0                    0                    0                    0                    0                    0
  "BE3.DHZ11L1"                         313            "hkicker"               98.471          5.862113982         0.1819804734           4.44559626         0.2454949689          2.618795979          2.658860182                    0                    0                    0                    0         -2.813309762      9.917369561e-05                    0                    0                    0                    0                    0                    0                    0                    0                    0                    0                    0                    0                    0                    0                    0                    0
  "BE3.DVT11L1"                         314            "vkicker"               98.471          5.862113982         0.1819804734           4.44559626         0.2454949689          2.618795979          2.658860182                    0                    0                    0                    0         -2.813309762      9.917369561e-05                    0                    0                    0                    0                    0                    0                    0                    0                    0                    0                    0                    0                    0                    0                    0                    0
  "DRIFT_126"                           315              "drift"               99.638          5.677385746        -0.0236872119          4.197419407       -0.03283271236          2.651214787          2.702397825                    0                    0                    0                    0         -2.813194027      9.917369561e-05                    0                    0                    0                    0                    0                    0                    0                    0                    0                    0                    0                    0                    0                    0                    0                    0
  "BR3.ONO11L1"                         316          "multipole"               99.638          5.677385746        -0.0236872119          4.197419407       -0.03283271236          2.651214787          2.702397825                    0                    0                    0                    0         -2.813194027      9.917369561e-05                    0                    0                    0                    0                    0                    0                    0                    0                    0                    0                    0                    0                    0                    0                    0                    0
  "BR3.QNO11L1"                         317          "multipole"               99.638          5.677385746        -0.0236872119          4.197419407       -0.03283271236          2.651214787          2.702397825                    0                    0                    0                    0         -2.813194027      9.917369561e-05                    0                    0                    0                    0                    0                    0                    0                    0                    0                    0                    0                    0                    0                    0                    0                    0
  "BR3.XNO11L1"                         318          "multipole"               99.638          5.677385746        -0.0236872119          4.197419407       -0.03283271236          2.651214787          2.702397825                    0                    0                    0                    0         -2.813194027      9.917369561e-05                    0                    0                    0                    0                    0                    0                    0                    0                    0                    0                    0                    0                    0                    0                    0                    0
  "DRIFT_127"                           319              "drift"           100.338677          5.797102787        -0.1471718878          4.360520054        -0.1999430849          2.670701741          2.728581982                    0                    0                    0                    0         -2.813124538      9.917369561e-05                    0                    0                    0                    0                    0                    0                    0                    0                    0                    0                    0                    0                    0                    0                    0                    0
  "BR3.BWSV11L1"                        320            "monitor"           100.338677          5.797102787        -0.1471718878          4.360520054        -0.1999430849          2.670701741          2.728581982                    0                    0                    0                    0         -2.813124538      9.917369561e-05                    0                    0                    0                    0                    0                    0                    0                    0                    0                    0                    0                    0                    0                    0                    0                    0
  "DRIFT_128"                           321              "drift"           100.829001          5.983796901        -0.2335847431          4.613933069        -0.3168845947          2.683966895          2.746014787                    0                    0                    0                    0         -2.813075911      9.917369561e-05                    0                    0                    0                    0                    0                    0                    0                    0                    0                    0                    0                    0                    0                    0                    0                    0
  "BR.BHZ111"                           322              "sbend"           102.446697          7.189991645         -0.516853027          6.075366184        -0.5698203207          2.723368662           2.79543409                    0                    0                    0                    0          -3.11749842        -0.3788939748                    0                    0                    0                    0                    0                    0                    0                    0                    0                    0                    0                    0                    0                    0                    0                    0
  "DRIFT_129"                           323              "drift"          102.4466995          7.189994229        -0.5168534675          6.075369033        -0.5698208658          2.723368717          2.795434156                    0                    0                    0                    0         -3.117499367        -0.3788939748                    0                    0                    0                    0                    0                    0                    0                    0                    0                    0                    0                    0                    0                    0                    0                    0
  "BR.STSCRAP111"                       324         "collimator"          102.4466995          7.189994229        -0.5168534675          6.075369033        -0.5698208658          2.723368717          2.795434156                    0                    0                    0                    0         -3.117499367        -0.3788939748                    0                    0                    0                    0                    0                    0                    0                    0                    0                    0                    0                    0                    0                    0                    0                    0
  "DRIFT_130"                           325              "drift"             102.4787          7.223253839        -0.5224931152          6.112061422        -0.5767983726          2.724075438          2.796269949                    0                    0                    0                    0         -3.129624164        -0.3788939748                    0                    0                    0                    0                    0                    0                    0                    0                    0                    0                    0                    0                    0                    0                    0                    0
  "BR3.BPP11L2"                         326            "monitor"             102.4787          7.223253839        -0.5224931152          6.112061422        -0.5767983726          2.724075438          2.796269949                    0                    0                    0                    0         -3.129624164        -0.3788939748                    0                    0                    0                    0                    0                    0                    0                    0                    0                    0                    0                    0                    0                    0                    0                    0
  "DRIFT_131"                           327              "drift"           102.813012          7.592302233        -0.5814110031          6.522092203        -0.6496929912           2.73126275           2.80470112                    0                    0                    0                    0         -3.256292966        -0.3788939748                    0                    0                    0                    0                    0                    0                    0                    0                    0                    0                    0                    0                    0                    0                    0                    0
  "BR.QFO111"                           328         "quadrupole"           103.316582          6.829196751          2.002105943          8.602921854         -3.734382133          2.742061089          2.815742702                    0                    0                    0                    0         -3.144442452         0.8162491613                    0                    0                    0                    0                    0                    0         0.3676598381                    0                    0                    0                    0                    0                    0                    0                    0                    0
  "DRIFT_132"                           329              "drift"           103.642825           5.60090808          1.762844328          11.22445952          -4.30115476          2.750460501          2.821027585                    0                    0                    0                    0         -2.878146877         0.8162491613                    0                    0                    0                    0                    0                    0                    0                    0                    0                    0                    0                    0                    0                    0                    0                    0
  "BR3.BPM11L3"                         330            "monitor"           103.642825           5.60090808          1.762844328          11.22445952          -4.30115476          2.750460501          2.821027585                    0                    0                    0                    0         -2.878146877         0.8162491613                    0                    0                    0                    0                    0                    0                    0                    0                    0                    0                    0                    0                    0                    0                    0                    0
  "BR3.ONOH0.11L3"                      331          "multipole"           103.642825           5.60090808          1.762844328          11.22445952          -4.30115476          2.750460501          2.821027585                    0                    0                    0                    0         -2.878146877         0.8162491613                    0                    0                    0                    0                    0                    0                    0                    0                    0                    0                    0                    0                    0                    0                    0                    0
  "BR3.QSKH0.11L3"                      332          "multipole"           103.642825           5.60090808          1.762844328          11.22445952          -4.30115476          2.750460501          2.821027585                    0                    0                    0                    0         -2.878146877         0.8162491613                    0                    0                    0                    0                    0                    0                    0                    0                    0                    0                    0                    0                    0                    0                    0                    0
  "BR3.XNOH0.11L3"                      333          "multipole"           103.642825           5.60090808          1.762844328          11.22445952          -4.30115476          2.750460501          2.821027585                    0                    0                    0                    0         -2.878146877         0.8162491613                    0                    0                    0                    0                    0                    0                    0                    0                    0                    0                    0                    0                    0                    0                    0                    0
  "DRIFT_133"                           334              "drift"           103.970327          4.524899044          1.522659382          14.22806858         -4.870114611          2.760821634          2.825152615                    0                    0                    0                    0         -2.610823644         0.8162491613                    0                    0                    0                    0                    0                    0                    0                    0                    0                    0                    0                    0                    0                    0                    0                    0
  "BR.QDE11"                            335         "quadrupole"           104.849267          4.525083799         -1.522908457          14.22929374          4.868999087          2.795052513          2.834072042                    0                    0                    0                    0         -2.610897452        -0.8164250918                    0                    0                    0                    0                    0                    0        -0.6550591552                    0                    0                    0                    0                    0                    0                    0                    0                    0
  "DRIFT_134"                           336              "drift"           105.176825          5.601468223         -1.763179576          11.22583578          4.300241039          2.805414689          2.838197346                    0                    0                    0                    0         -2.878324023        -0.8164250918                    0                    0                    0                    0                    0                    0                    0                    0                    0                    0                    0                    0                    0                    0                    0                    0
  "BR3.DHZ11L4"                         337            "hkicker"           105.176825          5.601468223         -1.763179576          11.22583578          4.300241039          2.805414689          2.838197346                    0                    0                    0                    0         -2.878324023        -0.8164250918                    0                    0                    0                    0                    0                    0                    0                    0                    0                    0                    0                    0                    0                    0                    0                    0
  "BR3.DVT11L4"                         338            "vkicker"           105.176825          5.601468223         -1.763179576          11.22583578          4.300241039          2.805414689          2.838197346                    0                    0                    0                    0         -2.878324023        -0.8164250918                    0                    0                    0                    0                    0                    0                    0                    0                    0                    0                    0                    0                    0                    0                    0                    0
  "BR3.OSK11L4"                         339          "multipole"           105.176825          5.601468223         -1.763179576          11.22583578          4.300241039          2.805414689          2.838197346                    0                    0                    0                    0         -2.878324023        -0.8164250918                    0                    0                    0                    0                    0                    0                    0                    0                    0                    0                    0                    0                    0                    0                    0                    0
  "BR3.XSK11L4"                         340          "multipole"           105.176825          5.601468223         -1.763179576          11.22583578          4.300241039          2.805414689          2.838197346                    0                    0                    0                    0         -2.878324023        -0.8164250918                    0                    0                    0                    0                    0                    0                    0                    0                    0                    0                    0                    0                    0                    0                    0                    0
  "DRIFT_135"                           341              "drift"           105.504012          6.833771642         -2.003178558          8.597749322           3.73212718          2.813835185          2.843498797                    0                    0                    0                    0         -3.145447699        -0.8164250918                    0                    0                    0                    0                    0                    0                    0                    0                    0                    0                    0                    0                    0                    0                    0                    0
  "BR.QFO112"                           342         "quadrupole"           106.007582          7.597065719          0.582132505          6.518217174         0.6492142486          2.824626512          2.854546992                    0                    0                    0                    0         -3.257292468         0.3790923704                    0                    0                    0                    0                    0                    0         0.3676598381                    0                    0                    0                    0                    0                    0                    0                    0                    0
  "DRIFT_136"                           343              "drift"             106.3748          7.193291941         0.5174153876          6.070818458         0.5691321167          2.832535776           2.86384314                    0                    0                    0                    0         -3.118082926         0.3790923704                    0                    0                    0                    0                    0                    0                    0                    0                    0                    0                    0                    0                    0                    0                    0                    0
  "BR.STSCRAP112"                       344         "collimator"             106.3748          7.193291941         0.5174153876          6.070818458         0.5691321167          2.832535776           2.86384314                    0                    0                    0                    0         -3.118082926         0.3790923704                    0                    0                    0                    0                    0                    0                    0                    0                    0                    0                    0                    0                    0                    0                    0                    0
  "DRIFT_137"                           345              "drift"           106.374804          7.193287802         0.5174146826          6.070813905         0.5691312444          2.832535865          2.863843245                    0                    0                    0                    0          -3.11808141         0.3790923704                    0                    0                    0                    0                    0                    0                    0                    0                    0                    0                    0                    0                    0                    0                    0                    0
  "BR.BHZ112"                           346              "sbend"             107.9925          5.985287536         0.2341463988          4.611825316         0.3160904885          2.871923406          2.913293368                    0                    0                    0                    0         -2.813340015      9.922189547e-05                    0                    0                    0                    0                    0                    0                    0                    0                    0                    0                    0                    0                    0                    0                    0                    0
  "DRIFT_138"                           347              "drift"             108.2915          5.861023685         0.1814517647          4.444125204         0.2447794515          2.879961382          2.923812453                    0                    0                    0                    0         -2.813310348      9.922189547e-05                    0                    0                    0                    0                    0                    0                    0                    0                    0                    0                    0                    0                    0                    0                    0                    0
  "BR3.KQM12L1"                         348             "kicker"             109.5215          5.681280143       -0.03531880336           4.20279206       -0.04857364403          2.914148327          2.969743726                    0                    0                    0                    0         -2.813188305      9.922189547e-05                    0                    0                    0                    0                    0                    0                    0                    0                    0                    0                    0                    0                    0                    0                    0                    0
  "DRIFT_139"                           349              "drift"             110.0865          5.777449402        -0.1348922757          4.333814946        -0.1833252692          2.929869462          2.990875759                    0                    0                    0                    0         -2.813132244      9.922189547e-05                    0                    0                    0                    0                    0                    0                    0                    0                    0                    0                    0                    0                    0                    0                    0                    0
  "BR3.ONO12L1"                         350          "multipole"             110.0865          5.777449402        -0.1348922757          4.333814946        -0.1833252692          2.929869462          2.990875759                    0                    0                    0                    0         -2.813132244      9.922189547e-05                    0                    0                    0                    0                    0                    0                    0                    0                    0                    0                    0                    0                    0                    0                    0                    0
  "BR3.OSK12L1"                         351          "multipole"             110.0865          5.777449402        -0.1348922757          4.333814946        -0.1833252692          2.929869462          2.990875759                    0                    0                    0                    0         -2.813132244      9.922189547e-05                    0                    0                    0                    0                    0                    0                    0                    0                    0                    0                    0                    0                    0                    0                    0                    0
  "BR3.XNO12L1"                         352          "multipole"             110.0865          5.777449402        -0.1348922757          4.333814946        -0.1833252692          2.929869462          2.990875759                    0                    0                    0                    0         -2.813132244      9.922189547e-05                    0                    0                    0                    0                    0                    0                    0                    0                    0                    0                    0                    0                    0                    0                    0                    0
  "BR3.XSK12L1"                         353          "multipole"             110.0865          5.777449402        -0.1348922757          4.333814946        -0.1833252692          2.929869462          2.990875759                    0                    0                    0                    0         -2.813132244      9.922189547e-05                    0                    0                    0                    0                    0                    0                    0                    0                    0                    0                    0                    0                    0                    0                    0                    0
  "DRIFT_140"                           354              "drift"           110.646501          5.983796901        -0.2335847431          4.613932996        -0.3168846406          2.945050841          3.010859642                    0                    0                    0                    0          -2.81307668      9.922189547e-05                    0                    0                    0                    0                    0                    0                    0                    0                    0                    0                    0                    0                    0                    0                    0                    0
  "BR.BHZ121"                           355              "sbend"           112.264197          7.189991645         -0.516853027          6.075366285        -0.5698203809          2.984452608          3.060278946                    0                    0                    0                    0         -3.117499112        -0.3788939266                    0                    0                    0                    0                    0                    0                    0                    0                    0                    0                    0                    0                    0                    0                    0                    0
  "DRIFT_141"                           356              "drift"          112.2641995          7.189994229        -0.5168534675          6.075369134         -0.569820926          2.984452663          3.060279011                    0                    0                    0                    0         -3.117500059        -0.3788939266                    0                    0                    0                    0                    0                    0                    0                    0                    0                    0                    0                    0                    0                    0                    0                    0
  "BR.STSCRAP121"                       357         "collimator"          112.2641995          7.189994229        -0.5168534675          6.075369134         -0.569820926          2.984452663          3.060279011                    0                    0                    0                    0         -3.117500059        -0.3788939266                    0                    0                    0                    0                    0                    0                    0                    0                    0                    0                    0                    0                    0                    0                    0                    0
  "DRIFT_142"                           358              "drift"           112.630512          7.592302233        -0.5814110031          6.522092349        -0.6496930542          2.992346696          3.069545975                    0                    0                    0                    0          -3.25629364        -0.3788939266                    0                    0                    0                    0                    0                    0                    0                    0                    0                    0                    0                    0                    0                    0                    0                    0
  "BR.QFO121"                           359         "quadrupole"           113.134082          6.829196751          2.002105943          8.602922103         -3.734382286          3.003145035          3.080587557                    0                    0                    0                    0         -3.144443041         0.8162494454                    0                    0                    0                    0                    0                    0         0.3676598381                    0                    0                    0                    0                    0                    0                    0                    0                    0
  "DRIFT_143"                           360              "drift"            113.46033          5.600890451          1.762840661          11.22450289         -4.301163626          3.011544589          3.085872511                    0                    0                    0                    0         -2.878143292         0.8162494454                    0                    0                    0                    0                    0                    0                    0                    0                    0                    0                    0                    0                    0                    0                    0                    0
  "BR3.BPM12L3"                         361            "monitor"            113.46033          5.600890451          1.762840661          11.22450289         -4.301163626          3.011544589          3.085872511                    0                    0                    0                    0         -2.878143292         0.8162494454                    0                    0                    0                    0                    0                    0                    0                    0                    0                    0                    0                    0                    0                    0                    0                    0
  "BR3.ONOH0.12L3"                      362          "multipole"            113.46033          5.600890451          1.762840661          11.22450289         -4.301163626          3.011544589          3.085872511                    0                    0                    0                    0         -2.878143292         0.8162494454                    0                    0                    0                    0                    0                    0                    0                    0                    0                    0                    0                    0                    0                    0                    0                    0
  "BR3.QNO12L3"                         363          "multipole"            113.46033          5.600890451          1.762840661          11.22450289         -4.301163626          3.011544589          3.085872511                    0                    0                    0                    0         -2.878143292         0.8162494454                    0                    0                    0                    0                    0                    0                    0                    0                    0                    0                    0                    0                    0                    0                    0                    0
  "BR3.XNOH0.12L3"                      364          "multipole"            113.46033          5.600890451          1.762840661          11.22450289         -4.301163626          3.011544589          3.085872511                    0                    0                    0                    0         -2.878143292         0.8162494454                    0                    0                    0                    0                    0                    0                    0                    0                    0                    0                    0                    0                    0                    0                    0                    0
  "DRIFT_144"                           365              "drift"           113.787827          4.524899044          1.522659382          14.22806906         -4.870114818           3.02190558          3.089997469                    0                    0                    0                    0         -2.610824047         0.8162494454                    0                    0                    0                    0                    0                    0                    0                    0                    0                    0                    0                    0                    0                    0                    0                    0
  "BR.QDE12"                            366         "quadrupole"           114.666767          4.525083799         -1.522908457          14.22929429          4.868999237          3.056136459          3.098916896                    0                    0                    0                    0         -2.610897703        -0.8164250123                    0                    0                    0                    0                    0                    0        -0.6550591552                    0                    0                    0                    0                    0                    0                    0                    0                    0
  "DRIFT_145"                           367              "drift"            114.99433          5.601485855         -1.763183244          11.22579323          4.300232496          3.066498777          3.103042271                    0                    0                    0                    0          -2.87832833        -0.8164250123                    0                    0                    0                    0                    0                    0                    0                    0                    0                    0                    0                    0                    0                    0                    0                    0
  "BR3.DHZ12L4"                         368            "hkicker"            114.99433          5.601485855         -1.763183244          11.22579323          4.300232496          3.066498777          3.103042271                    0                    0                    0                    0          -2.87832833        -0.8164250123                    0                    0                    0                    0                    0                    0                    0                    0                    0                    0                    0                    0                    0                    0                    0                    0
  "BR3.DVT12L4"                         369            "vkicker"            114.99433          5.601485855         -1.763183244          11.22579323          4.300232496          3.066498777          3.103042271                    0                    0                    0                    0          -2.87832833        -0.8164250123                    0                    0                    0                    0                    0                    0                    0                    0                    0                    0                    0                    0                    0                    0                    0                    0
  "BR3.OSK12L4"                         370          "multipole"            114.99433          5.601485855         -1.763183244          11.22579323          4.300232496          3.066498777          3.103042271                    0                    0                    0                    0          -2.87832833        -0.8164250123                    0                    0                    0                    0                    0                    0                    0                    0                    0                    0                    0                    0                    0                    0                    0                    0
  "BR3.XSK12L4"                         371          "multipole"            114.99433          5.601485855         -1.763183244          11.22579323          4.300232496          3.066498777          3.103042271                    0                    0                    0                    0          -2.87832833        -0.8164250123                    0                    0                    0                    0                    0                    0                    0                    0                    0                    0                    0                    0                    0                    0                    0                    0
  "DRIFT_146"                           372              "drift"           115.321512          6.833771642         -2.003178558          8.597749687          3.732127307          3.074919131          3.108343651                    0                    0                    0                    0         -3.145447898        -0.8164250123                    0                    0                    0                    0                    0                    0                    0                    0                    0                    0                    0                    0                    0                    0                    0                    0
  "BR.QFO122"                           373         "quadrupole"           115.825082          7.597065719          0.582132505          6.518217477         0.6492142528          3.085710458          3.119391846                    0                    0                    0                    0          -3.25729261         0.3790925135                    0                    0                    0                    0                    0                    0         0.3676598381                    0                    0                    0                    0                    0                    0                    0                    0                    0
  "DRIFT_147"                           374              "drift"           116.192299          7.193292976         0.5174155638          6.070819896         0.5691323424            3.0936197          3.128687967                    0                    0                    0                    0         -3.118083394         0.3790925135                    0                    0                    0                    0                    0                    0                    0                    0                    0                    0                    0                    0                    0                    0                    0                    0
  "BR.STSCRAP122"                       375         "collimator"           116.192299          7.193292976         0.5174155638          6.070819896         0.5691323424            3.0936197          3.128687967                    0                    0                    0                    0         -3.118083394         0.3790925135                    0                    0                    0                    0                    0                    0                    0                    0                    0                    0                    0                    0                    0                    0                    0                    0
  "DRIFT_148"                           376              "drift"           116.192304          7.193287802         0.5174146826          6.070814204         0.5691312521          3.093619811          3.128688098                    0                    0                    0                    0         -3.118081499         0.3790925135                    0                    0                    0                    0                    0                    0                    0                    0                    0                    0                    0                    0                    0                    0                    0                    0
  "BR.BHZ122"                           377              "sbend"               117.81          5.985287536         0.2341463988          4.611825555          0.316090517          3.133007352          3.178138218                    0                    0                    0                    0         -2.813339874      9.936501034e-05                    0                    0                    0                    0                    0                    0                    0                    0                    0                    0                    0                    0                    0                    0                    0                    0
  "DRIFT_149"                           378              "drift"           118.061261          5.878749981         0.1898651063          4.468040022         0.2561651597          3.139750926          3.186952202                    0                    0                    0                    0         -2.813314908      9.936501034e-05                    0                    0                    0                    0                    0                    0                    0                    0                    0                    0                    0                    0                    0                    0                    0                    0
  "BR3.ACWF13L1.1"                      379           "rfcavity"           119.004261          5.677382286        0.02367433745          4.196997032        0.03126112782          3.165846263          3.221890173                    0                    0                    0                    0         -2.813221206      9.936501034e-05                    0                    0                    0                    0                    0                    0                    0                    0                    0                    0                    0                    0                    0                    0                    0                    0
  "DRIFT_150"                           380              "drift"           119.115761          5.674293922       0.004023997331          4.192990873       0.004668551407          3.168973011          3.226120899                    0                    0                    0                    0         -2.813210127      9.936501034e-05                    0                    0                    0                    0                    0                    0                    0                    0                    0                    0                    0                    0                    0                    0                    0                    0
  "BR3.ACWF13L1.2"                      381           "rfcavity"           120.058761          5.823422558        -0.1621667715          4.396270487        -0.2202354805          3.195200347          3.261364714                    0                    0                    0                    0         -2.813116426      9.936501034e-05                    0                    0                    0                    0                    0                    0                    0                    0                    0                    0                    0                    0                    0                    0                    0                    0
  "DRIFT_151"                           382              "drift"           120.464001          5.983796901        -0.2335847431          4.613933025        -0.3168845896          3.206134787          3.275704489                    0                    0                    0                    0         -2.813076159      9.936501034e-05                    0                    0                    0                    0                    0                    0                    0                    0                    0                    0                    0                    0                    0                    0                    0                    0
  "BR.BHZ131"                           383              "sbend"           122.081697          7.189991645         -0.516853027          6.075366128        -0.5698203195          3.245536554          3.325123793                    0                    0                    0                    0         -3.117498361        -0.3788937835                    0                    0                    0                    0                    0                    0                    0                    0                    0                    0                    0                    0                    0                    0                    0                    0
  "DRIFT_152"                           384              "drift"          122.0816995          7.189994229        -0.5168534675          6.075368978        -0.5698208646          3.245536609          3.325123859                    0                    0                    0                    0         -3.117499308        -0.3788937835                    0                    0                    0                    0                    0                    0                    0                    0                    0                    0                    0                    0                    0                    0                    0                    0
  "BR.STSCRAP131"                       385         "collimator"          122.0816995          7.189994229        -0.5168534675          6.075368978        -0.5698208646          3.245536609          3.325123859                    0                    0                    0                    0         -3.117499308        -0.3788937835                    0                    0                    0                    0                    0                    0                    0                    0                    0                    0                    0                    0                    0                    0                    0                    0
  "DRIFT_153"                           386              "drift"           122.448012          7.592302233        -0.5814110031          6.522092147        -0.6496929907          3.253430642          3.334390823                    0                    0                    0                    0         -3.256292837        -0.3788937835                    0                    0                    0                    0                    0                    0                    0                    0                    0                    0                    0                    0                    0                    0                    0                    0
  "BR.QFO131"                           387         "quadrupole"           122.951582          6.829196751          2.002105943          8.602921787          -3.73438211          3.264228981          3.345432405                    0                    0                    0                    0         -3.144442241         0.8162492893                    0                    0                    0                    0                    0                    0         0.3676598381                    0                    0                    0                    0                    0                    0                    0                    0                    0
  "DRIFT_154"                           388              "drift"           123.277835          5.600872823          1.762836994          11.22454546         -4.301172108          3.272628677           3.35071743                    0                    0                    0                    0         -2.878138462         0.8162492893                    0                    0                    0                    0                    0                    0                    0                    0                    0                    0                    0                    0                    0                    0                    0                    0
  "BR3.BPM13L3"                         389            "monitor"           123.277835          5.600872823          1.762836994          11.22454546         -4.301172108          3.272628677           3.35071743                    0                    0                    0                    0         -2.878138462         0.8162492893                    0                    0                    0                    0                    0                    0                    0                    0                    0                    0                    0                    0                    0                    0                    0                    0
  "BR3.ONOH0.13L3"                      390          "multipole"           123.277835          5.600872823          1.762836994          11.22454546         -4.301172108          3.272628677           3.35071743                    0                    0                    0                    0         -2.878138462         0.8162492893                    0                    0                    0                    0                    0                    0                    0                    0                    0                    0                    0                    0                    0                    0                    0                    0
  "BR3.QSKH0.13L3"                      391          "multipole"           123.277835          5.600872823          1.762836994          11.22454546         -4.301172108          3.272628677           3.35071743                    0                    0                    0                    0         -2.878138462         0.8162492893                    0                    0                    0                    0                    0                    0                    0                    0                    0                    0                    0                    0                    0                    0                    0                    0
  "BR3.XNOH0.13L3"                      392          "multipole"           123.277835          5.600872823          1.762836994          11.22454546         -4.301172108          3.272628677           3.35071743                    0                    0                    0                    0         -2.878138462         0.8162492893                    0                    0                    0                    0                    0                    0                    0                    0                    0                    0                    0                    0                    0                    0                    0                    0
  "DRIFT_155"                           393              "drift"           123.605327          4.524899044          1.522659382          14.22806848         -4.870114584          3.282989526          3.354842318                    0                    0                    0                    0          -2.61082335         0.8162492893                    0                    0                    0                    0                    0                    0                    0                    0                    0                    0                    0                    0                    0                    0                    0                    0
  "BR.QDE13"                            394         "quadrupole"           124.484267          4.525083799         -1.522908457          14.22929365          4.868999049          3.317220405          3.363761745                    0                    0                    0                    0         -2.610896946        -0.8164247135                    0                    0                    0                    0                    0                    0        -0.6550591552                    0                    0                    0                    0                    0                    0                    0                    0                    0
  "DRIFT_156"                           395              "drift"           124.811835          5.601503486         -1.763186912          11.22574971          4.300223643          3.327582865          3.367887191                    0                    0                    0                    0         -2.878331556        -0.8164247135                    0                    0                    0                    0                    0                    0                    0                    0                    0                    0                    0                    0                    0                    0                    0                    0
  "BR3.DHZ13L4"                         396            "hkicker"           124.811835          5.601503486         -1.763186912          11.22574971          4.300223643          3.327582865          3.367887191                    0                    0                    0                    0         -2.878331556        -0.8164247135                    0                    0                    0                    0                    0                    0                    0                    0                    0                    0                    0                    0                    0                    0                    0                    0
  "BR3.DVT13L4"                         397            "vkicker"           124.811835          5.601503486         -1.763186912          11.22574971          4.300223643          3.327582865          3.367887191                    0                    0                    0                    0         -2.878331556        -0.8164247135                    0                    0                    0                    0                    0                    0                    0                    0                    0                    0                    0                    0                    0                    0                    0                    0
  "DRIFT_157"                           398              "drift"           125.139012          6.833771642         -2.003178558          8.597749277          3.732127152          3.336003077            3.3731885                    0                    0                    0                    0         -3.145446945        -0.8164247135                    0                    0                    0                    0                    0                    0                    0                    0                    0                    0                    0                    0                    0                    0                    0                    0
  "BR.QFO132"                           399         "quadrupole"           125.642582          7.597065719          0.582132505          6.518217148         0.6492142369          3.346794404          3.384236696                    0                    0                    0                    0         -3.257291598         0.3790924454                    0                    0                    0                    0                    0                    0         0.3676598381                    0                    0                    0                    0                    0                    0                    0                    0                    0
  "DRIFT_158"                           400              "drift"           126.009799          7.193292976         0.5174155638          6.070819579         0.5691323236          3.354703646          3.393532817                    0                    0                    0                    0         -3.118082407         0.3790924454                    0                    0                    0                    0                    0                    0                    0                    0                    0                    0                    0                    0                    0                    0                    0                    0
  "BR.STSCRAP132"                       401         "collimator"           126.009799          7.193292976         0.5174155638          6.070819579         0.5691323236          3.354703646          3.393532817                    0                    0                    0                    0         -3.118082407         0.3790924454                    0                    0                    0                    0                    0                    0                    0                    0                    0                    0                    0                    0                    0                    0                    0                    0
  "DRIFT_159"                           402              "drift"           126.009804          7.193287802         0.5174146826          6.070813887         0.5691312333          3.354703757          3.393532948                    0                    0                    0                    0         -3.118080512         0.3790924454                    0                    0                    0                    0                    0                    0                    0                    0                    0                    0                    0                    0                    0                    0                    0                    0
  "BR.BHZ132"                           403              "sbend"             127.6275          5.985287536         0.2341463988           4.61182533         0.3160904801          3.394091298          3.442983071                    0                    0                    0                    0         -2.813338997      9.929689283e-05                    0                    0                    0                    0                    0                    0                    0                    0                    0                    0                    0                    0                    0                    0                    0                    0
  "DRIFT_160"                           404              "drift"            127.93409            5.8582794         0.1801141317           4.44042321         0.2429692404          3.402335427          3.453774087                    0                    0                    0                    0         -2.813308553      9.929689283e-05                    0                    0                    0                    0                    0                    0                    0                    0                    0                    0                    0                    0                    0                    0                    0                    0
  "BR3.DHZ14L1"                         405            "hkicker"            127.93409            5.8582794         0.1801141317           4.44042321         0.2429692404          3.402335427          3.453774087                    0                    0                    0                    0         -2.813308553      9.929689283e-05                    0                    0                    0                    0                    0                    0                    0                    0                    0                    0                    0                    0                    0                    0                    0                    0
  "BR3.DVT14L1"                         406            "vkicker"            127.93409            5.8582794         0.1801141317           4.44042321         0.2429692404          3.402335427          3.453774087                    0                    0                    0                    0         -2.813308553      9.929689283e-05                    0                    0                    0                    0                    0                    0                    0                    0                    0                    0                    0                    0                    0                    0                    0                    0
  "DRIFT_161"                           407              "drift"          128.1511955          5.788378722          0.141852276           4.34616487         0.1911899152          3.408270528           3.46164278                    0                    0                    0                    0         -2.813286995      9.929689283e-05                    0                    0                    0                    0                    0                    0                    0                    0                    0                    0                    0                    0                    0                    0                    0                    0
  "BE3.KFA14L1"                         408            "hkicker"          130.1569845          5.928359022         -0.211640424          4.538716074        -0.2871876518          3.463891195          3.536218242                    0                    0                    0                    0         -2.813087827      9.929689283e-05                    0                    0                    0                    0                    0                    0                    0                    0                    0                    0                    0                    0                    0                    0                    0                    0
  "DRIFT_162"                           409              "drift"           130.281501          5.983796901        -0.2335847431          4.613933042         -0.316884644          3.467218733          3.540549345                    0                    0                    0                    0         -2.813075463      9.929689283e-05                    0                    0                    0                    0                    0                    0                    0                    0                    0                    0                    0                    0                    0                    0                    0                    0
  "BR.BHZ141"                           410              "sbend"           131.899197          7.189991645         -0.516853027          6.075366335          -0.56982038            3.5066205          3.589968648                    0                    0                    0                    0         -3.117497774        -0.3788938516                    0                    0                    0                    0                    0                    0                    0                    0                    0                    0                    0                    0                    0                    0                    0                    0
  "DRIFT_163"                           411              "drift"          131.8991995          7.189994229        -0.5168534675          6.075369184        -0.5698209251          3.506620555          3.589968714                    0                    0                    0                    0         -3.117498721        -0.3788938516                    0                    0                    0                    0                    0                    0                    0                    0                    0                    0                    0                    0                    0                    0                    0                    0
  "BR.STSCRAP141"                       412         "collimator"          131.8991995          7.189994229        -0.5168534675          6.075369184        -0.5698209251          3.506620555          3.589968714                    0                    0                    0                    0         -3.117498721        -0.3788938516                    0                    0                    0                    0                    0                    0                    0                    0                    0                    0                    0                    0                    0                    0                    0                    0
  "DRIFT_164"                           413              "drift"                  132          7.295983096        -0.5346181681          6.192461138        -0.5917998376          3.508835642          3.592584392                    0                    0                    0                    0         -3.155691411        -0.3788938516                    0                    0                    0                    0                    0                    0                    0                    0                    0                    0                    0                    0                    0                    0                    0                    0
  "BR3.VVS14L2"                         414             "marker"                  132          7.295983096        -0.5346181681          6.192461138        -0.5917998376          3.508835642          3.592584392                    0                    0                    0                    0         -3.155691411        -0.3788938516                    0                    0                    0                    0                    0                    0                    0                    0                    0                    0                    0                    0                    0                    0                    0                    0
  "DRIFT_165"                           415              "drift"           132.265512          7.592302233        -0.5814110031          6.522092398        -0.6496930526          3.514514588          3.599235678                    0                    0                    0                    0         -3.256292275        -0.3788938516                    0                    0                    0                    0                    0                    0                    0                    0                    0                    0                    0                    0                    0                    0                    0                    0
  "BR.QFO141"                           416         "quadrupole"           132.769082          6.829196751          2.002105943           8.60292216         -3.734382303          3.525312927          3.610277259                    0                    0                    0                    0         -3.144441764          0.816249027                    0                    0                    0                    0                    0                    0         0.3676598381                    0                    0                    0                    0                    0                    0                    0                    0                    0
  "DRIFT_166"                           417              "drift"           133.095339           5.60085872          1.762834061          11.22458037          -4.30117928          3.533712737          3.615562341                    0                    0                    0                    0         -2.878134805          0.816249027                    0                    0                    0                    0                    0                    0                    0                    0                    0                    0                    0                    0                    0                    0                    0                    0
  "BR3.BPM14L3"                         418            "monitor"           133.095339           5.60085872          1.762834061          11.22458037          -4.30117928          3.533712737          3.615562341                    0                    0                    0                    0         -2.878134805          0.816249027                    0                    0                    0                    0                    0                    0                    0                    0                    0                    0                    0                    0                    0                    0                    0                    0
  "BR3.ONOH0.14L3"                      419          "multipole"           133.095339           5.60085872          1.762834061          11.22458037          -4.30117928          3.533712737          3.615562341                    0                    0                    0                    0         -2.878134805          0.816249027                    0                    0                    0                    0                    0                    0                    0                    0                    0                    0                    0                    0                    0                    0                    0                    0
  "BR3.QSK14L3"                         420          "multipole"           133.095339           5.60085872          1.762834061          11.22458037          -4.30117928          3.533712737          3.615562341                    0                    0                    0                    0         -2.878134805          0.816249027                    0                    0                    0                    0                    0                    0                    0                    0                    0                    0                    0                    0                    0                    0                    0                    0
  "BR3.XNOH0.14L3"                      421          "multipole"           133.095339           5.60085872          1.762834061          11.22458037          -4.30117928          3.533712737          3.615562341                    0                    0                    0                    0         -2.878134805          0.816249027                    0                    0                    0                    0                    0                    0                    0                    0                    0                    0                    0                    0                    0                    0                    0                    0
  "DRIFT_167"                           422              "drift"           133.422827          4.524899044          1.522659382          14.22806914         -4.870114837          3.544073472          3.619687171                    0                    0                    0                    0         -2.610823044          0.816249027                    0                    0                    0                    0                    0                    0                    0                    0                    0                    0                    0                    0                    0                    0                    0                    0
  "BR.QDE14"                            423         "quadrupole"           134.301767          4.525083799         -1.522908457          14.22929435          4.868999269          3.578304351          3.628606598                    0                    0                    0                    0           -2.6108968        -0.8164248346                    0                    0                    0                    0                    0                    0        -0.6550591552                    0                    0                    0                    0                    0                    0                    0                    0                    0
  "DRIFT_168"                           424              "drift"            134.42124          4.899446833         -1.610544575          13.09065088          4.661551329          3.582343127          3.629999829                    0                    0                    0                    0         -2.708437525        -0.8164248346                    0                    0                    0                    0                    0                    0                    0                    0                    0                    0                    0                    0                    0                    0                    0                    0
  "BR3.BPP14L4"                         425            "monitor"            134.42124          4.899446833         -1.610544575          13.09065088          4.661551329          3.582343127          3.629999829                    0                    0                    0                    0         -2.708437525        -0.8164248346                    0                    0                    0                    0                    0                    0                    0                    0                    0                    0                    0                    0                    0                    0                    0                    0
  "DRIFT_169"                           426              "drift"            134.45724          5.016356687          -1.63695138          12.75726951          4.599042429          3.583498863          3.630443196                    0                    0                    0                    0         -2.737828819        -0.8164248346                    0                    0                    0                    0                    0                    0                    0                    0                    0                    0                    0                    0                    0                    0                    0                    0
  "BE3.BSW14L4"                         427            "hkicker"            134.92724          6.717126075         -1.981706892          8.817731179          3.782954011          3.596399397          3.637498293                    0                    0                    0                    0         -3.121548491        -0.8164248346                    0                    0                    0                    0                    0                    0                    0                    0                    0                    0                    0                    0                    0                    0                    0                    0
  "DRIFT_170"                           428              "drift"           134.956512          6.833771642         -2.003178558          8.597749718          3.732127329          3.597087023          3.638033353                    0                    0                    0                    0         -3.145446879        -0.8164248346                    0                    0                    0                    0                    0                    0                    0                    0                    0                    0                    0                    0                    0                    0                    0                    0
  "BR.QFO142"                           429         "quadrupole"           135.460082          7.597065719          0.582132505          6.518217492         0.6492142639           3.60787835          3.649081547                    0                    0                    0                    0         -3.257291597         0.3790923117                    0                    0                    0                    0                    0                    0         0.3676598381                    0                    0                    0                    0                    0                    0                    0                    0                    0
  "DRIFT_171"                           430              "drift"           135.827299          7.193292976         0.5174155638          6.070819903          0.569132353          3.615787592          3.658377669                    0                    0                    0                    0         -3.118082455         0.3790923117                    0                    0                    0                    0                    0                    0                    0                    0                    0                    0                    0                    0                    0                    0                    0                    0
  "BR.SPSCRAP142"                       431         "collimator"           135.827299          7.193292976         0.5174155638          6.070819903          0.569132353          3.615787592          3.658377669                    0                    0                    0                    0         -3.118082455         0.3790923117                    0                    0                    0                    0                    0                    0                    0                    0                    0                    0                    0                    0                    0                    0                    0                    0
  "DRIFT_172"                           432              "drift"           135.827304          7.193287802         0.5174146826          6.070814211         0.5691312626          3.615787703            3.6583778                    0                    0                    0                    0          -3.11808056         0.3790923117                    0                    0                    0                    0                    0                    0                    0                    0                    0                    0                    0                    0                    0                    0                    0                    0
  "BR.BHZ142"                           433              "sbend"              137.445          5.985287536         0.2341463988          4.611825533         0.3160905242          3.655175244           3.70782792                    0                    0                    0                    0         -2.813339259      9.916325803e-05                    0                    0                    0                    0                    0                    0                    0                    0                    0                    0                    0                    0                    0                    0                    0                    0
  "DRIFT_173"                           434              "drift"           137.670173          5.888776327         0.1944627572          4.481567988         0.2623871138          3.661213139          3.715714029                    0                    0                    0                    0         -2.813316931      9.916325803e-05                    0                    0                    0                    0                    0                    0                    0                    0                    0                    0                    0                    0                    0                    0                    0                    0
  "BE3.BTV10"                           435         "instrument"           137.670173          5.888776327         0.1944627572          4.481567988         0.2623871138          3.661213139          3.715714029                    0                    0                    0                    0         -2.813316931      9.916325803e-05                    0                    0                    0                    0                    0                    0                    0                    0                    0                    0                    0                    0                    0                    0                    0                    0
  "DRIFT_174"                           436              "drift"           137.715573          5.871482359         0.1864616322          4.458234821         0.2515592843          3.662441975          3.717330571                    0                    0                    0                    0         -2.813312429      9.916325803e-05                    0                    0                    0                    0                    0                    0                    0                    0                    0                    0                    0                    0                    0                    0                    0                    0
  "BR3.BTV15L1"                         437         "instrument"           137.715573          5.871482359         0.1864616322          4.458234821         0.2515592843          3.662441975          3.717330571                    0                    0                    0                    0         -2.813312429      9.916325803e-05                    0                    0                    0                    0                    0                    0                    0                    0                    0                    0                    0                    0                    0                    0                    0                    0
  "DRIFT_175"                           438              "drift"           137.996102          5.780735747         0.1370222576           4.33586447          0.184653554          3.670108533          3.727492442                    0                    0                    0                    0          -2.81328461      9.916325803e-05                    0                    0                    0                    0                    0                    0                    0                    0                    0                    0                    0                    0                    0                    0                    0                    0
  "BE3.SMH15L1"                         439            "hkicker"           138.946102          5.679446659        -0.0304021649          4.200267564       -0.04191996903          3.696618504          3.763221486                    0                    0                    0                    0         -2.813190405      9.916325803e-05                    0                    0                    0                    0                    0                    0                    0                    0                    0                    0                    0                    0                    0                    0                    0                    0
  "DRIFT_176"                           440              "drift"           139.287652          5.720773463       -0.09059565069          4.256725466         -0.123379113           3.70616083          3.776091278                    0                    0                    0                    0         -2.813156536      9.916325803e-05                    0                    0                    0                    0                    0                    0                    0                    0                    0                    0                    0                    0                    0                    0                    0                    0
  "BR3.DHZ15L1"                         441            "hkicker"           139.287652          5.720773463       -0.09059565069          4.256725466         -0.123379113           3.70616083          3.776091278                    0                    0                    0                    0         -2.813156536      9.916325803e-05                    0                    0                    0                    0                    0                    0                    0                    0                    0                    0                    0                    0                    0                    0                    0                    0
  "BR3.DVT15L1"                         442            "vkicker"           139.287652          5.720773463       -0.09059565069          4.256725466         -0.123379113           3.70616083          3.776091278                    0                    0                    0                    0         -2.813156536      9.916325803e-05                    0                    0                    0                    0                    0                    0                    0                    0                    0                    0                    0                    0                    0                    0                    0                    0
  "DRIFT_177"                           443              "drift"            139.63066          5.803658513        -0.1510460889          4.369425924        -0.2051859877          3.715640712          3.788762932                    0                    0                    0                    0         -2.813122522      9.916325803e-05                    0                    0                    0                    0                    0                    0                    0                    0                    0                    0                    0                    0                    0                    0                    0                    0
  "BE3.BSW15L1"                         444            "hkicker"            139.99666          5.937832151        -0.2155485506          4.551570364        -0.2924764187          3.725569999          3.801839601                    0                    0                    0                    0         -2.813086229      9.916325803e-05                    0                    0                    0                    0                    0                    0                    0                    0                    0                    0                    0                    0                    0                    0                    0                    0
  "DRIFT_178"                           445              "drift"           140.099001          5.983796901        -0.2335847431          4.613932979        -0.3168845881          3.728302679          3.805394192                    0                    0                    0                    0          -2.81307608      9.916325803e-05                    0                    0                    0                    0                    0                    0                    0                    0                    0                    0                    0                    0                    0                    0                    0                    0
  "BR.BHZ151"                           446              "sbend"           141.716697          7.189991645         -0.516853027          6.075366086        -0.5698203225          3.767704446          3.854813497                    0                    0                    0                    0         -3.117498606        -0.3788939852                    0                    0                    0                    0                    0                    0                    0                    0                    0                    0                    0                    0                    0                    0                    0                    0
  "DRIFT_179"                           447              "drift"          141.7166995          7.189994229        -0.5168534675          6.075368935        -0.5698208677          3.767704501          3.854813562                    0                    0                    0                    0         -3.117499553        -0.3788939852                    0                    0                    0                    0                    0                    0                    0                    0                    0                    0                    0                    0                    0                    0                    0                    0
  "BR.SPSCRAP151"                       448         "collimator"          141.7166995          7.189994229        -0.5168534675          6.075368935        -0.5698208677          3.767704501          3.854813562                    0                    0                    0                    0         -3.117499553        -0.3788939852                    0                    0                    0                    0                    0                    0                    0                    0                    0                    0                    0                    0                    0                    0                    0                    0
  "DRIFT_180"                           449              "drift"           142.083012          7.592302233        -0.5814110031          6.522092106        -0.6496929945          3.775598534          3.864080527                    0                    0                    0                    0         -3.256293156        -0.3788939852                    0                    0                    0                    0                    0                    0                    0                    0                    0                    0                    0                    0                    0                    0                    0                    0
  "BR.QFO151"                           450         "quadrupole"           142.586582          6.829196751          2.002105943          8.602921744           -3.7343821          3.786396873          3.875122108                    0                    0                    0                    0          -3.14444263         0.8162492196                    0                    0                    0                    0                    0                    0         0.3676598381                    0                    0                    0                    0                    0                    0                    0                    0                    0
  "DRIFT_181"                           451              "drift"           142.912834          5.600876348          1.762837728          11.22453681          -4.30117036          3.794796541           3.88040712                    0                    0                    0                    0         -2.878139689         0.8162492196                    0                    0                    0                    0                    0                    0                    0                    0                    0                    0                    0                    0                    0                    0                    0                    0
  "BR3.BPM15L3"                         452            "monitor"           142.912834          5.600876348          1.762837728          11.22453681          -4.30117036          3.794796541           3.88040712                    0                    0                    0                    0         -2.878139689         0.8162492196                    0                    0                    0                    0                    0                    0                    0                    0                    0                    0                    0                    0                    0                    0                    0                    0
  "BR3.ONOH0.15L3"                      453          "multipole"           142.912834          5.600876348          1.762837728          11.22453681          -4.30117036          3.794796541           3.88040712                    0                    0                    0                    0         -2.878139689         0.8162492196                    0                    0                    0                    0                    0                    0                    0                    0                    0                    0                    0                    0                    0                    0                    0                    0
  "BR3.QSKH0.15L3"                      454          "multipole"           142.912834          5.600876348          1.762837728          11.22453681          -4.30117036          3.794796541           3.88040712                    0                    0                    0                    0         -2.878139689         0.8162492196                    0                    0                    0                    0                    0                    0                    0                    0                    0                    0                    0                    0                    0                    0                    0                    0
  "BR3.XNOH0.15L3"                      455          "multipole"           142.912834          5.600876348          1.762837728          11.22453681          -4.30117036          3.794796541           3.88040712                    0                    0                    0                    0         -2.878139689         0.8162492196                    0                    0                    0                    0                    0                    0                    0                    0                    0                    0                    0                    0                    0                    0                    0                    0
  "DRIFT_182"                           456              "drift"           143.240327          4.524899044          1.522659382          14.22806842         -4.870114574          3.805157418          3.884532021                    0                    0                    0                    0         -2.610823784         0.8162492196                    0                    0                    0                    0                    0                    0                    0                    0                    0                    0                    0                    0                    0                    0                    0                    0
  "BR.QDE15"                            457         "quadrupole"           144.119267          4.525083799         -1.522908457          14.22929361          4.868999026          3.839388297          3.893451448                    0                    0                    0                    0         -2.610897578        -0.8164251165                    0                    0                    0                    0                    0                    0        -0.6550591552                    0                    0                    0                    0                    0                    0                    0                    0                    0
  "DRIFT_183"                           458              "drift"           144.221834           4.84520075         -1.598143646          13.24876283          4.690905968          3.842874827          3.894640368                    0                    0                    0                    0         -2.694635853        -0.8164251165                    0                    0                    0                    0                    0                    0                    0                    0                    0                    0                    0                    0                    0                    0                    0                    0
  "BE3.BSW15L4"                         459            "hkicker"           144.691834          6.509490867         -1.942899157          9.222872764          3.874817585          3.856209944          3.901409425                    0                    0                    0                    0         -3.078355658        -0.8164251165                    0                    0                    0                    0                    0                    0                    0                    0                    0                    0                    0                    0                    0                    0                    0                    0
  "DRIFT_184"                           460              "drift"           144.774012          6.833771642         -2.003178558          8.597749261          3.732127136          3.858170969          3.902878204                    0                    0                    0                    0         -3.145447841        -0.8164251165                    0                    0                    0                    0                    0                    0                    0                    0                    0                    0                    0                    0                    0                    0                    0                    0
  "BR.QFO152"                           461         "quadrupole"           145.277582          7.597065719          0.582132505          6.518217145         0.6492142267          3.868962296          3.913926399                    0                    0                    0                    0         -3.257292609         0.3790923984                    0                    0                    0                    0                    0                    0         0.3676598381                    0                    0                    0                    0                    0                    0                    0                    0                    0
  "DRIFT_185"                           462              "drift"           145.644799          7.193292976         0.5174155638          6.070819583         0.5691323142          3.876871538          3.923222521                    0                    0                    0                    0         -3.118083436         0.3790923984                    0                    0                    0                    0                    0                    0                    0                    0                    0                    0                    0                    0                    0                    0                    0                    0
  "BR.STSCRAP152"                       463         "collimator"           145.644799          7.193292976         0.5174155638          6.070819583         0.5691323142          3.876871538          3.923222521                    0                    0                    0                    0         -3.118083436         0.3790923984                    0                    0                    0                    0                    0                    0                    0                    0                    0                    0                    0                    0                    0                    0                    0                    0
  "DRIFT_186"                           464              "drift"           145.644804          7.193287802         0.5174146826          6.070813892         0.5691312238          3.876871649          3.923222652                    0                    0                    0                    0          -3.11808154         0.3790923984                    0                    0                    0                    0                    0                    0                    0                    0                    0                    0                    0                    0                    0                    0                    0                    0
  "BR.BHZ152"                           465              "sbend"             147.2625          5.985287536         0.2341463988          4.611825359         0.3160904745           3.91625919          3.972672775                    0                    0                    0                    0           -2.8133401      9.924997381e-05                    0                    0                    0                    0                    0                    0                    0                    0                    0                    0                    0                    0                    0                    0                    0                    0
  "DRIFT_187"                           466              "drift"             147.6255          5.838519723         0.1701726457          4.413770377          0.229515538          3.926038454          3.985491804                    0                    0                    0                    0         -2.813304073      9.924997381e-05                    0                    0                    0                    0                    0                    0                    0                    0                    0                    0                    0                    0                    0                    0                    0                    0
  "BR3.ONO16L1"                         467          "multipole"             147.6255          5.838519723         0.1701726457          4.413770377          0.229515538          3.926038454          3.985491804                    0                    0                    0                    0         -2.813304073      9.924997381e-05                    0                    0                    0                    0                    0                    0                    0                    0                    0                    0                    0                    0                    0                    0                    0                    0
  "BR3.QNO16L1"                         468          "multipole"             147.6255          5.838519723         0.1701726457          4.413770377          0.229515538          3.926038454          3.985491804                    0                    0                    0                    0         -2.813304073      9.924997381e-05                    0                    0                    0                    0                    0                    0                    0                    0                    0                    0                    0                    0                    0                    0                    0                    0
  "BR3.XNO16L1"                         469          "multipole"             147.6255          5.838519723         0.1701726457          4.413770377          0.229515538          3.926038454          3.985491804                    0                    0                    0                    0         -2.813304073      9.924997381e-05                    0                    0                    0                    0                    0                    0                    0                    0                    0                    0                    0                    0                    0                    0                    0                    0
  "DRIFT_188"                           470              "drift"              148.038          5.728114987        0.09747519912          4.265002059         0.1311349285          3.937400481          4.000646109                    0                    0                    0                    0         -2.813263132      9.924997381e-05                    0                    0                    0                    0                    0                    0                    0                    0                    0                    0                    0                    0                    0                    0                    0                    0
  "BI3.KSW16L1"                         471            "hkicker"              148.408           5.68011008        0.03226779246           4.20061265        0.04289050292          3.947731487          4.014576413                    0                    0                    0                    0          -2.81322641      9.924997381e-05                    0                    0                    0                    0                    0                    0                    0                    0                    0                    0                    0                    0                    0                    0                    0                    0
  "DRIFT_189"                           472              "drift"            149.25851          5.752705442        -0.1176228871          4.300177015        -0.1599548116          3.971499926          4.046642224                    0                    0                    0                    0         -2.813141997      9.924997381e-05                    0                    0                    0                    0                    0                    0                    0                    0                    0                    0                    0                    0                    0                    0                    0                    0
  "BR3.DHZ16L1"                         473            "hkicker"            149.25851          5.752705442        -0.1176228871          4.300177015        -0.1599548116          3.971499926          4.046642224                    0                    0                    0                    0         -2.813141997      9.924997381e-05                    0                    0                    0                    0                    0                    0                    0                    0                    0                    0                    0                    0                    0                    0                    0                    0
  "BR3.DVT16L1"                         474            "vkicker"            149.25851          5.752705442        -0.1176228871          4.300177015        -0.1599548116          3.971499926          4.046642224                    0                    0                    0                    0         -2.813141997      9.924997381e-05                    0                    0                    0                    0                    0                    0                    0                    0                    0                    0                    0                    0                    0                    0                    0                    0
  "DRIFT_190"                           475              "drift"          149.9165015          5.983797135        -0.2335848312          4.613933402        -0.3168847628          3.989386638          4.070239065                    0                    0                    0                    0         -2.813076691      9.924997381e-05                    0                    0                    0                    0                    0                    0                    0                    0                    0                    0                    0                    0                    0                    0                    0                    0
  "BR.BHZ161"                           476              "sbend"          151.5341975          7.189992162        -0.5168531151          6.075367053        -0.5698204785          4.028788403          4.119658363                    0                    0                    0                    0         -3.117499077        -0.3788938985                    0                    0                    0                    0                    0                    0                    0                    0                    0                    0                    0                    0                    0                    0                    0                    0
  "DRIFT_191"                           477              "drift"             151.5342          7.189994746        -0.5168535557          6.075369902        -0.5698210236          4.028788458          4.119658428                    0                    0                    0                    0         -3.117500025        -0.3788938985                    0                    0                    0                    0                    0                    0                    0                    0                    0                    0                    0                    0                    0                    0                    0                    0
  "BR.STSCRAP161"                       478         "collimator"             151.5342          7.189994746        -0.5168535557          6.075369902        -0.5698210236          4.028788458          4.119658428                    0                    0                    0                    0         -3.117500025        -0.3788938985                    0                    0                    0                    0                    0                    0                    0                    0                    0                    0                    0                    0                    0                    0                    0                    0
  "DRIFT_192"                           479              "drift"           151.900512          7.592302233        -0.5814110031          6.522092538        -0.6496930394           4.03668248          4.128925379                    0                    0                    0                    0         -3.256293406        -0.3788938985                    0                    0                    0                    0                    0                    0                    0                    0                    0                    0                    0                    0                    0                    0                    0                    0
  "BR.QFO161"                           480         "quadrupole"           152.404082          6.829196751          2.002105943           8.60292231         -3.734382338          4.047480819           4.13996696                    0                    0                    0                    0         -3.144442815         0.8162493876                    0                    0                    0                    0                    0                    0         0.3676598381                    0                    0                    0                    0                    0                    0                    0                    0                    0
  "DRIFT_193"                           481              "drift"           152.730339           5.60085872          1.762834061          11.22458055         -4.301179315          4.055880629          4.145252042                    0                    0                    0                    0         -2.878135738         0.8162493876                    0                    0                    0                    0                    0                    0                    0                    0                    0                    0                    0                    0                    0                    0                    0                    0
  "BR3.BPM16L3"                         482            "monitor"           152.730339           5.60085872          1.762834061          11.22458055         -4.301179315          4.055880629          4.145252042                    0                    0                    0                    0         -2.878135738         0.8162493876                    0                    0                    0                    0                    0                    0                    0                    0                    0                    0                    0                    0                    0                    0                    0                    0
  "BR3.ONOH0.16L3"                      483          "multipole"           152.730339           5.60085872          1.762834061          11.22458055         -4.301179315          4.055880629          4.145252042                    0                    0                    0                    0         -2.878135738         0.8162493876                    0                    0                    0                    0                    0                    0                    0                    0                    0                    0                    0                    0                    0                    0                    0                    0
  "BR3.QNO16L3"                         484          "multipole"           152.730339           5.60085872          1.762834061          11.22458055         -4.301179315          4.055880629          4.145252042                    0                    0                    0                    0         -2.878135738         0.8162493876                    0                    0                    0                    0                    0                    0                    0                    0                    0                    0                    0                    0                    0                    0                    0                    0
  "BR3.XNOH0.16L3"                      485          "multipole"           152.730339           5.60085872          1.762834061          11.22458055         -4.301179315          4.055880629          4.145252042                    0                    0                    0                    0         -2.878135738         0.8162493876                    0                    0                    0                    0                    0                    0                    0                    0                    0                    0                    0                    0                    0                    0                    0                    0
  "DRIFT_194"                           486              "drift"           153.057827          4.524899044          1.522659382          14.22806934         -4.870114873          4.066241364          4.149376872                    0                    0                    0                    0         -2.610823859         0.8162493876                    0                    0                    0                    0                    0                    0                    0                    0                    0                    0                    0                    0                    0                    0                    0                    0
  "BR.QDE16"                            487         "quadrupole"           153.936767          4.525083799         -1.522908457           14.2292945          4.868999351          4.100472243          4.158296299                    0                    0                    0                    0         -2.610897514         -0.816424952                    0                    0                    0                    0                    0                    0        -0.6550591552                    0                    0                    0                    0                    0                    0                    0                    0                    0
  "DRIFT_195"                           488              "drift"           154.079339          4.974242152         -1.627488208          12.87622311          4.621443265          4.105255713          4.159972694                    0                    0                    0                    0         -2.727296852         -0.816424952                    0                    0                    0                    0                    0                    0                    0                    0                    0                    0                    0                    0                    0                    0                    0                    0
  "BI3.KSW16L4"                         489            "hkicker"           154.449339          6.279002638         -1.898891483          9.694062558          3.978990666           4.11580033          4.165244436                    0                    0                    0                    0         -3.029374084         -0.816424952                    0                    0                    0                    0                    0                    0                    0                    0                    0                    0                    0                    0                    0                    0                    0                    0
  "DRIFT_196"                           490              "drift"           154.591512          6.833771642         -2.003178558          8.597749771          3.732127386          4.119254915          4.167723053                    0                    0                    0                    0         -3.145447669         -0.816424952                    0                    0                    0                    0                    0                    0                    0                    0                    0                    0                    0                    0                    0                    0                    0                    0
  "BR.QFO162"                           491         "quadrupole"           155.095082          7.597065719          0.582132505          6.518217501         0.6492142994          4.130046242          4.178771248                    0                    0                    0                    0         -3.257292372         0.3790924867                    0                    0                    0                    0                    0                    0         0.3676598381                    0                    0                    0                    0                    0                    0                    0                    0                    0
  "DRIFT_197"                           492              "drift"           155.218397          7.456174332         0.5603999338             6.361418         0.6223220227          4.132654044          4.181819292                    0                    0                    0                    0         -3.210544582         0.3790924867                    0                    0                    0                    0                    0                    0                    0                    0                    0                    0                    0                    0                    0                    0                    0                    0
  "BR3.VVS16L5"                         493             "marker"           155.218397          7.456174332         0.5603999338             6.361418         0.6223220227          4.132654044          4.181819292                    0                    0                    0                    0         -3.210544582         0.3790924867                    0                    0                    0                    0                    0                    0                    0                    0                    0                    0                    0                    0                    0                    0                    0                    0
  "DRIFT_198"                           494              "drift"           155.462299          7.193292976         0.5174155638          6.070819887         0.5691323859          4.137955484           4.18806737                    0                    0                    0                    0         -3.118083167         0.3790924867                    0                    0                    0                    0                    0                    0                    0                    0                    0                    0                    0                    0                    0                    0                    0                    0
  "BR.STSCRAP162"                       495         "collimator"           155.462299          7.193292976         0.5174155638          6.070819887         0.5691323859          4.137955484           4.18806737                    0                    0                    0                    0         -3.118083167         0.3790924867                    0                    0                    0                    0                    0                    0                    0                    0                    0                    0                    0                    0                    0                    0                    0                    0
  "DRIFT_199"                           496              "drift"           155.462304          7.193287802         0.5174146826          6.070814195         0.5691312955          4.137955595          4.188067501                    0                    0                    0                    0         -3.118081271         0.3790924867                    0                    0                    0                    0                    0                    0                    0                    0                    0                    0                    0                    0                    0                    0                    0                    0
  "BR.BHZ162"                           497              "sbend"               157.08          5.985287536         0.2341463988          4.611825431         0.3160905437          4.177343136          4.237517622                    0                    0                    0                    0          -2.81333969      9.933822495e-05                    0                    0                    0                    0                    0                    0                    0                    0                    0                    0                    0                    0                    0                    0                    0                    0
