@ NAME                 %s               "PSB3"
@ TYPE                 %s              "twiss"
@ TITLE                %n                  nil
@ ORIGIN               %s "MAD 1.1.15 Linux 64"
@ DATE                 %s           "13/09/26"
@ TIME                 %s           "10:40:50"
@ REFCOL               %s               "name"
@ DIRECTION            %le                    1
@ OBSERVE              %le                    0
@ ENERGY               %le          1.098272088
@ DELTAP               %le                    0
@ LENGTH               %le               157.08
@ ALFAP                %le        0.06320906201
@ Q1                   %le          4.232929123
@ Q2                   %le          4.128082339
@ Q3                   %le                    0
@ DQ1                  %le         -6.496963958
@ DQ2                  %le         -12.81023248
@ DQ3                  %le                    0
* NAME                                INDEX                 KIND                    S                 BETX                 ALFX                 BETY                 ALFY                  MUX                  MUY                    X                   PX                    Y                   PY                   DX                  DPX                   DY                  DPY                  R11                  R12                  R21                  R22                  K1L                  K2L                  K3L                  K4L                  K5L                 K1SL                 K2SL                 K3SL                 K4SL                 K5SL
$ %s                                     %d                   %s                  %le                  %le                  %le                  %le                  %le                  %le                  %le                  %le                  %le                  %le                  %le                  %le                  %le                  %le                  %le                  %le                  %le                  %le                  %le                  %le                  %le                  %le                  %le                  %le                  %le                  %le                  %le                  %le                  %le
  "DRIFT_0"                               1              "drift"               0.1795           5.79977509         0.2065731008          4.675634532         0.2618604702       0.004892928046       0.006046316546                    0                    0                    0                    0         -2.731211812      9.607242833e-05                    0                    0                    0                    0                    0                    0                    0                    0                    0                    0                    0                    0                    0                    0                    0                    0
  "BI3.BSW1L1.1"                          2              "rbend"               0.4925          5.688073008         0.1503025609          4.534099742         0.1903273572        0.01357036567        0.01687395434                    0                    0                    0                    0         -2.731181742      9.607242833e-05                    0                    0                    0                    0                    0                    0                    0                    0                    0                    0                    0                    0                    0                    0                    0                    0
  "DRIFT_1"                               3              "drift"               0.8695          5.600296556        0.08252622366          4.423075119         0.1041676651         0.0242092692        0.03028825721                    0                    0                    0                    0         -2.731145522      9.607242833e-05                    0                    0                    0                    0                    0                    0                    0                    0                    0                    0                    0                    0                    0                    0                    0                    0
  "BI3.BSW1L1.2"                          4              "rbend"               1.1945           5.56564357        0.02409834677          4.379505706        0.02989206849        0.03347940032        0.04205142421                    0                    0                    0                    0         -2.731114299      9.607242833e-05                    0                    0                    0                    0                    0                    0                    0                    0                    0                    0                    0                    0                    0                    0                    0                    0
  "DRIFT_2"                               5              "drift"             1.327628           5.56241346      0.0001648501742          4.375597197     -0.0005330442049        0.03728779243        0.04689231505                    0                    0                    0                    0         -2.731101509      9.607242833e-05                    0                    0                    0                    0                    0                    0                    0                    0                    0                    0                    0                    0                    0                    0                    0                    0
  "BI3.BTV1L1"                            6         "instrument"             1.327628           5.56241346      0.0001648501742          4.375597197     -0.0005330442049        0.03728779243        0.04689231505                    0                    0                    0                    0         -2.731101509      9.607242833e-05                    0                    0                    0                    0                    0                    0                    0                    0                    0                    0                    0                    0                    0                    0                    0                    0
  "DRIFT_3"                               7              "drift"                1.334          5.562418658      -0.000980695769           4.37561327      -0.001989302979        0.03747011168        0.04712408543                    0                    0                    0                    0         -2.731100897      9.607242833e-05                    0                    0                    0                    0                    0                    0                    0                    0                    0                    0                    0                    0                    0                    0                    0                    0
  "BI3.BCSF1L1"                           8         "instrument"                1.334          5.562418658      -0.000980695769           4.37561327      -0.001989302979        0.03747011168        0.04712408543                    0                    0                    0                    0         -2.731100897      9.607242833e-05                    0                    0                    0                    0                    0                    0                    0                    0                    0                    0                    0                    0                    0                    0                    0                    0
  "BI3.TSTR1L1"                           9         "instrument"                1.334          5.562418658      -0.000980695769           4.37561327      -0.001989302979        0.03747011168        0.04712408543                    0                    0                    0                    0         -2.731100897      9.607242833e-05                    0                    0                    0                    0                    0                    0                    0                    0                    0                    0                    0                    0                    0                    0                    0                    0
  "DRIFT_4"                              10              "drift"               1.3975          5.563268117       -0.01239660402          4.376787443       -0.01650161185         0.0392869089        0.04943355319                    0                    0                    0                    0         -2.731094796      9.607242833e-05                    0                    0                    0                    0                    0                    0                    0                    0                    0                    0                    0                    0                    0                    0                    0                    0
  "BI3.BSW1L1.3"                         11              "rbend"               1.7225          5.590314969       -0.07082448091           4.41165306       -0.09077720846         0.0485673046        0.06121562969                    0                    0                    0                    0         -2.731063573      9.607242833e-05                    0                    0                    0                    0                    0                    0                    0                    0                    0                    0                    0                    0                    0                    0                    0                    0
  "DRIFT_5"                              12              "drift"               2.0935          5.667611569        -0.1375221496          4.510466263        -0.1755656587        0.05906492369        0.07446772645                    0                    0                    0                    0          -2.73102793      9.607242833e-05                    0                    0                    0                    0                    0                    0                    0                    0                    0                    0                    0                    0                    0                    0                    0                    0
  "BI3.BSW1L1.4"                         13              "rbend"               2.4185          5.775990026        -0.1959500265           4.64872351        -0.2498412553        0.06811024627        0.08577326392                    0                    0                    0                    0         -2.730996706      9.607242833e-05                    0                    0                    0                    0                    0                    0                    0                    0                    0                    0                    0                    0                    0                    0                    0                    0
  "DRIFT_6"                              14              "drift"                2.456          5.790939091        -0.2026917046          4.667782989        -0.2584115165        0.06914221545          0.087054514                    0                    0                    0                    0         -2.730993104      9.607242833e-05                    0                    0                    0                    0                    0                    0                    0                    0                    0                    0                    0                    0                    0                    0                    0                    0
  "BI3.TDI1L1"                           15         "collimator"                2.526          5.820196843        -0.2152761704          4.705080449        -0.2744093373        0.07106126134        0.08943187682                    0                    0                    0                    0         -2.730986378      9.607242833e-05                    0                    0                    0                    0                    0                    0                    0                    0                    0                    0                    0                    0                    0                    0                    0                    0
  "DRIFT_7"                              16              "drift"             2.654001          5.878253503        -0.2382879448          4.779074251        -0.3036627239        0.07454443536        0.09372853528                    0                    0                    0                    0         -2.730974081      9.607242833e-05                    0                    0                    0                    0                    0                    0                    0                    0                    0                    0                    0                    0                    0                    0                    0                    0
  "BR.BHZ11"                             17              "sbend"             4.271697          7.108717663        -0.5272491178          6.166497389        -0.5381447349         0.1145373634         0.1418871043                    0                    0                    0                    0         -3.035401575         -0.378897076                    0                    0                    0                    0                    0                    0                    0                    0                    0                    0                    0                    0                    0                    0                    0                    0
  "DRIFT_8"                              18              "drift"               4.2717          7.108720827        -0.5272496572          6.166500618        -0.5381453623         0.1145374305         0.1418871817                    0                    0                    0                    0         -3.035402712         -0.378897076                    0                    0                    0                    0                    0                    0                    0                    0                    0                    0                    0                    0                    0                    0                    0                    0
  "BR.SPSCRAP11"                         19         "collimator"               4.2717          7.108720827        -0.5272496572          6.166500618        -0.5381453623         0.1145374305         0.1418871817                    0                    0                    0                    0         -3.035402712         -0.378897076                    0                    0                    0                    0                    0                    0                    0                    0                    0                    0                    0                    0                    0                    0                    0                    0
  "DRIFT_9"                              20              "drift"             4.514819          7.375715762        -0.5709571249          6.440528359         -0.588988845         0.1198821246         0.1480285717                    0                    0                    0                    0          -3.12751979         -0.378897076                    0                    0                    0                    0                    0                    0                    0                    0                    0                    0                    0                    0                    0                    0                    0                    0
  "BR3.VVS1L2"                           21             "marker"             4.514819          7.375715762        -0.5709571249          6.440528359         -0.588988845         0.1198821246         0.1480285717                    0                    0                    0                    0          -3.12751979         -0.378897076                    0                    0                    0                    0                    0                    0                    0                    0                    0                    0                    0                    0                    0                    0                    0                    0
  "DRIFT_10"                             22              "drift"             4.638012          7.519120009        -0.5931045262           6.58882083        -0.6147522002          0.122515061         0.1510385784                    0                    0                    0                    0         -3.174197257         -0.378897076                    0                    0                    0                    0                    0                    0                    0                    0                    0                    0                    0                    0                    0                    0                    0                    0
  "BR.QFO11"                             23         "quadrupole"             5.141582          6.773108865          1.981478714          8.648417567         -3.725890082         0.1334090046          0.161996806                    0                    0                    0                    0         -3.068294713         0.7929601272                    0                    0                    0                    0                    0                    0         0.3696039746                    0                    0                    0                    0                    0                    0                    0                    0                    0
  "DRIFT_11"                             24              "drift"             5.467797          5.557731992          1.744214077          11.26242181         -4.287243116         0.1418751567         0.1672584196                    0                    0                    0                    0         -2.809619225         0.7929601272                    0                    0                    0                    0                    0                    0                    0                    0                    0                    0                    0                    0                    0                    0                    0                    0
  "BR3.BPM1L3"                           25            "monitor"             5.467797          5.557731992          1.744214077          11.26242181         -4.287243116         0.1418751567         0.1672584196                    0                    0                    0                    0         -2.809619225         0.7929601272                    0                    0                    0                    0                    0                    0                    0                    0                    0                    0                    0                    0                    0                    0                    0                    0
  "BR3.ONOH0.1L3"                        26          "multipole"             5.467797          5.557731992          1.744214077          11.26242181         -4.287243116         0.1418751567         0.1672584196                    0                    0                    0                    0         -2.809619225         0.7929601272                    0                    0                    0                    0                    0                    0                    0                    0                    0                    0                    0                    0                    0                    0                    0                    0
  "BR3.QSKH0.1L3"                        27          "multipole"             5.467797          5.557731992          1.744214077          11.26242181         -4.287243116         0.1418751567         0.1672584196                    0                    0                    0                    0         -2.809619225         0.7929601272                    0                    0                    0                    0                    0                    0                    0                    0                    0                    0                    0                    0                    0                    0                    0                    0
  "BR3.XNOH0.1L3"                        28          "multipole"             5.467797          5.557731992          1.744214077          11.26242181         -4.287243116         0.1418751567         0.1672584196                    0                    0                    0                    0         -2.809619225         0.7929601272                    0                    0                    0                    0                    0                    0                    0                    0                    0                    0                    0                    0                    0                    0                    0                    0
  "DRIFT_12"                             29              "drift"             5.795327          4.493191666          1.505993006           14.2554244          -4.85085901         0.1523140962          0.171372887                    0                    0                    0                    0         -2.549900994         0.7929601272                    0                    0                    0                    0                    0                    0                    0                    0                    0                    0                    0                    0                    0                    0                    0                    0
  "BR.QDE1"                              30         "quadrupole"             6.674267          4.493382114         -1.506249541          14.25665791          4.849734258         0.1867723155         0.1802801334                    0                    0                    0                    0          -2.54997473        -0.7931358394                    0                    0                    0                    0                    0                    0        -0.6514121137                    0                    0                    0                    0                    0                    0                    0                    0                    0
  "DRIFT_13"                             31              "drift"             6.816797          4.937531957         -1.609935427          12.90913195          4.604597947         0.1915890319         0.1819522903                    0                    0                    0                    0         -2.663020381        -0.7931358394                    0                    0                    0                    0                    0                    0                    0                    0                    0                    0                    0                    0                    0                    0                    0                    0
  "BI3.KSW1L4"                           32            "hkicker"             7.186797           6.22847442         -1.879098256           9.73718278          3.968237635         0.2022157411         0.1872056307                    0                    0                    0                    0         -2.956480641        -0.7931358394                    0                    0                    0                    0                    0                    0                    0                    0                    0                    0                    0                    0                    0                    0                    0                    0
  "DRIFT_14"                             33              "drift"             7.329012          6.777659437         -1.982554991          8.643281963          3.723643089         0.2056996718         0.1896729589                    0                    0                    0                    0         -3.069276455        -0.7931358394                    0                    0                    0                    0                    0                    0                    0                    0                    0                    0                    0                    0                    0                    0                    0                    0
  "BR.QFO12"                             34         "quadrupole"             7.832582          7.523862887         0.5938229068          6.584976495         0.6142778183         0.2165865135         0.2006376511                    0                    0                    0                    0          -3.17517481         0.3790891679                    0                    0                    0                    0                    0                    0         0.3696039746                    0                    0                    0                    0                    0                    0                    0                    0                    0
  "DRIFT_15"                             35              "drift"             7.997852          7.332491153         0.5641109831          6.387646235         0.5797093539         0.2201281484         0.2046937975                    0                    0                    0                    0         -3.112522743         0.3790891679                    0                    0                    0                    0                    0                    0                    0                    0                    0                    0                    0                    0                    0                    0                    0                    0
  "BR3.BPP1L5"                           36            "monitor"             7.997852          7.332491153         0.5641109831          6.387646235         0.5797093539         0.2201281484         0.2046937975                    0                    0                    0                    0         -3.112522743         0.3790891679                    0                    0                    0                    0                    0                    0                    0                    0                    0                    0                    0                    0                    0                    0                    0                    0
  "DRIFT_16"                             37              "drift"             8.199799          7.111981928         0.5278053386          6.162035338          0.537469397         0.2245795119         0.2098176904                    0                    0                    0                    0         -3.035966823         0.3790891679                    0                    0                    0                    0                    0                    0                    0                    0                    0                    0                    0                    0                    0                    0                    0                    0
  "BR.STSCRAP12"                         38         "collimator"             8.199799          7.111981928         0.5278053386          6.162035338          0.537469397         0.2245795119         0.2098176904                    0                    0                    0                    0         -3.035966823         0.3790891679                    0                    0                    0                    0                    0                    0                    0                    0                    0                    0                    0                    0                    0                    0                    0                    0
  "DRIFT_17"                             39              "drift"             8.199804           7.11197665         0.5278044397          6.162029963         0.5374683512         0.2245796238         0.2098178196                    0                    0                    0                    0         -3.035964928         0.3790891679                    0                    0                    0                    0                    0                    0                    0                    0                    0                    0                    0                    0                    0                    0                    0                    0
  "BR.BHZ12"                             40              "sbend"               9.8175          5.879727328         0.2388432666          4.777006119         0.3028833556         0.2645580702         0.2580051543                    0                    0                    0                    0         -2.731228681      9.601940234e-05                    0                    0                    0                    0                    0                    0                    0                    0                    0                    0                    0                    0                    0                    0                    0                    0
  "DRIFT_18"                             41              "drift"              10.7355          5.592714395        0.07380698665           4.41350866        0.09308337641         0.2901466131         0.2900405052                    0                    0                    0                    0         -2.731140535      9.601940234e-05                    0                    0                    0                    0                    0                    0                    0                    0                    0                    0                    0                    0                    0                    0                    0                    0
  "BR3.BWS.2L1.V_ROT"                    42            "monitor"              10.7355          5.592714395        0.07380698665           4.41350866        0.09308337641         0.2901466131         0.2900405052                    0                    0                    0                    0         -2.731140535      9.601940234e-05                    0                    0                    0                    0                    0                    0                    0                    0                    0                    0                    0                    0                    0                    0                    0                    0
  "DRIFT_19"                             43              "drift"              10.8335          5.579974814        0.05618873454          4.397459219        0.07068642874         0.2929387779         0.2935812052                    0                    0                    0                    0         -2.731131125      9.601940234e-05                    0                    0                    0                    0                    0                    0                    0                    0                    0                    0                    0                    0                    0                    0                    0                    0
  "BR3.BWS.2L1.H_ROT"                    44            "monitor"              10.8335          5.579974814        0.05618873454          4.397459219        0.07068642874         0.2929387779         0.2935812052                    0                    0                    0                    0         -2.731131125      9.601940234e-05                    0                    0                    0                    0                    0                    0                    0                    0                    0                    0                    0                    0                    0                    0                    0                    0
  "DRIFT_20"                             45              "drift"              11.3695          5.571390015       -0.04017231781          4.387342076       -0.05181116257         0.3082622862         0.3130512544                    0                    0                    0                    0         -2.731079658      9.601940234e-05                    0                    0                    0                    0                    0                    0                    0                    0                    0                    0                    0                    0                    0                    0                    0                    0
  "BI3.KSW2L1"                           46            "hkicker"              11.7395           5.62572915        -0.1066902084          4.456969501         -0.136371067         0.3187883821         0.3263836851                    0                    0                    0                    0         -2.731044131      9.601940234e-05                    0                    0                    0                    0                    0                    0                    0                    0                    0                    0                    0                    0                    0                    0                    0                    0
  "DRIFT_21"                             47              "drift"            12.471501          5.878253503        -0.2382879448          4.779074719        -0.3036627822         0.3391025055         0.3517336838                    0                    0                    0                    0         -2.730973845      9.601940234e-05                    0                    0                    0                    0                    0                    0                    0                    0                    0                    0                    0                    0                    0                    0                    0                    0
  "BR.BHZ21"                             48              "sbend"            14.089197          7.108717663        -0.5272491178          6.166497985        -0.5381447548         0.3790954335          0.399892248                    0                    0                    0                    0         -3.035401424        -0.3788971291                    0                    0                    0                    0                    0                    0                    0                    0                    0                    0                    0                    0                    0                    0                    0                    0
  "DRIFT_22"                             49              "drift"           14.0891995            7.1087203        -0.5272495673          6.166500676        -0.5381452777         0.3790954895         0.3998923125                    0                    0                    0                    0         -3.035402371        -0.3788971291                    0                    0                    0                    0                    0                    0                    0                    0                    0                    0                    0                    0                    0                    0                    0                    0
  "BR.STSCRAP21"                         50         "collimator"           14.0891995            7.1087203        -0.5272495673          6.166500676        -0.5381452777         0.3790954895         0.3998923125                    0                    0                    0                    0         -3.035402371        -0.3788971291                    0                    0                    0                    0                    0                    0                    0                    0                    0                    0                    0                    0                    0                    0                    0                    0
  "DRIFT_23"                             51              "drift"            14.455512          7.519120009        -0.5931045262          6.588821439         -0.614752214         0.3870731312         0.4090437212                    0                    0                    0                    0         -3.174197126        -0.3788971291                    0                    0                    0                    0                    0                    0                    0                    0                    0                    0                    0                    0                    0                    0                    0                    0
  "BR.QFO21"                             52         "quadrupole"            14.959082          6.773108865          1.981478714          8.648418307         -3.725890346         0.3979670747         0.4200019478                    0                    0                    0                    0         -3.068294619         0.7929600319                    0                    0                    0                    0                    0                    0         0.3696039746                    0                    0                    0                    0                    0                    0                    0                    0                    0
  "DRIFT_24"                             53              "drift"            15.285302           5.55771455           1.74421044          11.26246561          -4.28725201           0.40643337         0.4252636317                    0                    0                    0                    0         -2.809615197         0.7929600319                    0                    0                    0                    0                    0                    0                    0                    0                    0                    0                    0                    0                    0                    0                    0                    0
  "BR3.BPM2L3"                           54            "monitor"            15.285302           5.55771455           1.74421044          11.26246561          -4.28725201           0.40643337         0.4252636317                    0                    0                    0                    0         -2.809615197         0.7929600319                    0                    0                    0                    0                    0                    0                    0                    0                    0                    0                    0                    0                    0                    0                    0                    0
  "BR3.ONOH0.2L3"                        55          "multipole"            15.285302           5.55771455           1.74421044          11.26246561          -4.28725201           0.40643337         0.4252636317                    0                    0                    0                    0         -2.809615197         0.7929600319                    0                    0                    0                    0                    0                    0                    0                    0                    0                    0                    0                    0                    0                    0                    0                    0
  "BR3.QSK2L3"                           56          "multipole"            15.285302           5.55771455           1.74421044          11.26246561          -4.28725201           0.40643337         0.4252636317                    0                    0                    0                    0         -2.809615197         0.7929600319                    0                    0                    0                    0                    0                    0                    0                    0                    0                    0                    0                    0                    0                    0                    0                    0
  "BR3.XNOH0.2L3"                        57          "multipole"            15.285302           5.55771455           1.74421044          11.26246561          -4.28725201           0.40643337         0.4252636317                    0                    0                    0                    0         -2.809615197         0.7929600319                    0                    0                    0                    0                    0                    0                    0                    0                    0                    0                    0                    0                    0                    0                    0                    0
  "DRIFT_25"                             58              "drift"            15.612827          4.493191666          1.505993006          14.25542552         -4.850859326         0.4168721663          0.429378028                    0                    0                    0                    0         -2.549900963         0.7929600319                    0                    0                    0                    0                    0                    0                    0                    0                    0                    0                    0                    0                    0                    0                    0                    0
  "BR.QDE2"                              59         "quadrupole"            16.491767          4.493382114         -1.506249541          14.25665892          4.849734675         0.4513303856         0.4382852738                    0                    0                    0                    0         -2.549974781        -0.7931359409                    0                    0                    0                    0                    0                    0        -0.6514121137                    0                    0                    0                    0                    0                    0                    0                    0                    0
  "DRIFT_26"                             60              "drift"            16.819302          5.558123072         -1.744520479          11.26425192          4.286409555         0.4617688954         0.4423992915                    0                    0                    0                    0         -2.809754561        -0.7931359409                    0                    0                    0                    0                    0                    0                    0                    0                    0                    0                    0                    0                    0                    0                    0                    0
  "BR3.DHZ2L4"                           61            "hkicker"            16.819302          5.558123072         -1.744520479          11.26425192          4.286409555         0.4617688954         0.4423992915                    0                    0                    0                    0         -2.809754561        -0.7931359409                    0                    0                    0                    0                    0                    0                    0                    0                    0                    0                    0                    0                    0                    0                    0                    0
  "BR3.DVT2L4"                           62            "vkicker"            16.819302          5.558123072         -1.744520479          11.26425192          4.286409555         0.4617688954         0.4423992915                    0                    0                    0                    0         -2.809754561        -0.7931359409                    0                    0                    0                    0                    0                    0                    0                    0                    0                    0                    0                    0                    0                    0                    0                    0
  "BR3.OSK2L4"                           63          "multipole"            16.819302          5.558123072         -1.744520479          11.26425192          4.286409555         0.4617688954         0.4423992915                    0                    0                    0                    0         -2.809754561        -0.7931359409                    0                    0                    0                    0                    0                    0                    0                    0                    0                    0                    0                    0                    0                    0                    0                    0
  "BR3.XSK2L4"                           64          "multipole"            16.819302          5.558123072         -1.744520479          11.26425192          4.286409555         0.4617688954         0.4423992915                    0                    0                    0                    0         -2.809754561        -0.7931359409                    0                    0                    0                    0                    0                    0                    0                    0                    0                    0                    0                    0                    0                    0                    0                    0
  "DRIFT_27"                             65              "drift"            17.146512          6.777659437         -1.982554991          8.643282496            3.7236434         0.4702577419         0.4476780987                    0                    0                    0                    0         -3.069276572        -0.7931359409                    0                    0                    0                    0                    0                    0                    0                    0                    0                    0                    0                    0                    0                    0                    0                    0
  "BR.QFO22"                             66         "quadrupole"            17.650082          7.523862887         0.5938229068          6.584976823         0.6142779378         0.4811445836         0.4586427902                    0                    0                    0                    0         -3.175174967         0.3790891178                    0                    0                    0                    0                    0                    0         0.3696039746                    0                    0                    0                    0                    0                    0                    0                    0                    0
  "DRIFT_28"                             67              "drift"            18.017299          7.111981928         0.5278053386           6.16203558         0.5374695122         0.4891375821         0.4678228292                    0                    0                    0                    0         -3.035966998         0.3790891178                    0                    0                    0                    0                    0                    0                    0                    0                    0                    0                    0                    0                    0                    0                    0                    0
  "BR.STSCRAP22"                         68         "collimator"            18.017299          7.111981928         0.5278053386           6.16203558         0.5374695122         0.4891375821         0.4678228292                    0                    0                    0                    0         -3.035966998         0.3790891178                    0                    0                    0                    0                    0                    0                    0                    0                    0                    0                    0                    0                    0                    0                    0                    0
  "DRIFT_29"                             69              "drift"            18.017304           7.11197665         0.5278044397          6.162030205         0.5374684664          0.489137694         0.4678229583                    0                    0                    0                    0         -3.035965103         0.3790891178                    0                    0                    0                    0                    0                    0                    0                    0                    0                    0                    0                    0                    0                    0                    0                    0
  "BR.BHZ22"                             70              "sbend"               19.635          5.879727328         0.2388432666          4.777006018         0.3028834489         0.5291161403         0.5160102925                    0                    0                    0                    0         -2.731228936      9.596938483e-05                    0                    0                    0                    0                    0                    0                    0                    0                    0                    0                    0                    0                    0                    0                    0                    0
  "DRIFT_30"                             71              "drift"               20.159          5.678782331         0.1446395513          4.522335845         0.1831283322         0.5435686159         0.5339913991                    0                    0                    0                    0         -2.731178648      9.596938483e-05                    0                    0                    0                    0                    0                    0                    0                    0                    0                    0                    0                    0                    0                    0                    0                    0
  "BR3.DES3L1"                           72            "hkicker"               20.724          5.572729297         0.0430649345          4.388356607        0.05400306329         0.5595804047         0.5542312564                    0                    0                    0                    0         -2.731124425      9.596938483e-05                    0                    0                    0                    0                    0                    0                    0                    0                    0                    0                    0                    0                    0                    0                    0                    0
  "HACMAP"                               73             "marker"               20.724          5.572729297         0.0430649345          4.388356607        0.05400306329         0.5595804047         0.5542312564                    0                    0                    0                    0         -2.731124425      9.596938483e-05                    0                    0                    0                    0                    0                    0                    0                    0                    0                    0                    0                    0                    0                    0                    0                    0
  "VACMAP"                               74             "marker"               20.724          5.572729297         0.0430649345          4.388356607        0.05400306329         0.5595804047         0.5542312564                    0                    0                    0                    0         -2.731124425      9.596938483e-05                    0                    0                    0                    0                    0                    0                    0                    0                    0                    0                    0                    0                    0                    0                    0                    0
  "DRIFT_31"                             75              "drift"               21.098          5.565663365       -0.02417206844          4.379929618       -0.03147100853         0.5702765246         0.5678248843                    0                    0                    0                    0         -2.731088533      9.596938483e-05                    0                    0                    0                    0                    0                    0                    0                    0                    0                    0                    0                    0                    0                    0                    0                    0
  "BR3.ONO3L1"                           76          "multipole"               21.098          5.565663365       -0.02417206844          4.379929618       -0.03147100853         0.5702765246         0.5678248843                    0                    0                    0                    0         -2.731088533      9.596938483e-05                    0                    0                    0                    0                    0                    0                    0                    0                    0                    0                    0                    0                    0                    0                    0                    0
  "BR3.QNO3L1"                           77          "multipole"               21.098          5.565663365       -0.02417206844          4.379929618       -0.03147100853         0.5702765246         0.5678248843                    0                    0                    0                    0         -2.731088533      9.596938483e-05                    0                    0                    0                    0                    0                    0                    0                    0                    0                    0                    0                    0                    0                    0                    0                    0
  "BR3.XNO3L1"                           78          "multipole"               21.098          5.565663365       -0.02417206844          4.379929618       -0.03147100853         0.5702765246         0.5678248843                    0                    0                    0                    0         -2.731088533      9.596938483e-05                    0                    0                    0                    0                    0                    0                    0                    0                    0                    0                    0                    0                    0                    0                    0                    0
  "DRIFT_32"                             79              "drift"               21.678          5.654180311        -0.1284433564          4.493316945        -0.1640243819         0.5867612469         0.5886926572                    0                    0                    0                    0          -2.73103287      9.596938483e-05                    0                    0                    0                    0                    0                    0                    0                    0                    0                    0                    0                    0                    0                    0                    0                    0
  "BR3.BPMT3L1"                          80            "monitor"               21.678          5.654180311        -0.1284433564          4.493316945        -0.1640243819         0.5867612469         0.5886926572                    0                    0                    0                    0          -2.73103287      9.596938483e-05                    0                    0                    0                    0                    0                    0                    0                    0                    0                    0                    0                    0                    0                    0                    0                    0
  "DRIFT_33"                             81              "drift"           22.2890015          5.878253741        -0.2382880347          4.779074543        -0.3036628474         0.6036605892         0.6097388451                    0                    0                    0                    0         -2.730974233      9.596938483e-05                    0                    0                    0                    0                    0                    0                    0                    0                    0                    0                    0                    0                    0                    0                    0                    0
  "BR.BHZ31"                             82              "sbend"           23.9066975          7.108718191        -0.5272492077          6.166498067        -0.5381448456         0.6436535149         0.6578974099                    0                    0                    0                    0         -3.035401892        -0.3788971791                    0                    0                    0                    0                    0                    0                    0                    0                    0                    0                    0                    0                    0                    0                    0                    0
  "DRIFT_34"                             83              "drift"              23.9067          7.108720827        -0.5272496572          6.166500758        -0.5381453684         0.6436535708         0.6578974745                    0                    0                    0                    0          -3.03540284        -0.3788971791                    0                    0                    0                    0                    0                    0                    0                    0                    0                    0                    0                    0                    0                    0                    0                    0
  "BR.STSCRAP31"                         84         "collimator"              23.9067          7.108720827        -0.5272496572          6.166500758        -0.5381453684         0.6436535708         0.6578974745                    0                    0                    0                    0          -3.03540284        -0.3788971791                    0                    0                    0                    0                    0                    0                    0                    0                    0                    0                    0                    0                    0                    0                    0                    0
  "DRIFT_35"                             85              "drift"            24.273012          7.519120009        -0.5931045262          6.588820974         -0.614752205         0.6516312013         0.6670488709                    0                    0                    0                    0         -3.174197423        -0.3788971791                    0                    0                    0                    0                    0                    0                    0                    0                    0                    0                    0                    0                    0                    0                    0                    0
  "BR.QFO31"                             86         "quadrupole"            24.776582          6.773108865          1.981478714          8.648417744         -3.725890147         0.6625251449         0.6780070983                    0                    0                    0                    0         -3.068294913          0.792960093                    0                    0                    0                    0                    0                    0         0.3696039746                    0                    0                    0                    0                    0                    0                    0                    0                    0
  "DRIFT_36"                             87              "drift"            25.102807          5.557697108          1.744206803          11.26250778         -4.287260395         0.6709915834         0.6832688531                    0                    0                    0                    0         -2.809611507          0.792960093                    0                    0                    0                    0                    0                    0                    0                    0                    0                    0                    0                    0                    0                    0                    0                    0
  "BR3.BPM3L3"                           88            "monitor"            25.102807          5.557697108          1.744206803          11.26250778         -4.287260395         0.6709915834         0.6832688531                    0                    0                    0                    0         -2.809611507          0.792960093                    0                    0                    0                    0                    0                    0                    0                    0                    0                    0                    0                    0                    0                    0                    0                    0
  "BR3.ONOH0.3L3"                        89          "multipole"            25.102807          5.557697108          1.744206803          11.26250778         -4.287260395         0.6709915834         0.6832688531                    0                    0                    0                    0         -2.809611507          0.792960093                    0                    0                    0                    0                    0                    0                    0                    0                    0                    0                    0                    0                    0                    0                    0                    0
  "BR3.QSKH0.3L3"                        90          "multipole"            25.102807          5.557697108          1.744206803          11.26250778         -4.287260395         0.6709915834         0.6832688531                    0                    0                    0                    0         -2.809611507          0.792960093                    0                    0                    0                    0                    0                    0                    0                    0                    0                    0                    0                    0                    0                    0                    0                    0
  "BR3.XNOH0.3L3"                        91          "multipole"            25.102807          5.557697108          1.744206803          11.26250778         -4.287260395         0.6709915834         0.6832688531                    0                    0                    0                    0         -2.809611507          0.792960093                    0                    0                    0                    0                    0                    0                    0                    0                    0                    0                    0                    0                    0                    0                    0                    0
  "DRIFT_37"                             92              "drift"            25.430327          4.493191666          1.505993006          14.25542467         -4.850859089         0.6814302365         0.6873831791                    0                    0                    0                    0         -2.549901217          0.792960093                    0                    0                    0                    0                    0                    0                    0                    0                    0                    0                    0                    0                    0                    0                    0                    0
  "BR.QDE3"                              93         "quadrupole"            26.309267          4.493382114         -1.506249541          14.25665816          4.849734358         0.7158884558         0.6962904253                    0                    0                    0                    0         -2.549975053        -0.7931360436                    0                    0                    0                    0                    0                    0        -0.6514121137                    0                    0                    0                    0                    0                    0                    0                    0                    0
  "DRIFT_38"                             94              "drift"            26.636807          5.558140517         -1.744524116          11.26420849          4.286400679         0.7263271087         0.7004045139                    0                    0                    0                    0         -2.809758833        -0.7931360436                    0                    0                    0                    0                    0                    0                    0                    0                    0                    0                    0                    0                    0                    0                    0                    0
  "BR3.DHZ3L4"                           95            "hkicker"            26.636807          5.558140517         -1.744524116          11.26420849          4.286400679         0.7263271087         0.7004045139                    0                    0                    0                    0         -2.809758833        -0.7931360436                    0                    0                    0                    0                    0                    0                    0                    0                    0                    0                    0                    0                    0                    0                    0                    0
  "BR3.DVT3L4"                           96            "vkicker"            26.636807          5.558140517         -1.744524116          11.26420849          4.286400679         0.7263271087         0.7004045139                    0                    0                    0                    0         -2.809758833        -0.7931360436                    0                    0                    0                    0                    0                    0                    0                    0                    0                    0                    0                    0                    0                    0                    0                    0
  "DRIFT_39"                             97              "drift"            26.964012          6.777659437         -1.982554991          8.643282096          3.723643164         0.7348158121         0.7056832507                    0                    0                    0                    0         -3.069276912        -0.7931360436                    0                    0                    0                    0                    0                    0                    0                    0                    0                    0                    0                    0                    0                    0                    0                    0
  "BR.QFO32"                             98         "quadrupole"            27.467582          7.523862887         0.5938229068          6.584976578         0.6142778459         0.7457026538         0.7166479427                    0                    0                    0                    0         -3.175175325         0.3790891461                    0                    0                    0                    0                    0                    0         0.3696039746                    0                    0                    0                    0                    0                    0                    0                    0                    0
  "DRIFT_40"                             99              "drift"            27.834799          7.111981928         0.5278053386          6.162035401         0.5374694237         0.7536956523         0.7258279819                    0                    0                    0                    0         -3.035967346         0.3790891461                    0                    0                    0                    0                    0                    0                    0                    0                    0                    0                    0                    0                    0                    0                    0                    0
  "BR.STSCRAP32"                        100         "collimator"            27.834799          7.111981928         0.5278053386          6.162035401         0.5374694237         0.7536956523         0.7258279819                    0                    0                    0                    0         -3.035967346         0.3790891461                    0                    0                    0                    0                    0                    0                    0                    0                    0                    0                    0                    0                    0                    0                    0                    0
  "DRIFT_41"                            101              "drift"            27.834804           7.11197665         0.5278044397          6.162030027         0.5374683779         0.7536957641         0.7258281111                    0                    0                    0                    0         -3.035965451         0.3790891461                    0                    0                    0                    0                    0                    0                    0                    0                    0                    0                    0                    0                    0                    0                    0                    0
  "BR.BHZ32"                            102              "sbend"              29.4525          5.879727328         0.2388432666          4.777006103         0.3028833778         0.7936742105         0.7740154456                    0                    0                    0                    0         -2.731229238      9.599762346e-05                    0                    0                    0                    0                    0                    0                    0                    0                    0                    0                    0                    0                    0                    0                    0                    0
  "DRIFT_42"                            103              "drift"              29.8225           5.72759493          0.172325376          4.584159568          0.218323472         0.8038285527         0.7866124604                    0                    0                    0                    0         -2.731193719      9.599762346e-05                    0                    0                    0                    0                    0                    0                    0                    0                    0                    0                    0                    0                    0                    0                    0                    0
  "BR3.ONO4L1"                          104          "multipole"              29.8225           5.72759493          0.172325376          4.584159568          0.218323472         0.8038285527         0.7866124604                    0                    0                    0                    0         -2.731193719      9.599762346e-05                    0                    0                    0                    0                    0                    0                    0                    0                    0                    0                    0                    0                    0                    0                    0                    0
  "BR3.OSK4L1"                          105          "multipole"              29.8225           5.72759493          0.172325376          4.584159568          0.218323472         0.8038285527         0.7866124604                    0                    0                    0                    0         -2.731193719      9.599762346e-05                    0                    0                    0                    0                    0                    0                    0                    0                    0                    0                    0                    0                    0                    0                    0                    0
  "BR3.XNO4L1"                          106          "multipole"              29.8225           5.72759493          0.172325376          4.584159568          0.218323472         0.8038285527         0.7866124604                    0                    0                    0                    0         -2.731193719      9.599762346e-05                    0                    0                    0                    0                    0                    0                    0                    0                    0                    0                    0                    0                    0                    0                    0                    0
  "BR3.XSK4L1"                          107          "multipole"              29.8225           5.72759493          0.172325376          4.584159568          0.218323472         0.8038285527         0.7866124604                    0                    0                    0                    0         -2.731193719      9.599762346e-05                    0                    0                    0                    0                    0                    0                    0                    0                    0                    0                    0                    0                    0                    0                    0                    0
  "DRIFT_43"                            108              "drift"              30.3565          5.594816227        0.07632387981          4.416159734        0.09628295929         0.8188644222         0.8055460954                    0                    0                    0                    0         -2.731142456      9.599762346e-05                    0                    0                    0                    0                    0                    0                    0                    0                    0                    0                    0                    0                    0                    0                    0                    0
  "BE3.DHZ4L1"                          109            "hkicker"              30.3565          5.594816227        0.07632387981          4.416159734        0.09628295929         0.8188644222         0.8055460954                    0                    0                    0                    0         -2.731142456      9.599762346e-05                    0                    0                    0                    0                    0                    0                    0                    0                    0                    0                    0                    0                    0                    0                    0                    0
  "BE3.DVT4L1"                          110            "vkicker"              30.3565          5.594816227        0.07632387981          4.416159734        0.09628295929         0.8188644222         0.8055460954                    0                    0                    0                    0         -2.731142456      9.599762346e-05                    0                    0                    0                    0                    0                    0                    0                    0                    0                    0                    0                    0                    0                    0                    0                    0
  "DRIFT_44"                            111              "drift"              30.7885            5.5624233      -0.001340251934          4.375622359      -0.002446444223         0.8312015472         0.8212122759                    0                    0                    0                    0         -2.731100985      9.599762346e-05                    0                    0                    0                    0                    0                    0                    0                    0                    0                    0                    0                    0                    0                    0                    0                    0
  "BR3.BSGHV4L1"                        112            "monitor"              30.7885            5.5624233      -0.001340251934          4.375622359      -0.002446444223         0.8312015472         0.8212122759                    0                    0                    0                    0         -2.731100985      9.599762346e-05                    0                    0                    0                    0                    0                    0                    0                    0                    0                    0                    0                    0                    0                    0                    0                    0
  "DRIFT_45"                            113              "drift"              31.5865          5.679045744         -0.144803162          4.525062253        -0.1848215924         0.8538752984         0.8499099522                    0                    0                    0                    0         -2.731024379      9.599762346e-05                    0                    0                    0                    0                    0                    0                    0                    0                    0                    0                    0                    0                    0                    0                    0                    0
  "BR3.BWSH4L1"                         114            "monitor"              31.5865          5.679045744         -0.144803162          4.525062253        -0.1848215924         0.8538752984         0.8499099522                    0                    0                    0                    0         -2.731024379      9.599762346e-05                    0                    0                    0                    0                    0                    0                    0                    0                    0                    0                    0                    0                    0                    0                    0                    0
  "DRIFT_46"                            115              "drift"            32.106501          5.878253503        -0.2382879448          4.779074609        -0.3036627696         0.8682186458         0.8677439765                    0                    0                    0                    0         -2.730974461      9.599762346e-05                    0                    0                    0                    0                    0                    0                    0                    0                    0                    0                    0                    0                    0                    0                    0                    0
  "BR.BHZ41"                            116              "sbend"            33.724197          7.108717663        -0.5272491178           6.16649785        -0.5381447513         0.9082115738         0.9159025418                    0                    0                    0                    0         -3.035402075        -0.3788971508                    0                    0                    0                    0                    0                    0                    0                    0                    0                    0                    0                    0                    0                    0                    0                    0
  "DRIFT_47"                            117              "drift"           33.7241995            7.1087203        -0.5272495673           6.16650054        -0.5381452742         0.9082116298         0.9159026063                    0                    0                    0                    0         -3.035403022        -0.3788971508                    0                    0                    0                    0                    0                    0                    0                    0                    0                    0                    0                    0                    0                    0                    0                    0
  "BR.STSCRAP41"                        118         "collimator"           33.7241995            7.1087203        -0.5272495673           6.16650054        -0.5381452742         0.9082116298         0.9159026063                    0                    0                    0                    0         -3.035403022        -0.3788971508                    0                    0                    0                    0                    0                    0                    0                    0                    0                    0                    0                    0                    0                    0                    0                    0
  "DRIFT_48"                            119              "drift"            34.090512          7.519120009        -0.5931045262          6.588821301        -0.6147522119         0.9161892715         0.9250540152                    0                    0                    0                    0         -3.174197784        -0.3788971508                    0                    0                    0                    0                    0                    0                    0                    0                    0                    0                    0                    0                    0                    0                    0                    0
  "BR.QFO41"                            120         "quadrupole"            34.594082          6.773108865          1.981478714          8.648418141         -3.725890288         0.9270832151         0.9360122421                    0                    0                    0                    0         -3.068295228         0.7929602481                    0                    0                    0                    0                    0                    0         0.3696039746                    0                    0                    0                    0                    0                    0                    0                    0                    0
  "DRIFT_49"                            121              "drift"            34.920312          5.557679665          1.744203167          11.26255115         -4.287269154         0.9355497967         0.9412740673                    0                    0                    0                    0         -2.809607806         0.7929602481                    0                    0                    0                    0                    0                    0                    0                    0                    0                    0                    0                    0                    0                    0                    0                    0
  "BR3.BPM4L3"                          122            "monitor"            34.920312          5.557679665          1.744203167          11.26255115         -4.287269154         0.9355497967         0.9412740673                    0                    0                    0                    0         -2.809607806         0.7929602481                    0                    0                    0                    0                    0                    0                    0                    0                    0                    0                    0                    0                    0                    0                    0                    0
  "BR3.ONOH0.4L3"                       123          "multipole"            34.920312          5.557679665          1.744203167          11.26255115         -4.287269154         0.9355497967         0.9412740673                    0                    0                    0                    0         -2.809607806         0.7929602481                    0                    0                    0                    0                    0                    0                    0                    0                    0                    0                    0                    0                    0                    0                    0                    0
  "BR3.QNO4L3"                          124          "multipole"            34.920312          5.557679665          1.744203167          11.26255115         -4.287269154         0.9355497967         0.9412740673                    0                    0                    0                    0         -2.809607806         0.7929602481                    0                    0                    0                    0                    0                    0                    0                    0                    0                    0                    0                    0                    0                    0                    0                    0
  "BR3.XNOH0.4L3"                       125          "multipole"            34.920312          5.557679665          1.744203167          11.26255115         -4.287269154         0.9355497967         0.9412740673                    0                    0                    0                    0         -2.809607806         0.7929602481                    0                    0                    0                    0                    0                    0                    0                    0                    0                    0                    0                    0                    0                    0                    0                    0
  "DRIFT_50"                            126              "drift"            35.247827          4.493191666          1.505993006          14.25542527         -4.850859257         0.9459883066         0.9453883225                    0                    0                    0                    0         -2.549901431         0.7929602481                    0                    0                    0                    0                    0                    0                    0                    0                    0                    0                    0                    0                    0                    0                    0                    0
  "BR.QDE4"                             127         "quadrupole"            36.126767          4.493382114         -1.506249541           14.2566587          4.849734581         0.9804465259         0.9542955684                    0                    0                    0                    0          -2.54997518        -0.7931359944                    0                    0                    0                    0                    0                    0        -0.6514121137                    0                    0                    0                    0                    0                    0                    0                    0                    0
  "DRIFT_51"                            128              "drift"            36.454312          5.558157963         -1.744527754          11.26416603          4.286392275          0.990885322         0.9584097274                    0                    0                    0                    0         -2.809762909        -0.7931359944                    0                    0                    0                    0                    0                    0                    0                    0                    0                    0                    0                    0                    0                    0                    0                    0
  "BR3.DHZ4L4"                          129            "hkicker"            36.454312          5.558157963         -1.744527754          11.26416603          4.286392275          0.990885322         0.9584097274                    0                    0                    0                    0         -2.809762909        -0.7931359944                    0                    0                    0                    0                    0                    0                    0                    0                    0                    0                    0                    0                    0                    0                    0                    0
  "BR3.DVT4L4"                          130            "vkicker"            36.454312          5.558157963         -1.744527754          11.26416603          4.286392275          0.990885322         0.9584097274                    0                    0                    0                    0         -2.809762909        -0.7931359944                    0                    0                    0                    0                    0                    0                    0                    0                    0                    0                    0                    0                    0                    0                    0                    0
  "DRIFT_52"                            131              "drift"            36.781512          6.777659437         -1.982554991           8.64328238          3.723643331         0.9993738822         0.9636883934                    0                    0                    0                    0         -3.069277007        -0.7931359944                    0                    0                    0                    0                    0                    0                    0                    0                    0                    0                    0                    0                    0                    0                    0                    0
  "BR.QFO42"                            132         "quadrupole"            37.285082          7.523862887         0.5938229068          6.584976753         0.6142779103          1.010260724          0.974653085                    0                    0                    0                    0         -3.175175387         0.3790892249                    0                    0                    0                    0                    0                    0         0.3696039746                    0                    0                    0                    0                    0                    0                    0                    0                    0
  "DRIFT_53"                            133              "drift"             37.45044          7.332391871         0.5640951626          6.387544436          0.579691038          1.013804269          0.978711424                    0                    0                    0                    0         -3.112489951         0.3790892249                    0                    0                    0                    0                    0                    0                    0                    0                    0                    0                    0                    0                    0                    0                    0                    0
  "BR3.BPTF4L5"                         134            "monitor"             37.45044          7.332391871         0.5640951626          6.387544436          0.579691038          1.013804269          0.978711424                    0                    0                    0                    0         -3.112489951         0.3790892249                    0                    0                    0                    0                    0                    0                    0                    0                    0                    0                    0                    0                    0                    0                    0                    0
  "DRIFT_54"                            135              "drift"            37.652299          7.111981928         0.5278053386           6.16203553         0.5374694857          1.018253722         0.9838331241                    0                    0                    0                    0         -3.035967379         0.3790892249                    0                    0                    0                    0                    0                    0                    0                    0                    0                    0                    0                    0                    0                    0                    0                    0
  "BR.STSCRAP42"                        136         "collimator"            37.652299          7.111981928         0.5278053386           6.16203553         0.5374694857          1.018253722         0.9838331241                    0                    0                    0                    0         -3.035967379         0.3790892249                    0                    0                    0                    0                    0                    0                    0                    0                    0                    0                    0                    0                    0                    0                    0                    0
  "DRIFT_55"                            137              "drift"            37.652304           7.11197665         0.5278044397          6.162030155         0.5374684399          1.018253834         0.9838332532                    0                    0                    0                    0         -3.035965484         0.3790892249                    0                    0                    0                    0                    0                    0                    0                    0                    0                    0                    0                    0                    0                    0                    0                    0
  "BR.BHZ42"                            138              "sbend"                39.27          5.879727328         0.2388432666          4.777006046         0.3028834278          1.058232281          1.032020588                    0                    0                    0                    0         -2.731229145      9.607640705e-05                    0                    0                    0                    0                    0                    0                    0                    0                    0                    0                    0                    0                    0                    0                    0                    0
  "DRIFT_56"                            139              "drift"            39.521261          5.771053098         0.1936720458          4.639228687         0.2454601648          1.065099388          1.040519255                    0                    0                    0                    0         -2.731205005      9.607640705e-05                    0                    0                    0                    0                    0                    0                    0                    0                    0                    0                    0                    0                    0                    0                    0                    0
  "BR3.ACWF5L1.1"                       140           "rfcavity"            40.464261            5.5656551        0.02414131374          4.379520045        0.02994666662          1.091704847          1.074063326                    0                    0                    0                    0         -2.731114405      9.607640705e-05                    0                    0                    0                    0                    0                    0                    0                    0                    0                    0                    0                    0                    0                    0                    0                    0
  "DRIFT_57"                            141              "drift"            40.575761          5.562506633        0.00409605751          4.375683208       0.004464423735          1.094894406          1.078117532                    0                    0                    0                    0         -2.731103692      9.607640705e-05                    0                    0                    0                    0                    0                    0                    0                    0                    0                    0                    0                    0                    0                    0                    0                    0
  "BR3.ACWF5L1.2"                       142           "rfcavity"            41.518761          5.714648949        -0.1654346745          4.570492534        -0.2110490744          1.121639722          1.111931773                    0                    0                    0                    0         -2.731013092      9.607640705e-05                    0                    0                    0                    0                    0                    0                    0                    0                    0                    0                    0                    0                    0                    0                    0                    0
  "DRIFT_58"                            143              "drift"            41.924001          5.878253503        -0.2382879448          4.779074351        -0.3036627435          1.132776716          1.125749122                    0                    0                    0                    0         -2.730974158      9.607640705e-05                    0                    0                    0                    0                    0                    0                    0                    0                    0                    0                    0                    0                    0                    0                    0                    0
  "BR.BHZ51"                            144              "sbend"            43.541697          7.108717663        -0.5272491178          6.166497542        -0.5381447473          1.172769644           1.17390769                    0                    0                    0                    0         -3.035401646        -0.3788970721                    0                    0                    0                    0                    0                    0                    0                    0                    0                    0                    0                    0                    0                    0                    0                    0
  "DRIFT_59"                            145              "drift"           43.5416995            7.1087203        -0.5272495673          6.166500232        -0.5381452701            1.1727697          1.173907754                    0                    0                    0                    0         -3.035402593        -0.3788970721                    0                    0                    0                    0                    0                    0                    0                    0                    0                    0                    0                    0                    0                    0                    0                    0
  "BR.STSCRAP51"                        146         "collimator"           43.5416995            7.1087203        -0.5272495673          6.166500232        -0.5381452701            1.1727697          1.173907754                    0                    0                    0                    0         -3.035402593        -0.3788970721                    0                    0                    0                    0                    0                    0                    0                    0                    0                    0                    0                    0                    0                    0                    0                    0
  "DRIFT_60"                            147              "drift"            43.908012          7.519120009        -0.5931045262          6.588820991        -0.6147522114          1.180747342          1.183059164                    0                    0                    0                    0         -3.174197327        -0.3788970721                    0                    0                    0                    0                    0                    0                    0                    0                    0                    0                    0                    0                    0                    0                    0                    0
  "BR.QFO51"                            148         "quadrupole"            44.411582          6.773108865          1.981478714          8.648417772         -3.725890164          1.191641285          1.194017391                    0                    0                    0                    0         -3.068294774         0.7929601556                    0                    0                    0                    0                    0                    0         0.3696039746                    0                    0                    0                    0                    0                    0                    0                    0                    0
  "DRIFT_61"                            149              "drift"            44.737806          5.557700596          1.744207531          11.26249925         -4.287258694          1.200107695          1.199279132                    0                    0                    0                    0          -2.80961214         0.7929601556                    0                    0                    0                    0                    0                    0                    0                    0                    0                    0                    0                    0                    0                    0                    0                    0
  "BR3.BPM5L3"                          150            "monitor"            44.737806          5.557700596          1.744207531          11.26249925         -4.287258694          1.200107695          1.199279132                    0                    0                    0                    0          -2.80961214         0.7929601556                    0                    0                    0                    0                    0                    0                    0                    0                    0                    0                    0                    0                    0                    0                    0                    0
  "BR3.ONOH0.5L3"                       151          "multipole"            44.737806          5.557700596          1.744207531          11.26249925         -4.287258694          1.200107695          1.199279132                    0                    0                    0                    0          -2.80961214         0.7929601556                    0                    0                    0                    0                    0                    0                    0                    0                    0                    0                    0                    0                    0                    0                    0                    0
  "BR3.QSKH0.5L3"                       152          "multipole"            44.737806          5.557700596          1.744207531          11.26249925         -4.287258694          1.200107695          1.199279132                    0                    0                    0                    0          -2.80961214         0.7929601556                    0                    0                    0                    0                    0                    0                    0                    0                    0                    0                    0                    0                    0                    0                    0                    0
  "BR3.XNOH0.5L3"                       153          "multipole"            44.737806          5.557700596          1.744207531          11.26249925         -4.287258694          1.200107695          1.199279132                    0                    0                    0                    0          -2.80961214         0.7929601556                    0                    0                    0                    0                    0                    0                    0                    0                    0                    0                    0                    0                    0                    0                    0                    0
  "DRIFT_62"                            154              "drift"            45.065327          4.493191666          1.505993006          14.25542473         -4.850859111          1.210546377          1.203393472                    0                    0                    0                    0         -2.549901037         0.7929601556                    0                    0                    0                    0                    0                    0                    0                    0                    0                    0                    0                    0                    0                    0                    0                    0
  "BR.QDE5"                             155         "quadrupole"            45.944267          4.493382114         -1.506249541          14.25665822          4.849734375          1.245004596          1.212300718                    0                    0                    0                    0         -2.549974757        -0.7931358328                    0                    0                    0                    0                    0                    0        -0.6514121137                    0                    0                    0                    0                    0                    0                    0                    0                    0
  "DRIFT_63"                            156              "drift"            46.110806          5.015257172         -1.627401185          12.68902003          4.563305152          1.250589194          1.214271435                    0                    0                    0                    0         -2.682062806        -0.7931358328                    0                    0                    0                    0                    0                    0                    0                    0                    0                    0                    0                    0                    0                    0                    0                    0
  "BR3.DHZ5L4"                          157            "hkicker"            46.110806          5.015257172         -1.627401185          12.68902003          4.563305152          1.250589194          1.214271435                    0                    0                    0                    0         -2.682062806        -0.7931358328                    0                    0                    0                    0                    0                    0                    0                    0                    0                    0                    0                    0                    0                    0                    0                    0
  "BR3.DVT5L4"                          158            "vkicker"            46.110806          5.015257172         -1.627401185          12.68902003          4.563305152          1.250589194          1.214271435                    0                    0                    0                    0         -2.682062806        -0.7931358328                    0                    0                    0                    0                    0                    0                    0                    0                    0                    0                    0                    0                    0                    0                    0                    0
  "DRIFT_64"                            159              "drift"            46.599012          6.777659437         -1.982554991          8.643282135          3.723643178          1.263931952          1.221693543                    0                    0                    0                    0         -3.069276478        -0.7931358328                    0                    0                    0                    0                    0                    0                    0                    0                    0                    0                    0                    0                    0                    0                    0                    0
  "BR.QFO52"                            160         "quadrupole"            47.102582          7.523862887         0.5938229068          6.584976611         0.6142778465          1.274818794          1.232658235                    0                    0                    0                    0         -3.175174828         0.3790891822                    0                    0                    0                    0                    0                    0         0.3696039746                    0                    0                    0                    0                    0                    0                    0                    0                    0
  "DRIFT_65"                            161              "drift"            47.469799          7.111981928         0.5278053386          6.162035433         0.5374694247          1.282811793          1.241838274                    0                    0                    0                    0         -3.035966836         0.3790891822                    0                    0                    0                    0                    0                    0                    0                    0                    0                    0                    0                    0                    0                    0                    0                    0
  "BR.STSCRAP52"                        162         "collimator"            47.469799          7.111981928         0.5278053386          6.162035433         0.5374694247          1.282811793          1.241838274                    0                    0                    0                    0         -3.035966836         0.3790891822                    0                    0                    0                    0                    0                    0                    0                    0                    0                    0                    0                    0                    0                    0                    0                    0
  "DRIFT_66"                            163              "drift"            47.469804           7.11197665         0.5278044397          6.162030059         0.5374683789          1.282811904          1.241838404                    0                    0                    0                    0          -3.03596494         0.3790891822                    0                    0                    0                    0                    0                    0                    0                    0                    0                    0                    0                    0                    0                    0                    0                    0
  "BR.BHZ52"                            164              "sbend"              49.0875          5.879727328         0.2388432666          4.777006128         0.3028833808          1.322790351          1.290025738                    0                    0                    0                    0          -2.73122867      9.603377568e-05                    0                    0                    0                    0                    0                    0                    0                    0                    0                    0                    0                    0                    0                    0                    0                    0
  "DRIFT_67"                            165              "drift"              49.4575           5.72759493          0.172325376          4.584159591         0.2183234753          1.332944693          1.302622753                    0                    0                    0                    0         -2.731193138      9.603377568e-05                    0                    0                    0                    0                    0                    0                    0                    0                    0                    0                    0                    0                    0                    0                    0                    0
  "BR3.ONO6L1"                          166          "multipole"              49.4575           5.72759493          0.172325376          4.584159591         0.2183234753          1.332944693          1.302622753                    0                    0                    0                    0         -2.731193138      9.603377568e-05                    0                    0                    0                    0                    0                    0                    0                    0                    0                    0                    0                    0                    0                    0                    0                    0
  "BR3.OSK6L1"                          167          "multipole"              49.4575           5.72759493          0.172325376          4.584159591         0.2183234753          1.332944693          1.302622753                    0                    0                    0                    0         -2.731193138      9.603377568e-05                    0                    0                    0                    0                    0                    0                    0                    0                    0                    0                    0                    0                    0                    0                    0                    0
  "BR3.XNO6L1"                          168          "multipole"              49.4575           5.72759493          0.172325376          4.584159591         0.2183234753          1.332944693          1.302622753                    0                    0                    0                    0         -2.731193138      9.603377568e-05                    0                    0                    0                    0                    0                    0                    0                    0                    0                    0                    0                    0                    0                    0                    0                    0
  "BR3.XSK6L1"                          169          "multipole"              49.4575           5.72759493          0.172325376          4.584159591         0.2183234753          1.332944693          1.302622753                    0                    0                    0                    0         -2.731193138      9.603377568e-05                    0                    0                    0                    0                    0                    0                    0                    0                    0                    0                    0                    0                    0                    0                    0                    0
  "DRIFT_68"                            170              "drift"           51.7415015          5.878253741        -0.2382880347          4.779074916        -0.3036628786            1.3973348          1.383754285                    0                    0                    0                    0         -2.730973796      9.603377568e-05                    0                    0                    0                    0                    0                    0                    0                    0                    0                    0                    0                    0                    0                    0                    0                    0
  "BR.BHZ61"                            171              "sbend"           53.3591975          7.108718191        -0.5272492077          6.166498489        -0.5381448442          1.437327725          1.431912846                    0                    0                    0                    0         -3.035401352        -0.3788971147                    0                    0                    0                    0                    0                    0                    0                    0                    0                    0                    0                    0                    0                    0                    0                    0
  "DRIFT_69"                            172              "drift"              53.3592          7.108720827        -0.5272496572           6.16650118         -0.538145367          1.437327781          1.431912911                    0                    0                    0                    0           -3.0354023        -0.3788971147                    0                    0                    0                    0                    0                    0                    0                    0                    0                    0                    0                    0                    0                    0                    0                    0
  "BR.STSCRAP61"                        173         "collimator"              53.3592          7.108720827        -0.5272496572           6.16650118         -0.538145367          1.437327781          1.431912911                    0                    0                    0                    0           -3.0354023        -0.3788971147                    0                    0                    0                    0                    0                    0                    0                    0                    0                    0                    0                    0                    0                    0                    0                    0
  "DRIFT_70"                            174              "drift"            53.725512          7.519120009        -0.5931045262          6.588821393        -0.6147521982          1.445305412          1.441064307                    0                    0                    0                    0         -3.174196859        -0.3788971147                    0                    0                    0                    0                    0                    0                    0                    0                    0                    0                    0                    0                    0                    0                    0                    0
  "BR.QFO61"                            175         "quadrupole"            54.229082          6.773108865          1.981478714          8.648418235         -3.725890304          1.456199355          1.452022533                    0                    0                    0                    0          -3.06829437         0.7929599495                    0                    0                    0                    0                    0                    0         0.3696039746                    0                    0                    0                    0                    0                    0                    0                    0                    0
  "DRIFT_71"                            176              "drift"            54.555311          5.557683154          1.744203894          11.26254268         -4.287267448          1.464665908          1.457284344                    0                    0                    0                    0         -2.809607839         0.7929599495                    0                    0                    0                    0                    0                    0                    0                    0                    0                    0                    0                    0                    0                    0                    0                    0
  "BR3.BPM6L3"                          177            "monitor"            54.555311          5.557683154          1.744203894          11.26254268         -4.287267448          1.464665908          1.457284344                    0                    0                    0                    0         -2.809607839         0.7929599495                    0                    0                    0                    0                    0                    0                    0                    0                    0                    0                    0                    0                    0                    0                    0                    0
  "BR3.ONOH0.6L3"                       178          "multipole"            54.555311          5.557683154          1.744203894          11.26254268         -4.287267448          1.464665908          1.457284344                    0                    0                    0                    0         -2.809607839         0.7929599495                    0                    0                    0                    0                    0                    0                    0                    0                    0                    0                    0                    0                    0                    0                    0                    0
  "BR3.QSK6L3"                          179          "multipole"            54.555311          5.557683154          1.744203894          11.26254268         -4.287267448          1.464665908          1.457284344                    0                    0                    0                    0         -2.809607839         0.7929599495                    0                    0                    0                    0                    0                    0                    0                    0                    0                    0                    0                    0                    0                    0                    0                    0
  "BR3.XNOH0.6L3"                       180          "multipole"            54.555311          5.557683154          1.744203894          11.26254268         -4.287267448          1.464665908          1.457284344                    0                    0                    0                    0         -2.809607839         0.7929599495                    0                    0                    0                    0                    0                    0                    0                    0                    0                    0                    0                    0                    0                    0                    0                    0
  "DRIFT_72"                            181              "drift"            54.882827          4.493191666          1.505993006          14.25542539         -4.850859271          1.475104447          1.461398614                    0                    0                    0                    0         -2.549900768         0.7929599495                    0                    0                    0                    0                    0                    0                    0                    0                    0                    0                    0                    0                    0                    0                    0                    0
  "BR.QDE6"                             182         "quadrupole"            55.761767          4.493382114         -1.506249541          14.25665877          4.849734632          1.509562666           1.47030586                    0                    0                    0                    0         -2.549974607        -0.7931359084                    0                    0                    0                    0                    0                    0        -0.6514121137                    0                    0                    0                    0                    0                    0                    0                    0                    0
  "DRIFT_73"                            183              "drift"            56.089311          5.558154474         -1.744527026          11.26417464          4.286394036          1.520001434          1.474420004                    0                    0                    0                    0         -2.809761515        -0.7931359084                    0                    0                    0                    0                    0                    0                    0                    0                    0                    0                    0                    0                    0                    0                    0                    0
  "BR3.DHZ6L4"                          184            "hkicker"            56.089311          5.558154474         -1.744527026          11.26417464          4.286394036          1.520001434          1.474420004                    0                    0                    0                    0         -2.809761515        -0.7931359084                    0                    0                    0                    0                    0                    0                    0                    0                    0                    0                    0                    0                    0                    0                    0                    0
  "BR3.DVT6L4"                          185            "vkicker"            56.089311          5.558154474         -1.744527026          11.26417464          4.286394036          1.520001434          1.474420004                    0                    0                    0                    0         -2.809761515        -0.7931359084                    0                    0                    0                    0                    0                    0                    0                    0                    0                    0                    0                    0                    0                    0                    0                    0
  "BR3.OSK6L4"                          186          "multipole"            56.089311          5.558154474         -1.744527026          11.26417464          4.286394036          1.520001434          1.474420004                    0                    0                    0                    0         -2.809761515        -0.7931359084                    0                    0                    0                    0                    0                    0                    0                    0                    0                    0                    0                    0                    0                    0                    0                    0
  "BR3.XSK6L4"                          187          "multipole"            56.089311          5.558154474         -1.744527026          11.26417464          4.286394036          1.520001434          1.474420004                    0                    0                    0                    0         -2.809761515        -0.7931359084                    0                    0                    0                    0                    0                    0                    0                    0                    0                    0                    0                    0                    0                    0                    0                    0
  "DRIFT_74"                            188              "drift"            56.416512          6.777659437         -1.982554991          8.643282397          3.723643364          1.528490023          1.479698684                    0                    0                    0                    0         -3.069276377        -0.7931359084                    0                    0                    0                    0                    0                    0                    0                    0                    0                    0                    0                    0                    0                    0                    0                    0
  "BR.QFO62"                            189         "quadrupole"            56.920082          7.523862887         0.5938229068          6.584976742         0.6142779355          1.539376864          1.490663376                    0                    0                    0                    0         -3.175174773         0.3790890773                    0                    0                    0                    0                    0                    0         0.3696039746                    0                    0                    0                    0                    0                    0                    0                    0                    0
  "DRIFT_75"                            190              "drift"              57.2873          7.111980872         0.5278051588          6.162034426            0.5374693          1.547369885          1.499843441                    0                    0                    0                    0          -3.03596644         0.3790890773                    0                    0                    0                    0                    0                    0                    0                    0                    0                    0                    0                    0                    0                    0                    0                    0
  "BR.STSCRAP62"                        191         "collimator"              57.2873          7.111980872         0.5278051588          6.162034426            0.5374693          1.547369885          1.499843441                    0                    0                    0                    0          -3.03596644         0.3790890773                    0                    0                    0                    0                    0                    0                    0                    0                    0                    0                    0                    0                    0                    0                    0                    0
  "DRIFT_76"                            192              "drift"           57.2873045          7.111976122         0.5278043498          6.162029589         0.5374683587          1.547369986          1.499843557                    0                    0                    0                    0         -3.035964734         0.3790890773                    0                    0                    0                    0                    0                    0                    0                    0                    0                    0                    0                    0                    0                    0                    0                    0
  "BR.BHZ62"                            193              "sbend"           58.9050005          5.879727089         0.2388431767          4.777005772          0.302883332          1.587348434          1.548030895                    0                    0                    0                    0         -2.731228633      9.592885538e-05                    0                    0                    0                    0                    0                    0                    0                    0                    0                    0                    0                    0                    0                    0                    0                    0
  "DRIFT_77"                            194              "drift"            59.156261          5.771053098         0.1936720458          4.639228706          0.245460183          1.594215529          1.556529546                    0                    0                    0                    0          -2.73120453      9.592885538e-05                    0                    0                    0                    0                    0                    0                    0                    0                    0                    0                    0                    0                    0                    0                    0                    0
  "BR3.ACWF7L1.1"                       195           "rfcavity"            60.099261            5.5656551        0.02414131374          4.379520031        0.02994668389          1.620820987          1.590073617                    0                    0                    0                    0         -2.731114069      9.592885538e-05                    0                    0                    0                    0                    0                    0                    0                    0                    0                    0                    0                    0                    0                    0                    0                    0
  "DRIFT_78"                            196              "drift"            60.210761          5.562506633        0.00409605751           4.37568319       0.004464440896          1.624010546          1.594127823                    0                    0                    0                    0         -2.731103373      9.592885538e-05                    0                    0                    0                    0                    0                    0                    0                    0                    0                    0                    0                    0                    0                    0                    0                    0
  "BR3.ACWF7L1.2"                       197           "rfcavity"            61.153761          5.714648949        -0.1654346745          4.570492484        -0.2110490582          1.650755862          1.627942064                    0                    0                    0                    0         -2.731012912      9.592885538e-05                    0                    0                    0                    0                    0                    0                    0                    0                    0                    0                    0                    0                    0                    0                    0                    0
  "DRIFT_79"                            198              "drift"           61.5590015          5.878253741        -0.2382880347          4.779074592         -0.303662842           1.66189287           1.64175943                    0                    0                    0                    0         -2.730974038      9.592885538e-05                    0                    0                    0                    0                    0                    0                    0                    0                    0                    0                    0                    0                    0                    0                    0                    0
  "BR.BHZ71"                            199              "sbend"           63.1766975          7.108718191        -0.5272492077          6.166498089        -0.5381448347          1.701885796          1.689917995                    0                    0                    0                    0         -3.035401762        -0.3788972196                    0                    0                    0                    0                    0                    0                    0                    0                    0                    0                    0                    0                    0                    0                    0                    0
  "DRIFT_80"                            200              "drift"              63.1767          7.108720827        -0.5272496572           6.16650078        -0.5381453575          1.701885851          1.689918059                    0                    0                    0                    0         -3.035402709        -0.3788972196                    0                    0                    0                    0                    0                    0                    0                    0                    0                    0                    0                    0                    0                    0                    0                    0
  "BR.STSCRAP71"                        201         "collimator"              63.1767          7.108720827        -0.5272496572           6.16650078        -0.5381453575          1.701885851          1.689918059                    0                    0                    0                    0         -3.035402709        -0.3788972196                    0                    0                    0                    0                    0                    0                    0                    0                    0                    0                    0                    0                    0                    0                    0                    0
  "DRIFT_81"                            202              "drift"            63.543012          7.519120009        -0.5931045262          6.588820987        -0.6147521931          1.709863482          1.699069455                    0                    0                    0                    0         -3.174197308        -0.3788972196                    0                    0                    0                    0                    0                    0                    0                    0                    0                    0                    0                    0                    0                    0                    0                    0
  "BR.QFO71"                            203         "quadrupole"            64.046582          6.773108865          1.981478714          8.648417746         -3.725890135          1.720757426          1.710027683                    0                    0                    0                    0         -3.068294828         0.7929600148                    0                    0                    0                    0                    0                    0         0.3696039746                    0                    0                    0                    0                    0                    0                    0                    0                    0
  "DRIFT_82"                            204              "drift"            64.372816          5.557665712          1.744200258          11.26258494         -4.287275867          1.729224122          1.715289565                    0                    0                    0                    0         -2.809604311         0.7929600148                    0                    0                    0                    0                    0                    0                    0                    0                    0                    0                    0                    0                    0                    0                    0                    0
  "BR3.BPM7L3"                          205            "monitor"            64.372816          5.557665712          1.744200258          11.26258494         -4.287275867          1.729224122          1.715289565                    0                    0                    0                    0         -2.809604311         0.7929600148                    0                    0                    0                    0                    0                    0                    0                    0                    0                    0                    0                    0                    0                    0                    0                    0
  "BR3.ONOH0.7L3"                       206          "multipole"            64.372816          5.557665712          1.744200258          11.26258494         -4.287275867          1.729224122          1.715289565                    0                    0                    0                    0         -2.809604311         0.7929600148                    0                    0                    0                    0                    0                    0                    0                    0                    0                    0                    0                    0                    0                    0                    0                    0
  "BR3.QSKH0.7L3"                       207          "multipole"            64.372816          5.557665712          1.744200258          11.26258494         -4.287275867          1.729224122          1.715289565                    0                    0                    0                    0         -2.809604311         0.7929600148                    0                    0                    0                    0                    0                    0                    0                    0                    0                    0                    0                    0                    0                    0                    0                    0
  "BR3.XNOH0.7L3"                       208          "multipole"            64.372816          5.557665712          1.744200258          11.26258494         -4.287275867          1.729224122          1.715289565                    0                    0                    0                    0         -2.809604311         0.7929600148                    0                    0                    0                    0                    0                    0                    0                    0                    0                    0                    0                    0                    0                    0                    0                    0
  "DRIFT_83"                            209              "drift"            64.700327          4.493191666          1.505993006          14.25542465         -4.850859069          1.739662517          1.719403764                    0                    0                    0                    0         -2.549901184         0.7929600148                    0                    0                    0                    0                    0                    0                    0                    0                    0                    0                    0                    0                    0                    0                    0                    0
  "BR.QDE7"                             210         "quadrupole"            65.579267          4.493382114         -1.506249541          14.25665812          4.849734357          1.774120736           1.72831101                    0                    0                    0                    0         -2.549975084         -0.793136121                    0                    0                    0                    0                    0                    0        -0.6514121137                    0                    0                    0                    0                    0                    0                    0                    0                    0
  "DRIFT_84"                            211              "drift"            65.906816          5.558171919         -1.744530664           11.2641313          4.286385198          1.784559647          1.732425226                    0                    0                    0                    0         -2.809766027         -0.793136121                    0                    0                    0                    0                    0                    0                    0                    0                    0                    0                    0                    0                    0                    0                    0                    0
  "BR3.DSHAH7L4"                        212            "hkicker"            65.906816          5.558171919         -1.744530664           11.2641313          4.286385198          1.784559647          1.732425226                    0                    0                    0                    0         -2.809766027         -0.793136121                    0                    0                    0                    0                    0                    0                    0                    0                    0                    0                    0                    0                    0                    0                    0                    0
  "BR3.DSHAV7L4"                        213            "vkicker"            65.906816          5.558171919         -1.744530664           11.2641313          4.286385198          1.784559647          1.732425226                    0                    0                    0                    0         -2.809766027         -0.793136121                    0                    0                    0                    0                    0                    0                    0                    0                    0                    0                    0                    0                    0                    0                    0                    0
  "DRIFT_85"                            214              "drift"            66.234012          6.777659437         -1.982554991          8.643282058          3.723643161          1.793048093          1.737703835                    0                    0                    0                    0         -3.069276994         -0.793136121                    0                    0                    0                    0                    0                    0                    0                    0                    0                    0                    0                    0                    0                    0                    0                    0
  "BR.QFO72"                            215         "quadrupole"            66.737582          7.523862887         0.5938229068          6.584976539         0.6142778541          1.803934934          1.748668527                    0                    0                    0                    0         -3.175175437         0.3790891052                    0                    0                    0                    0                    0                    0         0.3696039746                    0                    0                    0                    0                    0                    0                    0                    0                    0
  "DRIFT_86"                            216              "drift"              67.1048          7.111980872         0.5278051588          6.162034281         0.5374692217          1.811927955          1.757848592                    0                    0                    0                    0         -3.035967094         0.3790891052                    0                    0                    0                    0                    0                    0                    0                    0                    0                    0                    0                    0                    0                    0                    0                    0
  "BR.STSCRAP72"                        217         "collimator"              67.1048          7.111980872         0.5278051588          6.162034281         0.5374692217          1.811927955          1.757848592                    0                    0                    0                    0         -3.035967094         0.3790891052                    0                    0                    0                    0                    0                    0                    0                    0                    0                    0                    0                    0                    0                    0                    0                    0
  "DRIFT_87"                            218              "drift"           67.1048045          7.111976122         0.5278043498          6.162029444         0.5374682805          1.811928056          1.757848709                    0                    0                    0                    0         -3.035965388         0.3790891052                    0                    0                    0                    0                    0                    0                    0                    0                    0                    0                    0                    0                    0                    0                    0                    0
  "BR.BHZ72"                            219              "sbend"           68.7225005          5.879727089         0.2388431767          4.777005858         0.3028832701          1.851906505          1.806036047                    0                    0                    0                    0         -2.731229242      9.595672943e-05                    0                    0                    0                    0                    0                    0                    0                    0                    0                    0                    0                    0                    0                    0                    0                    0
  "DRIFT_88"                            220              "drift"             69.08625           5.72975602          0.173448989          4.586897592         0.2197518561          1.861887195          1.818416119                    0                    0                    0                    0         -2.731194337      9.595672943e-05                    0                    0                    0                    0                    0                    0                    0                    0                    0                    0                    0                    0                    0                    0                    0                    0
  "BR3.ONO8L1"                          221          "multipole"             69.08625           5.72975602          0.173448989          4.586897592         0.2197518561          1.861887195          1.818416119                    0                    0                    0                    0         -2.731194337      9.595672943e-05                    0                    0                    0                    0                    0                    0                    0                    0                    0                    0                    0                    0                    0                    0                    0                    0
  "BR3.QNO8L1"                          222          "multipole"             69.08625           5.72975602          0.173448989          4.586897592         0.2197518561          1.861887195          1.818416119                    0                    0                    0                    0         -2.731194337      9.595672943e-05                    0                    0                    0                    0                    0                    0                    0                    0                    0                    0                    0                    0                    0                    0                    0                    0
  "BR3.XNO8L1"                          223          "multipole"             69.08625           5.72975602          0.173448989          4.586897592         0.2197518561          1.861887195          1.818416119                    0                    0                    0                    0         -2.731194337      9.595672943e-05                    0                    0                    0                    0                    0                    0                    0                    0                    0                    0                    0                    0                    0                    0                    0                    0
  "DRIFT_89"                            224              "drift"             69.59625           5.59959833        0.08176216681          4.422194027         0.1031963113          1.876236549          1.836477229                    0                    0                    0                    0           -2.7311454      9.595672943e-05                    0                    0                    0                    0                    0                    0                    0                    0                    0                    0                    0                    0                    0                    0                    0                    0
  "BR3.DHZ8L1"                          225            "hkicker"             69.59625           5.59959833        0.08176216681          4.422194027         0.1031963113          1.876236549          1.836477229                    0                    0                    0                    0           -2.7311454      9.595672943e-05                    0                    0                    0                    0                    0                    0                    0                    0                    0                    0                    0                    0                    0                    0                    0                    0
  "BR3.DVT8L1"                          226            "vkicker"             69.59625           5.59959833        0.08176216681          4.422194027         0.1031963113          1.876236549          1.836477229                    0                    0                    0                    0           -2.7311454      9.595672943e-05                    0                    0                    0                    0                    0                    0                    0                    0                    0                    0                    0                    0                    0                    0                    0                    0
  "DRIFT_90"                            227              "drift"             69.94025          5.564620179        0.01991850635          4.378239508        0.02457845357          1.886050811          1.848932504                    0                    0                    0                    0          -2.73111239      9.595672943e-05                    0                    0                    0                    0                    0                    0                    0                    0                    0                    0                    0                    0                    0                    0                    0                    0
  "BR3.BCTI8L1"                         228            "monitor"             70.46955          5.593900804       -0.07523803284          4.416248258       -0.09638791873          1.901172507          1.868136867                    0                    0                    0                    0         -2.731061601      9.595672943e-05                    0                    0                    0                    0                    0                    0                    0                    0                    0                    0                    0                    0                    0                    0                    0                    0
  "DRIFT_91"                            229              "drift"            70.565273          5.609952112       -0.09244693026          4.436795429        -0.1182644803          1.903892204          1.871578851                    0                    0                    0                    0         -2.731052415      9.595672943e-05                    0                    0                    0                    0                    0                    0                    0                    0                    0                    0                    0                    0                    0                    0                    0                    0
  "BR3.BCW8L1"                          230            "monitor"            70.905773          5.693751987        -0.1536613674          4.543830558         -0.196082447          1.913486685          1.883660011                    0                    0                    0                    0         -2.731019742      9.595672943e-05                    0                    0                    0                    0                    0                    0                    0                    0                    0                    0                    0                    0                    0                    0                    0                    0
  "DRIFT_92"                            231              "drift"            71.041223          5.738677187        -0.1780123087          4.601142253        -0.2270382285          1.917258363          1.888375414                    0                    0                    0                    0         -2.731006745      9.595672943e-05                    0                    0                    0                    0                    0                    0                    0                    0                    0                    0                    0                    0                    0                    0                    0                    0
  "BR3.VVS8L1"                          232             "marker"            71.041223          5.738677187        -0.1780123087          4.601142253        -0.2270382285          1.917258363          1.888375414                    0                    0                    0                    0         -2.731006745      9.595672943e-05                    0                    0                    0                    0                    0                    0                    0                    0                    0                    0                    0                    0                    0                    0                    0                    0
  "DRIFT_93"                            233              "drift"            71.188223           5.79489763        -0.2044396869           4.67283002        -0.2606336502          1.921315837          1.893421881                    0                    0                    0                    0         -2.730992639      9.595672943e-05                    0                    0                    0                    0                    0                    0                    0                    0                    0                    0                    0                    0                    0                    0                    0                    0
  "BR3.BPP8L1"                          234            "monitor"            71.188223           5.79489763        -0.2044396869           4.67283002        -0.2606336502          1.921315837          1.893421881                    0                    0                    0                    0         -2.730992639      9.595672943e-05                    0                    0                    0                    0                    0                    0                    0                    0                    0                    0                    0                    0                    0                    0                    0                    0
  "DRIFT_94"                            235              "drift"            71.376501          5.878253503        -0.2382879448          4.779074619        -0.3036627578          1.926450926           1.89976456                    0                    0                    0                    0         -2.730974572      9.595672943e-05                    0                    0                    0                    0                    0                    0                    0                    0                    0                    0                    0                    0                    0                    0                    0                    0
  "BR.BHZ81"                            236              "sbend"            72.994197          7.108717663        -0.5272491178          6.166497816        -0.5381447371          1.966443854          1.947923126                    0                    0                    0                    0         -3.035402252        -0.3788971917                    0                    0                    0                    0                    0                    0                    0                    0                    0                    0                    0                    0                    0                    0                    0                    0
  "DRIFT_95"                            237              "drift"           72.9941995            7.1087203        -0.5272495673          6.166500507        -0.5381452599           1.96644391           1.94792319                    0                    0                    0                    0           -3.0354032        -0.3788971917                    0                    0                    0                    0                    0                    0                    0                    0                    0                    0                    0                    0                    0                    0                    0                    0
  "BR.STSCRAP81"                        238         "collimator"           72.9941995            7.1087203        -0.5272495673          6.166500507        -0.5381452599           1.96644391           1.94792319                    0                    0                    0                    0           -3.0354032        -0.3788971917                    0                    0                    0                    0                    0                    0                    0                    0                    0                    0                    0                    0                    0                    0                    0                    0
  "DRIFT_96"                            239              "drift"            73.360512          7.519120009        -0.5931045262          6.588821257        -0.6147521972          1.974421552          1.957074599                    0                    0                    0                    0         -3.174197977        -0.3788971917                    0                    0                    0                    0                    0                    0                    0                    0                    0                    0                    0                    0                    0                    0                    0                    0
  "BR.QFO81"                            240         "quadrupole"            73.864082          6.773108865          1.981478714          8.648418071         -3.725890248          1.985315496          1.968032826                    0                    0                    0                    0         -3.068295423           0.79296028                    0                    0                    0                    0                    0                    0         0.3696039746                    0                    0                    0                    0                    0                    0                    0                    0                    0
  "DRIFT_97"                            241              "drift"            74.190321           5.55764827          1.744196621          11.26262822         -4.287284595          1.993782335          1.973294779                    0                    0                    0                    0         -2.809600854           0.79296028                    0                    0                    0                    0                    0                    0                    0                    0                    0                    0                    0                    0                    0                    0                    0                    0
  "BR3.BPM8L3"                          242            "monitor"            74.190321           5.55764827          1.744196621          11.26262822         -4.287284595          1.993782335          1.973294779                    0                    0                    0                    0         -2.809600854           0.79296028                    0                    0                    0                    0                    0                    0                    0                    0                    0                    0                    0                    0                    0                    0                    0                    0
  "BR3.ONOH0.8L3"                       243          "multipole"            74.190321           5.55764827          1.744196621          11.26262822         -4.287284595          1.993782335          1.973294779                    0                    0                    0                    0         -2.809600854           0.79296028                    0                    0                    0                    0                    0                    0                    0                    0                    0                    0                    0                    0                    0                    0                    0                    0
  "BR3.QNO8L3"                          244          "multipole"            74.190321           5.55764827          1.744196621          11.26262822         -4.287284595          1.993782335          1.973294779                    0                    0                    0                    0         -2.809600854           0.79296028                    0                    0                    0                    0                    0                    0                    0                    0                    0                    0                    0                    0                    0                    0                    0                    0
  "BR3.XNOH0.8L3"                       245          "multipole"            74.190321           5.55764827          1.744196621          11.26262822         -4.287284595          1.993782335          1.973294779                    0                    0                    0                    0         -2.809600854           0.79296028                    0                    0                    0                    0                    0                    0                    0                    0                    0                    0                    0                    0                    0                    0                    0                    0
  "DRIFT_98"                            246              "drift"            74.517827          4.493191666          1.505993006          14.25542514         -4.850859204          2.004220587          1.977408907                    0                    0                    0                    0         -2.549901605           0.79296028                    0                    0                    0                    0                    0                    0                    0                    0                    0                    0                    0                    0                    0                    0                    0                    0
  "BR.QDE8"                             247         "quadrupole"            75.396767          4.493382114         -1.506249541          14.25665856           4.84973454          2.038678807          1.986316153                    0                    0                    0                    0         -2.549975376        -0.7931360775                    0                    0                    0                    0                    0                    0        -0.6514121137                    0                    0                    0                    0                    0                    0                    0                    0                    0
  "DRIFT_99"                            248              "drift"            75.693797          5.452366826         -1.722329095          11.52736594          4.338874767          2.048235381          1.990004106                    0                    0                    0                    0         -2.785560585        -0.7931360775                    0                    0                    0                    0                    0                    0                    0                    0                    0                    0                    0                    0                    0                    0                    0                    0
  "BR3.TSAA8L4"                         249         "collimator"            75.693797          5.452366826         -1.722329095          11.52736594          4.338874767          2.048235381          1.990004106                    0                    0                    0                    0         -2.785560585        -0.7931360775                    0                    0                    0                    0                    0                    0                    0                    0                    0                    0                    0                    0                    0                    0                    0                    0
  "DRIFT_100"                           250              "drift"            75.865797          6.066369422         -1.847453437          10.08567433          4.043053197          2.052995923          1.992543029                    0                    0                    0                    0          -2.92197999        -0.7931360775                    0                    0                    0                    0                    0                    0                    0                    0                    0                    0                    0                    0                    0                    0                    0                    0
  "BR3.TSAB8L4"                         251         "collimator"            75.865797          6.066369422         -1.847453437          10.08567433          4.043053197          2.052995923          1.992543029                    0                    0                    0                    0          -2.92197999        -0.7931360775                    0                    0                    0                    0                    0                    0                    0                    0                    0                    0                    0                    0                    0                    0                    0                    0
  "DRIFT_101"                           252              "drift"            76.051512          6.777659437         -1.982554991          8.643282286          3.723643296          2.057606163          1.995708978                    0                    0                    0                    0         -3.069277257        -0.7931360775                    0                    0                    0                    0                    0                    0                    0                    0                    0                    0                    0                    0                    0                    0                    0                    0
  "BR.QFO82"                            253         "quadrupole"            76.555082          7.523862887         0.5938229068          6.584976677         0.6142779078          2.068493005           2.00667367                    0                    0                    0                    0         -3.175175655         0.3790892389                    0                    0                    0                    0                    0                    0         0.3696039746                    0                    0                    0                    0                    0                    0                    0                    0                    0
  "DRIFT_102"                           254              "drift"              76.9223          7.111980872         0.5278051588           6.16203438         0.5374692734          2.076486025          2.015853734                    0                    0                    0                    0         -3.035967263         0.3790892389                    0                    0                    0                    0                    0                    0                    0                    0                    0                    0                    0                    0                    0                    0                    0                    0
  "BR.STSCRAP82"                        255         "collimator"              76.9223          7.111980872         0.5278051588           6.16203438         0.5374692734          2.076486025          2.015853734                    0                    0                    0                    0         -3.035967263         0.3790892389                    0                    0                    0                    0                    0                    0                    0                    0                    0                    0                    0                    0                    0                    0                    0                    0
  "DRIFT_103"                           256              "drift"           76.9223045          7.111976122         0.5278043498          6.162029543         0.5374683322          2.076486126          2.015853851                    0                    0                    0                    0         -3.035965557         0.3790892389                    0                    0                    0                    0                    0                    0                    0                    0                    0                    0                    0                    0                    0                    0                    0                    0
  "BR.BHZ82"                            257              "sbend"           78.5400005          5.879727089         0.2388431767          4.777005804         0.3028833112          2.116464575          2.064041189                    0                    0                    0                    0         -2.731229195      9.609048241e-05                    0                    0                    0                    0                    0                    0                    0                    0                    0                    0                    0                    0                    0                    0                    0                    0
  "DRIFT_104"                           258              "drift"               78.924          5.722805056         0.1698084828          4.578091273         0.2151239535           2.12700809          2.077124568                    0                    0                    0                    0         -2.731192297      9.609048241e-05                    0                    0                    0                    0                    0                    0                    0                    0                    0                    0                    0                    0                    0                    0                    0                    0
  "BR3.DHZ9L1"                          259            "hkicker"               78.924          5.722805056         0.1698084828          4.578091273         0.2151239535           2.12700809          2.077124568                    0                    0                    0                    0         -2.731192297      9.609048241e-05                    0                    0                    0                    0                    0                    0                    0                    0                    0                    0                    0                    0                    0                    0                    0                    0
  "BR3.DVT9L1"                          260            "vkicker"               78.924          5.722805056         0.1698084828          4.578091273         0.2151239535           2.12700809          2.077124568                    0                    0                    0                    0         -2.731192297      9.609048241e-05                    0                    0                    0                    0                    0                    0                    0                    0                    0                    0                    0                    0                    0                    0                    0                    0
  "DRIFT_105"                           261              "drift"              79.4089          5.600395652        0.08263409051          4.423200287          0.104304766          2.140656779          2.094307839                    0                    0                    0                    0         -2.731145702      9.609048241e-05                    0                    0                    0                    0                    0                    0                    0                    0                    0                    0                    0                    0                    0                    0                    0                    0
  "BR3.BCTDC9L1"                        262            "monitor"              79.7289           5.56591911        0.02510510404          4.379847763        0.03117187263          2.149783828          2.105889095                    0                    0                    0                    0         -2.731114954      9.609048241e-05                    0                    0                    0                    0                    0                    0                    0                    0                    0                    0                    0                    0                    0                    0                    0                    0
  "DRIFT_106"                           263              "drift"               80.634          5.667749136        -0.1376120387           4.51064202        -0.1756799454          2.175543526           2.13852654                    0                    0                    0                    0         -2.731027982      9.609048241e-05                    0                    0                    0                    0                    0                    0                    0                    0                    0                    0                    0                    0                    0                    0                    0                    0
  "BR3.ONO9L1"                          264          "multipole"               80.634          5.667749136        -0.1376120387           4.51064202        -0.1756799454          2.175543526           2.13852654                    0                    0                    0                    0         -2.731027982      9.609048241e-05                    0                    0                    0                    0                    0                    0                    0                    0                    0                    0                    0                    0                    0                    0                    0                    0
  "BR3.OSK9L1"                          265          "multipole"               80.634          5.667749136        -0.1376120387           4.51064202        -0.1756799454          2.175543526           2.13852654                    0                    0                    0                    0         -2.731027982      9.609048241e-05                    0                    0                    0                    0                    0                    0                    0                    0                    0                    0                    0                    0                    0                    0                    0                    0
  "BR3.XNO9L1"                          266          "multipole"               80.634          5.667749136        -0.1376120387           4.51064202        -0.1756799454          2.175543526           2.13852654                    0                    0                    0                    0         -2.731027982      9.609048241e-05                    0                    0                    0                    0                    0                    0                    0                    0                    0                    0                    0                    0                    0                    0                    0                    0
  "BR3.XSK9L1"                          267          "multipole"               80.634          5.667749136        -0.1376120387           4.51064202        -0.1756799454          2.175543526           2.13852654                    0                    0                    0                    0         -2.731027982      9.609048241e-05                    0                    0                    0                    0                    0                    0                    0                    0                    0                    0                    0                    0                    0                    0                    0                    0
  "DRIFT_107"                           268              "drift"            81.194001          5.878253503        -0.2382879448          4.779074401        -0.3036627374          2.191008997          2.157769705                    0                    0                    0                    0         -2.730974171      9.609048241e-05                    0                    0                    0                    0                    0                    0                    0                    0                    0                    0                    0                    0                    0                    0                    0                    0
  "BR.BHZ91"                            269              "sbend"            82.811697          7.108717663        -0.5272491178          6.166497562        -0.5381447354          2.231001925          2.205928273                    0                    0                    0                    0         -3.035401636         -0.378897058                    0                    0                    0                    0                    0                    0                    0                    0                    0                    0                    0                    0                    0                    0                    0                    0
  "DRIFT_108"                           270              "drift"           82.8116995            7.1087203        -0.5272495673          6.166500253        -0.5381452582          2.231001981          2.205928337                    0                    0                    0                    0         -3.035402583         -0.378897058                    0                    0                    0                    0                    0                    0                    0                    0                    0                    0                    0                    0                    0                    0                    0                    0
  "BR.STSCRAP91"                        271         "collimator"           82.8116995            7.1087203        -0.5272495673          6.166500253        -0.5381452582          2.231001981          2.205928337                    0                    0                    0                    0         -3.035402583         -0.378897058                    0                    0                    0                    0                    0                    0                    0                    0                    0                    0                    0                    0                    0                    0                    0                    0
  "DRIFT_109"                           272              "drift"            83.178012          7.519120009        -0.5931045262          6.588821003        -0.6147521985          2.238979622          2.215079747                    0                    0                    0                    0         -3.174197312         -0.378897058                    0                    0                    0                    0                    0                    0                    0                    0                    0                    0                    0                    0                    0                    0                    0                    0
  "BR.QFO91"                            273         "quadrupole"            83.681582          6.773108865          1.981478714          8.648417771         -3.725890149          2.249873566          2.226037974                    0                    0                    0                    0         -3.068294753         0.7929601632                    0                    0                    0                    0                    0                    0         0.3696039746                    0                    0                    0                    0                    0                    0                    0                    0                    0
  "DRIFT_110"                           274              "drift"            84.007826          5.557630828          1.744192984          11.26267072         -4.287293091          2.258340548          2.231299997                    0                    0                    0                    0         -2.809596258         0.7929601632                    0                    0                    0                    0                    0                    0                    0                    0                    0                    0                    0                    0                    0                    0                    0                    0
  "BR3.BPM9L3"                          275            "monitor"            84.007826          5.557630828          1.744192984          11.26267072         -4.287293091          2.258340548          2.231299997                    0                    0                    0                    0         -2.809596258         0.7929601632                    0                    0                    0                    0                    0                    0                    0                    0                    0                    0                    0                    0                    0                    0                    0                    0
  "BR3.ONOH0.9L3"                       276          "multipole"            84.007826          5.557630828          1.744192984          11.26267072         -4.287293091          2.258340548          2.231299997                    0                    0                    0                    0         -2.809596258         0.7929601632                    0                    0                    0                    0                    0                    0                    0                    0                    0                    0                    0                    0                    0                    0                    0                    0
  "BR3.QSKH0.9L3"                       277          "multipole"            84.007826          5.557630828          1.744192984          11.26267072         -4.287293091          2.258340548          2.231299997                    0                    0                    0                    0         -2.809596258         0.7929601632                    0                    0                    0                    0                    0                    0                    0                    0                    0                    0                    0                    0                    0                    0                    0                    0
  "BR3.XNOH0.9L3"                       278          "multipole"            84.007826          5.557630828          1.744192984          11.26267072         -4.287293091          2.258340548          2.231299997                    0                    0                    0                    0         -2.809596258         0.7929601632                    0                    0                    0                    0                    0                    0                    0                    0                    0                    0                    0                    0                    0                    0                    0                    0
  "DRIFT_111"                           279              "drift"            84.335327          4.493191666          1.505993006           14.2554247         -4.850859088          2.268778657          2.235414055                    0                    0                    0                    0         -2.549901011         0.7929601632                    0                    0                    0                    0                    0                    0                    0                    0                    0                    0                    0                    0                    0                    0                    0                    0
  "BR.QDE9"                             280         "quadrupole"            85.214267          4.493382114         -1.506249541          14.25665817          4.849734372          2.303236877          2.244321301                    0                    0                    0                    0         -2.549974717         -0.793135805                    0                    0                    0                    0                    0                    0        -0.6514121137                    0                    0                    0                    0                    0                    0                    0                    0                    0
  "DRIFT_112"                           281              "drift"            85.541826           5.55820681         -1.744537938          11.26404561          4.286368012          2.313676074          2.248435658                    0                    0                    0                    0         -2.809773488         -0.793135805                    0                    0                    0                    0                    0                    0                    0                    0                    0                    0                    0                    0                    0                    0                    0                    0
  "BR3.DSHAH9L4"                        282            "hkicker"            85.541826           5.55820681         -1.744537938          11.26404561          4.286368012          2.313676074          2.248435658                    0                    0                    0                    0         -2.809773488         -0.793135805                    0                    0                    0                    0                    0                    0                    0                    0                    0                    0                    0                    0                    0                    0                    0                    0
  "BR3.DSHAV9L4"                        283            "vkicker"            85.541826           5.55820681         -1.744537938          11.26404561          4.286368012          2.313676074          2.248435658                    0                    0                    0                    0         -2.809773488         -0.793135805                    0                    0                    0                    0                    0                    0                    0                    0                    0                    0                    0                    0                    0                    0                    0                    0
  "DRIFT_113"                           284              "drift"            85.869012          6.777659437         -1.982554991          8.643282092          3.723643173          2.322164233          2.253714126                    0                    0                    0                    0          -3.06927642         -0.793135805                    0                    0                    0                    0                    0                    0                    0                    0                    0                    0                    0                    0                    0                    0                    0                    0
  "BR.QFO92"                            285         "quadrupole"            86.372582          7.523862887         0.5938229068          6.584976567         0.6142778547          2.333051075          2.264678818                    0                    0                    0                    0         -3.175174762         0.3790891866                    0                    0                    0                    0                    0                    0         0.3696039746                    0                    0                    0                    0                    0                    0                    0                    0                    0
  "DRIFT_114"                           286              "drift"            86.739799          7.111981928         0.5278053386          6.162035383         0.5374694318          2.341044073          2.273858858                    0                    0                    0                    0         -3.035966768         0.3790891866                    0                    0                    0                    0                    0                    0                    0                    0                    0                    0                    0                    0                    0                    0                    0                    0
  "BR.STSCRAP92"                        287         "collimator"            86.739799          7.111981928         0.5278053386          6.162035383         0.5374694318          2.341044073          2.273858858                    0                    0                    0                    0         -3.035966768         0.3790891866                    0                    0                    0                    0                    0                    0                    0                    0                    0                    0                    0                    0                    0                    0                    0                    0
  "DRIFT_115"                           288              "drift"            86.739804           7.11197665         0.5278044397          6.162030009          0.537468386          2.341044185          2.273858987                    0                    0                    0                    0         -3.035964872         0.3790891866                    0                    0                    0                    0                    0                    0                    0                    0                    0                    0                    0                    0                    0                    0                    0                    0
  "BR.BHZ92"                            289              "sbend"              88.3575          5.879727328         0.2388432666          4.777006065         0.3028833817          2.381022631          2.322046322                    0                    0                    0                    0         -2.731228595      9.603817341e-05                    0                    0                    0                    0                    0                    0                    0                    0                    0                    0                    0                    0                    0                    0                    0                    0
  "DRIFT_116"                           290              "drift"            91.011501          5.878253503        -0.2382879448          4.779074567        -0.3036627718          2.455567067          2.415774853                    0                    0                    0                    0          -2.73097371      9.603817341e-05                    0                    0                    0                    0                    0                    0                    0                    0                    0                    0                    0                    0                    0                    0                    0                    0
  "BR.BHZ101"                           291              "sbend"            92.629197          7.108717663        -0.5272491178          6.166497822         -0.538144758          2.495559995          2.463933419                    0                    0                    0                    0         -3.035401259        -0.3788971103                    0                    0                    0                    0                    0                    0                    0                    0                    0                    0                    0                    0                    0                    0                    0                    0
  "DRIFT_117"                           292              "drift"           92.6291995            7.1087203        -0.5272495673          6.166500513        -0.5381452808          2.495560051          2.463933484                    0                    0                    0                    0         -3.035402206        -0.3788971103                    0                    0                    0                    0                    0                    0                    0                    0                    0                    0                    0                    0                    0                    0                    0                    0
  "BR.STSCRAP101"                       293         "collimator"           92.6291995            7.1087203        -0.5272495673          6.166500513        -0.5381452808          2.495560051          2.463933484                    0                    0                    0                    0         -3.035402206        -0.3788971103                    0                    0                    0                    0                    0                    0                    0                    0                    0                    0                    0                    0                    0                    0                    0                    0
  "DRIFT_118"                           294              "drift"            92.995512          7.519120009        -0.5931045262          6.588821278        -0.6147522193          2.503537692          2.473084892                    0                    0                    0                    0         -3.174196954        -0.3788971103                    0                    0                    0                    0                    0                    0                    0                    0                    0                    0                    0                    0                    0                    0                    0                    0
  "BR.QFO101"                           295         "quadrupole"            93.499082          6.773108865          1.981478714          8.648418123          -3.72589029          2.514431636          2.484043119                    0                    0                    0                    0         -3.068294453         0.7929599873                    0                    0                    0                    0                    0                    0         0.3696039746                    0                    0                    0                    0                    0                    0                    0                    0                    0
  "DRIFT_119"                           296              "drift"             93.82532          5.557651758          1.744197348          11.26261973         -4.287282925          2.522898447          2.489305058                    0                    0                    0                    0         -2.809600773         0.7929599873                    0                    0                    0                    0                    0                    0                    0                    0                    0                    0                    0                    0                    0                    0                    0                    0
  "BR3.BPM10L3"                         297            "monitor"             93.82532          5.557651758          1.744197348          11.26261973         -4.287282925          2.522898447          2.489305058                    0                    0                    0                    0         -2.809600773         0.7929599873                    0                    0                    0                    0                    0                    0                    0                    0                    0                    0                    0                    0                    0                    0                    0                    0
  "BR3.ONOH0.10L3"                      298          "multipole"             93.82532          5.557651758          1.744197348          11.26261973         -4.287282925          2.522898447          2.489305058                    0                    0                    0                    0         -2.809600773         0.7929599873                    0                    0                    0                    0                    0                    0                    0                    0                    0                    0                    0                    0                    0                    0                    0                    0
  "BR3.QSK10L3"                         299          "multipole"             93.82532          5.557651758          1.744197348          11.26261973         -4.287282925          2.522898447          2.489305058                    0                    0                    0                    0         -2.809600773         0.7929599873                    0                    0                    0                    0                    0                    0                    0                    0                    0                    0                    0                    0                    0                    0                    0                    0
  "BR3.XNOH0.10L3"                      300          "multipole"             93.82532          5.557651758          1.744197348          11.26261973         -4.287282925          2.522898447          2.489305058                    0                    0                    0                    0         -2.809600773         0.7929599873                    0                    0                    0                    0                    0                    0                    0                    0                    0                    0                    0                    0                    0                    0                    0                    0
  "DRIFT_120"                           301              "drift"            94.152827          4.493191666          1.505993006          14.25542526         -4.850859263          2.533336728            2.4934192                    0                    0                    0                    0         -2.549900826         0.7929599873                    0                    0                    0                    0                    0                    0                    0                    0                    0                    0                    0                    0                    0                    0                    0                    0
  "BR.QDE10"                            302         "quadrupole"            95.031767          4.493382114         -1.506249541           14.2566587          4.849734572          2.567794947          2.502326446                    0                    0                    0                    0         -2.549974646        -0.7931359014                    0                    0                    0                    0                    0                    0        -0.6514121137                    0                    0                    0                    0                    0                    0                    0                    0                    0
  "DRIFT_121"                           303              "drift"             95.35932          5.558185875         -1.744533574          11.26409746          4.286378508          2.578233972          2.506440718                    0                    0                    0                    0          -2.80976869        -0.7931359014                    0                    0                    0                    0                    0                    0                    0                    0                    0                    0                    0                    0                    0                    0                    0                    0
  "BR3.DHZ10L4"                         304            "hkicker"             95.35932          5.558185875         -1.744533574          11.26409746          4.286378508          2.578233972          2.506440718                    0                    0                    0                    0          -2.80976869        -0.7931359014                    0                    0                    0                    0                    0                    0                    0                    0                    0                    0                    0                    0                    0                    0                    0                    0
  "BR3.DVT10L4"                         305            "vkicker"             95.35932          5.558185875         -1.744533574          11.26409746          4.286378508          2.578233972          2.506440718                    0                    0                    0                    0          -2.80976869        -0.7931359014                    0                    0                    0                    0                    0                    0                    0                    0                    0                    0                    0                    0                    0                    0                    0                    0
  "DRIFT_122"                           306              "drift"            95.686512          6.777659437         -1.982554991          8.643282392          3.723643326          2.586722303          2.511719271                    0                    0                    0                    0         -3.069276412        -0.7931359014                    0                    0                    0                    0                    0                    0                    0                    0                    0                    0                    0                    0                    0                    0                    0                    0
  "BR.QFO102"                           307         "quadrupole"            96.190082          7.523862887         0.5938229068          6.584976772         0.6142779022          2.597609145          2.522683962                    0                    0                    0                    0         -3.175174802         0.3790890964                    0                    0                    0                    0                    0                    0         0.3696039746                    0                    0                    0                    0                    0                    0                    0                    0                    0
  "DRIFT_123"                           308              "drift"              96.5573          7.111980872         0.5278051588          6.162034479         0.5374692693          2.605602166          2.531864027                    0                    0                    0                    0         -3.035966462         0.3790890964                    0                    0                    0                    0                    0                    0                    0                    0                    0                    0                    0                    0                    0                    0                    0                    0
  "BR.STSCRAP102"                       309         "collimator"              96.5573          7.111980872         0.5278051588          6.162034479         0.5374692693          2.605602166          2.531864027                    0                    0                    0                    0         -3.035966462         0.3790890964                    0                    0                    0                    0                    0                    0                    0                    0                    0                    0                    0                    0                    0                    0                    0                    0
  "DRIFT_124"                           310              "drift"           96.5573045          7.111976122         0.5278043498          6.162029641         0.5374683281          2.605602266          2.531864143                    0                    0                    0                    0         -3.035964756         0.3790890964                    0                    0                    0                    0                    0                    0                    0                    0                    0                    0                    0                    0                    0                    0                    0                    0
  "BR.BHZ102"                           311              "sbend"           98.1750005          5.879727089         0.2388431767          4.777005901         0.3028833161          2.645580715          2.580051481                    0                    0                    0                    0         -2.731228624      9.594790153e-05                    0                    0                    0                    0                    0                    0                    0                    0                    0                    0                    0                    0                    0                    0                    0                    0
  "DRIFT_125"                           312              "drift"               98.471           5.75408355         0.1856289541          4.617722999         0.2352355052          2.653683458          2.590088556                    0                    0                    0                    0         -2.731200223      9.594790153e-05                    0                    0                    0                    0                    0                    0                    0                    0                    0                    0                    0                    0                    0                    0                    0                    0
  "BE3.DHZ11L1"                         313            "hkicker"               98.471           5.75408355         0.1856289541          4.617722999         0.2352355052          2.653683458          2.590088556                    0                    0                    0                    0         -2.731200223      9.594790153e-05                    0                    0                    0                    0                    0                    0                    0                    0                    0                    0                    0                    0                    0                    0                    0                    0
  "BE3.DVT11L1"                         314            "vkicker"               98.471           5.75408355         0.1856289541          4.617722999         0.2352355052          2.653683458          2.590088556                    0                    0                    0                    0         -2.731200223      9.594790153e-05                    0                    0                    0                    0                    0                    0                    0                    0                    0                    0                    0                    0                    0                    0                    0                    0
  "DRIFT_126"                           315              "drift"               99.638          5.565663365       -0.02417206844          4.379929834       -0.03147101061          2.686741086          2.631866053                    0                    0                    0                    0         -2.731088252      9.594790153e-05                    0                    0                    0                    0                    0                    0                    0                    0                    0                    0                    0                    0                    0                    0                    0                    0
  "BR3.ONO11L1"                         316          "multipole"               99.638          5.565663365       -0.02417206844          4.379929834       -0.03147101061          2.686741086          2.631866053                    0                    0                    0                    0         -2.731088252      9.594790153e-05                    0                    0                    0                    0                    0                    0                    0                    0                    0                    0                    0                    0                    0                    0                    0                    0
  "BR3.QNO11L1"                         317          "multipole"               99.638          5.565663365       -0.02417206844          4.379929834       -0.03147101061          2.686741086          2.631866053                    0                    0                    0                    0         -2.731088252      9.594790153e-05                    0                    0                    0                    0                    0                    0                    0                    0                    0                    0                    0                    0                    0                    0                    0                    0
  "BR3.XNO11L1"                         318          "multipole"               99.638          5.565663365       -0.02417206844          4.379929834       -0.03147101061          2.686741086          2.631866053                    0                    0                    0                    0         -2.731088252      9.594790153e-05                    0                    0                    0                    0                    0                    0                    0                    0                    0                    0                    0                    0                    0                    0                    0                    0
  "DRIFT_127"                           319              "drift"           100.338677          5.687798726        -0.1501384361          4.536233317        -0.1916039338          2.706612849          2.656988488                    0                    0                    0                    0         -2.731021024      9.594790153e-05                    0                    0                    0                    0                    0                    0                    0                    0                    0                    0                    0                    0                    0                    0                    0                    0
  "BR3.BWSV11L1"                        320            "monitor"           100.338677          5.687798726        -0.1501384361          4.536233317        -0.1916039338          2.706612849          2.656988488                    0                    0                    0                    0         -2.731021024      9.594790153e-05                    0                    0                    0                    0                    0                    0                    0                    0                    0                    0                    0                    0                    0                    0                    0                    0
  "DRIFT_128"                           321              "drift"           100.829001          5.878253503        -0.2382879448          4.779074445        -0.3036627218          2.720125137          2.673779995                    0                    0                    0                    0         -2.730973978      9.594790153e-05                    0                    0                    0                    0                    0                    0                    0                    0                    0                    0                    0                    0                    0                    0                    0                    0
  "BR.BHZ111"                           322              "sbend"           102.446697          7.108717663        -0.5272491178          6.166497544        -0.5381447136          2.760118065          2.721938563                    0                    0                    0                    0         -3.035401672        -0.3788972006                    0                    0                    0                    0                    0                    0                    0                    0                    0                    0                    0                    0                    0                    0                    0                    0
  "DRIFT_129"                           323              "drift"          102.4466995            7.1087203        -0.5272495673          6.166500235        -0.5381452364          2.760118121          2.721938627                    0                    0                    0                    0         -3.035402619        -0.3788972006                    0                    0                    0                    0                    0                    0                    0                    0                    0                    0                    0                    0                    0                    0                    0                    0
  "BR.STSCRAP111"                       324         "collimator"          102.4466995            7.1087203        -0.5272495673          6.166500235        -0.5381452364          2.760118121          2.721938627                    0                    0                    0                    0         -3.035402619        -0.3788972006                    0                    0                    0                    0                    0                    0                    0                    0                    0                    0                    0                    0                    0                    0                    0                    0
  "DRIFT_130"                           325              "drift"             102.4787          7.142648898        -0.5330025558          6.201156224        -0.5448375015          2.760832869           2.72276224                    0                    0                    0                    0         -3.047527519        -0.3788972006                    0                    0                    0                    0                    0                    0                    0                    0                    0                    0                    0                    0                    0                    0                    0                    0
  "BR3.BPP11L2"                         326            "monitor"             102.4787          7.142648898        -0.5330025558          6.201156224        -0.5448375015          2.760832869           2.72276224                    0                    0                    0                    0         -3.047527519        -0.3788972006                    0                    0                    0                    0                    0                    0                    0                    0                    0                    0                    0                    0                    0                    0                    0                    0
  "DRIFT_131"                           327              "drift"           102.813012          7.519120009        -0.5931045262          6.588820968        -0.6147521756          2.768095763          2.731090037                    0                    0                    0                    0           -3.1741974        -0.3788972006                    0                    0                    0                    0                    0                    0                    0                    0                    0                    0                    0                    0                    0                    0                    0                    0
  "BR.QFO111"                           328         "quadrupole"           103.316582          6.773108865          1.981478714          8.648417702         -3.725890101          2.778989706          2.742048264                    0                    0                    0                    0         -3.068294903         0.7929600652                    0                    0                    0                    0                    0                    0         0.3696039746                    0                    0                    0                    0                    0                    0                    0                    0                    0
  "DRIFT_132"                           329              "drift"           103.642825          5.557634316          1.744193712          11.26266205         -4.287291313           2.78745666          2.747310273                    0                    0                    0                    0         -2.809597232         0.7929600652                    0                    0                    0                    0                    0                    0                    0                    0                    0                    0                    0                    0                    0                    0                    0                    0
  "BR3.BPM11L3"                         330            "monitor"           103.642825          5.557634316          1.744193712          11.26266205         -4.287291313           2.78745666          2.747310273                    0                    0                    0                    0         -2.809597232         0.7929600652                    0                    0                    0                    0                    0                    0                    0                    0                    0                    0                    0                    0                    0                    0                    0                    0
  "BR3.ONOH0.11L3"                      331          "multipole"           103.642825          5.557634316          1.744193712          11.26266205         -4.287291313           2.78745666          2.747310273                    0                    0                    0                    0         -2.809597232         0.7929600652                    0                    0                    0                    0                    0                    0                    0                    0                    0                    0                    0                    0                    0                    0                    0                    0
  "BR3.QSKH0.11L3"                      332          "multipole"           103.642825          5.557634316          1.744193712          11.26266205         -4.287291313           2.78745666          2.747310273                    0                    0                    0                    0         -2.809597232         0.7929600652                    0                    0                    0                    0                    0                    0                    0                    0                    0                    0                    0                    0                    0                    0                    0                    0
  "BR3.XNOH0.11L3"                      333          "multipole"           103.642825          5.557634316          1.744193712          11.26266205         -4.287291313           2.78745666          2.747310273                    0                    0                    0                    0         -2.809597232         0.7929600652                    0                    0                    0                    0                    0                    0                    0                    0                    0                    0                    0                    0                    0                    0                    0                    0
  "DRIFT_133"                           334              "drift"           103.970327          4.493191666          1.505993006          14.25542456         -4.850859021          2.797894798          2.751424345                    0                    0                    0                    0         -2.549901225         0.7929600652                    0                    0                    0                    0                    0                    0                    0                    0                    0                    0                    0                    0                    0                    0                    0                    0
  "BR.QDE11"                            335         "quadrupole"           104.849267          4.493382114         -1.506249541            14.256658           4.84973433          2.832353017          2.760331591                    0                    0                    0                    0          -2.54997509        -0.7931360852                    0                    0                    0                    0                    0                    0        -0.6514121137                    0                    0                    0                    0                    0                    0                    0                    0                    0
  "DRIFT_134"                           336              "drift"           105.176825          5.558203321         -1.744537211          11.26405404          4.286369693          2.842792185          2.764445934                    0                    0                    0                    0         -2.809773159        -0.7931360852                    0                    0                    0                    0                    0                    0                    0                    0                    0                    0                    0                    0                    0                    0                    0                    0
  "BR3.DHZ11L4"                         337            "hkicker"           105.176825          5.558203321         -1.744537211          11.26405404          4.286369693          2.842792185          2.764445934                    0                    0                    0                    0         -2.809773159        -0.7931360852                    0                    0                    0                    0                    0                    0                    0                    0                    0                    0                    0                    0                    0                    0                    0                    0
  "BR3.DVT11L4"                         338            "vkicker"           105.176825          5.558203321         -1.744537211          11.26405404          4.286369693          2.842792185          2.764445934                    0                    0                    0                    0         -2.809773159        -0.7931360852                    0                    0                    0                    0                    0                    0                    0                    0                    0                    0                    0                    0                    0                    0                    0                    0
  "BR3.OSK11L4"                         339          "multipole"           105.176825          5.558203321         -1.744537211          11.26405404          4.286369693          2.842792185          2.764445934                    0                    0                    0                    0         -2.809773159        -0.7931360852                    0                    0                    0                    0                    0                    0                    0                    0                    0                    0                    0                    0                    0                    0                    0                    0
  "BR3.XSK11L4"                         340          "multipole"           105.176825          5.558203321         -1.744537211          11.26405404          4.286369693          2.842792185          2.764445934                    0                    0                    0                    0         -2.809773159        -0.7931360852                    0                    0                    0                    0                    0                    0                    0                    0                    0                    0                    0                    0                    0                    0                    0                    0
  "DRIFT_135"                           341              "drift"           105.504012          6.777659437         -1.982554991          8.643281972          3.723643136          2.851280373          2.769724417                    0                    0                    0                    0         -3.069276976        -0.7931360852                    0                    0                    0                    0                    0                    0                    0                    0                    0                    0                    0                    0                    0                    0                    0                    0
  "BR.QFO112"                           342         "quadrupole"           106.007582          7.523862887         0.5938229068          6.584976463          0.614277858          2.862167215          2.780689109                    0                    0                    0                    0         -3.175175403         0.3790891312                    0                    0                    0                    0                    0                    0         0.3696039746                    0                    0                    0                    0                    0                    0                    0                    0                    0
  "DRIFT_136"                           343              "drift"             106.3748          7.111980872         0.5278051588          6.162034203         0.5374692245          2.870160236          2.789869174                    0                    0                    0                    0         -3.035967051         0.3790891312                    0                    0                    0                    0                    0                    0                    0                    0                    0                    0                    0                    0                    0                    0                    0                    0
  "BR.STSCRAP112"                       344         "collimator"             106.3748          7.111980872         0.5278051588          6.162034203         0.5374692245          2.870160236          2.789869174                    0                    0                    0                    0         -3.035967051         0.3790891312                    0                    0                    0                    0                    0                    0                    0                    0                    0                    0                    0                    0                    0                    0                    0                    0
  "DRIFT_137"                           345              "drift"           106.374804           7.11197665         0.5278044397          6.162029903         0.5374683878          2.870160325          2.789869278                    0                    0                    0                    0         -3.035965534         0.3790891312                    0                    0                    0                    0                    0                    0                    0                    0                    0                    0                    0                    0                    0                    0                    0                    0
  "BR.BHZ112"                           346              "sbend"             107.9925          5.879727328         0.2388432666          4.777005967         0.3028833748          2.910138772          2.838056613                    0                    0                    0                    0         -2.731229346      9.598277712e-05                    0                    0                    0                    0                    0                    0                    0                    0                    0                    0                    0                    0                    0                    0                    0                    0
  "DRIFT_138"                           347              "drift"             108.2915          5.752971395         0.1850896199           4.61631344         0.2345498275          2.918324515           2.84819712                    0                    0                    0                    0         -2.731200647      9.598277712e-05                    0                    0                    0                    0                    0                    0                    0                    0                    0                    0                    0                    0                    0                    0                    0                    0
  "BR3.KQM12L1"                         348             "kicker"             109.5215          5.569637191        -0.0360374219          4.385079472        -0.0465547317          2.953185854           2.89226815                    0                    0                    0                    0         -2.731082589      9.598277712e-05                    0                    0                    0                    0                    0                    0                    0                    0                    0                    0                    0                    0                    0                    0                    0                    0
  "DRIFT_139"                           349              "drift"             110.0865          5.667749136        -0.1376120387          4.510642094        -0.1756799967          2.969217736          2.912541981                    0                    0                    0                    0         -2.731028358      9.598277712e-05                    0                    0                    0                    0                    0                    0                    0                    0                    0                    0                    0                    0                    0                    0                    0                    0
  "BR3.ONO12L1"                         350          "multipole"             110.0865          5.667749136        -0.1376120387          4.510642094        -0.1756799967          2.969217736          2.912541981                    0                    0                    0                    0         -2.731028358      9.598277712e-05                    0                    0                    0                    0                    0                    0                    0                    0                    0                    0                    0                    0                    0                    0                    0                    0
  "BR3.OSK12L1"                         351          "multipole"             110.0865          5.667749136        -0.1376120387          4.510642094        -0.1756799967          2.969217736          2.912541981                    0                    0                    0                    0         -2.731028358      9.598277712e-05                    0                    0                    0                    0                    0                    0                    0                    0                    0                    0                    0                    0                    0                    0                    0                    0
  "BR3.XNO12L1"                         352          "multipole"             110.0865          5.667749136        -0.1376120387          4.510642094        -0.1756799967          2.969217736          2.912541981                    0                    0                    0                    0         -2.731028358      9.598277712e-05                    0                    0                    0                    0                    0                    0                    0                    0                    0                    0                    0                    0                    0                    0                    0                    0
  "BR3.XSK12L1"                         353          "multipole"             110.0865          5.667749136        -0.1376120387          4.510642094        -0.1756799967          2.969217736          2.912541981                    0                    0                    0                    0         -2.731028358      9.598277712e-05                    0                    0                    0                    0                    0                    0                    0                    0                    0                    0                    0                    0                    0                    0                    0                    0
  "DRIFT_140"                           354              "drift"           110.646501          5.878253503        -0.2382879448          4.779074533        -0.3036627888          2.984683207          2.931785147                    0                    0                    0                    0         -2.730974608      9.598277712e-05                    0                    0                    0                    0                    0                    0                    0                    0                    0                    0                    0                    0                    0                    0                    0                    0
  "BR.BHZ121"                           355              "sbend"           112.264197          7.108717663        -0.5272491178          6.166497853        -0.5381447805          3.024676135          2.979943712                    0                    0                    0                    0         -3.035402246        -0.3788971657                    0                    0                    0                    0                    0                    0                    0                    0                    0                    0                    0                    0                    0                    0                    0                    0
  "DRIFT_141"                           356              "drift"          112.2641995            7.1087203        -0.5272495673          6.166500543        -0.5381453033          3.024676191          2.979943777                    0                    0                    0                    0         -3.035403193        -0.3788971657                    0                    0                    0                    0                    0                    0                    0                    0                    0                    0                    0                    0                    0                    0                    0                    0
  "BR.STSCRAP121"                       357         "collimator"          112.2641995            7.1087203        -0.5272495673          6.166500543        -0.5381453033          3.024676191          2.979943777                    0                    0                    0                    0         -3.035403193        -0.3788971657                    0                    0                    0                    0                    0                    0                    0                    0                    0                    0                    0                    0                    0                    0                    0                    0
  "DRIFT_142"                           358              "drift"           112.630512          7.519120009        -0.5931045262          6.588821326        -0.6147522429          3.032653833          2.989095186                    0                    0                    0                    0         -3.174197961        -0.3788971657                    0                    0                    0                    0                    0                    0                    0                    0                    0                    0                    0                    0                    0                    0                    0                    0
  "BR.QFO121"                           359         "quadrupole"           113.134082          6.773108865          1.981478714          8.648418208         -3.725890344          3.043547776          3.000053412                    0                    0                    0                    0         -3.068295396         0.7929602978                    0                    0                    0                    0                    0                    0         0.3696039746                    0                    0                    0                    0                    0                    0                    0                    0                    0
  "DRIFT_143"                           360              "drift"            113.46033          5.557616874          1.744190075           11.2627056         -4.287300197          3.052014873          3.005315492                    0                    0                    0                    0         -2.809593684         0.7929602978                    0                    0                    0                    0                    0                    0                    0                    0                    0                    0                    0                    0                    0                    0                    0                    0
  "BR3.BPM12L3"                         361            "monitor"            113.46033          5.557616874          1.744190075           11.2627056         -4.287300197          3.052014873          3.005315492                    0                    0                    0                    0         -2.809593684         0.7929602978                    0                    0                    0                    0                    0                    0                    0                    0                    0                    0                    0                    0                    0                    0                    0                    0
  "BR3.ONOH0.12L3"                      362          "multipole"            113.46033          5.557616874          1.744190075           11.2627056         -4.287300197          3.052014873          3.005315492                    0                    0                    0                    0         -2.809593684         0.7929602978                    0                    0                    0                    0                    0                    0                    0                    0                    0                    0                    0                    0                    0                    0                    0                    0
  "BR3.QNO12L3"                         363          "multipole"            113.46033          5.557616874          1.744190075           11.2627056         -4.287300197          3.052014873          3.005315492                    0                    0                    0                    0         -2.809593684         0.7929602978                    0                    0                    0                    0                    0                    0                    0                    0                    0                    0                    0                    0                    0                    0                    0                    0
  "BR3.XNOH0.12L3"                      364          "multipole"            113.46033          5.557616874          1.744190075           11.2627056         -4.287300197          3.052014873          3.005315492                    0                    0                    0                    0         -2.809593684         0.7929602978                    0                    0                    0                    0                    0                    0                    0                    0                    0                    0                    0                    0                    0                    0                    0                    0
  "DRIFT_144"                           365              "drift"           113.787827          4.493191666          1.505993006          14.25542543         -4.850859337          3.062452868          3.009429493                    0                    0                    0                    0         -2.549901566         0.7929602978                    0                    0                    0                    0                    0                    0                    0                    0                    0                    0                    0                    0                    0                    0                    0                    0
  "BR.QDE12"                            366         "quadrupole"           114.666767          4.493382114         -1.506249541           14.2566589          4.849734623          3.096911087          3.018336739                    0                    0                    0                    0         -2.549975308        -0.7931360263                    0                    0                    0                    0                    0                    0        -0.6514121137                    0                    0                    0                    0                    0                    0                    0                    0                    0
  "DRIFT_145"                           367              "drift"            114.99433          5.558220766         -1.744540848          11.26401189          4.286361357          3.107350399          3.022451152                    0                    0                    0                    0         -2.809777324        -0.7931360263                    0                    0                    0                    0                    0                    0                    0                    0                    0                    0                    0                    0                    0                    0                    0                    0
  "BR3.DHZ12L4"                         368            "hkicker"            114.99433          5.558220766         -1.744540848          11.26401189          4.286361357          3.107350399          3.022451152                    0                    0                    0                    0         -2.809777324        -0.7931360263                    0                    0                    0                    0                    0                    0                    0                    0                    0                    0                    0                    0                    0                    0                    0                    0
  "BR3.DVT12L4"                         369            "vkicker"            114.99433          5.558220766         -1.744540848          11.26401189          4.286361357          3.107350399          3.022451152                    0                    0                    0                    0         -2.809777324        -0.7931360263                    0                    0                    0                    0                    0                    0                    0                    0                    0                    0                    0                    0                    0                    0                    0                    0
  "BR3.OSK12L4"                         370          "multipole"            114.99433          5.558220766         -1.744540848          11.26401189          4.286361357          3.107350399          3.022451152                    0                    0                    0                    0         -2.809777324        -0.7931360263                    0                    0                    0                    0                    0                    0                    0                    0                    0                    0                    0                    0                    0                    0                    0                    0
  "BR3.XSK12L4"                         371          "multipole"            114.99433          5.558220766         -1.744540848          11.26401189          4.286361357          3.107350399          3.022451152                    0                    0                    0                    0         -2.809777324        -0.7931360263                    0                    0                    0                    0                    0                    0                    0                    0                    0                    0                    0                    0                    0                    0                    0                    0
  "DRIFT_146"                           372              "drift"           115.321512          6.777659437         -1.982554991          8.643282524          3.723643369          3.115838444          3.027729563                    0                    0                    0                    0         -3.069277155        -0.7931360263                    0                    0                    0                    0                    0                    0                    0                    0                    0                    0                    0                    0                    0                    0                    0                    0
  "BR.QFO122"                           373         "quadrupole"           115.825082          7.523862887         0.5938229068          6.584976883         0.6142779014          3.126725285          3.038694255                    0                    0                    0                    0         -3.175175538         0.3790892491                    0                    0                    0                    0                    0                    0         0.3696039746                    0                    0                    0                    0                    0                    0                    0                    0                    0
  "DRIFT_147"                           374              "drift"           116.192299          7.111981928         0.5278053386          6.162035666          0.537469479          3.134718284          3.047874294                    0                    0                    0                    0         -3.035967521         0.3790892491                    0                    0                    0                    0                    0                    0                    0                    0                    0                    0                    0                    0                    0                    0                    0                    0
  "BR.STSCRAP122"                       375         "collimator"           116.192299          7.111981928         0.5278053386          6.162035666          0.537469479          3.134718284          3.047874294                    0                    0                    0                    0         -3.035967521         0.3790892491                    0                    0                    0                    0                    0                    0                    0                    0                    0                    0                    0                    0                    0                    0                    0                    0
  "DRIFT_148"                           376              "drift"           116.192304           7.11197665         0.5278044397          6.162030291         0.5374684332          3.134718396          3.047874423                    0                    0                    0                    0         -3.035965625         0.3790892491                    0                    0                    0                    0                    0                    0                    0                    0                    0                    0                    0                    0                    0                    0                    0                    0
  "BR.BHZ122"                           377              "sbend"               117.81          5.879727328         0.2388432666          4.777006184         0.3028834338          3.174696842          3.096061756                    0                    0                    0                    0         -2.731229248       9.61006026e-05                    0                    0                    0                    0                    0                    0                    0                    0                    0                    0                    0                    0                    0                    0                    0                    0
  "DRIFT_149"                           378              "drift"           118.061261          5.771053098         0.1936720458          4.639228821         0.2454601722          3.181563949          3.104560423                    0                    0                    0                    0         -2.731205101       9.61006026e-05                    0                    0                    0                    0                    0                    0                    0                    0                    0                    0                    0                    0                    0                    0                    0                    0
  "BR3.ACWF13L1.1"                      379           "rfcavity"           119.004261            5.5656551        0.02414131374           4.37952016        0.02994667954          3.208169408          3.138104493                    0                    0                    0                    0         -2.731114479       9.61006026e-05                    0                    0                    0                    0                    0                    0                    0                    0                    0                    0                    0                    0                    0                    0                    0                    0
  "DRIFT_150"                           380              "drift"           119.115761          5.562506633        0.00409605751           4.37568332       0.004464437296          3.211358967          3.142158699                    0                    0                    0                    0         -2.731103763       9.61006026e-05                    0                    0                    0                    0                    0                    0                    0                    0                    0                    0                    0                    0                    0                    0                    0                    0
  "BR3.ACWF13L1.2"                      381           "rfcavity"           120.058761          5.714648949        -0.1654346745          4.570492615        -0.2110490554          3.238104283          3.175972939                    0                    0                    0                    0          -2.73101314       9.61006026e-05                    0                    0                    0                    0                    0                    0                    0                    0                    0                    0                    0                    0                    0                    0                    0                    0
  "DRIFT_151"                           382              "drift"           120.464001          5.878253503        -0.2382879448          4.779074416        -0.3036627222          3.249241277          3.189790288                    0                    0                    0                    0         -2.730974197       9.61006026e-05                    0                    0                    0                    0                    0                    0                    0                    0                    0                    0                    0                    0                    0                    0                    0                    0
  "BR.BHZ131"                           383              "sbend"           122.081697          7.108717663        -0.5272491178          6.166497521        -0.5381447168          3.289234205          3.237948856                    0                    0                    0                    0         -3.035401645        -0.3788970479                    0                    0                    0                    0                    0                    0                    0                    0                    0                    0                    0                    0                    0                    0                    0                    0
  "DRIFT_152"                           384              "drift"          122.0816995            7.1087203        -0.5272495673          6.166500212        -0.5381452396          3.289234261           3.23794892                    0                    0                    0                    0         -3.035402593        -0.3788970479                    0                    0                    0                    0                    0                    0                    0                    0                    0                    0                    0                    0                    0                    0                    0                    0
  "BR.STSCRAP131"                       385         "collimator"          122.0816995            7.1087203        -0.5272495673          6.166500212        -0.5381452396          3.289234261           3.23794892                    0                    0                    0                    0         -3.035402593        -0.3788970479                    0                    0                    0                    0                    0                    0                    0                    0                    0                    0                    0                    0                    0                    0                    0                    0
  "DRIFT_153"                           386              "drift"           122.448012          7.519120009        -0.5931045262          6.588820947        -0.6147521793          3.297211903           3.24710033                    0                    0                    0                    0         -3.174197317        -0.3788970479                    0                    0                    0                    0                    0                    0                    0                    0                    0                    0                    0                    0                    0                    0                    0                    0
  "BR.QFO131"                           387         "quadrupole"           122.951582          6.773108865          1.981478714          8.648417682         -3.725890098          3.308105847          3.258058557                    0                    0                    0                    0         -3.068294753         0.7929601743                    0                    0                    0                    0                    0                    0         0.3696039746                    0                    0                    0                    0                    0                    0                    0                    0                    0
  "DRIFT_154"                           388              "drift"           123.277835          5.557599433          1.744186438          11.26274777         -4.287308519          3.316573087          3.263320708                    0                    0                    0                    0         -2.809589118         0.7929601743                    0                    0                    0                    0                    0                    0                    0                    0                    0                    0                    0                    0                    0                    0                    0                    0
  "BR3.BPM13L3"                         389            "monitor"           123.277835          5.557599433          1.744186438          11.26274777         -4.287308519          3.316573087          3.263320708                    0                    0                    0                    0         -2.809589118         0.7929601743                    0                    0                    0                    0                    0                    0                    0                    0                    0                    0                    0                    0                    0                    0                    0                    0
  "BR3.ONOH0.13L3"                      390          "multipole"           123.277835          5.557599433          1.744186438          11.26274777         -4.287308519          3.316573087          3.263320708                    0                    0                    0                    0         -2.809589118         0.7929601743                    0                    0                    0                    0                    0                    0                    0                    0                    0                    0                    0                    0                    0                    0                    0                    0
  "BR3.QSKH0.13L3"                      391          "multipole"           123.277835          5.557599433          1.744186438          11.26274777         -4.287308519          3.316573087          3.263320708                    0                    0                    0                    0         -2.809589118         0.7929601743                    0                    0                    0                    0                    0                    0                    0                    0                    0                    0                    0                    0                    0                    0                    0                    0
  "BR3.XNOH0.13L3"                      392          "multipole"           123.277835          5.557599433          1.744186438          11.26274777         -4.287308519          3.316573087          3.263320708                    0                    0                    0                    0         -2.809589118         0.7929601743                    0                    0                    0                    0                    0                    0                    0                    0                    0                    0                    0                    0                    0                    0                    0                    0
  "DRIFT_155"                           393              "drift"           123.605327          4.493191666          1.505993006          14.25542453          -4.85085902          3.327010938          3.267434638                    0                    0                    0                    0         -2.549901004         0.7929601743                    0                    0                    0                    0                    0                    0                    0                    0                    0                    0                    0                    0                    0                    0                    0                    0
  "BR.QDE13"                            394         "quadrupole"           124.484267          4.493382114         -1.506249541          14.25665799           4.84973432          3.361469157          3.276341884                    0                    0                    0                    0         -2.549974697        -0.7931357853                    0                    0                    0                    0                    0                    0        -0.6514121137                    0                    0                    0                    0                    0                    0                    0                    0                    0
  "DRIFT_156"                           395              "drift"           124.811835          5.558238211         -1.744544486          11.26396831          4.286352485          3.371908612          3.280456368                    0                    0                    0                    0           -2.8097806        -0.7931357853                    0                    0                    0                    0                    0                    0                    0                    0                    0                    0                    0                    0                    0                    0                    0                    0
  "BR3.DHZ13L4"                         396            "hkicker"           124.811835          5.558238211         -1.744544486          11.26396831          4.286352485          3.371908612          3.280456368                    0                    0                    0                    0           -2.8097806        -0.7931357853                    0                    0                    0                    0                    0                    0                    0                    0                    0                    0                    0                    0                    0                    0                    0                    0
  "BR3.DVT13L4"                         397            "vkicker"           124.811835          5.558238211         -1.744544486          11.26396831          4.286352485          3.371908612          3.280456368                    0                    0                    0                    0           -2.8097806        -0.7931357853                    0                    0                    0                    0                    0                    0                    0                    0                    0                    0                    0                    0                    0                    0                    0                    0
  "DRIFT_157"                           398              "drift"           125.139012          6.777659437         -1.982554991          8.643281971          3.723643129          3.380396514           3.28573471                    0                    0                    0                    0         -3.069276387        -0.7931357853                    0                    0                    0                    0                    0                    0                    0                    0                    0                    0                    0                    0                    0                    0                    0                    0
  "BR.QFO132"                           399         "quadrupole"           125.642582          7.523862887         0.5938229068          6.584976468          0.614277852          3.391283355          3.296699402                    0                    0                    0                    0         -3.175174722         0.3790891927                    0                    0                    0                    0                    0                    0         0.3696039746                    0                    0                    0                    0                    0                    0                    0                    0                    0
  "DRIFT_158"                           400              "drift"           126.009799          7.111981928         0.5278053386          6.162035287         0.5374694282          3.399276354          3.305879441                    0                    0                    0                    0         -3.035966726         0.3790891927                    0                    0                    0                    0                    0                    0                    0                    0                    0                    0                    0                    0                    0                    0                    0                    0
  "BR.STSCRAP132"                       401         "collimator"           126.009799          7.111981928         0.5278053386          6.162035287         0.5374694282          3.399276354          3.305879441                    0                    0                    0                    0         -3.035966726         0.3790891927                    0                    0                    0                    0                    0                    0                    0                    0                    0                    0                    0                    0                    0                    0                    0                    0
  "DRIFT_159"                           402              "drift"           126.009804           7.11197665         0.5278044397          6.162029912         0.5374683823          3.399276466           3.30587957                    0                    0                    0                    0         -3.035964831         0.3790891927                    0                    0                    0                    0                    0                    0                    0                    0                    0                    0                    0                    0                    0                    0                    0                    0
  "BR.BHZ132"                           403              "sbend"             127.6275          5.879727328         0.2388432666           4.77700599         0.3028833719          3.439254912          3.354066906                    0                    0                    0                    0         -2.731228543       9.60442018e-05                    0                    0                    0                    0                    0                    0                    0                    0                    0                    0                    0                    0                    0                    0                    0                    0
  "DRIFT_160"                           404              "drift"            127.93409          5.750172091         0.1837251042          4.612766164         0.2328152042          3.447650682          3.364469191                    0                    0                    0                    0         -2.731199097       9.60442018e-05                    0                    0                    0                    0                    0                    0                    0                    0                    0                    0                    0                    0                    0                    0                    0                    0
  "BR3.DHZ14L1"                         405            "hkicker"            127.93409          5.750172091         0.1837251042          4.612766164         0.2328152042          3.447650682          3.364469191                    0                    0                    0                    0         -2.731199097       9.60442018e-05                    0                    0                    0                    0                    0                    0                    0                    0                    0                    0                    0                    0                    0                    0                    0                    0
  "BR3.DVT14L1"                         406            "vkicker"            127.93409          5.750172091         0.1837251042          4.612766164         0.2328152042          3.447650682          3.364469191                    0                    0                    0                    0         -2.731199097       9.60442018e-05                    0                    0                    0                    0                    0                    0                    0                    0                    0                    0                    0                    0                    0                    0                    0                    0
  "DRIFT_161"                           407              "drift"          128.1511955          5.678870433         0.1446942937          4.522447442         0.1831978502          3.453698854          3.372037296                    0                    0                    0                    0         -2.731178246       9.60442018e-05                    0                    0                    0                    0                    0                    0                    0                    0                    0                    0                    0                    0                    0                    0                    0                    0
  "BE3.KFA14L1"                         408            "hkicker"          130.1569845          5.821699285        -0.2159026071          4.706995876        -0.2752057507          3.510411446          3.443616624                    0                    0                    0                    0         -2.730985601       9.60442018e-05                    0                    0                    0                    0                    0                    0                    0                    0                    0                    0                    0                    0                    0                    0                    0                    0
  "DRIFT_162"                           409              "drift"           130.281501          5.878253503        -0.2382879448          4.779074561        -0.3036627878          3.513799347          3.447795439                    0                    0                    0                    0         -2.730973642       9.60442018e-05                    0                    0                    0                    0                    0                    0                    0                    0                    0                    0                    0                    0                    0                    0                    0                    0
  "BR.BHZ141"                           410              "sbend"           131.899197          7.108717663        -0.5272491178          6.166497873        -0.5381447766          3.553792275          3.495954004                    0                    0                    0                    0         -3.035401181        -0.3788971043                    0                    0                    0                    0                    0                    0                    0                    0                    0                    0                    0                    0                    0                    0                    0                    0
  "DRIFT_163"                           411              "drift"          131.8991995            7.1087203        -0.5272495673          6.166500563        -0.5381452994          3.553792331          3.495954069                    0                    0                    0                    0         -3.035402129        -0.3788971043                    0                    0                    0                    0                    0                    0                    0                    0                    0                    0                    0                    0                    0                    0                    0                    0
  "BR.STSCRAP141"                       412         "collimator"          131.8991995            7.1087203        -0.5272495673          6.166500563        -0.5381452994          3.553792331          3.495954069                    0                    0                    0                    0         -3.035402129        -0.3788971043                    0                    0                    0                    0                    0                    0                    0                    0                    0                    0                    0                    0                    0                    0                    0                    0
  "DRIFT_164"                           413              "drift"                  132          7.216841018        -0.5453712879           6.27711611        -0.5592257096          3.556032228          3.498532778                    0                    0                    0                    0         -3.073595146        -0.3788971043                    0                    0                    0                    0                    0                    0                    0                    0                    0                    0                    0                    0                    0                    0                    0                    0
  "BR3.VVS14L2"                         414             "marker"                  132          7.216841018        -0.5453712879           6.27711611        -0.5592257096          3.556032228          3.498532778                    0                    0                    0                    0         -3.073595146        -0.3788971043                    0                    0                    0                    0                    0                    0                    0                    0                    0                    0                    0                    0                    0                    0                    0                    0
  "DRIFT_165"                           415              "drift"           132.265512          7.519120009        -0.5931045262          6.588821343        -0.6147522385          3.561769973          3.505105478                    0                    0                    0                    0         -3.174196874        -0.3788971043                    0                    0                    0                    0                    0                    0                    0                    0                    0                    0                    0                    0                    0                    0                    0                    0
  "BR.QFO141"                           416         "quadrupole"           132.769082          6.773108865          1.981478714          8.648418222         -3.725890345          3.572663917          3.516063704                    0                    0                    0                    0         -3.068294378         0.7929599643                    0                    0                    0                    0                    0                    0         0.3696039746                    0                    0                    0                    0                    0                    0                    0                    0                    0
  "DRIFT_166"                           417              "drift"           133.095339          5.557585479          1.744183529          11.26278278         -4.287315683          3.581131272          3.521325911                    0                    0                    0                    0         -2.809585639         0.7929599643                    0                    0                    0                    0                    0                    0                    0                    0                    0                    0                    0                    0                    0                    0                    0                    0
  "BR3.BPM14L3"                         418            "monitor"           133.095339          5.557585479          1.744183529          11.26278278         -4.287315683          3.581131272          3.521325911                    0                    0                    0                    0         -2.809585639         0.7929599643                    0                    0                    0                    0                    0                    0                    0                    0                    0                    0                    0                    0                    0                    0                    0                    0
  "BR3.ONOH0.14L3"                      419          "multipole"           133.095339          5.557585479          1.744183529          11.26278278         -4.287315683          3.581131272          3.521325911                    0                    0                    0                    0         -2.809585639         0.7929599643                    0                    0                    0                    0                    0                    0                    0                    0                    0                    0                    0                    0                    0                    0                    0                    0
  "BR3.QSK14L3"                         420          "multipole"           133.095339          5.557585479          1.744183529          11.26278278         -4.287315683          3.581131272          3.521325911                    0                    0                    0                    0         -2.809585639         0.7929599643                    0                    0                    0                    0                    0                    0                    0                    0                    0                    0                    0                    0                    0                    0                    0                    0
  "BR3.XNOH0.14L3"                      421          "multipole"           133.095339          5.557585479          1.744183529          11.26278278         -4.287315683          3.581131272          3.521325911                    0                    0                    0                    0         -2.809585639         0.7929599643                    0                    0                    0                    0                    0                    0                    0                    0                    0                    0                    0                    0                    0                    0                    0                    0
  "DRIFT_167"                           422              "drift"           133.422827          4.493191666          1.505993006          14.25542544         -4.850859335          3.591569008          3.525439785                    0                    0                    0                    0         -2.549900766         0.7929599643                    0                    0                    0                    0                    0                    0                    0                    0                    0                    0                    0                    0                    0                    0                    0                    0
  "BR.QDE14"                            423         "quadrupole"           134.301767          4.493382114         -1.506249541           14.2566589          4.849734631          3.626027228           3.53434703                    0                    0                    0                    0         -2.549974591        -0.7931358883                    0                    0                    0                    0                    0                    0        -0.6514121137                    0                    0                    0                    0                    0                    0                    0                    0                    0
  "DRIFT_168"                           424              "drift"            134.42124          4.863678135         -1.593162218          13.12238361           4.64425387          3.630095107           3.53573724                    0                    0                    0                    0         -2.644732914        -0.7931358883                    0                    0                    0                    0                    0                    0                    0                    0                    0                    0                    0                    0                    0                    0                    0                    0
  "BR3.BPP14L4"                         425            "monitor"            134.42124          4.863678135         -1.593162218          13.12238361           4.64425387          3.630095107           3.53573724                    0                    0                    0                    0         -2.644732914        -0.7931358883                    0                    0                    0                    0                    0                    0                    0                    0                    0                    0                    0                    0                    0                    0                    0                    0
  "DRIFT_169"                           426              "drift"            134.45724          4.979328612         -1.619351034          12.79022632          4.582337727          3.631259391            3.5361795                    0                    0                    0                    0         -2.673285806        -0.7931358883                    0                    0                    0                    0                    0                    0                    0                    0                    0                    0                    0                    0                    0                    0                    0                    0
  "BE3.BSW14L4"                         427            "hkicker"            134.92724          6.662216068         -1.961260574          8.862753188          3.773988078          3.644261278          3.543207564                    0                    0                    0                    0         -3.046059674        -0.7931358883                    0                    0                    0                    0                    0                    0                    0                    0                    0                    0                    0                    0                    0                    0                    0                    0
  "DRIFT_170"                           428              "drift"           134.956512          6.777659437         -1.982554991           8.64328252          3.723643374          3.644954584          3.543739855                    0                    0                    0                    0         -3.069276348        -0.7931358883                    0                    0                    0                    0                    0                    0                    0                    0                    0                    0                    0                    0                    0                    0                    0                    0
  "BR.QFO142"                           429         "quadrupole"           135.460082          7.523862887         0.5938229068          6.584976874         0.6142779068          3.655841426          3.554704547                    0                    0                    0                    0         -3.175174737         0.3790890851                    0                    0                    0                    0                    0                    0         0.3696039746                    0                    0                    0                    0                    0                    0                    0                    0                    0
  "DRIFT_171"                           430              "drift"           135.827299          7.111981928         0.5278053386          6.162035653         0.5374694839          3.663834424          3.563884586                    0                    0                    0                    0          -3.03596678         0.3790890851                    0                    0                    0                    0                    0                    0                    0                    0                    0                    0                    0                    0                    0                    0                    0                    0
  "BR.SPSCRAP142"                       431         "collimator"           135.827299          7.111981928         0.5278053386          6.162035653         0.5374694839          3.663834424          3.563884586                    0                    0                    0                    0          -3.03596678         0.3790890851                    0                    0                    0                    0                    0                    0                    0                    0                    0                    0                    0                    0                    0                    0                    0                    0
  "DRIFT_172"                           432              "drift"           135.827304           7.11197665         0.5278044397          6.162030278         0.5374684381          3.663834536          3.563884715                    0                    0                    0                    0         -3.035964885         0.3790890851                    0                    0                    0                    0                    0                    0                    0                    0                    0                    0                    0                    0                    0                    0                    0                    0
  "BR.BHZ142"                           433              "sbend"              137.445          5.879727328         0.2388432666          4.777006159          0.302883436          3.703812982          3.612072048                    0                    0                    0                    0         -2.731228771      9.593668001e-05                    0                    0                    0                    0                    0                    0                    0                    0                    0                    0                    0                    0                    0                    0                    0                    0
  "DRIFT_173"                           434              "drift"           137.670173          5.781280484         0.1983620964          4.652191466         0.2514223332          3.709961265          3.619676975                    0                    0                    0                    0         -2.731207168      9.593668001e-05                    0                    0                    0                    0                    0                    0                    0                    0                    0                    0                    0                    0                    0                    0                    0                    0
  "BE3.BTV10"                           435         "instrument"           137.670173          5.781280484         0.1983620964          4.652191466         0.2514223332          3.709961265          3.619676975                    0                    0                    0                    0         -2.731207168      9.593668001e-05                    0                    0                    0                    0                    0                    0                    0                    0                    0                    0                    0                    0                    0                    0                    0                    0
  "DRIFT_174"                           436              "drift"           137.715573          5.763639758         0.1902001714          4.629833376          0.241046604          3.711213022          3.621233913                    0                    0                    0                    0         -2.731202813      9.593668001e-05                    0                    0                    0                    0                    0                    0                    0                    0                    0                    0                    0                    0                    0                    0                    0                    0
  "BR3.BTV15L1"                         437         "instrument"           137.715573          5.763639758         0.1902001714          4.629833376          0.241046604          3.711213022          3.621233913                    0                    0                    0                    0         -2.731202813      9.593668001e-05                    0                    0                    0                    0                    0                    0                    0                    0                    0                    0                    0                    0                    0                    0                    0                    0
  "DRIFT_175"                           438              "drift"           137.996102          5.671074339         0.1397672057          4.512577576         0.1769344248          3.719025544          3.631007993                    0                    0                    0                    0           -2.7311759      9.593668001e-05                    0                    0                    0                    0                    0                    0                    0                    0                    0                    0                    0                    0                    0                    0                    0                    0
  "BE3.SMH15L1"                         439            "hkicker"           138.946102          5.567766368       -0.03102197295          4.382659781       -0.04017885129          3.746062729          3.665270749                    0                    0                    0                    0          -2.73108476      9.593668001e-05                    0                    0                    0                    0                    0                    0                    0                    0                    0                    0                    0                    0                    0                    0                    0                    0
  "DRIFT_176"                           440              "drift"           139.287652          5.609929742       -0.09242517711          4.436766643        -0.1182367876          3.755795262           3.67761053                    0                    0                    0                    0         -2.731051993      9.593668001e-05                    0                    0                    0                    0                    0                    0                    0                    0                    0                    0                    0                    0                    0                    0                    0                    0
  "BR3.DHZ15L1"                         441            "hkicker"           139.287652          5.609929742       -0.09242517711          4.436766643        -0.1182367876          3.755795262           3.67761053                    0                    0                    0                    0         -2.731051993      9.593668001e-05                    0                    0                    0                    0                    0                    0                    0                    0                    0                    0                    0                    0                    0                    0                    0                    0
  "BR3.DVT15L1"                         442            "vkicker"           139.287652          5.609929742       -0.09242517711          4.436766643        -0.1182367876          3.755795262           3.67761053                    0                    0                    0                    0         -2.731051993      9.593668001e-05                    0                    0                    0                    0                    0                    0                    0                    0                    0                    0                    0                    0                    0                    0                    0                    0
  "DRIFT_177"                           443              "drift"            139.63066          5.694486591        -0.1540904977          4.544767762        -0.1966279356          3.765459895          3.689779631                    0                    0                    0                    0         -2.731019086      9.593668001e-05                    0                    0                    0                    0                    0                    0                    0                    0                    0                    0                    0                    0                    0                    0                    0                    0
  "BE3.BSW15L1"                         444            "hkicker"            139.99666          5.831363188         -0.219889276          4.719313754        -0.2802736819          3.775575254          3.702370597                    0                    0                    0                    0         -2.730983973      9.593668001e-05                    0                    0                    0                    0                    0                    0                    0                    0                    0                    0                    0                    0                    0                    0                    0                    0
  "DRIFT_178"                           445              "drift"           140.099001          5.878253503        -0.2382879448          4.779074389        -0.3036627238          3.778357418          3.705800581                    0                    0                    0                    0         -2.730974154      9.593668001e-05                    0                    0                    0                    0                    0                    0                    0                    0                    0                    0                    0                    0                    0                    0                    0                    0
  "BR.BHZ151"                           446              "sbend"           141.716697          7.108717663        -0.5272491178          6.166497505        -0.5381447213          3.818350346          3.753959149                    0                    0                    0                    0         -3.035401867        -0.3788972118                    0                    0                    0                    0                    0                    0                    0                    0                    0                    0                    0                    0                    0                    0                    0                    0
  "DRIFT_179"                           447              "drift"          141.7166995            7.1087203        -0.5272495673          6.166500195        -0.5381452441          3.818350402          3.753959213                    0                    0                    0                    0         -3.035402814        -0.3788972118                    0                    0                    0                    0                    0                    0                    0                    0                    0                    0                    0                    0                    0                    0                    0                    0
  "BR.SPSCRAP151"                       448         "collimator"          141.7166995            7.1087203        -0.5272495673          6.166500195        -0.5381452441          3.818350402          3.753959213                    0                    0                    0                    0         -3.035402814        -0.3788972118                    0                    0                    0                    0                    0                    0                    0                    0                    0                    0                    0                    0                    0                    0                    0                    0
  "DRIFT_180"                           449              "drift"           142.083012          7.519120009        -0.5931045262          6.588820935        -0.6147521842          3.826328043          3.763110622                    0                    0                    0                    0         -3.174197599        -0.3788972118                    0                    0                    0                    0                    0                    0                    0                    0                    0                    0                    0                    0                    0                    0                    0                    0
  "BR.QFO151"                           450         "quadrupole"           142.586582          6.773108865          1.981478714          8.648417673           -3.7258901          3.837221987           3.77406885                    0                    0                    0                    0         -3.068295089         0.7929601262                    0                    0                    0                    0                    0                    0         0.3696039746                    0                    0                    0                    0                    0                    0                    0                    0                    0
  "DRIFT_181"                           451              "drift"           142.912834          5.557602921          1.744187166          11.26273919         -4.287306802          3.845689198          3.779330986                    0                    0                    0                    0         -2.809590262         0.7929601262                    0                    0                    0                    0                    0                    0                    0                    0                    0                    0                    0                    0                    0                    0                    0                    0
  "BR3.BPM15L3"                         452            "monitor"           142.912834          5.557602921          1.744187166          11.26273919         -4.287306802          3.845689198          3.779330986                    0                    0                    0                    0         -2.809590262         0.7929601262                    0                    0                    0                    0                    0                    0                    0                    0                    0                    0                    0                    0                    0                    0                    0                    0
  "BR3.ONOH0.15L3"                      453          "multipole"           142.912834          5.557602921          1.744187166          11.26273919         -4.287306802          3.845689198          3.779330986                    0                    0                    0                    0         -2.809590262         0.7929601262                    0                    0                    0                    0                    0                    0                    0                    0                    0                    0                    0                    0                    0                    0                    0                    0
  "BR3.QSKH0.15L3"                      454          "multipole"           142.912834          5.557602921          1.744187166          11.26273919         -4.287306802          3.845689198          3.779330986                    0                    0                    0                    0         -2.809590262         0.7929601262                    0                    0                    0                    0                    0                    0                    0                    0                    0                    0                    0                    0                    0                    0                    0                    0
  "BR3.XNOH0.15L3"                      455          "multipole"           142.912834          5.557602921          1.744187166          11.26273919         -4.287306802          3.845689198          3.779330986                    0                    0                    0                    0         -2.809590262         0.7929601262                    0                    0                    0                    0                    0                    0                    0                    0                    0                    0                    0                    0                    0                    0                    0                    0
  "DRIFT_182"                           456              "drift"           143.240327          4.493191666          1.505993006          14.25542453         -4.850859025          3.856127078          3.783444931                    0                    0                    0                    0         -2.549901371         0.7929601262                    0                    0                    0                    0                    0                    0                    0                    0                    0                    0                    0                    0                    0                    0                    0                    0
  "BR.QDE15"                            457         "quadrupole"           144.119267          4.493382114         -1.506249541          14.25665799          4.849734315          3.890585298          3.792352177                    0                    0                    0                    0         -2.549975221        -0.7931361105                    0                    0                    0                    0                    0                    0        -0.6514121137                    0                    0                    0                    0                    0                    0                    0                    0                    0
  "DRIFT_183"                           458              "drift"           144.221834          4.810018053         -1.580863659          13.27990585          4.673330074          3.894096881          3.793538562                    0                    0                    0                    0         -2.631324812        -0.7931361105                    0                    0                    0                    0                    0                    0                    0                    0                    0                    0                    0                    0                    0                    0                    0                    0
  "BE3.BSW15L4"                         459            "hkicker"           144.691834          6.456727377         -1.922773199          9.266899891          3.864980475          3.907535499          3.800283582                    0                    0                    0                    0         -3.004098784        -0.7931361105                    0                    0                    0                    0                    0                    0                    0                    0                    0                    0                    0                    0                    0                    0                    0                    0
  "DRIFT_184"                           460              "drift"           144.774012          6.777659437         -1.982554991          8.643281981          3.723643127          3.909512654          3.801745003                    0                    0                    0                    0         -3.069277123        -0.7931361105                    0                    0                    0                    0                    0                    0                    0                    0                    0                    0                    0                    0                    0                    0                    0                    0
  "BR.QFO152"                           461         "quadrupole"           145.277582          7.523862887         0.5938229068          6.584976481         0.6142778472          3.920399496          3.812709695                    0                    0                    0                    0          -3.17517555         0.3790891612                    0                    0                    0                    0                    0                    0         0.3696039746                    0                    0                    0                    0                    0                    0                    0                    0                    0
  "DRIFT_185"                           462              "drift"           145.644799          7.111981928         0.5278053386          6.162035303         0.5374694238          3.928392494          3.821889734                    0                    0                    0                    0         -3.035967565         0.3790891612                    0                    0                    0                    0                    0                    0                    0                    0                    0                    0                    0                    0                    0                    0                    0                    0
  "BR.STSCRAP152"                       463         "collimator"           145.644799          7.111981928         0.5278053386          6.162035303         0.5374694238          3.928392494          3.821889734                    0                    0                    0                    0         -3.035967565         0.3790891612                    0                    0                    0                    0                    0                    0                    0                    0                    0                    0                    0                    0                    0                    0                    0                    0
  "DRIFT_186"                           464              "drift"           145.644804           7.11197665         0.5278044397          6.162029928         0.5374683779          3.928392606          3.821889863                    0                    0                    0                    0          -3.03596567         0.3790891612                    0                    0                    0                    0                    0                    0                    0                    0                    0                    0                    0                    0                    0                    0                    0                    0
  "BR.BHZ152"                           465              "sbend"             147.2625          5.879727328         0.2388432666          4.777006017         0.3028833703          3.968371052          3.870077199                    0                    0                    0                    0         -2.731229433      9.601272364e-05                    0                    0                    0                    0                    0                    0                    0                    0                    0                    0                    0                    0                    0                    0                    0                    0
  "DRIFT_187"                           466              "drift"             147.6255          5.730016294         0.1735838226          4.587227215         0.2199232454          3.978330924          3.882431266                    0                    0                    0                    0         -2.731194581      9.601272364e-05                    0                    0                    0                    0                    0                    0                    0                    0                    0                    0                    0                    0                    0                    0                    0                    0
  "BR3.ONO16L1"                         467          "multipole"             147.6255          5.730016294         0.1735838226          4.587227215         0.2199232454          3.978330924          3.882431266                    0                    0                    0                    0         -2.731194581      9.601272364e-05                    0                    0                    0                    0                    0                    0                    0                    0                    0                    0                    0                    0                    0                    0                    0                    0
  "BR3.QNO16L1"                         468          "multipole"             147.6255          5.730016294         0.1735838226          4.587227215         0.2199232454          3.978330924          3.882431266                    0                    0                    0                    0         -2.731194581      9.601272364e-05                    0                    0                    0                    0                    0                    0                    0                    0                    0                    0                    0                    0                    0                    0                    0                    0
  "BR3.XNO16L1"                         469          "multipole"             147.6255          5.730016294         0.1735838226          4.587227215         0.2199232454          3.978330924          3.882431266                    0                    0                    0                    0         -2.731194581      9.601272364e-05                    0                    0                    0                    0                    0                    0                    0                    0                    0                    0                    0                    0                    0                    0                    0                    0
  "DRIFT_188"                           470              "drift"              148.038          5.617400005        0.09942536344          4.444678096         0.1256503761          3.989912879          3.896991043                    0                    0                    0                    0         -2.731154975      9.601272364e-05                    0                    0                    0                    0                    0                    0                    0                    0                    0                    0                    0                    0                    0                    0                    0                    0
  "BI3.KSW16L1"                         471            "hkicker"              148.408          5.568436856        0.03290747283          4.382983984        0.04109046918          4.000449584          3.910348591                    0                    0                    0                    0         -2.731119451      9.601272364e-05                    0                    0                    0                    0                    0                    0                    0                    0                    0                    0                    0                    0                    0                    0                    0                    0
  "DRIFT_189"                           472              "drift"            149.25851          5.642506165        -0.1199955843          4.478406836        -0.1532853321          4.024692093          3.941092359                    0                    0                    0                    0         -2.731037791      9.601272364e-05                    0                    0                    0                    0                    0                    0                    0                    0                    0                    0                    0                    0                    0                    0                    0                    0
  "BR3.DHZ16L1"                         473            "hkicker"            149.25851          5.642506165        -0.1199955843          4.478406836        -0.1532853321          4.024692093          3.941092359                    0                    0                    0                    0         -2.731037791      9.601272364e-05                    0                    0                    0                    0                    0                    0                    0                    0                    0                    0                    0                    0                    0                    0                    0                    0
  "BR3.DVT16L1"                         474            "vkicker"            149.25851          5.642506165        -0.1199955843          4.478406836        -0.1532853321          4.024692093          3.941092359                    0                    0                    0                    0         -2.731037791      9.601272364e-05                    0                    0                    0                    0                    0                    0                    0                    0                    0                    0                    0                    0                    0                    0                    0                    0
  "DRIFT_190"                           475              "drift"          149.9165015          5.878253741        -0.2382880347          4.779074889        -0.3036628997          4.042915501          3.963805747                    0                    0                    0                    0         -2.730974615      9.601272364e-05                    0                    0                    0                    0                    0                    0                    0                    0                    0                    0                    0                    0                    0                    0                    0                    0
  "BR.BHZ161"                           476              "sbend"          151.5341975          7.108718191        -0.5272492077           6.16649854        -0.5381448707          4.082908427          4.011964309                    0                    0                    0                    0         -3.035402205        -0.3788971357                    0                    0                    0                    0                    0                    0                    0                    0                    0                    0                    0                    0                    0                    0                    0                    0
  "DRIFT_191"                           477              "drift"             151.5342          7.108720827        -0.5272496572          6.166501231        -0.5381453936          4.082908483          4.011964373                    0                    0                    0                    0         -3.035403153        -0.3788971357                    0                    0                    0                    0                    0                    0                    0                    0                    0                    0                    0                    0                    0                    0                    0                    0
  "BR.STSCRAP161"                       478         "collimator"             151.5342          7.108720827        -0.5272496572          6.166501231        -0.5381453936          4.082908483          4.011964373                    0                    0                    0                    0         -3.035403153        -0.3788971357                    0                    0                    0                    0                    0                    0                    0                    0                    0                    0                    0                    0                    0                    0                    0                    0
  "DRIFT_192"                           479              "drift"           151.900512          7.519120009        -0.5931045262          6.588821464        -0.6147522258          4.090886113          4.021115769                    0                    0                    0                    0          -3.17419772        -0.3788971357                    0                    0                    0                    0                    0                    0                    0                    0                    0                    0                    0                    0                    0                    0                    0                    0
  "BR.QFO161"                           480         "quadrupole"           152.404082          6.773108865          1.981478714          8.648418352         -3.725890374          4.101780057          4.032073995                    0                    0                    0                    0         -3.068295162         0.7929602388                    0                    0                    0                    0                    0                    0         0.3696039746                    0                    0                    0                    0                    0                    0                    0                    0                    0
  "DRIFT_193"                           481              "drift"           152.730339          5.557585479          1.744183529          11.26278293         -4.287315712          4.110247412          4.037336202                    0                    0                    0                    0         -2.809586333         0.7929602388                    0                    0                    0                    0                    0                    0                    0                    0                    0                    0                    0                    0                    0                    0                    0                    0
  "BR3.BPM16L3"                         482            "monitor"           152.730339          5.557585479          1.744183529          11.26278293         -4.287315712          4.110247412          4.037336202                    0                    0                    0                    0         -2.809586333         0.7929602388                    0                    0                    0                    0                    0                    0                    0                    0                    0                    0                    0                    0                    0                    0                    0                    0
  "BR3.ONOH0.16L3"                      483          "multipole"           152.730339          5.557585479          1.744183529          11.26278293         -4.287315712          4.110247412          4.037336202                    0                    0                    0                    0         -2.809586333         0.7929602388                    0                    0                    0                    0                    0                    0                    0                    0                    0                    0                    0                    0                    0                    0                    0                    0
  "BR3.QNO16L3"                         484          "multipole"           152.730339          5.557585479          1.744183529          11.26278293         -4.287315712          4.110247412          4.037336202                    0                    0                    0                    0         -2.809586333         0.7929602388                    0                    0                    0                    0                    0                    0                    0                    0                    0                    0                    0                    0                    0                    0                    0                    0
  "BR3.XNOH0.16L3"                      485          "multipole"           152.730339          5.557585479          1.744183529          11.26278293         -4.287315712          4.110247412          4.037336202                    0                    0                    0                    0         -2.809586333         0.7929602388                    0                    0                    0                    0                    0                    0                    0                    0                    0                    0                    0                    0                    0                    0                    0                    0
  "DRIFT_194"                           486              "drift"           153.057827          4.493191666          1.505993006          14.25542561         -4.850859364          4.120685149          4.041450076                    0                    0                    0                    0         -2.549901371         0.7929602388                    0                    0                    0                    0                    0                    0                    0                    0                    0                    0                    0                    0                    0                    0                    0                    0
  "BR.QDE16"                            487         "quadrupole"           153.936767          4.493382114         -1.506249541          14.25665902          4.849734701          4.155143368          4.050357321                    0                    0                    0                    0         -2.549975111        -0.7931359638                    0                    0                    0                    0                    0                    0        -0.6514121137                    0                    0                    0                    0                    0                    0                    0                    0                    0
  "DRIFT_195"                           488              "drift"           154.079339          4.937667193         -1.609965981          12.90874615           4.60452613          4.159961438          4.052029996                    0                    0                    0                    0         -2.663054092        -0.7931359638                    0                    0                    0                    0                    0                    0                    0                    0                    0                    0                    0                    0                    0                    0                    0                    0
  "BI3.KSW16L4"                         489            "hkicker"           154.449339          6.228632266          -1.87912881           9.73685015          3.968165756          4.170587867          4.057283505                    0                    0                    0                    0         -2.956514399        -0.7931359638                    0                    0                    0                    0                    0                    0                    0                    0                    0                    0                    0                    0                    0                    0                    0                    0
  "DRIFT_196"                           490              "drift"           154.591512          6.777659437         -1.982554991          8.643282564          3.723643423          4.174070724          4.059750146                    0                    0                    0                    0         -3.069276918        -0.7931359638                    0                    0                    0                    0                    0                    0                    0                    0                    0                    0                    0                    0                    0                    0                    0                    0
  "BR.QFO162"                           491         "quadrupole"           155.095082          7.523862887         0.5938229068           6.58497688         0.6142779377          4.184957566          4.070714838                    0                    0                    0                    0         -3.175175292         0.3790892209                    0                    0                    0                    0                    0                    0         0.3696039746                    0                    0                    0                    0                    0                    0                    0                    0                    0
  "DRIFT_197"                           492              "drift"           155.218397          7.380142155         0.5716535725          6.436658177         0.5884849299          4.187591489          4.073729611                    0                    0                    0                    0         -3.128427904         0.3790892209                    0                    0                    0                    0                    0                    0                    0                    0                    0                    0                    0                    0                    0                    0                    0                    0
  "BR3.VVS16L5"                         493             "marker"           155.218397          7.380142155         0.5716535725          6.436658177         0.5884849299          4.187591489          4.073729611                    0                    0                    0                    0         -3.128427904         0.3790892209                    0                    0                    0                    0                    0                    0                    0                    0                    0                    0                    0                    0                    0                    0                    0                    0
  "DRIFT_198"                           494              "drift"           155.462299          7.111981928         0.5278053386          6.162035637         0.5374695127          4.192950564          4.079894876                    0                    0                    0                    0         -3.035967285         0.3790892209                    0                    0                    0                    0                    0                    0                    0                    0                    0                    0                    0                    0                    0                    0                    0                    0
  "BR.STSCRAP162"                       495         "collimator"           155.462299          7.111981928         0.5278053386          6.162035637         0.5374695127          4.192950564          4.079894876                    0                    0                    0                    0         -3.035967285         0.3790892209                    0                    0                    0                    0                    0                    0                    0                    0                    0                    0                    0                    0                    0                    0                    0                    0
  "DRIFT_199"                           496              "drift"           155.462304           7.11197665         0.5278044397          6.162030262         0.5374684669          4.192950676          4.079895006                    0                    0                    0                    0          -3.03596539         0.3790892209                    0                    0                    0                    0                    0                    0                    0                    0                    0                    0                    0                    0                    0                    0                    0                    0
  "BR.BHZ162"                           497              "sbend"               157.08          5.879727328         0.2388432666          4.777006067         0.3028834535          4.232929123          4.128082339                    0                    0                    0                    0         -2.731229057      9.607242833e-05                    0                    0                    0                    0                    0                    0                    0                    0                    0                    0                    0                    0                    0                    0                    0                    0
