@ NAME                 %s               "PSB3"
@ TYPE                 %s              "twiss"
@ TITLE                %n                  nil
@ ORIGIN               %s "MAD 1.1.14 Linux 64"
@ DATE                 %s           "31/08/26"
@ TIME                 %s           "02:33:50"
@ REFCOL               %s               "name"
@ DIRECTION            %le                    1
@ OBSERVE              %le                    0
@ ENERGY               %le          1.098272088
@ DELTAP               %le                    0
@ LENGTH               %le               157.08
@ ALFAP                %le        0.06304771424
@ Q1                   %le           4.23740622
@ Q2                   %le          4.136508956
@ Q3                   %le                    0
@ DQ1                  %le         -6.506133425
@ DQ2                  %le         -12.90712931
@ DQ3                  %le                    0
* NAME                                INDEX                 KIND                    S                 BETX                 ALFX                 BETY                 ALFY                  MUX                  MUY                    X                   PX                    Y                   PY                   DX                  DPX                   DY                  DPY                  R11                  R12                  R21                  R22                  K1L                  K2L                  K3L                  K4L                  K5L                 K1SL                 K2SL                 K3SL                 K4SL                 K5SL
$ %s                                     %d                   %s                  %le                  %le                  %le                  %le                  %le                  %le                  %le                  %le                  %le                  %le                  %le                  %le                  %le                  %le                  %le                  %le                  %le                  %le                  %le                  %le                  %le                  %le                  %le                  %le                  %le                  %le                  %le                  %le                  %le
  "DRIFT_0"                               1              "drift"               0.1795          5.792836305         0.2068427578          4.661823007         0.2627517416       0.004898707303       0.006063828127                    0                    0                    0                    0         -2.725316005       9.60636035e-05                    0                    0                    0                    0                    0                    0                    0                    0                    0                    0                    0                    0                    0                    0                    0                    0
  "BI3.BSW1L1.1"                          2              "rbend"               0.4925          5.680988399         0.1504987923          4.519806442          0.190975305        0.01358676318        0.01692467731                    0                    0                    0                    0         -2.725285937       9.60636035e-05                    0                    0                    0                    0                    0                    0                    0                    0                    0                    0                    0                    0                    0                    0                    0                    0
  "DRIFT_1"                               3              "drift"               0.8695          5.593097331         0.0826340159          4.408403755         0.1045225363        0.02423916761         0.0303826162                    0                    0                    0                    0         -2.725249721       9.60636035e-05                    0                    0                    0                    0                    0                    0                    0                    0                    0                    0                    0                    0                    0                    0                    0                    0
  "BI3.BSW1L1.2"                          4              "rbend"               1.1945          5.558399059        0.02412989835          4.364685788        0.02999428746        0.03352131952        0.04218540032                    0                    0                    0                    0         -2.725218501       9.60636035e-05                    0                    0                    0                    0                    0                    0                    0                    0                    0                    0                    0                    0                    0                    0                    0                    0
  "DRIFT_2"                               5              "drift"             1.327628          5.555164705      0.0001651717024          4.360763841      -0.000534317821        0.03733467912        0.04704274795                    0                    0                    0                    0         -2.725205712       9.60636035e-05                    0                    0                    0                    0                    0                    0                    0                    0                    0                    0                    0                    0                    0                    0                    0                    0
  "BI3.BTV1L1"                            6         "instrument"             1.327628          5.555164705      0.0001651717024          4.360763841      -0.000534317821        0.03733467912        0.04704274795                    0                    0                    0                    0         -2.725205712       9.60636035e-05                    0                    0                    0                    0                    0                    0                    0                    0                    0                    0                    0                    0                    0                    0                    0                    0
  "DRIFT_3"                               7              "drift"                1.334          5.555169909     -0.0009818690268          4.360779961      -0.001995530134        0.03751723628         0.0472753067                    0                    0                    0                    0           -2.7252051       9.60636035e-05                    0                    0                    0                    0                    0                    0                    0                    0                    0                    0                    0                    0                    0                    0                    0                    0
  "BI3.BCSF1L1"                           8         "instrument"                1.334          5.555169909     -0.0009818690268          4.360779961      -0.001995530134        0.03751723628         0.0472753067                    0                    0                    0                    0           -2.7252051       9.60636035e-05                    0                    0                    0                    0                    0                    0                    0                    0                    0                    0                    0                    0                    0                    0                    0                    0
  "BI3.TSTR1L1"                           9         "instrument"                1.334          5.555169909     -0.0009818690268          4.360779961      -0.001995530134        0.03751723628         0.0472753067                    0                    0                    0                    0           -2.7252051       9.60636035e-05                    0                    0                    0                    0                    0                    0                    0                    0                    0                    0                    0                    0                    0                    0                    0                    0
  "DRIFT_4"                              10              "drift"               1.3975          5.556020462       -0.01241267353           4.36195806       -0.01655720337        0.03933640392        0.04959262863                    0                    0                    0                    0            -2.725199       9.60636035e-05                    0                    0                    0                    0                    0                    0                    0                    0                    0                    0                    0                    0                    0                    0                    0                    0
  "BI3.BSW1L1.3"                         11              "rbend"               1.7225          5.583102538       -0.07091679108          4.396941923       -0.09108545224        0.04862886067        0.06141451608                    0                    0                    0                    0         -2.725167779       9.60636035e-05                    0                    0                    0                    0                    0                    0                    0                    0                    0                    0                    0                    0                    0                    0                    0                    0
  "DRIFT_5"                              12              "drift"               2.0935          5.660499921        -0.1377014914          4.496090844        -0.1761623148        0.05913987422        0.07471006855                    0                    0                    0                    0          -2.72513214       9.60636035e-05                    0                    0                    0                    0                    0                    0                    0                    0                    0                    0                    0                    0                    0                    0                    0                    0
  "BI3.BSW1L1.4"                         13              "rbend"               2.4185          5.769019728         -0.196205609           4.63481803        -0.2506905637        0.06819635536        0.08605069853                    0                    0                    0                    0         -2.725100919       9.60636035e-05                    0                    0                    0                    0                    0                    0                    0                    0                    0                    0                    0                    0                    0                    0                    0                    0
  "DRIFT_6"                              14              "drift"                2.456          5.783988292        -0.2029560841            4.6539423         -0.259289977        0.06922956806         0.0873357759                    0                    0                    0                    0         -2.725097317       9.60636035e-05                    0                    0                    0                    0                    0                    0                    0                    0                    0                    0                    0                    0                    0                    0                    0                    0
  "BI3.TDI1L1"                           15         "collimator"                2.526          5.813284206        -0.2155569709          4.691366554        -0.2753422152        0.07115090813        0.08972014913                    0                    0                    0                    0         -2.725090592       9.60636035e-05                    0                    0                    0                    0                    0                    0                    0                    0                    0                    0                    0                    0                    0                    0                    0                    0
  "DRIFT_7"                              16              "drift"             2.654001          5.871416595        -0.2385987726          4.765611911        -0.3046951087        0.07463818171        0.09402915944                    0                    0                    0                    0         -2.725078296       9.60636035e-05                    0                    0                    0                    0                    0                    0                    0                    0                    0                    0                    0                    0                    0                    0                    0                    0
  "BR.BHZ11"                             17              "sbend"             4.271697          7.103486006        -0.5279370018          6.158755129        -0.5405758294         0.1146699427         0.1422891291                    0                    0                    0                    0         -3.029505804        -0.3788970849                    0                    0                    0                    0                    0                    0                    0                    0                    0                    0                    0                    0                    0                    0                    0                    0
  "DRIFT_8"                              18              "drift"               4.2717          7.103489174        -0.5279375419          6.158758373        -0.5405764589         0.1146700099         0.1422892066                    0                    0                    0                    0         -3.029506941        -0.3788970849                    0                    0                    0                    0                    0                    0                    0                    0                    0                    0                    0                    0                    0                    0                    0                    0
  "BR.SPSCRAP11"                         19         "collimator"               4.2717          7.103489174        -0.5279375419          6.158758373        -0.5405764589         0.1146700099         0.1422892066                    0                    0                    0                    0         -3.029506941        -0.3788970849                    0                    0                    0                    0                    0                    0                    0                    0                    0                    0                    0                    0                    0                    0                    0                    0
  "DRIFT_9"                              20              "drift"             4.514819           7.37083245         -0.571702042          6.434008913        -0.5915873806          0.120018444         0.1484375717                    0                    0                    0                    0         -3.121624021        -0.3788970849                    0                    0                    0                    0                    0                    0                    0                    0                    0                    0                    0                    0                    0                    0                    0                    0
  "BR3.VVS1L2"                           21             "marker"             4.514819           7.37083245         -0.571702042          6.434008913        -0.5915873806          0.120018444         0.1484375717                    0                    0                    0                    0         -3.121624021        -0.3788970849                    0                    0                    0                    0                    0                    0                    0                    0                    0                    0                    0                    0                    0                    0                    0                    0
  "DRIFT_10"                             22              "drift"             4.638012          7.514423794        -0.5938783428          6.582952079        -0.6174355803         0.1226530755         0.1514504454                    0                    0                    0                    0          -3.16830149        -0.3788970849                    0                    0                    0                    0                    0                    0                    0                    0                    0                    0                    0                    0                    0                    0                    0                    0
  "BR.QFO11"                             23         "quadrupole"             5.141582          6.768299963          1.982340986          8.646513897         -3.731882321         0.1335538635         0.1624152059                    0                    0                    0                    0         -3.062564068         0.7923060997                    0                    0                    0                    0                    0                    0          0.370079423                    0                    0                    0                    0                    0                    0                    0                    0                    0
  "DRIFT_11"                             24              "drift"             5.467797          5.552469249          1.744743037          11.26501798         -4.295044959          0.142027042         0.1676767923                    0                    0                    0                    0         -2.804101933         0.7923060997                    0                    0                    0                    0                    0                    0                    0                    0                    0                    0                    0                    0                    0                    0                    0                    0
  "BR3.BPM1L3"                           25            "monitor"             5.467797          5.552469249          1.744743037          11.26501798         -4.295044959          0.142027042         0.1676767923                    0                    0                    0                    0         -2.804101933         0.7923060997                    0                    0                    0                    0                    0                    0                    0                    0                    0                    0                    0                    0                    0                    0                    0                    0
  "BR3.ONOH0.1L3"                        26          "multipole"             5.467797          5.552469249          1.744743037          11.26501798         -4.295044959          0.142027042         0.1676767923                    0                    0                    0                    0         -2.804101933         0.7923060997                    0                    0                    0                    0                    0                    0                    0                    0                    0                    0                    0                    0                    0                    0                    0                    0
  "BR3.QSKH0.1L3"                        27          "multipole"             5.467797          5.552469249          1.744743037          11.26501798         -4.295044959          0.142027042         0.1676767923                    0                    0                    0                    0         -2.804101933         0.7923060997                    0                    0                    0                    0                    0                    0                    0                    0                    0                    0                    0                    0                    0                    0                    0                    0
  "BR3.XNOH0.1L3"                        28          "multipole"             5.467797          5.552469249          1.744743037          11.26501798         -4.295044959          0.142027042         0.1676767923                    0                    0                    0                    0         -2.804101933         0.7923060997                    0                    0                    0                    0                    0                    0                    0                    0                    0                    0                    0                    0                    0                    0                    0                    0
  "DRIFT_12"                             29              "drift"             5.795327          4.487692031          1.506187312          14.26372633         -4.860477752         0.1524773412         0.1717895878                    0                    0                    0                    0         -2.544597916         0.7923060997                    0                    0                    0                    0                    0                    0                    0                    0                    0                    0                    0                    0                    0                    0                    0                    0
  "BR.QDE1"                              30         "quadrupole"             6.674267          4.487883876          -1.50644578          14.26496257          4.859350895         0.1869827014         0.1806904789                    0                    0                    0                    0         -2.544671839        -0.7924822696                    0                    0                    0                    0                    0                    0        -0.6522698929                    0                    0                    0                    0                    0                    0                    0                    0                    0
  "DRIFT_13"                             31              "drift"             6.816797          4.932110441         -1.610277471          12.91480791           4.61342439         0.1918050174         0.1823617816                    0                    0                    0                    0         -2.657624337        -0.7924822696                    0                    0                    0                    0                    0                    0                    0                    0                    0                    0                    0                    0                    0                    0                    0                    0
  "BI3.KSW1L4"                           32            "hkicker"             7.186797          6.223446062         -1.879818801           9.73708616          3.975012781         0.2024418752          0.187613993                    0                    0                    0                    0         -2.950842777        -0.7924822696                    0                    0                    0                    0                    0                    0                    0                    0                    0                    0                    0                    0                    0                    0                    0                    0
  "DRIFT_14"                             33              "drift"             7.329012          6.772856712         -1.983421017          8.641370417          3.729629789          0.205928449         0.1900816064                    0                    0                    0                    0         -3.063545643        -0.7924822696                    0                    0                    0                    0                    0                    0                    0                    0                    0                    0                    0                    0                    0                    0                    0                    0
  "BR.QFO12"                             34         "quadrupole"             7.832582          7.519174267         0.5945978736          6.579102713         0.6169605379         0.2168221155         0.2010528481                    0                    0                    0                    0         -3.169278997         0.3790891598                    0                    0                    0                    0                    0                    0          0.370079423                    0                    0                    0                    0                    0                    0                    0                    0                    0
  "DRIFT_15"                             35              "drift"             7.997852          7.327552783         0.5648471797          6.380904521         0.5822782365         0.2203660484         0.2051129488                    0                    0                    0                    0         -3.106626932         0.3790891598                    0                    0                    0                    0                    0                    0                    0                    0                    0                    0                    0                    0                    0                    0                    0                    0
  "BR3.BPP1L5"                           36            "monitor"             7.997852          7.327552783         0.5648471797          6.380904521         0.5822782365         0.2203660484         0.2051129488                    0                    0                    0                    0         -3.106626932         0.3790891598                    0                    0                    0                    0                    0                    0                    0                    0                    0                    0                    0                    0                    0                    0                    0                    0
  "DRIFT_16"                             37              "drift"             8.199799          7.106755779         0.5284941612          6.154284158         0.5398991797         0.2248205495         0.2102427773                    0                    0                    0                    0         -3.030071013         0.3790891598                    0                    0                    0                    0                    0                    0                    0                    0                    0                    0                    0                    0                    0                    0                    0                    0
  "BR.STSCRAP12"                         38         "collimator"             8.199799          7.106755779         0.5284941612          6.154284158         0.5398991797         0.2248205495         0.2102427773                    0                    0                    0                    0         -3.030071013         0.3790891598                    0                    0                    0                    0                    0                    0                    0                    0                    0                    0                    0                    0                    0                    0                    0                    0
  "DRIFT_17"                             39              "drift"             8.199804          7.106750494         0.5284932611          6.154278759         0.5398981304         0.2248206614         0.2102429066                    0                    0                    0                    0         -3.030069118         0.3790891598                    0                    0                    0                    0                    0                    0                    0                    0                    0                    0                    0                    0                    0                    0                    0                    0
  "BR.BHZ12"                             40              "sbend"               9.8175          5.872892908         0.2391550319          4.763539609         0.3039141718         0.2648378887         0.2585318176                    0                    0                    0                    0         -2.725332883      9.601133467e-05                    0                    0                    0                    0                    0                    0                    0                    0                    0                    0                    0                    0                    0                    0                    0                    0
  "DRIFT_18"                             41              "drift"              10.7355          5.585505266        0.07390340143          4.398804697        0.09340054691         0.2904581079          0.290667355                    0                    0                    0                    0         -2.725244745      9.601133467e-05                    0                    0                    0                    0                    0                    0                    0                    0                    0                    0                    0                    0                    0                    0                    0                    0
  "BR3.BWS.2L1.V_ROT"                    42            "monitor"              10.7355          5.585505266        0.07390340143          4.398804697        0.09340054691         0.2904581079          0.290667355                    0                    0                    0                    0         -2.725244745      9.601133467e-05                    0                    0                    0                    0                    0                    0                    0                    0                    0                    0                    0                    0                    0                    0                    0                    0
  "DRIFT_19"                             43              "drift"              10.8335          5.572749041        0.05626215983          4.382700557        0.07092741484         0.2932538852         0.2942199363                    0                    0                    0                    0         -2.725235336      9.601133467e-05                    0                    0                    0                    0                    0                    0                    0                    0                    0                    0                    0                    0                    0                    0                    0                    0
  "BR3.BWS.2L1.H_ROT"                    44            "monitor"              10.8335          5.572749041        0.05626215983          4.382700557        0.07092741484         0.2932538852         0.2942199363                    0                    0                    0                    0         -2.725235336      9.601133467e-05                    0                    0                    0                    0                    0                    0                    0                    0                    0                    0                    0                    0                    0                    0                    0                    0
  "DRIFT_20"                             45              "drift"              11.3695          5.564152926       -0.04022463095          4.372548419       -0.05198685849         0.3085973551         0.3137560361                    0                    0                    0                    0         -2.725183874      9.601133467e-05                    0                    0                    0                    0                    0                    0                    0                    0                    0                    0                    0                    0                    0                    0                    0                    0
  "BI3.KSW2L1"                           46            "hkicker"              11.7395          5.618562887        -0.1068293186          4.442412284        -0.1368343979         0.3191370292         0.3271329696                    0                    0                    0                    0         -2.725148349      9.601133467e-05                    0                    0                    0                    0                    0                    0                    0                    0                    0                    0                    0                    0                    0                    0                    0                    0
  "DRIFT_21"                             47              "drift"            12.471501          5.871416595        -0.2385987726          4.765612365        -0.3046951647         0.3394760704         0.3525609713                    0                    0                    0                    0         -2.725078069      9.601133467e-05                    0                    0                    0                    0                    0                    0                    0                    0                    0                    0                    0                    0                    0                    0                    0                    0
  "BR.BHZ21"                             48              "sbend"            14.089197          7.103486006        -0.5279370018          6.158755706        -0.5405758479         0.3795078314         0.4008209363                    0                    0                    0                    0         -3.029505661        -0.3788971371                    0                    0                    0                    0                    0                    0                    0                    0                    0                    0                    0                    0                    0                    0                    0                    0
  "DRIFT_22"                             49              "drift"           14.0891995          7.103488646        -0.5279374519          6.158758409        -0.5405763724         0.3795078874         0.4008210009                    0                    0                    0                    0         -3.029506608        -0.3788971371                    0                    0                    0                    0                    0                    0                    0                    0                    0                    0                    0                    0                    0                    0                    0                    0
  "BR.STSCRAP21"                         50         "collimator"           14.0891995          7.103488646        -0.5279374519          6.158758409        -0.5405763724         0.3795078874         0.4008210009                    0                    0                    0                    0         -3.029506608        -0.3788971371                    0                    0                    0                    0                    0                    0                    0                    0                    0                    0                    0                    0                    0                    0                    0                    0
  "DRIFT_23"                             51              "drift"            14.455512          7.514423794        -0.5938783428          6.582952667        -0.6174355928         0.3874909642         0.4099822517                    0                    0                    0                    0         -3.168301366        -0.3788971371                    0                    0                    0                    0                    0                    0                    0                    0                    0                    0                    0                    0                    0                    0                    0                    0
  "BR.QFO21"                             52         "quadrupole"            14.959082          6.768299963          1.982340986          8.646514612         -3.731882574         0.3983917522         0.4209470113                    0                    0                    0                    0         -3.062563981         0.7923060079                    0                    0                    0                    0                    0                    0          0.370079423                    0                    0                    0                    0                    0                    0                    0                    0                    0
  "DRIFT_24"                             53              "drift"            15.285302          5.552451801          1.744739396          11.26506182         -4.295053869          0.406865074         0.4262086679                    0                    0                    0                    0         -2.804097915         0.7923060079                    0                    0                    0                    0                    0                    0                    0                    0                    0                    0                    0                    0                    0                    0                    0                    0
  "BR3.BPM2L3"                           54            "monitor"            15.285302          5.552451801          1.744739396          11.26506182         -4.295053869          0.406865074         0.4262086679                    0                    0                    0                    0         -2.804097915         0.7923060079                    0                    0                    0                    0                    0                    0                    0                    0                    0                    0                    0                    0                    0                    0                    0                    0
  "BR3.ONOH0.2L3"                        55          "multipole"            15.285302          5.552451801          1.744739396          11.26506182         -4.295053869          0.406865074         0.4262086679                    0                    0                    0                    0         -2.804097915         0.7923060079                    0                    0                    0                    0                    0                    0                    0                    0                    0                    0                    0                    0                    0                    0                    0                    0
  "BR3.QSK2L3"                           56          "multipole"            15.285302          5.552451801          1.744739396          11.26506182         -4.295053869          0.406865074         0.4262086679                    0                    0                    0                    0         -2.804097915         0.7923060079                    0                    0                    0                    0                    0                    0                    0                    0                    0                    0                    0                    0                    0                    0                    0                    0
  "BR3.XNOH0.2L3"                        57          "multipole"            15.285302          5.552451801          1.744739396          11.26506182         -4.295053869          0.406865074         0.4262086679                    0                    0                    0                    0         -2.804097915         0.7923060079                    0                    0                    0                    0                    0                    0                    0                    0                    0                    0                    0                    0                    0                    0                    0                    0
  "DRIFT_25"                             58              "drift"            15.612827          4.487692031          1.506187312          14.26372741         -4.860478056           0.41731523         0.4303213924                    0                    0                    0                    0          -2.54459789         0.7923060079                    0                    0                    0                    0                    0                    0                    0                    0                    0                    0                    0                    0                    0                    0                    0                    0
  "BR.QDE2"                              59         "quadrupole"            16.491767          4.487883876          -1.50644578          14.26496355          4.859351297         0.4518205901         0.4392222829                    0                    0                    0                    0         -2.544671893        -0.7924823698                    0                    0                    0                    0                    0                    0        -0.6522698929                    0                    0                    0                    0                    0                    0                    0                    0                    0
  "DRIFT_26"                             60              "drift"            16.819302          5.552863129         -1.745051778          11.26685174           4.29421031         0.4622704543          0.443334628                    0                    0                    0                    0         -2.804237606        -0.7924823698                    0                    0                    0                    0                    0                    0                    0                    0                    0                    0                    0                    0                    0                    0                    0                    0
  "BR3.DHZ2L4"                           61            "hkicker"            16.819302          5.552863129         -1.745051778          11.26685174           4.29421031         0.4622704543          0.443334628                    0                    0                    0                    0         -2.804237606        -0.7924823698                    0                    0                    0                    0                    0                    0                    0                    0                    0                    0                    0                    0                    0                    0                    0                    0
  "BR3.DVT2L4"                           62            "vkicker"            16.819302          5.552863129         -1.745051778          11.26685174           4.29421031         0.4622704543          0.443334628                    0                    0                    0                    0         -2.804237606        -0.7924823698                    0                    0                    0                    0                    0                    0                    0                    0                    0                    0                    0                    0                    0                    0                    0                    0
  "BR3.OSK2L4"                           63          "multipole"            16.819302          5.552863129         -1.745051778          11.26685174           4.29421031         0.4622704543          0.443334628                    0                    0                    0                    0         -2.804237606        -0.7924823698                    0                    0                    0                    0                    0                    0                    0                    0                    0                    0                    0                    0                    0                    0                    0                    0
  "BR3.XSK2L4"                           64          "multipole"            16.819302          5.552863129         -1.745051778          11.26685174           4.29421031         0.4622704543          0.443334628                    0                    0                    0                    0         -2.804237606        -0.7924823698                    0                    0                    0                    0                    0                    0                    0                    0                    0                    0                    0                    0                    0                    0                    0                    0
  "DRIFT_27"                             65              "drift"            17.146512          6.772856712         -1.983421017          8.641370927          3.729630089         0.4707663378         0.4486134099                    0                    0                    0                    0         -3.063545762        -0.7924823698                    0                    0                    0                    0                    0                    0                    0                    0                    0                    0                    0                    0                    0                    0                    0                    0
  "BR.QFO22"                             66         "quadrupole"            17.650082          7.519174267         0.5945978736          6.579103027         0.6169606541         0.4816600042         0.4595846509                    0                    0                    0                    0         -3.169279154         0.3790891116                    0                    0                    0                    0                    0                    0          0.370079423                    0                    0                    0                    0                    0                    0                    0                    0                    0
  "DRIFT_28"                             67              "drift"            18.017299          7.106755779         0.5284941612          6.154284388         0.5398992916         0.4896584382         0.4687745797                    0                    0                    0                    0         -3.030071188         0.3790891116                    0                    0                    0                    0                    0                    0                    0                    0                    0                    0                    0                    0                    0                    0                    0                    0
  "BR.STSCRAP22"                         68         "collimator"            18.017299          7.106755779         0.5284941612          6.154284388         0.5398992916         0.4896584382         0.4687745797                    0                    0                    0                    0         -3.030071188         0.3790891116                    0                    0                    0                    0                    0                    0                    0                    0                    0                    0                    0                    0                    0                    0                    0                    0
  "DRIFT_29"                             69              "drift"            18.017304          7.106750494         0.5284932611          6.154278989         0.5398982423         0.4896585502          0.468774709                    0                    0                    0                    0         -3.030069293         0.3790891116                    0                    0                    0                    0                    0                    0                    0                    0                    0                    0                    0                    0                    0                    0                    0                    0
  "BR.BHZ22"                             70              "sbend"               19.635          5.872892908         0.2391550319          4.763539506         0.3039142618         0.5296757774         0.5170636196                    0                    0                    0                    0         -2.725333136      9.596314275e-05                    0                    0                    0                    0                    0                    0                    0                    0                    0                    0                    0                    0                    0                    0                    0                    0
  "DRIFT_30"                             71              "drift"               20.159          5.671685593         0.1448283932          4.508002494         0.1837517919         0.5441457525         0.5350989599                    0                    0                    0                    0         -2.725282851      9.596314275e-05                    0                    0                    0                    0                    0                    0                    0                    0                    0                    0                    0                    0                    0                    0                    0                    0
  "BR3.DES3L1"                           72            "hkicker"               20.724          5.565494053        0.04312123497          4.373566909        0.05418729676         0.5601780358         0.5554055775                    0                    0                    0                    0         -2.725228632      9.596314275e-05                    0                    0                    0                    0                    0                    0                    0                    0                    0                    0                    0                    0                    0                    0                    0                    0
  "HACMAP"                               73             "marker"               20.724          5.565494053        0.04312123497          4.373566909        0.05418729676         0.5601780358         0.5554055775                    0                    0                    0                    0         -2.725228632      9.596314275e-05                    0                    0                    0                    0                    0                    0                    0                    0                    0                    0                    0                    0                    0                    0                    0                    0
  "VACMAP"                               74             "marker"               20.724          5.565494053        0.04312123497          4.373566909        0.05418729676         0.5601780358         0.5554055775                    0                    0                    0                    0         -2.725228632      9.596314275e-05                    0                    0                    0                    0                    0                    0                    0                    0                    0                    0                    0                    0                    0                    0                    0                    0
  "DRIFT_31"                             75              "drift"               21.098          5.558418822       -0.02420350338          4.365110852       -0.03157751952         0.5708880997         0.5690453764                    0                    0                    0                    0         -2.725192742      9.596314275e-05                    0                    0                    0                    0                    0                    0                    0                    0                    0                    0                    0                    0                    0                    0                    0                    0
  "BR3.ONO3L1"                           76          "multipole"               21.098          5.558418822       -0.02420350338          4.365110852       -0.03157751952         0.5708880997         0.5690453764                    0                    0                    0                    0         -2.725192742      9.596314275e-05                    0                    0                    0                    0                    0                    0                    0                    0                    0                    0                    0                    0                    0                    0                    0                    0
  "BR3.QNO3L1"                           77          "multipole"               21.098          5.558418822       -0.02420350338          4.365110852       -0.03157751952         0.5708880997         0.5690453764                    0                    0                    0                    0         -2.725192742      9.596314275e-05                    0                    0                    0                    0                    0                    0                    0                    0                    0                    0                    0                    0                    0                    0                    0                    0
  "BR3.XNO3L1"                           78          "multipole"               21.098          5.558418822       -0.02420350338          4.365110852       -0.03157751952         0.5708880997         0.5690453764                    0                    0                    0                    0         -2.725192742      9.596314275e-05                    0                    0                    0                    0                    0                    0                    0                    0                    0                    0                    0                    0                    0                    0                    0                    0
  "DRIFT_32"                             79              "drift"               21.678          5.647051147        -0.1286108516          4.478883246        -0.1645817801         0.5873940464         0.5899825952                    0                    0                    0                    0         -2.725137083      9.596314275e-05                    0                    0                    0                    0                    0                    0                    0                    0                    0                    0                    0                    0                    0                    0                    0                    0
  "BR3.BPMT3L1"                          80            "monitor"               21.678          5.647051147        -0.1286108516          4.478883246        -0.1645817801         0.5873940464         0.5899825952                    0                    0                    0                    0         -2.725137083      9.596314275e-05                    0                    0                    0                    0                    0                    0                    0                    0                    0                    0                    0                    0                    0                    0                    0                    0
  "DRIFT_33"                             81              "drift"           22.2890015          5.871416834        -0.2385988626          4.765612205         -0.304695233         0.6043139727         0.6110927964                    0                    0                    0                    0          -2.72507845      9.596314275e-05                    0                    0                    0                    0                    0                    0                    0                    0                    0                    0                    0                    0                    0                    0                    0                    0
  "BR.BHZ31"                             82              "sbend"           23.9066975          7.103486534        -0.5279370918          6.158755811        -0.5405759409         0.6443457313         0.6593527618                    0                    0                    0                    0         -3.029506119        -0.3788971853                    0                    0                    0                    0                    0                    0                    0                    0                    0                    0                    0                    0                    0                    0                    0                    0
  "DRIFT_34"                             83              "drift"              23.9067          7.103489174        -0.5279375419          6.158758514        -0.5405764654         0.6443457874         0.6593528264                    0                    0                    0                    0         -3.029507066        -0.3788971853                    0                    0                    0                    0                    0                    0                    0                    0                    0                    0                    0                    0                    0                    0                    0                    0
  "BR.STSCRAP31"                         84         "collimator"              23.9067          7.103489174        -0.5279375419          6.158758514        -0.5405764654         0.6443457874         0.6593528264                    0                    0                    0                    0         -3.029507066        -0.3788971853                    0                    0                    0                    0                    0                    0                    0                    0                    0                    0                    0                    0                    0                    0                    0                    0
  "DRIFT_35"                             85              "drift"            24.273012          7.514423794        -0.5938783428          6.582952225        -0.6174355855          0.652328853          0.668514065                    0                    0                    0                    0         -3.168301652        -0.3788971853                    0                    0                    0                    0                    0                    0                    0                    0                    0                    0                    0                    0                    0                    0                    0                    0
  "BR.QFO31"                             86         "quadrupole"            24.776582          6.768299963          1.982340986          8.646514077         -3.731882387          0.663229641         0.6794788253                    0                    0                    0                    0         -3.062564264         0.7923060667                    0                    0                    0                    0                    0                    0          0.370079423                    0                    0                    0                    0                    0                    0                    0                    0                    0
  "DRIFT_36"                             87              "drift"            25.102807          5.552434354          1.744735754          11.26510411         -4.295062295         0.6717031061         0.6847405528                    0                    0                    0                    0         -2.804094218         0.7923060667                    0                    0                    0                    0                    0                    0                    0                    0                    0                    0                    0                    0                    0                    0                    0                    0
  "BR3.BPM3L3"                           88            "monitor"            25.102807          5.552434354          1.744735754          11.26510411         -4.295062295         0.6717031061         0.6847405528                    0                    0                    0                    0         -2.804094218         0.7923060667                    0                    0                    0                    0                    0                    0                    0                    0                    0                    0                    0                    0                    0                    0                    0                    0
  "BR3.ONOH0.3L3"                        89          "multipole"            25.102807          5.552434354          1.744735754          11.26510411         -4.295062295         0.6717031061         0.6847405528                    0                    0                    0                    0         -2.804094218         0.7923060667                    0                    0                    0                    0                    0                    0                    0                    0                    0                    0                    0                    0                    0                    0                    0                    0
  "BR3.QSKH0.3L3"                        90          "multipole"            25.102807          5.552434354          1.744735754          11.26510411         -4.295062295         0.6717031061         0.6847405528                    0                    0                    0                    0         -2.804094218         0.7923060667                    0                    0                    0                    0                    0                    0                    0                    0                    0                    0                    0                    0                    0                    0                    0                    0
  "BR3.XNOH0.3L3"                        91          "multipole"            25.102807          5.552434354          1.744735754          11.26510411         -4.295062295         0.6717031061         0.6847405528                    0                    0                    0                    0         -2.804094218         0.7923060667                    0                    0                    0                    0                    0                    0                    0                    0                    0                    0                    0                    0                    0                    0                    0                    0
  "DRIFT_37"                             92              "drift"            25.430327          4.487692031          1.506187312          14.26372661         -4.860477832         0.6821531187         0.6888532069                    0                    0                    0                    0         -2.544598135         0.7923060667                    0                    0                    0                    0                    0                    0                    0                    0                    0                    0                    0                    0                    0                    0                    0                    0
  "BR.QDE3"                              93         "quadrupole"            26.309267          4.487883876          -1.50644578          14.26496283          4.859350996         0.7166584788         0.6977540979                    0                    0                    0                    0         -2.544672155        -0.7924824687                    0                    0                    0                    0                    0                    0        -0.6522698929                    0                    0                    0                    0                    0                    0                    0                    0                    0
  "DRIFT_38"                             94              "drift"            26.636807          5.552880579         -1.745055421          11.26680827           4.29420142         0.7271084863         0.7018665138                    0                    0                    0                    0         -2.804241863        -0.7924824687                    0                    0                    0                    0                    0                    0                    0                    0                    0                    0                    0                    0                    0                    0                    0                    0
  "BR3.DHZ3L4"                           95            "hkicker"            26.636807          5.552880579         -1.745055421          11.26680827           4.29420142         0.7271084863         0.7018665138                    0                    0                    0                    0         -2.804241863        -0.7924824687                    0                    0                    0                    0                    0                    0                    0                    0                    0                    0                    0                    0                    0                    0                    0                    0
  "BR3.DVT3L4"                           96            "vkicker"            26.636807          5.552880579         -1.745055421          11.26680827           4.29420142         0.7271084863         0.7018665138                    0                    0                    0                    0         -2.804241863        -0.7924824687                    0                    0                    0                    0                    0                    0                    0                    0                    0                    0                    0                    0                    0                    0                    0                    0
  "DRIFT_39"                             97              "drift"            26.964012          6.772856712         -1.983421017          8.641370552          3.729629865         0.7356042265         0.7071452253                    0                    0                    0                    0         -3.063546089        -0.7924824687                    0                    0                    0                    0                    0                    0                    0                    0                    0                    0                    0                    0                    0                    0                    0                    0
  "BR.QFO32"                             98         "quadrupole"            27.467582          7.519174267         0.5945978736          6.579102799         0.6169605658         0.7464978929         0.7181164668                    0                    0                    0                    0         -3.169279499         0.3790891389                    0                    0                    0                    0                    0                    0          0.370079423                    0                    0                    0                    0                    0                    0                    0                    0                    0
  "DRIFT_40"                             99              "drift"            27.834799          7.106755779         0.5284941612          6.154284224         0.5398992066         0.7544963269         0.7273063959                    0                    0                    0                    0         -3.030071523         0.3790891389                    0                    0                    0                    0                    0                    0                    0                    0                    0                    0                    0                    0                    0                    0                    0                    0
  "BR.STSCRAP32"                        100         "collimator"            27.834799          7.106755779         0.5284941612          6.154284224         0.5398992066         0.7544963269         0.7273063959                    0                    0                    0                    0         -3.030071523         0.3790891389                    0                    0                    0                    0                    0                    0                    0                    0                    0                    0                    0                    0                    0                    0                    0                    0
  "DRIFT_41"                            101              "drift"            27.834804          7.106750494         0.5284932611          6.154278825         0.5398981574         0.7544964389         0.7273065252                    0                    0                    0                    0         -3.030069627         0.3790891389                    0                    0                    0                    0                    0                    0                    0                    0                    0                    0                    0                    0                    0                    0                    0                    0
  "BR.BHZ32"                            102              "sbend"              29.4525          5.872892908         0.2391550319          4.763539593         0.3039141943         0.7945136662         0.7755954359                    0                    0                    0                    0         -2.725333427      9.599042071e-05                    0                    0                    0                    0                    0                    0                    0                    0                    0                    0                    0                    0                    0                    0                    0                    0
  "DRIFT_42"                            103              "drift"              29.8225          5.720561919         0.1725503443           4.57003668         0.2190666535         0.8046801754         0.7882297992                    0                    0                    0                    0          -2.72529791      9.599042071e-05                    0                    0                    0                    0                    0                    0                    0                    0                    0                    0                    0                    0                    0                    0                    0                    0
  "BR3.ONO4L1"                          104          "multipole"              29.8225          5.720561919         0.1725503443           4.57003668         0.2190666535         0.8046801754         0.7882297992                    0                    0                    0                    0          -2.72529791      9.599042071e-05                    0                    0                    0                    0                    0                    0                    0                    0                    0                    0                    0                    0                    0                    0                    0                    0
  "BR3.OSK4L1"                          105          "multipole"              29.8225          5.720561919         0.1725503443           4.57003668         0.2190666535         0.8046801754         0.7882297992                    0                    0                    0                    0          -2.72529791      9.599042071e-05                    0                    0                    0                    0                    0                    0                    0                    0                    0                    0                    0                    0                    0                    0                    0                    0
  "BR3.XNO4L1"                          106          "multipole"              29.8225          5.720561919         0.1725503443           4.57003668         0.2190666535         0.8046801754         0.7882297992                    0                    0                    0                    0          -2.72529791      9.599042071e-05                    0                    0                    0                    0                    0                    0                    0                    0                    0                    0                    0                    0                    0                    0                    0                    0
  "BR3.XSK4L1"                          107          "multipole"              29.8225          5.720561919         0.1725503443           4.57003668         0.2190666535         0.8046801754         0.7882297992                    0                    0                    0                    0          -2.72529791      9.599042071e-05                    0                    0                    0                    0                    0                    0                    0                    0                    0                    0                    0                    0                    0                    0                    0                    0
  "DRIFT_43"                            108              "drift"              30.3565          5.587609844         0.0764235788          4.401464805        0.09661101356         0.8197350402         0.8072245861                    0                    0                    0                    0         -2.725246652      9.599042071e-05                    0                    0                    0                    0                    0                    0                    0                    0                    0                    0                    0                    0                    0                    0                    0                    0
  "BE3.DHZ4L1"                          109            "hkicker"              30.3565          5.587609844         0.0764235788          4.401464805        0.09661101356         0.8197350402         0.8072245861                    0                    0                    0                    0         -2.725246652      9.599042071e-05                    0                    0                    0                    0                    0                    0                    0                    0                    0                    0                    0                    0                    0                    0                    0                    0
  "BE3.DVT4L1"                          110            "vkicker"              30.3565          5.587609844         0.0764235788          4.401464805        0.09661101356         0.8197350402         0.8072245861                    0                    0                    0                    0         -2.725246652      9.599042071e-05                    0                    0                    0                    0                    0                    0                    0                    0                    0                    0                    0                    0                    0                    0                    0                    0
  "DRIFT_44"                            111              "drift"              30.7885          5.555174556      -0.001341894366          4.360789072      -0.002454223238         0.8320882022          0.822943735                    0                    0                    0                    0         -2.725205184      9.599042071e-05                    0                    0                    0                    0                    0                    0                    0                    0                    0                    0                    0                    0                    0                    0                    0                    0
  "BR3.BSGHV4L1"                        112            "monitor"              30.7885          5.555174556      -0.001341894366          4.360789072      -0.002454223238         0.8320882022          0.822943735                    0                    0                    0                    0         -2.725205184      9.599042071e-05                    0                    0                    0                    0                    0                    0                    0                    0                    0                    0                    0                    0                    0                    0                    0                    0
  "DRIFT_45"                            113              "drift"              31.5865          5.671949007        -0.1449920045          4.510736427        -0.1854497301         0.8547911292         0.8517368314                    0                    0                    0                    0         -2.725128583      9.599042071e-05                    0                    0                    0                    0                    0                    0                    0                    0                    0                    0                    0                    0                    0                    0                    0                    0
  "BR3.BWSH4L1"                         114            "monitor"              31.5865          5.671949007        -0.1449920045          4.510736427        -0.1854497301         0.8547911292         0.8517368314                    0                    0                    0                    0         -2.725128583      9.599042071e-05                    0                    0                    0                    0                    0                    0                    0                    0                    0                    0                    0                    0                    0                    0                    0                    0
  "DRIFT_46"                            115              "drift"            32.106501          5.871416595        -0.2385987726          4.765612256        -0.3046951518         0.8691518479         0.8696245911                    0                    0                    0                    0         -2.725078668      9.599042071e-05                    0                    0                    0                    0                    0                    0                    0                    0                    0                    0                    0                    0                    0                    0                    0                    0
  "BR.BHZ41"                            116              "sbend"            33.724197          7.103486006        -0.5279370018          6.158755569        -0.5405758442         0.9091836089         0.9178845572                    0                    0                    0                    0         -3.029506294         -0.378897158                    0                    0                    0                    0                    0                    0                    0                    0                    0                    0                    0                    0                    0                    0                    0                    0
  "DRIFT_47"                            117              "drift"           33.7241995          7.103488646        -0.5279374519          6.158758272        -0.5405763687         0.9091836649         0.9178846218                    0                    0                    0                    0         -3.029507241         -0.378897158                    0                    0                    0                    0                    0                    0                    0                    0                    0                    0                    0                    0                    0                    0                    0                    0
  "BR.STSCRAP41"                        118         "collimator"           33.7241995          7.103488646        -0.5279374519          6.158758272        -0.5405763687         0.9091836649         0.9178846218                    0                    0                    0                    0         -3.029507241         -0.378897158                    0                    0                    0                    0                    0                    0                    0                    0                    0                    0                    0                    0                    0                    0                    0                    0
  "DRIFT_48"                            119              "drift"            34.090512          7.514423794        -0.5938783428          6.582952528        -0.6174355905         0.9171667417         0.9270458729                    0                    0                    0                    0         -3.168302006         -0.378897158                    0                    0                    0                    0                    0                    0                    0                    0                    0                    0                    0                    0                    0                    0                    0                    0
  "BR.QFO41"                            120         "quadrupole"            34.594082          6.768299963          1.982340986          8.646514444         -3.731882515         0.9280675297         0.9380106327                    0                    0                    0                    0         -3.062564573         0.7923062186                    0                    0                    0                    0                    0                    0          0.370079423                    0                    0                    0                    0                    0                    0                    0                    0                    0
  "DRIFT_49"                            121              "drift"            34.920312          5.552416907          1.744732112          11.26514751         -4.295071068         0.9365411381         0.9432724306                    0                    0                    0                    0         -2.804090515         0.7923062186                    0                    0                    0                    0                    0                    0                    0                    0                    0                    0                    0                    0                    0                    0                    0                    0
  "BR3.BPM4L3"                          122            "monitor"            34.920312          5.552416907          1.744732112          11.26514751         -4.295071068         0.9365411381         0.9432724306                    0                    0                    0                    0         -2.804090515         0.7923062186                    0                    0                    0                    0                    0                    0                    0                    0                    0                    0                    0                    0                    0                    0                    0                    0
  "BR3.ONOH0.4L3"                       123          "multipole"            34.920312          5.552416907          1.744732112          11.26514751         -4.295071068         0.9365411381         0.9432724306                    0                    0                    0                    0         -2.804090515         0.7923062186                    0                    0                    0                    0                    0                    0                    0                    0                    0                    0                    0                    0                    0                    0                    0                    0
  "BR3.QNO4L3"                          124          "multipole"            34.920312          5.552416907          1.744732112          11.26514751         -4.295071068         0.9365411381         0.9432724306                    0                    0                    0                    0         -2.804090515         0.7923062186                    0                    0                    0                    0                    0                    0                    0                    0                    0                    0                    0                    0                    0                    0                    0                    0
  "BR3.XNOH0.4L3"                       125          "multipole"            34.920312          5.552416907          1.744732112          11.26514751         -4.295071068         0.9365411381         0.9432724306                    0                    0                    0                    0         -2.804090515         0.7923062186                    0                    0                    0                    0                    0                    0                    0                    0                    0                    0                    0                    0                    0                    0                    0                    0
  "DRIFT_50"                            126              "drift"            35.247827          4.487692031          1.506187312          14.26372716         -4.860477986         0.9469910074         0.9473850139                    0                    0                    0                    0         -2.544598344         0.7923062186                    0                    0                    0                    0                    0                    0                    0                    0                    0                    0                    0                    0                    0                    0                    0                    0
  "BR.QDE4"                             127         "quadrupole"            36.126767          4.487883876          -1.50644578          14.26496332          4.859351203         0.9814963676         0.9562859046                    0                    0                    0                    0          -2.54467228        -0.7924824211                    0                    0                    0                    0                    0                    0        -0.6522698929                    0                    0                    0                    0                    0                    0                    0                    0                    0
  "DRIFT_51"                            128              "drift"            36.454312           5.55289803         -1.745059063          11.26676569          4.294192973         0.9919465183          0.960398391                    0                    0                    0                    0         -2.804245935        -0.7924824211                    0                    0                    0                    0                    0                    0                    0                    0                    0                    0                    0                    0                    0                    0                    0                    0
  "BR3.DHZ4L4"                          129            "hkicker"            36.454312           5.55289803         -1.745059063          11.26676569          4.294192973         0.9919465183          0.960398391                    0                    0                    0                    0         -2.804245935        -0.7924824211                    0                    0                    0                    0                    0                    0                    0                    0                    0                    0                    0                    0                    0                    0                    0                    0
  "BR3.DVT4L4"                          130            "vkicker"            36.454312           5.55289803         -1.745059063          11.26676569          4.294192973         0.9919465183          0.960398391                    0                    0                    0                    0         -2.804245935        -0.7924824211                    0                    0                    0                    0                    0                    0                    0                    0                    0                    0                    0                    0                    0                    0                    0                    0
  "DRIFT_52"                            131              "drift"            36.781512          6.772856712         -1.983421017          8.641370809          3.729630018          1.000442115         0.9656770316                    0                    0                    0                    0         -3.063546183        -0.7924824211                    0                    0                    0                    0                    0                    0                    0                    0                    0                    0                    0                    0                    0                    0                    0                    0
  "BR.QFO42"                            132         "quadrupole"            37.285082          7.519174267         0.5945978736          6.579102955         0.6169606263          1.011335782         0.9766482729                    0                    0                    0                    0         -3.169279562          0.379089216                    0                    0                    0                    0                    0                    0          0.370079423                    0                    0                    0                    0                    0                    0                    0                    0                    0
  "DRIFT_53"                            133              "drift"             37.45044          7.327453371         0.5648313386          6.380802255         0.5822598565          1.014881626         0.9807105684                    0                    0                    0                    0         -3.106594127          0.379089216                    0                    0                    0                    0                    0                    0                    0                    0                    0                    0                    0                    0                    0                    0                    0                    0
  "BR3.BPTF4L5"                         134            "monitor"             37.45044          7.327453371         0.5648313386          6.380802255         0.5822598565          1.014881626         0.9807105684                    0                    0                    0                    0         -3.106594127          0.379089216                    0                    0                    0                    0                    0                    0                    0                    0                    0                    0                    0                    0                    0                    0                    0                    0
  "DRIFT_54"                            135              "drift"            37.652299          7.106755779         0.5284941612          6.154284337         0.5398992649          1.019334216         0.9858382017                    0                    0                    0                    0         -3.030071557          0.379089216                    0                    0                    0                    0                    0                    0                    0                    0                    0                    0                    0                    0                    0                    0                    0                    0
  "BR.STSCRAP42"                        136         "collimator"            37.652299          7.106755779         0.5284941612          6.154284337         0.5398992649          1.019334216         0.9858382017                    0                    0                    0                    0         -3.030071557          0.379089216                    0                    0                    0                    0                    0                    0                    0                    0                    0                    0                    0                    0                    0                    0                    0                    0
  "DRIFT_55"                            137              "drift"            37.652304          7.106750494         0.5284932611          6.154278938         0.5398982156          1.019334328          0.985838331                    0                    0                    0                    0         -3.030069662          0.379089216                    0                    0                    0                    0                    0                    0                    0                    0                    0                    0                    0                    0                    0                    0                    0                    0
  "BR.BHZ42"                            138              "sbend"                39.27          5.872892908         0.2391550319          4.763539534         0.3039142406          1.059351555          1.034127242                    0                    0                    0                    0         -2.725333337      9.606749743e-05                    0                    0                    0                    0                    0                    0                    0                    0                    0                    0                    0                    0                    0                    0                    0                    0
  "DRIFT_56"                            139              "drift"            39.521261          5.764076819         0.1939248686          4.625293246         0.2462956493          1.066226819          1.042650749                    0                    0                    0                    0         -2.725309199      9.606749743e-05                    0                    0                    0                    0                    0                    0                    0                    0                    0                    0                    0                    0                    0                    0                    0                    0
  "BR3.ACWF5L1.1"                       140           "rfcavity"            40.464261          5.558410603        0.02417292138          4.364700175        0.03004907091          1.092866031          1.076303927                    0                    0                    0                    0         -2.725218607      9.606749743e-05                    0                    0                    0                    0                    0                    0                    0                    0                    0                    0                    0                    0                    0                    0                    0                    0
  "DRIFT_57"                            141              "drift"            40.575761          5.555258004       0.004101508744          4.360850167       0.004480148861           1.09605975          1.080371913                    0                    0                    0                    0         -2.725207896      9.606749743e-05                    0                    0                    0                    0                    0                    0                    0                    0                    0                    0                    0                    0                    0                    0                    0                    0
  "BR3.ACWF5L1.2"                       142           "rfcavity"            41.518761          5.707598645        -0.1656504385           4.55632113        -0.2117664296          1.122839358          1.114297943                    0                    0                    0                    0         -2.725117304      9.606749743e-05                    0                    0                    0                    0                    0                    0                    0                    0                    0                    0                    0                    0                    0                    0                    0                    0
  "DRIFT_58"                            143              "drift"            41.924001          5.871416595        -0.2385987726          4.765612012        -0.3046951289          1.133989737            1.1281564                    0                    0                    0                    0         -2.725078374      9.606749743e-05                    0                    0                    0                    0                    0                    0                    0                    0                    0                    0                    0                    0                    0                    0                    0                    0
  "BR.BHZ51"                            144              "sbend"            43.541697          7.103486006        -0.5279370018          6.158755284        -0.5405758422          1.174021498          1.176416369                    0                    0                    0                    0         -3.029505876         -0.378897081                    0                    0                    0                    0                    0                    0                    0                    0                    0                    0                    0                    0                    0                    0                    0                    0
  "DRIFT_59"                            145              "drift"           43.5416995          7.103488646        -0.5279374519          6.158757987        -0.5405763668          1.174021554          1.176416433                    0                    0                    0                    0         -3.029506823         -0.378897081                    0                    0                    0                    0                    0                    0                    0                    0                    0                    0                    0                    0                    0                    0                    0                    0
  "BR.STSCRAP51"                        146         "collimator"           43.5416995          7.103488646        -0.5279374519          6.158757987        -0.5405763668          1.174021554          1.176416433                    0                    0                    0                    0         -3.029506823         -0.378897081                    0                    0                    0                    0                    0                    0                    0                    0                    0                    0                    0                    0                    0                    0                    0                    0
  "DRIFT_60"                            147              "drift"            43.908012          7.514423794        -0.5938783428          6.582952243         -0.617435592           1.18200463          1.185577685                    0                    0                    0                    0          -3.16830156         -0.378897081                    0                    0                    0                    0                    0                    0                    0                    0                    0                    0                    0                    0                    0                    0                    0                    0
  "BR.QFO51"                            148         "quadrupole"            44.411582          6.768299963          1.982340986          8.646514106         -3.731882404          1.192905418          1.196542445                    0                    0                    0                    0         -3.062564129         0.7923061284                    0                    0                    0                    0                    0                    0          0.370079423                    0                    0                    0                    0                    0                    0                    0                    0                    0
  "DRIFT_61"                            149              "drift"            44.737806          5.552437843          1.744736482          11.26509556         -4.295060589          1.201378855          1.201804158                    0                    0                    0                    0         -2.804094855         0.7923061284                    0                    0                    0                    0                    0                    0                    0                    0                    0                    0                    0                    0                    0                    0                    0                    0
  "BR3.BPM5L3"                          150            "monitor"            44.737806          5.552437843          1.744736482          11.26509556         -4.295060589          1.201378855          1.201804158                    0                    0                    0                    0         -2.804094855         0.7923061284                    0                    0                    0                    0                    0                    0                    0                    0                    0                    0                    0                    0                    0                    0                    0                    0
  "BR3.ONOH0.5L3"                       151          "multipole"            44.737806          5.552437843          1.744736482          11.26509556         -4.295060589          1.201378855          1.201804158                    0                    0                    0                    0         -2.804094855         0.7923061284                    0                    0                    0                    0                    0                    0                    0                    0                    0                    0                    0                    0                    0                    0                    0                    0
  "BR3.QSKH0.5L3"                       152          "multipole"            44.737806          5.552437843          1.744736482          11.26509556         -4.295060589          1.201378855          1.201804158                    0                    0                    0                    0         -2.804094855         0.7923061284                    0                    0                    0                    0                    0                    0                    0                    0                    0                    0                    0                    0                    0                    0                    0                    0
  "BR3.XNOH0.5L3"                       153          "multipole"            44.737806          5.552437843          1.744736482          11.26509556         -4.295060589          1.201378855          1.201804158                    0                    0                    0                    0         -2.804094855         0.7923061284                    0                    0                    0                    0                    0                    0                    0                    0                    0                    0                    0                    0                    0                    0                    0                    0
  "DRIFT_62"                            154              "drift"            45.065327          4.487692031          1.506187312          14.26372666         -4.860477855          1.211828896          1.205916827                    0                    0                    0                    0          -2.54459796         0.7923061284                    0                    0                    0                    0                    0                    0                    0                    0                    0                    0                    0                    0                    0                    0                    0                    0
  "BR.QDE5"                             155         "quadrupole"            45.944267          4.487883876          -1.50644578          14.26496289          4.859351014          1.246334256          1.214817718                    0                    0                    0                    0         -2.544671868        -0.7924822631                    0                    0                    0                    0                    0                    0        -0.6522698929                    0                    0                    0                    0                    0                    0                    0                    0                    0
  "DRIFT_63"                            156              "drift"            46.110806           5.00985267         -1.627767789          12.69427537           4.57199849           1.25192529          1.216787453                    0                    0                    0                    0         -2.676651071        -0.7924822631                    0                    0                    0                    0                    0                    0                    0                    0                    0                    0                    0                    0                    0                    0                    0                    0
  "BR3.DHZ5L4"                          157            "hkicker"            46.110806           5.00985267         -1.627767789          12.69427537           4.57199849           1.25192529          1.216787453                    0                    0                    0                    0         -2.676651071        -0.7924822631                    0                    0                    0                    0                    0                    0                    0                    0                    0                    0                    0                    0                    0                    0                    0                    0
  "BR3.DVT5L4"                          158            "vkicker"            46.110806           5.00985267         -1.627767789          12.69427537           4.57199849           1.25192529          1.216787453                    0                    0                    0                    0         -2.676651071        -0.7924822631                    0                    0                    0                    0                    0                    0                    0                    0                    0                    0                    0                    0                    0                    0                    0                    0
  "DRIFT_64"                            159              "drift"            46.599012          6.772856712         -1.983421017          8.641370592           3.72962988          1.265280004          1.224208845                    0                    0                    0                    0         -3.063545667        -0.7924822631                    0                    0                    0                    0                    0                    0                    0                    0                    0                    0                    0                    0                    0                    0                    0                    0
  "BR.QFO52"                            160         "quadrupole"            47.102582          7.519174267         0.5945978736          6.579102832         0.6169605666           1.27617367          1.235180086                    0                    0                    0                    0         -3.169279016         0.3790891743                    0                    0                    0                    0                    0                    0          0.370079423                    0                    0                    0                    0                    0                    0                    0                    0                    0
  "DRIFT_65"                            161              "drift"            47.469799          7.106755779         0.5284941612          6.154284257         0.5398992078          1.284172104          1.244370015                    0                    0                    0                    0         -3.030071026         0.3790891743                    0                    0                    0                    0                    0                    0                    0                    0                    0                    0                    0                    0                    0                    0                    0                    0
  "BR.STSCRAP52"                        162         "collimator"            47.469799          7.106755779         0.5284941612          6.154284257         0.5398992078          1.284172104          1.244370015                    0                    0                    0                    0         -3.030071026         0.3790891743                    0                    0                    0                    0                    0                    0                    0                    0                    0                    0                    0                    0                    0                    0                    0                    0
  "DRIFT_66"                            163              "drift"            47.469804          7.106750494         0.5284932611          6.154278858         0.5398981586          1.284172216          1.244370145                    0                    0                    0                    0         -3.030069131         0.3790891743                    0                    0                    0                    0                    0                    0                    0                    0                    0                    0                    0                    0                    0                    0                    0                    0
  "BR.BHZ52"                            164              "sbend"              49.0875          5.872892908         0.2391550319          4.763539619         0.3039141975          1.324189444          1.292659055                    0                    0                    0                    0         -2.725332873      9.602586868e-05                    0                    0                    0                    0                    0                    0                    0                    0                    0                    0                    0                    0                    0                    0                    0                    0
  "DRIFT_67"                            165              "drift"              49.4575          5.720561919         0.1725503443          4.570036702          0.219066657          1.334355953          1.305293419                    0                    0                    0                    0         -2.725297344      9.602586868e-05                    0                    0                    0                    0                    0                    0                    0                    0                    0                    0                    0                    0                    0                    0                    0                    0
  "BR3.ONO6L1"                          166          "multipole"              49.4575          5.720561919         0.1725503443          4.570036702          0.219066657          1.334355953          1.305293419                    0                    0                    0                    0         -2.725297344      9.602586868e-05                    0                    0                    0                    0                    0                    0                    0                    0                    0                    0                    0                    0                    0                    0                    0                    0
  "BR3.OSK6L1"                          167          "multipole"              49.4575          5.720561919         0.1725503443          4.570036702          0.219066657          1.334355953          1.305293419                    0                    0                    0                    0         -2.725297344      9.602586868e-05                    0                    0                    0                    0                    0                    0                    0                    0                    0                    0                    0                    0                    0                    0                    0                    0
  "BR3.XNO6L1"                          168          "multipole"              49.4575          5.720561919         0.1725503443          4.570036702          0.219066657          1.334355953          1.305293419                    0                    0                    0                    0         -2.725297344      9.602586868e-05                    0                    0                    0                    0                    0                    0                    0                    0                    0                    0                    0                    0                    0                    0                    0                    0
  "BR3.XSK6L1"                          169          "multipole"              49.4575          5.720561919         0.1725503443          4.570036702          0.219066657          1.334355953          1.305293419                    0                    0                    0                    0         -2.725297344      9.602586868e-05                    0                    0                    0                    0                    0                    0                    0                    0                    0                    0                    0                    0                    0                    0                    0                    0
  "DRIFT_68"                            170              "drift"           51.7415015          5.871416834        -0.2385988626          4.765612563        -0.3046952611          1.398827639          1.386688227                    0                    0                    0                    0         -2.725078021      9.602586868e-05                    0                    0                    0                    0                    0                    0                    0                    0                    0                    0                    0                    0                    0                    0                    0                    0
  "BR.BHZ61"                            171              "sbend"           53.3591975          7.103486534        -0.5279370918           6.15875621        -0.5405759374          1.438859398          1.434948189                    0                    0                    0                    0         -3.029505589        -0.3788971226                    0                    0                    0                    0                    0                    0                    0                    0                    0                    0                    0                    0                    0                    0                    0                    0
  "DRIFT_69"                            172              "drift"              53.3592          7.103489174        -0.5279375419          6.158758913        -0.5405764619          1.438859454          1.434948253                    0                    0                    0                    0         -3.029506536        -0.3788971226                    0                    0                    0                    0                    0                    0                    0                    0                    0                    0                    0                    0                    0                    0                    0                    0
  "BR.STSCRAP61"                        173         "collimator"              53.3592          7.103489174        -0.5279375419          6.158758913        -0.5405764619          1.438859454          1.434948253                    0                    0                    0                    0         -3.029506536        -0.3788971226                    0                    0                    0                    0                    0                    0                    0                    0                    0                    0                    0                    0                    0                    0                    0                    0
  "DRIFT_70"                            174              "drift"            53.725512          7.514423794        -0.5938783428          6.582952619        -0.6174355768          1.446842519          1.444109491                    0                    0                    0                    0         -3.168301099        -0.3788971226                    0                    0                    0                    0                    0                    0                    0                    0                    0                    0                    0                    0                    0                    0                    0                    0
  "BR.QFO61"                            175         "quadrupole"            54.229082          6.768299963          1.982340986          8.646514535         -3.731882531          1.457743307          1.455074251                    0                    0                    0                    0         -3.062563731         0.7923059254                    0                    0                    0                    0                    0                    0          0.370079423                    0                    0                    0                    0                    0                    0                    0                    0                    0
  "DRIFT_71"                            176              "drift"            54.555311          5.552420396          1.744732841          11.26513902         -4.295069356          1.466216887          1.460336035                    0                    0                    0                    0         -2.804090562         0.7923059254                    0                    0                    0                    0                    0                    0                    0                    0                    0                    0                    0                    0                    0                    0                    0                    0
  "BR3.BPM6L3"                          177            "monitor"            54.555311          5.552420396          1.744732841          11.26513902         -4.295069356          1.466216887          1.460336035                    0                    0                    0                    0         -2.804090562         0.7923059254                    0                    0                    0                    0                    0                    0                    0                    0                    0                    0                    0                    0                    0                    0                    0                    0
  "BR3.ONOH0.6L3"                       178          "multipole"            54.555311          5.552420396          1.744732841          11.26513902         -4.295069356          1.466216887          1.460336035                    0                    0                    0                    0         -2.804090562         0.7923059254                    0                    0                    0                    0                    0                    0                    0                    0                    0                    0                    0                    0                    0                    0                    0                    0
  "BR3.QSK6L3"                          179          "multipole"            54.555311          5.552420396          1.744732841          11.26513902         -4.295069356          1.466216887          1.460336035                    0                    0                    0                    0         -2.804090562         0.7923059254                    0                    0                    0                    0                    0                    0                    0                    0                    0                    0                    0                    0                    0                    0                    0                    0
  "BR3.XNOH0.6L3"                       180          "multipole"            54.555311          5.552420396          1.744732841          11.26513902         -4.295069356          1.466216887          1.460336035                    0                    0                    0                    0         -2.804090562         0.7923059254                    0                    0                    0                    0                    0                    0                    0                    0                    0                    0                    0                    0                    0                    0                    0                    0
  "DRIFT_72"                            181              "drift"            54.882827          4.487692031          1.506187312          14.26372727         -4.860477999          1.476666785          1.464448632                    0                    0                    0                    0         -2.544597694         0.7923059254                    0                    0                    0                    0                    0                    0                    0                    0                    0                    0                    0                    0                    0                    0                    0                    0
  "BR.QDE6"                             182         "quadrupole"            55.761767          4.487883876          -1.50644578          14.26496339          4.859351252          1.511172145          1.473349523                    0                    0                    0                    0         -2.544671719        -0.7924823371                    0                    0                    0                    0                    0                    0        -0.6522698929                    0                    0                    0                    0                    0                    0                    0                    0                    0
  "DRIFT_73"                            183              "drift"            56.089311           5.55289454         -1.745058335          11.26677432          4.294194739          1.521622267          1.477461995                    0                    0                    0                    0         -2.804244553        -0.7924823371                    0                    0                    0                    0                    0                    0                    0                    0                    0                    0                    0                    0                    0                    0                    0                    0
  "BR3.DHZ6L4"                          184            "hkicker"            56.089311           5.55289454         -1.745058335          11.26677432          4.294194739          1.521622267          1.477461995                    0                    0                    0                    0         -2.804244553        -0.7924823371                    0                    0                    0                    0                    0                    0                    0                    0                    0                    0                    0                    0                    0                    0                    0                    0
  "BR3.DVT6L4"                          185            "vkicker"            56.089311           5.55289454         -1.745058335          11.26677432          4.294194739          1.521622267          1.477461995                    0                    0                    0                    0         -2.804244553        -0.7924823371                    0                    0                    0                    0                    0                    0                    0                    0                    0                    0                    0                    0                    0                    0                    0                    0
  "BR3.OSK6L4"                          186          "multipole"            56.089311           5.55289454         -1.745058335          11.26677432          4.294194739          1.521622267          1.477461995                    0                    0                    0                    0         -2.804244553        -0.7924823371                    0                    0                    0                    0                    0                    0                    0                    0                    0                    0                    0                    0                    0                    0                    0                    0
  "BR3.XSK6L4"                          187          "multipole"            56.089311           5.55289454         -1.745058335          11.26677432          4.294194739          1.521622267          1.477461995                    0                    0                    0                    0         -2.804244553        -0.7924823371                    0                    0                    0                    0                    0                    0                    0                    0                    0                    0                    0                    0                    0                    0                    0                    0
  "DRIFT_74"                            188              "drift"            56.416512          6.772856712         -1.983421017          8.641370825          3.729630051          1.530117893           1.48274065                    0                    0                    0                    0         -3.063545566        -0.7924823371                    0                    0                    0                    0                    0                    0                    0                    0                    0                    0                    0                    0                    0                    0                    0                    0
  "BR.QFO62"                            189         "quadrupole"            56.920082          7.519174267         0.5945978736          6.579102944         0.6169606514          1.541011559          1.493711891                    0                    0                    0                    0          -3.16927896          0.379089071                    0                    0                    0                    0                    0                    0          0.370079423                    0                    0                    0                    0                    0                    0                    0                    0                    0
  "DRIFT_75"                            190              "drift"              57.2873          7.106754722         0.5284939812          6.154283227         0.5398990782          1.549010015          1.502901846                    0                    0                    0                    0          -3.03007063          0.379089071                    0                    0                    0                    0                    0                    0                    0                    0                    0                    0                    0                    0                    0                    0                    0                    0
  "BR.STSCRAP62"                        191         "collimator"              57.2873          7.106754722         0.5284939812          6.154283227         0.5398990782          1.549010015          1.502901846                    0                    0                    0                    0          -3.03007063          0.379089071                    0                    0                    0                    0                    0                    0                    0                    0                    0                    0                    0                    0                    0                    0                    0                    0
  "DRIFT_76"                            192              "drift"           57.2873045          7.106749966         0.5284931711          6.154278368         0.5398981338          1.549010116          1.502901962                    0                    0                    0                    0         -3.030068924          0.379089071                    0                    0                    0                    0                    0                    0                    0                    0                    0                    0                    0                    0                    0                    0                    0                    0
  "BR.BHZ62"                            193              "sbend"           58.9050005          5.872892669         0.2391549419          4.763539258         0.3039141441          1.589027346          1.551190877                    0                    0                    0                    0         -2.725332832      9.592257911e-05                    0                    0                    0                    0                    0                    0                    0                    0                    0                    0                    0                    0                    0                    0                    0                    0
  "DRIFT_77"                            194              "drift"            59.156261          5.764076819         0.1939248686          4.625293266         0.2462956673          1.595902596          1.559714367                    0                    0                    0                    0         -2.725308731      9.592257911e-05                    0                    0                    0                    0                    0                    0                    0                    0                    0                    0                    0                    0                    0                    0                    0                    0
  "BR3.ACWF7L1.1"                       195           "rfcavity"            60.099261          5.558410603        0.02417292138          4.364700161        0.03004908797          1.622541809          1.593367545                    0                    0                    0                    0         -2.725218276      9.592257911e-05                    0                    0                    0                    0                    0                    0                    0                    0                    0                    0                    0                    0                    0                    0                    0                    0
  "DRIFT_78"                            196              "drift"            60.210761          5.555258004       0.004101508744           4.36085015       0.004480165809          1.625735528          1.597435532                    0                    0                    0                    0         -2.725207581      9.592257911e-05                    0                    0                    0                    0                    0                    0                    0                    0                    0                    0                    0                    0                    0                    0                    0                    0
  "BR3.ACWF7L1.2"                       197           "rfcavity"            61.153761          5.707598645        -0.1656504385          4.556321081        -0.2117664135          1.652515135          1.631361561                    0                    0                    0                    0         -2.725117126      9.592257911e-05                    0                    0                    0                    0                    0                    0                    0                    0                    0                    0                    0                    0                    0                    0                    0                    0
  "DRIFT_79"                            198              "drift"           61.5590015          5.871416834        -0.2385988626          4.765612255        -0.3046952279          1.663665528          1.645220035                    0                    0                    0                    0         -2.725078254      9.592257911e-05                    0                    0                    0                    0                    0                    0                    0                    0                    0                    0                    0                    0                    0                    0                    0                    0
  "BR.BHZ71"                            199              "sbend"           63.1766975          7.103486534        -0.5279370918          6.158755836        -0.5405759301          1.703697286              1.69348                    0                    0                    0                    0         -3.029505989        -0.3788972259                    0                    0                    0                    0                    0                    0                    0                    0                    0                    0                    0                    0                    0                    0                    0                    0
  "DRIFT_80"                            200              "drift"              63.1767          7.103489174        -0.5279375419          6.158758539        -0.5405764546          1.703697342          1.693480065                    0                    0                    0                    0         -3.029506936        -0.3788972259                    0                    0                    0                    0                    0                    0                    0                    0                    0                    0                    0                    0                    0                    0                    0                    0
  "BR.STSCRAP71"                        201         "collimator"              63.1767          7.103489174        -0.5279375419          6.158758539        -0.5405764546          1.703697342          1.693480065                    0                    0                    0                    0         -3.029506936        -0.3788972259                    0                    0                    0                    0                    0                    0                    0                    0                    0                    0                    0                    0                    0                    0                    0                    0
  "DRIFT_81"                            202              "drift"            63.543012          7.514423794        -0.5938783428          6.582952241        -0.6174355738          1.711680408          1.702641304                    0                    0                    0                    0         -3.168301536        -0.3788972259                    0                    0                    0                    0                    0                    0                    0                    0                    0                    0                    0                    0                    0                    0                    0                    0
  "BR.QFO71"                            203         "quadrupole"            64.046582          6.768299963          1.982340986          8.646514082         -3.731882375          1.722581196          1.713606064                    0                    0                    0                    0         -3.062564179         0.7923059884                    0                    0                    0                    0                    0                    0          0.370079423                    0                    0                    0                    0                    0                    0                    0                    0                    0
  "DRIFT_82"                            204              "drift"            64.372816          5.552402949          1.744729199          11.26518141         -4.295077818          1.731054919          1.718867919                    0                    0                    0                    0         -2.804087027         0.7923059884                    0                    0                    0                    0                    0                    0                    0                    0                    0                    0                    0                    0                    0                    0                    0                    0
  "BR3.BPM7L3"                          205            "monitor"            64.372816          5.552402949          1.744729199          11.26518141         -4.295077818          1.731054919          1.718867919                    0                    0                    0                    0         -2.804087027         0.7923059884                    0                    0                    0                    0                    0                    0                    0                    0                    0                    0                    0                    0                    0                    0                    0                    0
  "BR3.ONOH0.7L3"                       206          "multipole"            64.372816          5.552402949          1.744729199          11.26518141         -4.295077818          1.731054919          1.718867919                    0                    0                    0                    0         -2.804087027         0.7923059884                    0                    0                    0                    0                    0                    0                    0                    0                    0                    0                    0                    0                    0                    0                    0                    0
  "BR3.QSKH0.7L3"                       207          "multipole"            64.372816          5.552402949          1.744729199          11.26518141         -4.295077818          1.731054919          1.718867919                    0                    0                    0                    0         -2.804087027         0.7923059884                    0                    0                    0                    0                    0                    0                    0                    0                    0                    0                    0                    0                    0                    0                    0                    0
  "BR3.XNOH0.7L3"                       208          "multipole"            64.372816          5.552402949          1.744729199          11.26518141         -4.295077818          1.731054919          1.718867919                    0                    0                    0                    0         -2.804087027         0.7923059884                    0                    0                    0                    0                    0                    0                    0                    0                    0                    0                    0                    0                    0                    0                    0                    0
  "DRIFT_83"                            209              "drift"            64.700327          4.487692031          1.506187312          14.26372659         -4.860477814          1.741504674          1.722980446                    0                    0                    0                    0         -2.544598101         0.7923059884                    0                    0                    0                    0                    0                    0                    0                    0                    0                    0                    0                    0                    0                    0                    0                    0
  "BR.QDE7"                             210         "quadrupole"            65.579267          4.487883876          -1.50644578          14.26496279          4.859350997          1.776010034          1.731881337                    0                    0                    0                    0         -2.544672186        -0.7924825462                    0                    0                    0                    0                    0                    0        -0.6522698929                    0                    0                    0                    0                    0                    0                    0                    0                    0
  "DRIFT_84"                            211              "drift"            65.906816           5.55291199         -1.745061977          11.26673094           4.29418589          1.786460299           1.73599388                    0                    0                    0                    0         -2.804249052        -0.7924825462                    0                    0                    0                    0                    0                    0                    0                    0                    0                    0                    0                    0                    0                    0                    0                    0
  "BR3.DSHAH7L4"                        212            "hkicker"            65.906816           5.55291199         -1.745061977          11.26673094           4.29418589          1.786460299           1.73599388                    0                    0                    0                    0         -2.804249052        -0.7924825462                    0                    0                    0                    0                    0                    0                    0                    0                    0                    0                    0                    0                    0                    0                    0                    0
  "BR3.DSHAV7L4"                        213            "vkicker"            65.906816           5.55291199         -1.745061977          11.26673094           4.29418589          1.786460299           1.73599388                    0                    0                    0                    0         -2.804249052        -0.7924825462                    0                    0                    0                    0                    0                    0                    0                    0                    0                    0                    0                    0                    0                    0                    0                    0
  "DRIFT_85"                            214              "drift"            66.234012          6.772856712         -1.983421017          8.641370517          3.729629863          1.794955781          1.741272464                    0                    0                    0                    0         -3.063546171        -0.7924825462                    0                    0                    0                    0                    0                    0                    0                    0                    0                    0                    0                    0                    0                    0                    0                    0
  "BR.QFO72"                            215         "quadrupole"            66.737582          7.519174267         0.5945978736          6.579102761         0.6169605744          1.805849448          1.752243706                    0                    0                    0                    0         -3.169279612         0.3790890979                    0                    0                    0                    0                    0                    0          0.370079423                    0                    0                    0                    0                    0                    0                    0                    0                    0
  "DRIFT_86"                            216              "drift"              67.1048          7.106754722         0.5284939812            6.1542831         0.5398990044          1.813847904          1.761433661                    0                    0                    0                    0         -3.030071271         0.3790890979                    0                    0                    0                    0                    0                    0                    0                    0                    0                    0                    0                    0                    0                    0                    0                    0
  "BR.STSCRAP72"                        217         "collimator"              67.1048          7.106754722         0.5284939812            6.1542831         0.5398990044          1.813847904          1.761433661                    0                    0                    0                    0         -3.030071271         0.3790890979                    0                    0                    0                    0                    0                    0                    0                    0                    0                    0                    0                    0                    0                    0                    0                    0
  "DRIFT_87"                            218              "drift"           67.1048045          7.106749966         0.5284931711          6.154278241           0.53989806          1.813848005          1.761433777                    0                    0                    0                    0         -3.030069565         0.3790890979                    0                    0                    0                    0                    0                    0                    0                    0                    0                    0                    0                    0                    0                    0                    0                    0
  "BR.BHZ72"                            219              "sbend"           68.7225005          5.872892669         0.2391549419          4.763539347         0.3039140866          1.853865235          1.809722691                    0                    0                    0                    0         -2.725333431      9.594947553e-05                    0                    0                    0                    0                    0                    0                    0                    0                    0                    0                    0                    0                    0                    0                    0                    0
  "DRIFT_88"                            220              "drift"             69.08625           5.72272583         0.1736754234          4.572784023         0.2204998966          1.863857878          1.822139442                    0                    0                    0                    0         -2.725298529      9.594947553e-05                    0                    0                    0                    0                    0                    0                    0                    0                    0                    0                    0                    0                    0                    0                    0                    0
  "BR3.ONO8L1"                          221          "multipole"             69.08625           5.72272583         0.1736754234          4.572784023         0.2204998966          1.863857878          1.822139442                    0                    0                    0                    0         -2.725298529      9.594947553e-05                    0                    0                    0                    0                    0                    0                    0                    0                    0                    0                    0                    0                    0                    0                    0                    0
  "BR3.QNO8L1"                          222          "multipole"             69.08625           5.72272583         0.1736754234          4.572784023         0.2204998966          1.863857878          1.822139442                    0                    0                    0                    0         -2.725298529      9.594947553e-05                    0                    0                    0                    0                    0                    0                    0                    0                    0                    0                    0                    0                    0                    0                    0                    0
  "BR3.XNO8L1"                          223          "multipole"             69.08625           5.72272583         0.1736754234          4.572784023         0.2204998966          1.863857878          1.822139442                    0                    0                    0                    0         -2.725298529      9.594947553e-05                    0                    0                    0                    0                    0                    0                    0                    0                    0                    0                    0                    0                    0                    0                    0                    0
  "DRIFT_89"                            224              "drift"             69.59625          5.592398193        0.08186896205          4.407519656         0.1035478819          1.878225333          1.840258741                    0                    0                    0                    0         -2.725249595      9.594947553e-05                    0                    0                    0                    0                    0                    0                    0                    0                    0                    0                    0                    0                    0                    0                    0                    0
  "BR3.DHZ8L1"                          225            "hkicker"             69.59625          5.592398193        0.08186896205          4.407519656         0.1035478819          1.878225333          1.840258741                    0                    0                    0                    0         -2.725249595      9.594947553e-05                    0                    0                    0                    0                    0                    0                    0                    0                    0                    0                    0                    0                    0                    0                    0                    0
  "BR3.DVT8L1"                          226            "vkicker"             69.59625          5.592398193        0.08186896205          4.407519656         0.1035478819          1.878225333          1.840258741                    0                    0                    0                    0         -2.725249595      9.594947553e-05                    0                    0                    0                    0                    0                    0                    0                    0                    0                    0                    0                    0                    0                    0                    0                    0
  "DRIFT_90"                            227              "drift"             69.94025          5.557374326        0.01994460379           4.36341525        0.02466260145          1.888052327          1.852755994                    0                    0                    0                    0         -2.725216588      9.594947553e-05                    0                    0                    0                    0                    0                    0                    0                    0                    0                    0                    0                    0                    0                    0                    0                    0
  "BR3.BCTI8L1"                         228            "monitor"             70.46955          5.586693047       -0.07533610211          4.401552714       -0.09671524439          1.903193695          1.872025357                    0                    0                    0                    0         -2.725165802      9.594947553e-05                    0                    0                    0                    0                    0                    0                    0                    0                    0                    0                    0                    0                    0                    0                    0                    0
  "DRIFT_91"                            229              "drift"            70.565273          5.602765279       -0.09256745486          4.422169674        -0.1186662203          1.905916891           1.87547878                    0                    0                    0                    0         -2.725156617      9.594947553e-05                    0                    0                    0                    0                    0                    0                    0                    0                    0                    0                    0                    0                    0                    0                    0                    0
  "BR3.BCW8L1"                          230            "monitor"            70.905773          5.686674429        -0.1538617688          4.529568518        -0.1967488889          1.915523511          1.887599014                    0                    0                    0                    0         -2.725123947      9.594947553e-05                    0                    0                    0                    0                    0                    0                    0                    0                    0                    0                    0                    0                    0                    0                    0                    0
  "DRIFT_92"                            231              "drift"            71.041223          5.731658221        -0.1782444849          4.587075016        -0.2278099681          1.919299846          1.892329075                    0                    0                    0                    0          -2.72511095      9.594947553e-05                    0                    0                    0                    0                    0                    0                    0                    0                    0                    0                    0                    0                    0                    0                    0                    0
  "BR3.VVS8L1"                          232             "marker"            71.041223          5.731658221        -0.1782444849          4.587075016        -0.2278099681          1.919299846          1.892329075                    0                    0                    0                    0          -2.72511095      9.594947553e-05                    0                    0                    0                    0                    0                    0                    0                    0                    0                    0                    0                    0                    0                    0                    0                    0
  "DRIFT_93"                            233              "drift"            71.188223          5.787951994        -0.2047063473          4.659006472        -0.2615196664           1.92336224          1.897390771                    0                    0                    0                    0         -2.725096846      9.594947553e-05                    0                    0                    0                    0                    0                    0                    0                    0                    0                    0                    0                    0                    0                    0                    0                    0
  "BR3.BPP8L1"                          234            "monitor"            71.188223          5.787951994        -0.2047063473          4.659006472        -0.2615196664           1.92336224          1.897390771                    0                    0                    0                    0         -2.725096846      9.594947553e-05                    0                    0                    0                    0                    0                    0                    0                    0                    0                    0                    0                    0                    0                    0                    0                    0
  "DRIFT_94"                            235              "drift"            71.376501          5.871416595        -0.2385987726          4.765612263        -0.3046951398          1.928503403          1.903751829                    0                    0                    0                    0         -2.725078781      9.594947553e-05                    0                    0                    0                    0                    0                    0                    0                    0                    0                    0                    0                    0                    0                    0                    0                    0
  "BR.BHZ81"                            236              "sbend"            72.994197          7.103486006        -0.5279370018          6.158755533        -0.5405758298          1.968535164          1.952011795                    0                    0                    0                    0         -3.029506472         -0.378897199                    0                    0                    0                    0                    0                    0                    0                    0                    0                    0                    0                    0                    0                    0                    0                    0
  "DRIFT_95"                            237              "drift"           72.9941995          7.103488646        -0.5279374519          6.158758236        -0.5405763544           1.96853522           1.95201186                    0                    0                    0                    0         -3.029507419         -0.378897199                    0                    0                    0                    0                    0                    0                    0                    0                    0                    0                    0                    0                    0                    0                    0                    0
  "BR.STSCRAP81"                        238         "collimator"           72.9941995          7.103488646        -0.5279374519          6.158758236        -0.5405763544           1.96853522           1.95201186                    0                    0                    0                    0         -3.029507419         -0.378897199                    0                    0                    0                    0                    0                    0                    0                    0                    0                    0                    0                    0                    0                    0                    0                    0
  "DRIFT_96"                            239              "drift"            73.360512          7.514423794        -0.5938783428          6.582952481        -0.6174355757          1.976518297          1.961173111                    0                    0                    0                    0           -3.1683022         -0.378897199                    0                    0                    0                    0                    0                    0                    0                    0                    0                    0                    0                    0                    0                    0                    0                    0
  "BR.QFO81"                            240         "quadrupole"            73.864082          6.768299963          1.982340986          8.646514371         -3.731882475          1.987419085          1.972137871                    0                    0                    0                    0         -3.062564768         0.7923062507                    0                    0                    0                    0                    0                    0          0.370079423                    0                    0                    0                    0                    0                    0                    0                    0                    0
  "DRIFT_97"                            241              "drift"            74.190321          5.552385502          1.744725557          11.26522472         -4.295086558          1.995892951          1.977399796                    0                    0                    0                    0         -2.804083569         0.7923062507                    0                    0                    0                    0                    0                    0                    0                    0                    0                    0                    0                    0                    0                    0                    0                    0
  "BR3.BPM8L3"                          242            "monitor"            74.190321          5.552385502          1.744725557          11.26522472         -4.295086558          1.995892951          1.977399796                    0                    0                    0                    0         -2.804083569         0.7923062507                    0                    0                    0                    0                    0                    0                    0                    0                    0                    0                    0                    0                    0                    0                    0                    0
  "BR3.ONOH0.8L3"                       243          "multipole"            74.190321          5.552385502          1.744725557          11.26522472         -4.295086558          1.995892951          1.977399796                    0                    0                    0                    0         -2.804083569         0.7923062507                    0                    0                    0                    0                    0                    0                    0                    0                    0                    0                    0                    0                    0                    0                    0                    0
  "BR3.QNO8L3"                          244          "multipole"            74.190321          5.552385502          1.744725557          11.26522472         -4.295086558          1.995892951          1.977399796                    0                    0                    0                    0         -2.804083569         0.7923062507                    0                    0                    0                    0                    0                    0                    0                    0                    0                    0                    0                    0                    0                    0                    0                    0
  "BR3.XNOH0.8L3"                       245          "multipole"            74.190321          5.552385502          1.744725557          11.26522472         -4.295086558          1.995892951          1.977399796                    0                    0                    0                    0         -2.804083569         0.7923062507                    0                    0                    0                    0                    0                    0                    0                    0                    0                    0                    0                    0                    0                    0                    0                    0
  "DRIFT_98"                            246              "drift"            74.517827          4.487692031          1.506187312          14.26372702         -4.860477932          2.006342562          1.981512252                    0                    0                    0                    0         -2.544598518         0.7923062507                    0                    0                    0                    0                    0                    0                    0                    0                    0                    0                    0                    0                    0                    0                    0                    0
  "BR.QDE8"                             247         "quadrupole"            75.396767          4.487883876          -1.50644578          14.26496317           4.85935116          2.040847922          1.990413143                    0                    0                    0                    0         -2.544672476        -0.7924825043                    0                    0                    0                    0                    0                    0        -0.6522698929                    0                    0                    0                    0                    0                    0                    0                    0                    0
  "DRIFT_99"                            248              "drift"            75.693797           5.44707542         -1.722829188          11.53044683           4.34684464          2.050415005           1.99409953                    0                    0                    0                    0         -2.780063555        -0.7924825043                    0                    0                    0                    0                    0                    0                    0                    0                    0                    0                    0                    0                    0                    0                    0                    0
  "BR3.TSAA8L4"                         249         "collimator"            75.693797           5.44707542         -1.722829188          11.53044683           4.34684464          2.050415005           1.99409953                    0                    0                    0                    0         -2.780063555        -0.7924825043                    0                    0                    0                    0                    0                    0                    0                    0                    0                    0                    0                    0                    0                    0                    0                    0
  "DRIFT_100"                           250              "drift"            75.865797          6.061280311         -1.848129482           10.0861776          4.050069495          2.055179859           1.99663805                    0                    0                    0                    0         -2.916370545        -0.7924825043                    0                    0                    0                    0                    0                    0                    0                    0                    0                    0                    0                    0                    0                    0                    0                    0
  "BR3.TSAB8L4"                         251         "collimator"            75.865797          6.061280311         -1.848129482           10.0861776          4.050069495          2.055179859           1.99663805                    0                    0                    0                    0         -2.916370545        -0.7924825043                    0                    0                    0                    0                    0                    0                    0                    0                    0                    0                    0                    0                    0                    0                    0                    0
  "DRIFT_101"                           252              "drift"            76.051512          6.772856712         -1.983421017          8.641370713          3.729629983           2.05979367           1.99980427                    0                    0                    0                    0         -3.063546434        -0.7924825043                    0                    0                    0                    0                    0                    0                    0                    0                    0                    0                    0                    0                    0                    0                    0                    0
  "BR.QFO82"                            253         "quadrupole"            76.555082          7.519174267         0.5945978736          6.579102877         0.6169606234          2.070687337          2.010775511                    0                    0                    0                    0          -3.16927983         0.3790892302                    0                    0                    0                    0                    0                    0          0.370079423                    0                    0                    0                    0                    0                    0                    0                    0                    0
  "DRIFT_102"                           254              "drift"              76.9223          7.106754722         0.5284939812          6.154283181         0.5398990513          2.078685793          2.019965466                    0                    0                    0                    0         -3.030071441         0.3790892302                    0                    0                    0                    0                    0                    0                    0                    0                    0                    0                    0                    0                    0                    0                    0                    0
  "BR.STSCRAP82"                        255         "collimator"              76.9223          7.106754722         0.5284939812          6.154283181         0.5398990513          2.078685793          2.019965466                    0                    0                    0                    0         -3.030071441         0.3790892302                    0                    0                    0                    0                    0                    0                    0                    0                    0                    0                    0                    0                    0                    0                    0                    0
  "DRIFT_103"                           256              "drift"           76.9223045          7.106749966         0.5284931711          6.154278322          0.539898107          2.078685894          2.019965583                    0                    0                    0                    0         -3.030069735         0.3790892302                    0                    0                    0                    0                    0                    0                    0                    0                    0                    0                    0                    0                    0                    0                    0                    0
  "BR.BHZ82"                            257              "sbend"           78.5400005          5.872892669         0.2391549419          4.763539291         0.3039141232          2.118703123          2.068254497                    0                    0                    0                    0         -2.725333387      9.608172095e-05                    0                    0                    0                    0                    0                    0                    0                    0                    0                    0                    0                    0                    0                    0                    0                    0
  "DRIFT_104"                           258              "drift"               78.924          5.715765791         0.1700301669          4.563947728         0.2158562475          2.129259285           2.08137673                    0                    0                    0                    0         -2.725296492      9.608172095e-05                    0                    0                    0                    0                    0                    0                    0                    0                    0                    0                    0                    0                    0                    0                    0                    0
  "BR3.DHZ9L1"                          259            "hkicker"               78.924          5.715765791         0.1700301669          4.563947728         0.2158562475          2.129259285           2.08137673                    0                    0                    0                    0         -2.725296492      9.608172095e-05                    0                    0                    0                    0                    0                    0                    0                    0                    0                    0                    0                    0                    0                    0                    0                    0
  "BR3.DVT9L1"                          260            "vkicker"               78.924          5.715765791         0.1700301669          4.563947728         0.2158562475          2.129259285           2.08137673                    0                    0                    0                    0         -2.725296492      9.608172095e-05                    0                    0                    0                    0                    0                    0                    0                    0                    0                    0                    0                    0                    0                    0                    0                    0
  "DRIFT_105"                           261              "drift"              79.4089          5.593196556         0.0827420235           4.40852935         0.1046601029          2.142925204          2.098615435                    0                    0                    0                    0         -2.725249902      9.608172095e-05                    0                    0                    0                    0                    0                    0                    0                    0                    0                    0                    0                    0                    0                    0                    0                    0
  "BR3.BCTDC9L1"                        262            "monitor"              79.7289          5.558674959         0.0251379693          4.365029015        0.03127844422          2.152064087          2.110235688                    0                    0                    0                    0         -2.725219156      9.608172095e-05                    0                    0                    0                    0                    0                    0                    0                    0                    0                    0                    0                    0                    0                    0                    0                    0
  "DRIFT_106"                           263              "drift"               80.634          5.660637667        -0.1377914978          4.496267199        -0.1762769909          2.177857042          2.142982246                    0                    0                    0                    0         -2.725132192      9.608172095e-05                    0                    0                    0                    0                    0                    0                    0                    0                    0                    0                    0                    0                    0                    0                    0                    0
  "BR3.ONO9L1"                          264          "multipole"               80.634          5.660637667        -0.1377914978          4.496267199        -0.1762769909          2.177857042          2.142982246                    0                    0                    0                    0         -2.725132192      9.608172095e-05                    0                    0                    0                    0                    0                    0                    0                    0                    0                    0                    0                    0                    0                    0                    0                    0
  "BR3.OSK9L1"                          265          "multipole"               80.634          5.660637667        -0.1377914978          4.496267199        -0.1762769909          2.177857042          2.142982246                    0                    0                    0                    0         -2.725132192      9.608172095e-05                    0                    0                    0                    0                    0                    0                    0                    0                    0                    0                    0                    0                    0                    0                    0                    0
  "BR3.XNO9L1"                          266          "multipole"               80.634          5.660637667        -0.1377914978          4.496267199        -0.1762769909          2.177857042          2.142982246                    0                    0                    0                    0         -2.725132192      9.608172095e-05                    0                    0                    0                    0                    0                    0                    0                    0                    0                    0                    0                    0                    0                    0                    0                    0
  "BR3.XSK9L1"                          267          "multipole"               80.634          5.660637667        -0.1377914978          4.496267199        -0.1762769909          2.177857042          2.142982246                    0                    0                    0                    0         -2.725132192      9.608172095e-05                    0                    0                    0                    0                    0                    0                    0                    0                    0                    0                    0                    0                    0                    0                    0                    0
  "DRIFT_107"                           268              "drift"            81.194001          5.871416595        -0.2385987726          4.765612064        -0.3046951229          2.193341292          2.162283638                    0                    0                    0                    0         -2.725078387      9.608172095e-05                    0                    0                    0                    0                    0                    0                    0                    0                    0                    0                    0                    0                    0                    0                    0                    0
  "BR.BHZ91"                            269              "sbend"            82.811697          7.103486006        -0.5279370018          6.158755307        -0.5405758303          2.233373052          2.210543606                    0                    0                    0                    0         -3.029505865        -0.3788970667                    0                    0                    0                    0                    0                    0                    0                    0                    0                    0                    0                    0                    0                    0                    0                    0
  "DRIFT_108"                           270              "drift"           82.8116995          7.103488646        -0.5279374519           6.15875801        -0.5405763548          2.233373108           2.21054367                    0                    0                    0                    0         -3.029506813        -0.3788970667                    0                    0                    0                    0                    0                    0                    0                    0                    0                    0                    0                    0                    0                    0                    0                    0
  "BR.STSCRAP91"                        271         "collimator"           82.8116995          7.103488646        -0.5279374519           6.15875801        -0.5405763548          2.233373108           2.21054367                    0                    0                    0                    0         -3.029506813        -0.3788970667                    0                    0                    0                    0                    0                    0                    0                    0                    0                    0                    0                    0                    0                    0                    0                    0
  "DRIFT_109"                           272              "drift"            83.178012          7.514423794        -0.5938783428          6.582952257        -0.6174355791          2.241356185          2.219704922                    0                    0                    0                    0         -3.168301544        -0.3788970667                    0                    0                    0                    0                    0                    0                    0                    0                    0                    0                    0                    0                    0                    0                    0                    0
  "BR.QFO91"                            273         "quadrupole"            83.681582          6.768299963          1.982340986          8.646514107          -3.73188239          2.252256973          2.230669682                    0                    0                    0                    0         -3.062564109         0.7923061358                    0                    0                    0                    0                    0                    0          0.370079423                    0                    0                    0                    0                    0                    0                    0                    0                    0
  "DRIFT_110"                           274              "drift"            84.007826          5.552368054          1.744721915          11.26526735         -4.295095098          2.260730983          2.235931678                    0                    0                    0                    0         -2.804078986         0.7923061358                    0                    0                    0                    0                    0                    0                    0                    0                    0                    0                    0                    0                    0                    0                    0                    0
  "BR3.BPM9L3"                          275            "monitor"            84.007826          5.552368054          1.744721915          11.26526735         -4.295095098          2.260730983          2.235931678                    0                    0                    0                    0         -2.804078986         0.7923061358                    0                    0                    0                    0                    0                    0                    0                    0                    0                    0                    0                    0                    0                    0                    0                    0
  "BR3.ONOH0.9L3"                       276          "multipole"            84.007826          5.552368054          1.744721915          11.26526735         -4.295095098          2.260730983          2.235931678                    0                    0                    0                    0         -2.804078986         0.7923061358                    0                    0                    0                    0                    0                    0                    0                    0                    0                    0                    0                    0                    0                    0                    0                    0
  "BR3.QSKH0.9L3"                       277          "multipole"            84.007826          5.552368054          1.744721915          11.26526735         -4.295095098          2.260730983          2.235931678                    0                    0                    0                    0         -2.804078986         0.7923061358                    0                    0                    0                    0                    0                    0                    0                    0                    0                    0                    0                    0                    0                    0                    0                    0
  "BR3.XNOH0.9L3"                       278          "multipole"            84.007826          5.552368054          1.744721915          11.26526735         -4.295095098          2.260730983          2.235931678                    0                    0                    0                    0         -2.804078986         0.7923061358                    0                    0                    0                    0                    0                    0                    0                    0                    0                    0                    0                    0                    0                    0                    0                    0
  "DRIFT_111"                           279              "drift"            84.335327          4.487692031          1.506187312          14.26372664         -4.860477833          2.271180451          2.240044064                    0                    0                    0                    0         -2.544597934         0.7923061358                    0                    0                    0                    0                    0                    0                    0                    0                    0                    0                    0                    0                    0                    0                    0                    0
  "BR.QDE9"                             280         "quadrupole"            85.214267          4.487883876          -1.50644578          14.26496284          4.859351012          2.305685811          2.248944955                    0                    0                    0                    0         -2.544671827         -0.792482235                    0                    0                    0                    0                    0                    0        -0.6522698929                    0                    0                    0                    0                    0                    0                    0                    0                    0
  "DRIFT_112"                           281              "drift"            85.541826          5.552946892         -1.745069262          11.26664509           4.29416865          2.316136363          2.253057639                    0                    0                    0                    0         -2.804256516         -0.792482235                    0                    0                    0                    0                    0                    0                    0                    0                    0                    0                    0                    0                    0                    0                    0                    0
  "BR3.DSHAH9L4"                        282            "hkicker"            85.541826          5.552946892         -1.745069262          11.26664509           4.29416865          2.316136363          2.253057639                    0                    0                    0                    0         -2.804256516         -0.792482235                    0                    0                    0                    0                    0                    0                    0                    0                    0                    0                    0                    0                    0                    0                    0                    0
  "BR3.DSHAV9L4"                        283            "vkicker"            85.541826          5.552946892         -1.745069262          11.26664509           4.29416865          2.316136363          2.253057639                    0                    0                    0                    0         -2.804256516         -0.792482235                    0                    0                    0                    0                    0                    0                    0                    0                    0                    0                    0                    0                    0                    0                    0                    0
  "DRIFT_113"                           284              "drift"            85.869012          6.772856712         -1.983421017          8.641370551          3.729629875          2.324631559          2.258336082                    0                    0                    0                    0         -3.063545608         -0.792482235                    0                    0                    0                    0                    0                    0                    0                    0                    0                    0                    0                    0                    0                    0                    0                    0
  "BR.QFO92"                            285         "quadrupole"            86.372582          7.519174267         0.5945978736          6.579102789         0.6169605753          2.335525225          2.269307324                    0                    0                    0                    0         -3.169278948         0.3790891787                    0                    0                    0                    0                    0                    0          0.370079423                    0                    0                    0                    0                    0                    0                    0                    0                    0
  "DRIFT_114"                           286              "drift"            86.739799          7.106755779         0.5284941612          6.154284207         0.5398992154          2.343523659          2.278497253                    0                    0                    0                    0         -3.030070957         0.3790891787                    0                    0                    0                    0                    0                    0                    0                    0                    0                    0                    0                    0                    0                    0                    0                    0
  "BR.STSCRAP92"                        287         "collimator"            86.739799          7.106755779         0.5284941612          6.154284207         0.5398992154          2.343523659          2.278497253                    0                    0                    0                    0         -3.030070957         0.3790891787                    0                    0                    0                    0                    0                    0                    0                    0                    0                    0                    0                    0                    0                    0                    0                    0
  "DRIFT_115"                           288              "drift"            86.739804          7.106750494         0.5284932611          6.154278808         0.5398981661          2.343523771          2.278497382                    0                    0                    0                    0         -3.030069062         0.3790891787                    0                    0                    0                    0                    0                    0                    0                    0                    0                    0                    0                    0                    0                    0                    0                    0
  "BR.BHZ92"                            289              "sbend"              88.3575          5.872892908         0.2391550319          4.763539555         0.3039141986          2.383540999          2.326786293                    0                    0                    0                    0         -2.725332797      9.603020196e-05                    0                    0                    0                    0                    0                    0                    0                    0                    0                    0                    0                    0                    0                    0                    0                    0
  "DRIFT_116"                           290              "drift"            91.011501          5.871416595        -0.2385987726          4.765612211        -0.3046951539           2.45817918          2.420815449                    0                    0                    0                    0         -2.725077933      9.603020196e-05                    0                    0                    0                    0                    0                    0                    0                    0                    0                    0                    0                    0                    0                    0                    0                    0
  "BR.BHZ101"                           291              "sbend"            92.629197          7.103486006        -0.5279370018          6.158755539        -0.5405758509          2.498210941          2.469075416                    0                    0                    0                    0         -3.029505495        -0.3788971183                    0                    0                    0                    0                    0                    0                    0                    0                    0                    0                    0                    0                    0                    0                    0                    0
  "DRIFT_117"                           292              "drift"           92.6291995          7.103488646        -0.5279374519          6.158758242        -0.5405763755          2.498210997           2.46907548                    0                    0                    0                    0         -3.029506442        -0.3788971183                    0                    0                    0                    0                    0                    0                    0                    0                    0                    0                    0                    0                    0                    0                    0                    0
  "BR.STSCRAP101"                       293         "collimator"           92.6291995          7.103488646        -0.5279374519          6.158758242        -0.5405763755          2.498210997           2.46907548                    0                    0                    0                    0         -3.029506442        -0.3788971183                    0                    0                    0                    0                    0                    0                    0                    0                    0                    0                    0                    0                    0                    0                    0                    0
  "DRIFT_118"                           294              "drift"            92.995512          7.514423794        -0.5938783428          6.582952503        -0.6174355981          2.506194074          2.478236731                    0                    0                    0                    0         -3.168301193        -0.3788971183                    0                    0                    0                    0                    0                    0                    0                    0                    0                    0                    0                    0                    0                    0                    0                    0
  "BR.QFO101"                           295         "quadrupole"            93.499082          6.768299963          1.982340986          8.646514423         -3.731882517          2.517094862          2.489201491                    0                    0                    0                    0         -3.062563814         0.7923059629                    0                    0                    0                    0                    0                    0          0.370079423                    0                    0                    0                    0                    0                    0                    0                    0                    0
  "DRIFT_119"                           296              "drift"             93.82532          5.552388991          1.744726285          11.26521621         -4.295084882            2.5255687          2.494463402                    0                    0                    0                    0         -2.804083502         0.7923059629                    0                    0                    0                    0                    0                    0                    0                    0                    0                    0                    0                    0                    0                    0                    0                    0
  "BR3.BPM10L3"                         297            "monitor"             93.82532          5.552388991          1.744726285          11.26521621         -4.295084882            2.5255687          2.494463402                    0                    0                    0                    0         -2.804083502         0.7923059629                    0                    0                    0                    0                    0                    0                    0                    0                    0                    0                    0                    0                    0                    0                    0                    0
  "BR3.ONOH0.10L3"                      298          "multipole"             93.82532          5.552388991          1.744726285          11.26521621         -4.295084882            2.5255687          2.494463402                    0                    0                    0                    0         -2.804083502         0.7923059629                    0                    0                    0                    0                    0                    0                    0                    0                    0                    0                    0                    0                    0                    0                    0                    0
  "BR3.QSK10L3"                         299          "multipole"             93.82532          5.552388991          1.744726285          11.26521621         -4.295084882            2.5255687          2.494463402                    0                    0                    0                    0         -2.804083502         0.7923059629                    0                    0                    0                    0                    0                    0                    0                    0                    0                    0                    0                    0                    0                    0                    0                    0
  "BR3.XNOH0.10L3"                      300          "multipole"             93.82532          5.552388991          1.744726285          11.26521621         -4.295084882            2.5255687          2.494463402                    0                    0                    0                    0         -2.804083502         0.7923059629                    0                    0                    0                    0                    0                    0                    0                    0                    0                    0                    0                    0                    0                    0                    0                    0
  "DRIFT_120"                           301              "drift"            94.152827          4.487692031          1.506187312          14.26372714         -4.860477991           2.53601834          2.498575872                    0                    0                    0                    0         -2.544597753         0.7923059629                    0                    0                    0                    0                    0                    0                    0                    0                    0                    0                    0                    0                    0                    0                    0                    0
  "BR.QDE10"                            302         "quadrupole"            95.031767          4.487883876          -1.50644578          14.26496332          4.859351192            2.5705237          2.507476763                    0                    0                    0                    0         -2.544671758        -0.7924823301                    0                    0                    0                    0                    0                    0        -0.6522698929                    0                    0                    0                    0                    0                    0                    0                    0                    0
  "DRIFT_121"                           303              "drift"             95.35932          5.552925951         -1.745064891          11.26669699          4.294179161           2.58097408          2.511589362                    0                    0                    0                    0         -2.804251723        -0.7924823301                    0                    0                    0                    0                    0                    0                    0                    0                    0                    0                    0                    0                    0                    0                    0                    0
  "BR3.DHZ10L4"                         304            "hkicker"             95.35932          5.552925951         -1.745064891          11.26669699          4.294179161           2.58097408          2.511589362                    0                    0                    0                    0         -2.804251723        -0.7924823301                    0                    0                    0                    0                    0                    0                    0                    0                    0                    0                    0                    0                    0                    0                    0                    0
  "BR3.DVT10L4"                         305            "vkicker"             95.35932          5.552925951         -1.745064891          11.26669699          4.294179161           2.58097408          2.511589362                    0                    0                    0                    0         -2.804251723        -0.7924823301                    0                    0                    0                    0                    0                    0                    0                    0                    0                    0                    0                    0                    0                    0                    0                    0
  "DRIFT_122"                           306              "drift"            95.686512          6.772856712         -1.983421017          8.641370821          3.729630013          2.589469448           2.51686789                    0                    0                    0                    0         -3.063545602        -0.7924823301                    0                    0                    0                    0                    0                    0                    0                    0                    0                    0                    0                    0                    0                    0                    0                    0
  "BR.QFO102"                           307         "quadrupole"            96.190082          7.519174267         0.5945978736          6.579102973         0.6169606177          2.600363114          2.527839131                    0                    0                    0                    0         -3.169278989           0.37908909                    0                    0                    0                    0                    0                    0          0.370079423                    0                    0                    0                    0                    0                    0                    0                    0                    0
  "DRIFT_123"                           308              "drift"              96.5573          7.106754722         0.5284939812          6.154283281         0.5398990472           2.60836157          2.537029086                    0                    0                    0                    0         -3.030070652           0.37908909                    0                    0                    0                    0                    0                    0                    0                    0                    0                    0                    0                    0                    0                    0                    0                    0
  "BR.STSCRAP102"                       309         "collimator"              96.5573          7.106754722         0.5284939812          6.154283281         0.5398990472           2.60836157          2.537029086                    0                    0                    0                    0         -3.030070652           0.37908909                    0                    0                    0                    0                    0                    0                    0                    0                    0                    0                    0                    0                    0                    0                    0                    0
  "DRIFT_124"                           310              "drift"           96.5573045          7.106749966         0.5284931711          6.154278422         0.5398981029          2.608361671          2.537029202                    0                    0                    0                    0         -3.030068946           0.37908909                    0                    0                    0                    0                    0                    0                    0                    0                    0                    0                    0                    0                    0                    0                    0                    0
  "BR.BHZ102"                           311              "sbend"           98.1750005          5.872892669         0.2391549419          4.763539389         0.3039141281          2.648378901          2.585318116                    0                    0                    0                    0         -2.725332824      9.594151243e-05                    0                    0                    0                    0                    0                    0                    0                    0                    0                    0                    0                    0                    0                    0                    0                    0
  "DRIFT_125"                           312              "drift"               98.471          5.747085119         0.1858712818          4.603714359         0.2360362097            2.6564913          2.595384689                    0                    0                    0                    0         -2.725304425      9.594151243e-05                    0                    0                    0                    0                    0                    0                    0                    0                    0                    0                    0                    0                    0                    0                    0                    0
  "BE3.DHZ11L1"                         313            "hkicker"               98.471          5.747085119         0.1858712818          4.603714359         0.2360362097            2.6564913          2.595384689                    0                    0                    0                    0         -2.725304425      9.594151243e-05                    0                    0                    0                    0                    0                    0                    0                    0                    0                    0                    0                    0                    0                    0                    0                    0
  "BE3.DVT11L1"                         314            "vkicker"               98.471          5.747085119         0.1858712818          4.603714359         0.2360362097            2.6564913          2.595384689                    0                    0                    0                    0         -2.725304425      9.594151243e-05                    0                    0                    0                    0                    0                    0                    0                    0                    0                    0                    0                    0                    0                    0                    0                    0
  "DRIFT_126"                           315              "drift"               99.638          5.558418822       -0.02420350338           4.36511107       -0.03157752187           2.68959121          2.637299854                    0                    0                    0                    0         -2.725192461      9.594151243e-05                    0                    0                    0                    0                    0                    0                    0                    0                    0                    0                    0                    0                    0                    0                    0                    0
  "BR3.ONO11L1"                         316          "multipole"               99.638          5.558418822       -0.02420350338           4.36511107       -0.03157752187           2.68959121          2.637299854                    0                    0                    0                    0         -2.725192461      9.594151243e-05                    0                    0                    0                    0                    0                    0                    0                    0                    0                    0                    0                    0                    0                    0                    0                    0
  "BR3.QNO11L1"                         317          "multipole"               99.638          5.558418822       -0.02420350338           4.36511107       -0.03157752187           2.68959121          2.637299854                    0                    0                    0                    0         -2.725192461      9.594151243e-05                    0                    0                    0                    0                    0                    0                    0                    0                    0                    0                    0                    0                    0                    0                    0                    0
  "BR3.XNO11L1"                         318          "multipole"               99.638          5.558418822       -0.02420350338           4.36511107       -0.03157752187           2.68959121          2.637299854                    0                    0                    0                    0         -2.725192461      9.594151243e-05                    0                    0                    0                    0                    0                    0                    0                    0                    0                    0                    0                    0                    0                    0                    0                    0
  "DRIFT_127"                           319              "drift"           100.338677          5.680713404        -0.1503342405          4.521945472        -0.1922551454          2.709488448          2.662505315                    0                    0                    0                    0         -2.725125237      9.594151243e-05                    0                    0                    0                    0                    0                    0                    0                    0                    0                    0                    0                    0                    0                    0                    0                    0
  "BR3.BWSV11L1"                        320            "monitor"           100.338677          5.680713404        -0.1503342405          4.521945472        -0.1922551454          2.709488448          2.662505315                    0                    0                    0                    0         -2.725125237      9.594151243e-05                    0                    0                    0                    0                    0                    0                    0                    0                    0                    0                    0                    0                    0                    0                    0                    0
  "DRIFT_128"                           321              "drift"           100.829001          5.871416595        -0.2385987726          4.765612107        -0.3046951071          2.723017069          2.679347255                    0                    0                    0                    0         -2.725078195      9.594151243e-05                    0                    0                    0                    0                    0                    0                    0                    0                    0                    0                    0                    0                    0                    0                    0                    0
  "BR.BHZ111"                           322              "sbend"           102.446697          7.103486006        -0.5279370018          6.158755288        -0.5405758082           2.76304883          2.727607223                    0                    0                    0                    0         -3.029505899        -0.3788972069                    0                    0                    0                    0                    0                    0                    0                    0                    0                    0                    0                    0                    0                    0                    0                    0
  "DRIFT_129"                           323              "drift"          102.4466995          7.103488646        -0.5279374519          6.158757991        -0.5405763328          2.763048886          2.727607287                    0                    0                    0                    0         -3.029506846        -0.3788972069                    0                    0                    0                    0                    0                    0                    0                    0                    0                    0                    0                    0                    0                    0                    0                    0
  "BR.STSCRAP111"                       324         "collimator"          102.4466995          7.103488646        -0.5279374519          6.158757991        -0.5405763328          2.763048886          2.727607287                    0                    0                    0                    0         -3.029506846        -0.3788972069                    0                    0                    0                    0                    0                    0                    0                    0                    0                    0                    0                    0                    0                    0                    0                    0
  "DRIFT_130"                           325              "drift"             102.4787           7.13746151        -0.5336979473          6.193570278         -0.547290637          2.763764157          2.728431922                    0                    0                    0                    0         -3.041631746        -0.3788972069                    0                    0                    0                    0                    0                    0                    0                    0                    0                    0                    0                    0                    0                    0                    0                    0
  "BR3.BPP11L2"                         326            "monitor"             102.4787           7.13746151        -0.5336979473          6.193570278         -0.547290637          2.763764157          2.728431922                    0                    0                    0                    0         -3.041631746        -0.3788972069                    0                    0                    0                    0                    0                    0                    0                    0                    0                    0                    0                    0                    0                    0                    0                    0
  "DRIFT_131"                           327              "drift"           102.813012          7.514423794        -0.5938783428          6.582952221        -0.6174355558          2.771031963          2.736768539                    0                    0                    0                    0         -3.168301629        -0.3788972069                    0                    0                    0                    0                    0                    0                    0                    0                    0                    0                    0                    0                    0                    0                    0                    0
  "BR.QFO111"                           328         "quadrupole"           103.316582          6.768299963          1.982340986          8.646514037          -3.73188234          2.781932751          2.747733299                    0                    0                    0                    0         -3.062564254         0.7923060389                    0                    0                    0                    0                    0                    0          0.370079423                    0                    0                    0                    0                    0                    0                    0                    0                    0
  "DRIFT_132"                           329              "drift"           103.642825          5.552371544          1.744722644          11.26525865         -4.295093313          2.790406732          2.752995281                    0                    0                    0                    0         -2.804079955         0.7923060389                    0                    0                    0                    0                    0                    0                    0                    0                    0                    0                    0                    0                    0                    0                    0                    0
  "BR3.BPM11L3"                         330            "monitor"           103.642825          5.552371544          1.744722644          11.26525865         -4.295093313          2.790406732          2.752995281                    0                    0                    0                    0         -2.804079955         0.7923060389                    0                    0                    0                    0                    0                    0                    0                    0                    0                    0                    0                    0                    0                    0                    0                    0
  "BR3.ONOH0.11L3"                      331          "multipole"           103.642825          5.552371544          1.744722644          11.26525865         -4.295093313          2.790406732          2.752995281                    0                    0                    0                    0         -2.804079955         0.7923060389                    0                    0                    0                    0                    0                    0                    0                    0                    0                    0                    0                    0                    0                    0                    0                    0
  "BR3.QSKH0.11L3"                      332          "multipole"           103.642825          5.552371544          1.744722644          11.26525865         -4.295093313          2.790406732          2.752995281                    0                    0                    0                    0         -2.804079955         0.7923060389                    0                    0                    0                    0                    0                    0                    0                    0                    0                    0                    0                    0                    0                    0                    0                    0
  "BR3.XNOH0.11L3"                      333          "multipole"           103.642825          5.552371544          1.744722644          11.26525865         -4.295093313          2.790406732          2.752995281                    0                    0                    0                    0         -2.804079955         0.7923060389                    0                    0                    0                    0                    0                    0                    0                    0                    0                    0                    0                    0                    0                    0                    0                    0
  "DRIFT_133"                           334              "drift"           103.970327          4.487692031          1.506187312          14.26372649         -4.860477765          2.800856228          2.757107681                    0                    0                    0                    0         -2.544598143         0.7923060389                    0                    0                    0                    0                    0                    0                    0                    0                    0                    0                    0                    0                    0                    0                    0                    0
  "BR.QDE11"                            335         "quadrupole"           104.849267          4.487883876          -1.50644578          14.26496267          4.859350969          2.835361589          2.766008572                    0                    0                    0                    0         -2.544672192        -0.7924825107                    0                    0                    0                    0                    0                    0        -0.6522698929                    0                    0                    0                    0                    0                    0                    0                    0                    0
  "DRIFT_134"                           336              "drift"           105.176825          5.552943402         -1.745068533          11.26665354          4.294170335          2.845812112          2.770121242                    0                    0                    0                    0         -2.804256179        -0.7924825107                    0                    0                    0                    0                    0                    0                    0                    0                    0                    0                    0                    0                    0                    0                    0                    0
  "BR3.DHZ11L4"                         337            "hkicker"           105.176825          5.552943402         -1.745068533          11.26665354          4.294170335          2.845812112          2.770121242                    0                    0                    0                    0         -2.804256179        -0.7924825107                    0                    0                    0                    0                    0                    0                    0                    0                    0                    0                    0                    0                    0                    0                    0                    0
  "BR3.DVT11L4"                         338            "vkicker"           105.176825          5.552943402         -1.745068533          11.26665354          4.294170335          2.845812112          2.770121242                    0                    0                    0                    0         -2.804256179        -0.7924825107                    0                    0                    0                    0                    0                    0                    0                    0                    0                    0                    0                    0                    0                    0                    0                    0
  "BR3.OSK11L4"                         339          "multipole"           105.176825          5.552943402         -1.745068533          11.26665354          4.294170335          2.845812112          2.770121242                    0                    0                    0                    0         -2.804256179        -0.7924825107                    0                    0                    0                    0                    0                    0                    0                    0                    0                    0                    0                    0                    0                    0                    0                    0
  "BR3.XSK11L4"                         340          "multipole"           105.176825          5.552943402         -1.745068533          11.26665354          4.294170335          2.845812112          2.770121242                    0                    0                    0                    0         -2.804256179        -0.7924825107                    0                    0                    0                    0                    0                    0                    0                    0                    0                    0                    0                    0                    0                    0                    0                    0
  "DRIFT_135"                           341              "drift"           105.504012          6.772856712         -1.983421017          8.641370429          3.729629838          2.854307336            2.7753997                    0                    0                    0                    0         -3.063546154        -0.7924825107                    0                    0                    0                    0                    0                    0                    0                    0                    0                    0                    0                    0                    0                    0                    0                    0
  "BR.QFO112"                           342         "quadrupole"           106.007582          7.519174267         0.5945978736          6.579102683         0.6169605784          2.865201003          2.786370941                    0                    0                    0                    0         -3.169279579          0.379089124                    0                    0                    0                    0                    0                    0          0.370079423                    0                    0                    0                    0                    0                    0                    0                    0                    0
  "DRIFT_136"                           343              "drift"             106.3748          7.106754722         0.5284939812           6.15428302         0.5398990072          2.873199459          2.795560896                    0                    0                    0                    0         -3.030071229          0.379089124                    0                    0                    0                    0                    0                    0                    0                    0                    0                    0                    0                    0                    0                    0                    0                    0
  "BR.STSCRAP112"                       344         "collimator"             106.3748          7.106754722         0.5284939812           6.15428302         0.5398990072          2.873199459          2.795560896                    0                    0                    0                    0         -3.030071229          0.379089124                    0                    0                    0                    0                    0                    0                    0                    0                    0                    0                    0                    0                    0                    0                    0                    0
  "DRIFT_137"                           345              "drift"           106.374804          7.106750494         0.5284932611          6.154278701         0.5398981678          2.873199549             2.795561                    0                    0                    0                    0         -3.030069712          0.379089124                    0                    0                    0                    0                    0                    0                    0                    0                    0                    0                    0                    0                    0                    0                    0                    0
  "BR.BHZ112"                           346              "sbend"             107.9925          5.872892908         0.2391550319          4.763539456         0.3039141915          2.913216776          2.843849912                    0                    0                    0                    0         -2.725333536      9.597558074e-05                    0                    0                    0                    0                    0                    0                    0                    0                    0                    0                    0                    0                    0                    0                    0                    0
  "DRIFT_138"                           347              "drift"             108.2915          5.745971511         0.1853312438               4.6023          0.235348204          2.921412277          2.854020231                    0                    0                    0                    0         -2.725304839      9.597558074e-05                    0                    0                    0                    0                    0                    0                    0                    0                    0                    0                    0                    0                    0                    0                    0                    0
  "BR3.KQM12L1"                         348             "kicker"             109.5215          5.562397819       -0.03608433956          4.370278142       -0.04671254736          2.956318253          2.898236742                    0                    0                    0                    0         -2.725186789      9.597558074e-05                    0                    0                    0                    0                    0                    0                    0                    0                    0                    0                    0                    0                    0                    0                    0                    0
  "DRIFT_139"                           349              "drift"             110.0865          5.660637667        -0.1377914978          4.496267259        -0.1762770388          2.972370708          2.918577678                    0                    0                    0                    0         -2.725132563      9.597558074e-05                    0                    0                    0                    0                    0                    0                    0                    0                    0                    0                    0                    0                    0                    0                    0                    0
  "BR3.ONO12L1"                         350          "multipole"             110.0865          5.660637667        -0.1377914978          4.496267259        -0.1762770388          2.972370708          2.918577678                    0                    0                    0                    0         -2.725132563      9.597558074e-05                    0                    0                    0                    0                    0                    0                    0                    0                    0                    0                    0                    0                    0                    0                    0                    0
  "BR3.OSK12L1"                         351          "multipole"             110.0865          5.660637667        -0.1377914978          4.496267259        -0.1762770388          2.972370708          2.918577678                    0                    0                    0                    0         -2.725132563      9.597558074e-05                    0                    0                    0                    0                    0                    0                    0                    0                    0                    0                    0                    0                    0                    0                    0                    0
  "BR3.XNO12L1"                         352          "multipole"             110.0865          5.660637667        -0.1377914978          4.496267259        -0.1762770388          2.972370708          2.918577678                    0                    0                    0                    0         -2.725132563      9.597558074e-05                    0                    0                    0                    0                    0                    0                    0                    0                    0                    0                    0                    0                    0                    0                    0                    0
  "BR3.XSK12L1"                         353          "multipole"             110.0865          5.660637667        -0.1377914978          4.496267259        -0.1762770388          2.972370708          2.918577678                    0                    0                    0                    0         -2.725132563      9.597558074e-05                    0                    0                    0                    0                    0                    0                    0                    0                    0                    0                    0                    0                    0                    0                    0                    0
  "DRIFT_140"                           354              "drift"           110.646501          5.871416595        -0.2385987726          4.765612177        -0.3046951712          2.987854958          2.937879069                    0                    0                    0                    0         -2.725078816      9.597558074e-05                    0                    0                    0                    0                    0                    0                    0                    0                    0                    0                    0                    0                    0                    0                    0                    0
  "BR.BHZ121"                           355              "sbend"           112.264197          7.103486006        -0.5279370018          6.158755572        -0.5405758737          3.027886719          2.986139036                    0                    0                    0                    0         -3.029506466        -0.3788971729                    0                    0                    0                    0                    0                    0                    0                    0                    0                    0                    0                    0                    0                    0                    0                    0
  "DRIFT_141"                           356              "drift"          112.2641995          7.103488646        -0.5279374519          6.158758274        -0.5405763983          3.027886775            2.9861391                    0                    0                    0                    0         -3.029507413        -0.3788971729                    0                    0                    0                    0                    0                    0                    0                    0                    0                    0                    0                    0                    0                    0                    0                    0
  "BR.STSCRAP121"                       357         "collimator"          112.2641995          7.103488646        -0.5279374519          6.158758274        -0.5405763983          3.027886775            2.9861391                    0                    0                    0                    0         -3.029507413        -0.3788971729                    0                    0                    0                    0                    0                    0                    0                    0                    0                    0                    0                    0                    0                    0                    0                    0
  "DRIFT_142"                           358              "drift"           112.630512          7.514423794        -0.5938783428          6.582952553         -0.617435622          3.035869851          2.995300352                    0                    0                    0                    0         -3.168302184        -0.3788971729                    0                    0                    0                    0                    0                    0                    0                    0                    0                    0                    0                    0                    0                    0                    0                    0
  "BR.QFO121"                           359         "quadrupole"           113.134082          6.768299963          1.982340986           8.64651451         -3.731882573          3.046770639          3.006265111                    0                    0                    0                    0         -3.062564741         0.7923062687                    0                    0                    0                    0                    0                    0          0.370079423                    0                    0                    0                    0                    0                    0                    0                    0                    0
  "DRIFT_143"                           360              "drift"            113.46033          5.552354097          1.744719002          11.26530224         -4.295102211          3.055244764          3.011527163                    0                    0                    0                    0         -2.804076405         0.7923062687                    0                    0                    0                    0                    0                    0                    0                    0                    0                    0                    0                    0                    0                    0                    0                    0
  "BR3.BPM12L3"                         361            "monitor"            113.46033          5.552354097          1.744719002          11.26530224         -4.295102211          3.055244764          3.011527163                    0                    0                    0                    0         -2.804076405         0.7923062687                    0                    0                    0                    0                    0                    0                    0                    0                    0                    0                    0                    0                    0                    0                    0                    0
  "BR3.ONOH0.12L3"                      362          "multipole"            113.46033          5.552354097          1.744719002          11.26530224         -4.295102211          3.055244764          3.011527163                    0                    0                    0                    0         -2.804076405         0.7923062687                    0                    0                    0                    0                    0                    0                    0                    0                    0                    0                    0                    0                    0                    0                    0                    0
  "BR3.QNO12L3"                         363          "multipole"            113.46033          5.552354097          1.744719002          11.26530224         -4.295102211          3.055244764          3.011527163                    0                    0                    0                    0         -2.804076405         0.7923062687                    0                    0                    0                    0                    0                    0                    0                    0                    0                    0                    0                    0                    0                    0                    0                    0
  "BR3.XNOH0.12L3"                      364          "multipole"            113.46033          5.552354097          1.744719002          11.26530224         -4.295102211          3.055244764          3.011527163                    0                    0                    0                    0         -2.804076405         0.7923062687                    0                    0                    0                    0                    0                    0                    0                    0                    0                    0                    0                    0                    0                    0                    0                    0
  "DRIFT_144"                           365              "drift"           113.787827          4.487692031          1.506187312          14.26372732         -4.860478067          3.065694117          3.015639492                    0                    0                    0                    0         -2.544598479         0.7923062687                    0                    0                    0                    0                    0                    0                    0                    0                    0                    0                    0                    0                    0                    0                    0                    0
  "BR.QDE12"                            366         "quadrupole"           114.666767          4.487883876          -1.50644578          14.26496352          4.859351245          3.100199477          3.024540383                    0                    0                    0                    0         -2.544672408         -0.792482453                    0                    0                    0                    0                    0                    0        -0.6522698929                    0                    0                    0                    0                    0                    0                    0                    0                    0
  "DRIFT_145"                           367              "drift"            114.99433          5.552960852         -1.745072176          11.26661127          4.294161955          3.110650144          3.028653124                    0                    0                    0                    0         -2.804260338         -0.792482453                    0                    0                    0                    0                    0                    0                    0                    0                    0                    0                    0                    0                    0                    0                    0                    0
  "BR3.DHZ12L4"                         368            "hkicker"            114.99433          5.552960852         -1.745072176          11.26661127          4.294161955          3.110650144          3.028653124                    0                    0                    0                    0         -2.804260338         -0.792482453                    0                    0                    0                    0                    0                    0                    0                    0                    0                    0                    0                    0                    0                    0                    0                    0
  "BR3.DVT12L4"                         369            "vkicker"            114.99433          5.552960852         -1.745072176          11.26661127          4.294161955          3.110650144          3.028653124                    0                    0                    0                    0         -2.804260338         -0.792482453                    0                    0                    0                    0                    0                    0                    0                    0                    0                    0                    0                    0                    0                    0                    0                    0
  "BR3.OSK12L4"                         370          "multipole"            114.99433          5.552960852         -1.745072176          11.26661127          4.294161955          3.110650144          3.028653124                    0                    0                    0                    0         -2.804260338         -0.792482453                    0                    0                    0                    0                    0                    0                    0                    0                    0                    0                    0                    0                    0                    0                    0                    0
  "BR3.XSK12L4"                         371          "multipole"            114.99433          5.552960852         -1.745072176          11.26661127          4.294161955          3.110650144          3.028653124                    0                    0                    0                    0         -2.804260338         -0.792482453                    0                    0                    0                    0                    0                    0                    0                    0                    0                    0                    0                    0                    0                    0                    0                    0
  "DRIFT_146"                           372              "drift"           115.321512          6.772856712         -1.983421017          8.641370956          3.729630058          3.119145225           3.03393151                    0                    0                    0                    0         -3.063546332         -0.792482453                    0                    0                    0                    0                    0                    0                    0                    0                    0                    0                    0                    0                    0                    0                    0                    0
  "BR.QFO122"                           373         "quadrupole"           115.825082          7.519174267         0.5945978736          6.579103087         0.6169606172          3.130038891          3.044902751                    0                    0                    0                    0         -3.169279712         0.3790892404                    0                    0                    0                    0                    0                    0          0.370079423                    0                    0                    0                    0                    0                    0                    0                    0                    0
  "DRIFT_147"                           374              "drift"           116.192299          7.106755779         0.5284941612          6.154284474         0.5398992579          3.138037325           3.05409268                    0                    0                    0                    0         -3.030071699         0.3790892404                    0                    0                    0                    0                    0                    0                    0                    0                    0                    0                    0                    0                    0                    0                    0                    0
  "BR.STSCRAP122"                       375         "collimator"           116.192299          7.106755779         0.5284941612          6.154284474         0.5398992579          3.138037325           3.05409268                    0                    0                    0                    0         -3.030071699         0.3790892404                    0                    0                    0                    0                    0                    0                    0                    0                    0                    0                    0                    0                    0                    0                    0                    0
  "DRIFT_148"                           376              "drift"           116.192304          7.106750494         0.5284932611          6.154279075         0.5398982087          3.138037437          3.054092809                    0                    0                    0                    0         -3.030069803         0.3790892404                    0                    0                    0                    0                    0                    0                    0                    0                    0                    0                    0                    0                    0                    0                    0                    0
  "BR.BHZ122"                           377              "sbend"               117.81          5.872892908         0.2391550319          4.763539673         0.3039142466          3.178054665          3.102381718                    0                    0                    0                    0          -2.72533344      9.609189079e-05                    0                    0                    0                    0                    0                    0                    0                    0                    0                    0                    0                    0                    0                    0                    0                    0
  "DRIFT_149"                           378              "drift"           118.061261          5.764076819         0.1939248686          4.625293382         0.2462956568          3.184929929          3.110905225                    0                    0                    0                    0         -2.725309295      9.609189079e-05                    0                    0                    0                    0                    0                    0                    0                    0                    0                    0                    0                    0                    0                    0                    0                    0
  "BR3.ACWF13L1.1"                      379           "rfcavity"           119.004261          5.558410603        0.02417292138          4.364700292        0.03004908403          3.211569141          3.144558402                    0                    0                    0                    0         -2.725218681      9.609189079e-05                    0                    0                    0                    0                    0                    0                    0                    0                    0                    0                    0                    0                    0                    0                    0                    0
  "DRIFT_150"                           380              "drift"           119.115761          5.555258004       0.004101508744          4.360850281       0.004480162638           3.21476286          3.148626389                    0                    0                    0                    0         -2.725207967      9.609189079e-05                    0                    0                    0                    0                    0                    0                    0                    0                    0                    0                    0                    0                    0                    0                    0                    0
  "BR3.ACWF13L1.2"                      381           "rfcavity"           120.058761          5.707598645        -0.1656504385          4.556321212        -0.2117664102          3.241542468          3.182552418                    0                    0                    0                    0         -2.725117352      9.609189079e-05                    0                    0                    0                    0                    0                    0                    0                    0                    0                    0                    0                    0                    0                    0                    0                    0
  "DRIFT_151"                           382              "drift"           120.464001          5.871416595        -0.2385987726          4.765612077        -0.3046951071          3.252692846          3.196410875                    0                    0                    0                    0         -2.725078412      9.609189079e-05                    0                    0                    0                    0                    0                    0                    0                    0                    0                    0                    0                    0                    0                    0                    0                    0
  "BR.BHZ131"                           383              "sbend"           122.081697          7.103486006        -0.5279370018          6.158755263        -0.5405758112          3.292724607          3.244670843                    0                    0                    0                    0         -3.029505874        -0.3788970566                    0                    0                    0                    0                    0                    0                    0                    0                    0                    0                    0                    0                    0                    0                    0                    0
  "DRIFT_152"                           384              "drift"          122.0816995          7.103488646        -0.5279374519          6.158757966        -0.5405763357          3.292724663          3.244670907                    0                    0                    0                    0         -3.029506821        -0.3788970566                    0                    0                    0                    0                    0                    0                    0                    0                    0                    0                    0                    0                    0                    0                    0                    0
  "BR.STSCRAP131"                       385         "collimator"          122.0816995          7.103488646        -0.5279374519          6.158757966        -0.5405763357          3.292724663          3.244670907                    0                    0                    0                    0         -3.029506821        -0.3788970566                    0                    0                    0                    0                    0                    0                    0                    0                    0                    0                    0                    0                    0                    0                    0                    0
  "DRIFT_153"                           386              "drift"           122.448012          7.514423794        -0.5938783428          6.582952198        -0.6174355593           3.30070774          3.253832159                    0                    0                    0                    0         -3.168301549        -0.3788970566                    0                    0                    0                    0                    0                    0                    0                    0                    0                    0                    0                    0                    0                    0                    0                    0
  "BR.QFO131"                           387         "quadrupole"           122.951582          6.768299963          1.982340986          8.646514014         -3.731882336          3.311608528          3.264796919                    0                    0                    0                    0         -3.062564108         0.7923061468                    0                    0                    0                    0                    0                    0          0.370079423                    0                    0                    0                    0                    0                    0                    0                    0                    0
  "DRIFT_154"                           388              "drift"           123.277835          5.552336649           1.74471536          11.26534453         -4.295110573          3.320082796          3.270059042                    0                    0                    0                    0         -2.804071851         0.7923061468                    0                    0                    0                    0                    0                    0                    0                    0                    0                    0                    0                    0                    0                    0                    0                    0
  "BR3.BPM13L3"                         389            "monitor"           123.277835          5.552336649           1.74471536          11.26534453         -4.295110573          3.320082796          3.270059042                    0                    0                    0                    0         -2.804071851         0.7923061468                    0                    0                    0                    0                    0                    0                    0                    0                    0                    0                    0                    0                    0                    0                    0                    0
  "BR3.ONOH0.13L3"                      390          "multipole"           123.277835          5.552336649           1.74471536          11.26534453         -4.295110573          3.320082796          3.270059042                    0                    0                    0                    0         -2.804071851         0.7923061468                    0                    0                    0                    0                    0                    0                    0                    0                    0                    0                    0                    0                    0                    0                    0                    0
  "BR3.QSKH0.13L3"                      391          "multipole"           123.277835          5.552336649           1.74471536          11.26534453         -4.295110573          3.320082796          3.270059042                    0                    0                    0                    0         -2.804071851         0.7923061468                    0                    0                    0                    0                    0                    0                    0                    0                    0                    0                    0                    0                    0                    0                    0                    0
  "BR3.XNOH0.13L3"                      392          "multipole"           123.277835          5.552336649           1.74471536          11.26534453         -4.295110573          3.320082796          3.270059042                    0                    0                    0                    0         -2.804071851         0.7923061468                    0                    0                    0                    0                    0                    0                    0                    0                    0                    0                    0                    0                    0                    0                    0                    0
  "DRIFT_155"                           393              "drift"           123.605327          4.487692031          1.506187312          14.26372647         -4.860477762          3.330532006          3.274171301                    0                    0                    0                    0         -2.544597926         0.7923061468                    0                    0                    0                    0                    0                    0                    0                    0                    0                    0                    0                    0                    0                    0                    0                    0
  "BR.QDE13"                            394         "quadrupole"           124.484267          4.487883876          -1.50644578          14.26496265          4.859350957          3.365037366          3.283072192                    0                    0                    0                    0         -2.544671807        -0.7924822152                    0                    0                    0                    0                    0                    0        -0.6522698929                    0                    0                    0                    0                    0                    0                    0                    0                    0
  "DRIFT_156"                           395              "drift"           124.811835          5.552978303         -1.745075818          11.26656764           4.29415307          3.375488176          3.287185004                    0                    0                    0                    0         -2.804263621        -0.7924822152                    0                    0                    0                    0                    0                    0                    0                    0                    0                    0                    0                    0                    0                    0                    0                    0
  "BR3.DHZ13L4"                         396            "hkicker"           124.811835          5.552978303         -1.745075818          11.26656764           4.29415307          3.375488176          3.287185004                    0                    0                    0                    0         -2.804263621        -0.7924822152                    0                    0                    0                    0                    0                    0                    0                    0                    0                    0                    0                    0                    0                    0                    0                    0
  "BR3.DVT13L4"                         397            "vkicker"           124.811835          5.552978303         -1.745075818          11.26656764           4.29415307          3.375488176          3.287185004                    0                    0                    0                    0         -2.804263621        -0.7924822152                    0                    0                    0                    0                    0                    0                    0                    0                    0                    0                    0                    0                    0                    0                    0                    0
  "DRIFT_157"                           398              "drift"           125.139012          6.772856712         -1.983421017          8.641370425          3.729629829          3.383983114           3.29246332                    0                    0                    0                    0         -3.063545575        -0.7924822152                    0                    0                    0                    0                    0                    0                    0                    0                    0                    0                    0                    0                    0                    0                    0                    0
  "BR.QFO132"                           399         "quadrupole"           125.642582          7.519174267         0.5945978736          6.579102686         0.6169605721           3.39487678          3.303434561                    0                    0                    0                    0         -3.169278908         0.3790891846                    0                    0                    0                    0                    0                    0          0.370079423                    0                    0                    0                    0                    0                    0                    0                    0                    0
  "DRIFT_158"                           400              "drift"           126.009799          7.106755779         0.5284941612          6.154284107         0.5398992112          3.402875214           3.31262449                    0                    0                    0                    0         -3.030070915         0.3790891846                    0                    0                    0                    0                    0                    0                    0                    0                    0                    0                    0                    0                    0                    0                    0                    0
  "BR.STSCRAP132"                       401         "collimator"           126.009799          7.106755779         0.5284941612          6.154284107         0.5398992112          3.402875214           3.31262449                    0                    0                    0                    0         -3.030070915         0.3790891846                    0                    0                    0                    0                    0                    0                    0                    0                    0                    0                    0                    0                    0                    0                    0                    0
  "DRIFT_159"                           402              "drift"           126.009804          7.106750494         0.5284932611          6.154278708          0.539898162          3.402875326           3.31262462                    0                    0                    0                    0          -3.03006902         0.3790891846                    0                    0                    0                    0                    0                    0                    0                    0                    0                    0                    0                    0                    0                    0                    0                    0
  "BR.BHZ132"                           403              "sbend"             127.6275          5.872892908         0.2391550319          4.763539479         0.3039141883          3.442892553          3.360913532                    0                    0                    0                    0         -2.725332746      9.603616689e-05                    0                    0                    0                    0                    0                    0                    0                    0                    0                    0                    0                    0                    0                    0                    0                    0
  "DRIFT_160"                           404              "drift"            127.93409          5.743168553         0.1839649476          4.598740649           0.23360768          3.451298337          3.371346427                    0                    0                    0                    0         -2.725303302      9.603616689e-05                    0                    0                    0                    0                    0                    0                    0                    0                    0                    0                    0                    0                    0                    0                    0                    0
  "BR3.DHZ14L1"                         405            "hkicker"            127.93409          5.743168553         0.1839649476          4.598740649           0.23360768          3.451298337          3.371346427                    0                    0                    0                    0         -2.725303302      9.603616689e-05                    0                    0                    0                    0                    0                    0                    0                    0                    0                    0                    0                    0                    0                    0                    0                    0
  "BR3.DVT14L1"                         406            "vkicker"            127.93409          5.743168553         0.1839649476          4.598740649           0.23360768          3.451298337          3.371346427                    0                    0                    0                    0         -2.725303302      9.603616689e-05                    0                    0                    0                    0                    0                    0                    0                    0                    0                    0                    0                    0                    0                    0                    0                    0
  "DRIFT_161"                           407              "drift"          128.1511955           5.67177381          0.144883207          4.508114467         0.1838215499          3.457353984          3.378938122                    0                    0                    0                    0         -2.725282452      9.603616689e-05                    0                    0                    0                    0                    0                    0                    0                    0                    0                    0                    0                    0                    0                    0                    0                    0
  "BE3.KFA14L1"                         408            "hkicker"          130.1569845          5.814788608        -0.2161842251          4.693288477        -0.2761413352          3.514138847          3.450751866                    0                    0                    0                    0         -2.725089824      9.603616689e-05                    0                    0                    0                    0                    0                    0                    0                    0                    0                    0                    0                    0                    0                    0                    0                    0
  "DRIFT_162"                           409              "drift"           130.281501          5.871416595        -0.2385987726          4.765612206        -0.3046951705          3.517530735          3.454942689                    0                    0                    0                    0         -2.725077865      9.603616689e-05                    0                    0                    0                    0                    0                    0                    0                    0                    0                    0                    0                    0                    0                    0                    0                    0
  "BR.BHZ141"                           410              "sbend"           131.899197          7.103486006        -0.5279370018          6.158755593        -0.5405758701          3.557562496          3.503202655                    0                    0                    0                    0         -3.029505418        -0.3788971123                    0                    0                    0                    0                    0                    0                    0                    0                    0                    0                    0                    0                    0                    0                    0                    0
  "DRIFT_163"                           411              "drift"          131.8991995          7.103488646        -0.5279374519          6.158758296        -0.5405763946          3.557562552          3.503202719                    0                    0                    0                    0         -3.029506365        -0.3788971123                    0                    0                    0                    0                    0                    0                    0                    0                    0                    0                    0                    0                    0                    0                    0                    0
  "BR.STSCRAP141"                       412         "collimator"          131.8991995          7.103488646        -0.5279374519          6.158758296        -0.5405763946          3.557562552          3.503202719                    0                    0                    0                    0         -3.029506365        -0.3788971123                    0                    0                    0                    0                    0                    0                    0                    0                    0                    0                    0                    0                    0                    0                    0                    0
  "DRIFT_164"                           413              "drift"                  132          7.211750426        -0.5460828189          6.269870951        -0.5617262274          3.559804064           3.50578454                    0                    0                    0                    0         -3.067699383        -0.3788971123                    0                    0                    0                    0                    0                    0                    0                    0                    0                    0                    0                    0                    0                    0                    0                    0
  "BR3.VVS14L2"                         414             "marker"                  132          7.211750426        -0.5460828189          6.269870951        -0.5617262274          3.559804064           3.50578454                    0                    0                    0                    0         -3.067699383        -0.3788971123                    0                    0                    0                    0                    0                    0                    0                    0                    0                    0                    0                    0                    0                    0                    0                    0
  "DRIFT_165"                           415              "drift"           132.265512          7.514423794        -0.5938783428          6.582952571        -0.6174356178          3.565545629          3.512363971                    0                    0                    0                    0         -3.168301113        -0.3788971123                    0                    0                    0                    0                    0                    0                    0                    0                    0                    0                    0                    0                    0                    0                    0                    0
  "BR.QFO141"                           416         "quadrupole"           132.769082          6.768299963          1.982340986          8.646514528         -3.731882574          3.576446417           3.52332873                    0                    0                    0                    0         -3.062563739         0.7923059398                    0                    0                    0                    0                    0                    0          0.370079423                    0                    0                    0                    0                    0                    0                    0                    0                    0
  "DRIFT_166"                           417              "drift"           133.095339          5.552322692          1.744712447          11.26537957         -4.295117749          3.584920799           3.52859091                    0                    0                    0                    0          -2.80406838         0.7923059398                    0                    0                    0                    0                    0                    0                    0                    0                    0                    0                    0                    0                    0                    0                    0                    0
  "BR3.BPM14L3"                         418            "monitor"           133.095339          5.552322692          1.744712447          11.26537957         -4.295117749          3.584920799           3.52859091                    0                    0                    0                    0          -2.80406838         0.7923059398                    0                    0                    0                    0                    0                    0                    0                    0                    0                    0                    0                    0                    0                    0                    0                    0
  "BR3.ONOH0.14L3"                      419          "multipole"           133.095339          5.552322692          1.744712447          11.26537957         -4.295117749          3.584920799           3.52859091                    0                    0                    0                    0          -2.80406838         0.7923059398                    0                    0                    0                    0                    0                    0                    0                    0                    0                    0                    0                    0                    0                    0                    0                    0
  "BR3.QSK14L3"                         420          "multipole"           133.095339          5.552322692          1.744712447          11.26537957         -4.295117749          3.584920799           3.52859091                    0                    0                    0                    0          -2.80406838         0.7923059398                    0                    0                    0                    0                    0                    0                    0                    0                    0                    0                    0                    0                    0                    0                    0                    0
  "BR3.XNOH0.14L3"                      421          "multipole"           133.095339          5.552322692          1.744712447          11.26537957         -4.295117749          3.584920799           3.52859091                    0                    0                    0                    0          -2.80406838         0.7923059398                    0                    0                    0                    0                    0                    0                    0                    0                    0                    0                    0                    0                    0                    0                    0                    0
  "DRIFT_167"                           422              "drift"           133.422827          4.487692031          1.506187312          14.26372733         -4.860478066          3.595369895          3.532703111                    0                    0                    0                    0         -2.544597693         0.7923059398                    0                    0                    0                    0                    0                    0                    0                    0                    0                    0                    0                    0                    0                    0                    0                    0
  "BR.QDE14"                            423         "quadrupole"           134.301767          4.487883876          -1.50644578          14.26496353          4.859351254          3.629875255          3.541604002                    0                    0                    0                    0         -2.544671703        -0.7924823171                    0                    0                    0                    0                    0                    0        -0.6522698929                    0                    0                    0                    0                    0                    0                    0                    0                    0
  "DRIFT_168"                           424              "drift"            134.42124          4.858241389         -1.593480675          13.12846952           4.65320813          3.633947903          3.542993484                    0                    0                    0                    0         -2.639351943        -0.7924823171                    0                    0                    0                    0                    0                    0                    0                    0                    0                    0                    0                    0                    0                    0                    0                    0
  "BR3.BPP14L4"                         425            "monitor"            134.42124          4.858241389         -1.593480675          13.12846952           4.65320813          3.633947903          3.542993484                    0                    0                    0                    0         -2.639351943        -0.7924823171                    0                    0                    0                    0                    0                    0                    0                    0                    0                    0                    0                    0                    0                    0                    0                    0
  "DRIFT_169"                           426              "drift"            134.45724          4.973916121         -1.619706318           12.7956747          4.591092401          3.635113472          3.543435548                    0                    0                    0                    0         -2.667881306        -0.7924823171                    0                    0                    0                    0                    0                    0                    0                    0                    0                    0                    0                    0                    0                    0                    0                    0
  "BE3.BSW14L4"                         427            "hkicker"            134.92724          6.657363519         -1.962096656          8.861196856          3.780137052          3.648127198          3.550462732                    0                    0                    0                    0         -3.040347995        -0.7924823171                    0                    0                    0                    0                    0                    0                    0                    0                    0                    0                    0                    0                    0                    0                    0                    0
  "DRIFT_170"                           428              "drift"           134.956512          6.772856712         -1.983421017          8.641370953          3.729630063          3.648821002          3.550995129                    0                    0                    0                    0         -3.063545537        -0.7924823171                    0                    0                    0                    0                    0                    0                    0                    0                    0                    0                    0                    0                    0                    0                    0                    0
  "BR.QFO142"                           429         "quadrupole"           135.460082          7.519174267         0.5945978736           6.57910308          0.616960623          3.659714669           3.56196637                    0                    0                    0                    0         -3.169278924         0.3790890787                    0                    0                    0                    0                    0                    0          0.370079423                    0                    0                    0                    0                    0                    0                    0                    0                    0
  "DRIFT_171"                           430              "drift"           135.827299          7.106755779         0.5284941612          6.154284463         0.5398992632          3.667713103          3.571156299                    0                    0                    0                    0          -3.03007097         0.3790890787                    0                    0                    0                    0                    0                    0                    0                    0                    0                    0                    0                    0                    0                    0                    0                    0
  "BR.SPSCRAP142"                       431         "collimator"           135.827299          7.106755779         0.5284941612          6.154284463         0.5398992632          3.667713103          3.571156299                    0                    0                    0                    0          -3.03007097         0.3790890787                    0                    0                    0                    0                    0                    0                    0                    0                    0                    0                    0                    0                    0                    0                    0                    0
  "DRIFT_172"                           432              "drift"           135.827304          7.106750494         0.5284932611          6.154279064         0.5398982139          3.667713215          3.571156428                    0                    0                    0                    0         -3.030069075         0.3790890787                    0                    0                    0                    0                    0                    0                    0                    0                    0                    0                    0                    0                    0                    0                    0                    0
  "BR.BHZ142"                           433              "sbend"              137.445          5.872892908         0.2391550319          4.763539648         0.3039142491          3.707730442          3.619445337                    0                    0                    0                    0         -2.725332971      9.593023197e-05                    0                    0                    0                    0                    0                    0                    0                    0                    0                    0                    0                    0                    0                    0                    0                    0
  "DRIFT_173"                           434              "drift"           137.670173          5.774317557         0.1986210391          4.638300149         0.2522780987          3.713886013          3.627072419                    0                    0                    0                    0          -2.72531137      9.593023197e-05                    0                    0                    0                    0                    0                    0                    0                    0                    0                    0                    0                    0                    0                    0                    0                    0
  "BE3.BTV10"                           435         "instrument"           137.670173          5.774317557         0.1986210391          4.638300149         0.2522780987          3.713886013          3.627072419                    0                    0                    0                    0          -2.72531137      9.593023197e-05                    0                    0                    0                    0                    0                    0                    0                    0                    0                    0                    0                    0                    0                    0                    0                    0
  "DRIFT_174"                           436              "drift"           137.715573          5.756653801         0.1904484639          4.615865958         0.2418670759          3.715139285          3.628634044                    0                    0                    0                    0         -2.725307015      9.593023197e-05                    0                    0                    0                    0                    0                    0                    0                    0                    0                    0                    0                    0                    0                    0                    0                    0
  "BR3.BTV15L1"                         437         "instrument"           137.715573          5.756653801         0.1904484639          4.615865958         0.2418670759          3.715139285          3.628634044                    0                    0                    0                    0         -2.725307015      9.593023197e-05                    0                    0                    0                    0                    0                    0                    0                    0                    0                    0                    0                    0                    0                    0                    0                    0
  "DRIFT_175"                           438              "drift"           137.996102          5.663967537         0.1399496898          4.498211003         0.1775368159          3.722961456          3.638438559                    0                    0                    0                    0         -2.725280103      9.593023197e-05                    0                    0                    0                    0                    0                    0                    0                    0                    0                    0                    0                    0                    0                    0                    0                    0
  "BE3.SMH15L1"                         439            "hkicker"           138.946102          5.560524561        -0.0310623461          4.367850261       -0.04031498214          3.750033546          3.672815899                    0                    0                    0                    0          -2.72518897      9.593023197e-05                    0                    0                    0                    0                    0                    0                    0                    0                    0                    0                    0                    0                    0                    0                    0                    0
  "DRIFT_176"                           440              "drift"           139.287652           5.60274288       -0.09254567333          4.422140801        -0.1186384365          3.759778675           3.68519709                    0                    0                    0                    0         -2.725156205      9.593023197e-05                    0                    0                    0                    0                    0                    0                    0                    0                    0                    0                    0                    0                    0                    0                    0                    0
  "BR3.DHZ15L1"                         441            "hkicker"           139.287652           5.60274288       -0.09254567333          4.422140801        -0.1186384365          3.759778675           3.68519709                    0                    0                    0                    0         -2.725156205      9.593023197e-05                    0                    0                    0                    0                    0                    0                    0                    0                    0                    0                    0                    0                    0                    0                    0                    0
  "BR3.DVT15L1"                         442            "vkicker"           139.287652           5.60274288       -0.09254567333          4.422140801        -0.1186384365          3.759778675           3.68519709                    0                    0                    0                    0         -2.725156205      9.593023197e-05                    0                    0                    0                    0                    0                    0                    0                    0                    0                    0                    0                    0                    0                    0                    0                    0
  "DRIFT_177"                           443              "drift"            139.63066          5.687409991         -0.154291459          4.530508922         -0.197296236          3.769455534          3.697405541                    0                    0                    0                    0           -2.7251233      9.593023197e-05                    0                    0                    0                    0                    0                    0                    0                    0                    0                    0                    0                    0                    0                    0                    0                    0
  "BE3.BSW15L1"                         444            "hkicker"            139.99666          5.824465116         -0.220176096          4.705648246        -0.2812265076          3.779583192          3.710034684                    0                    0                    0                    0         -2.725088189      9.593023197e-05                    0                    0                    0                    0                    0                    0                    0                    0                    0                    0                    0                    0                    0                    0                    0                    0
  "DRIFT_178"                           445              "drift"           140.099001          5.871416595        -0.2385987726           4.76561205        -0.3046951085          3.782368624          3.713474494                    0                    0                    0                    0         -2.725078372      9.593023197e-05                    0                    0                    0                    0                    0                    0                    0                    0                    0                    0                    0                    0                    0                    0                    0                    0
  "BR.BHZ151"                           446              "sbend"           141.716697          7.103486006        -0.5279370018          6.158755245        -0.5405758155          3.822400385          3.761734463                    0                    0                    0                    0         -3.029506094        -0.3788972182                    0                    0                    0                    0                    0                    0                    0                    0                    0                    0                    0                    0                    0                    0                    0                    0
  "DRIFT_179"                           447              "drift"          141.7166995          7.103488646        -0.5279374519          6.158757948        -0.5405763401          3.822400441          3.761734527                    0                    0                    0                    0         -3.029507041        -0.3788972182                    0                    0                    0                    0                    0                    0                    0                    0                    0                    0                    0                    0                    0                    0                    0                    0
  "BR.SPSCRAP151"                       448         "collimator"          141.7166995          7.103488646        -0.5279374519          6.158757948        -0.5405763401          3.822400441          3.761734527                    0                    0                    0                    0         -3.029507041        -0.3788972182                    0                    0                    0                    0                    0                    0                    0                    0                    0                    0                    0                    0                    0                    0                    0                    0
  "DRIFT_180"                           449              "drift"           142.083012          7.514423794        -0.5938783428          6.582952184        -0.6174355641          3.830383518          3.770895779                    0                    0                    0                    0         -3.168301829        -0.3788972182                    0                    0                    0                    0                    0                    0                    0                    0                    0                    0                    0                    0                    0                    0                    0                    0
  "BR.QFO151"                           450         "quadrupole"           142.586582          6.768299963          1.982340986          8.646514002         -3.731882338          3.841284306          3.781860539                    0                    0                    0                    0         -3.062564441         0.7923061002                    0                    0                    0                    0                    0                    0          0.370079423                    0                    0                    0                    0                    0                    0                    0                    0                    0
  "DRIFT_181"                           451              "drift"           142.912834          5.552340139          1.744716089          11.26533593         -4.295108849          3.849758545          3.787122648                    0                    0                    0                    0         -2.804072991         0.7923061002                    0                    0                    0                    0                    0                    0                    0                    0                    0                    0                    0                    0                    0                    0                    0                    0
  "BR3.BPM15L3"                         452            "monitor"           142.912834          5.552340139          1.744716089          11.26533593         -4.295108849          3.849758545          3.787122648                    0                    0                    0                    0         -2.804072991         0.7923061002                    0                    0                    0                    0                    0                    0                    0                    0                    0                    0                    0                    0                    0                    0                    0                    0
  "BR3.ONOH0.15L3"                      453          "multipole"           142.912834          5.552340139          1.744716089          11.26533593         -4.295108849          3.849758545          3.787122648                    0                    0                    0                    0         -2.804072991         0.7923061002                    0                    0                    0                    0                    0                    0                    0                    0                    0                    0                    0                    0                    0                    0                    0                    0
  "BR3.QSKH0.15L3"                      454          "multipole"           142.912834          5.552340139          1.744716089          11.26533593         -4.295108849          3.849758545          3.787122648                    0                    0                    0                    0         -2.804072991         0.7923061002                    0                    0                    0                    0                    0                    0                    0                    0                    0                    0                    0                    0                    0                    0                    0                    0
  "BR3.XNOH0.15L3"                      455          "multipole"           142.912834          5.552340139          1.744716089          11.26533593         -4.295108849          3.849758545          3.787122648                    0                    0                    0                    0         -2.804072991         0.7923061002                    0                    0                    0                    0                    0                    0                    0                    0                    0                    0                    0                    0                    0                    0                    0                    0
  "DRIFT_182"                           456              "drift"           143.240327          4.487692031          1.506187312          14.26372646         -4.860477766          3.860207783          3.791234921                    0                    0                    0                    0         -2.544598289         0.7923061002                    0                    0                    0                    0                    0                    0                    0                    0                    0                    0                    0                    0                    0                    0                    0                    0
  "BR.QDE15"                            457         "quadrupole"           144.119267          4.487883876          -1.50644578          14.26496265          4.859350951          3.894713144          3.800135812                    0                    0                    0                    0         -2.544672324         -0.792482536                    0                    0                    0                    0                    0                    0        -0.6522698929                    0                    0                    0                    0                    0                    0                    0                    0                    0
  "DRIFT_183"                           458              "drift"           144.221834          4.804570833         -1.581164822          13.28629613          4.682378074          3.898228869          3.801321566                    0                    0                    0                    0          -2.62595488         -0.792482536                    0                    0                    0                    0                    0                    0                    0                    0                    0                    0                    0                    0                    0                    0                    0                    0
  "BE3.BSW15L4"                         459            "hkicker"           144.691834          6.451789224          -1.92355516          9.266009734          3.871422773          3.911680278          3.808065287                    0                    0                    0                    0         -2.998421672         -0.792482536                    0                    0                    0                    0                    0                    0                    0                    0                    0                    0                    0                    0                    0                    0                    0                    0
  "DRIFT_184"                           460              "drift"           144.774012          6.772856712         -1.983421017          8.641370433          3.729629826          3.913658891           3.80952694                    0                    0                    0                    0         -3.063546302         -0.792482536                    0                    0                    0                    0                    0                    0                    0                    0                    0                    0                    0                    0                    0                    0                    0                    0
  "BR.QFO152"                           461         "quadrupole"           145.277582          7.519174267         0.5945978736          6.579102698         0.6169605669          3.924552558          3.820498181                    0                    0                    0                    0         -3.169279725         0.3790891541                    0                    0                    0                    0                    0                    0          0.370079423                    0                    0                    0                    0                    0                    0                    0                    0                    0
  "DRIFT_185"                           462              "drift"           145.644799          7.106755779         0.5284941612          6.154284123         0.5398992065          3.932550992           3.82968811                    0                    0                    0                    0         -3.030071743         0.3790891541                    0                    0                    0                    0                    0                    0                    0                    0                    0                    0                    0                    0                    0                    0                    0                    0
  "BR.STSCRAP152"                       463         "collimator"           145.644799          7.106755779         0.5284941612          6.154284123         0.5398992065          3.932550992           3.82968811                    0                    0                    0                    0         -3.030071743         0.3790891541                    0                    0                    0                    0                    0                    0                    0                    0                    0                    0                    0                    0                    0                    0                    0                    0
  "DRIFT_186"                           464              "drift"           145.644804          7.106750494         0.5284932611          6.154278724         0.5398981573          3.932551104           3.82968824                    0                    0                    0                    0         -3.030069848         0.3790891541                    0                    0                    0                    0                    0                    0                    0                    0                    0                    0                    0                    0                    0                    0                    0                    0
  "BR.BHZ152"                           465              "sbend"             147.2625          5.872892908         0.2391550319          4.763539505         0.3039141864          3.972568331          3.877977151                    0                    0                    0                    0         -2.725333623      9.600567972e-05                    0                    0                    0                    0                    0                    0                    0                    0                    0                    0                    0                    0                    0                    0                    0                    0
  "DRIFT_187"                           466              "drift"             147.6255          5.722986444         0.1738104329          4.573114767         0.2206718682           3.98254013          3.890367817                    0                    0                    0                    0         -2.725298773      9.600567972e-05                    0                    0                    0                    0                    0                    0                    0                    0                    0                    0                    0                    0                    0                    0                    0                    0
  "BR3.ONO16L1"                         467          "multipole"             147.6255          5.722986444         0.1738104329          4.573114767         0.2206718682           3.98254013          3.890367817                    0                    0                    0                    0         -2.725298773      9.600567972e-05                    0                    0                    0                    0                    0                    0                    0                    0                    0                    0                    0                    0                    0                    0                    0                    0
  "BR3.QNO16L1"                         468          "multipole"             147.6255          5.722986444         0.1738104329          4.573114767         0.2206718682           3.98254013          3.890367817                    0                    0                    0                    0         -2.725298773      9.600567972e-05                    0                    0                    0                    0                    0                    0                    0                    0                    0                    0                    0                    0                    0                    0                    0                    0
  "BR3.XNO16L1"                         469          "multipole"             147.6255          5.722986444         0.1738104329          4.573114767         0.2206718682           3.98254013          3.890367817                    0                    0                    0                    0         -2.725298773      9.600567972e-05                    0                    0                    0                    0                    0                    0                    0                    0                    0                    0                    0                    0                    0                    0                    0                    0
  "DRIFT_188"                           470              "drift"              148.038          5.610223118        0.09955520682          4.430080313         0.1260783248          3.994136632          3.904974178                    0                    0                    0                    0          -2.72525917      9.600567972e-05                    0                    0                    0                    0                    0                    0                    0                    0                    0                    0                    0                    0                    0                    0                    0                    0
  "BI3.KSW16L1"                         471            "hkicker"              148.408          5.561195999        0.03295051915          4.368175943        0.04123078284          4.004686957           3.91837648                    0                    0                    0                    0         -2.725223648      9.600567972e-05                    0                    0                    0                    0                    0                    0                    0                    0                    0                    0                    0                    0                    0                    0                    0                    0
  "DRIFT_189"                           472              "drift"            149.25851          5.635361778        -0.1201520563          4.463922459         -0.153806198          4.028960858          3.949223531                    0                    0                    0                    0         -2.725141995      9.600567972e-05                    0                    0                    0                    0                    0                    0                    0                    0                    0                    0                    0                    0                    0                    0                    0                    0
  "BR3.DHZ16L1"                         473            "hkicker"            149.25851          5.635361778        -0.1201520563          4.463922459         -0.153806198          4.028960858          3.949223531                    0                    0                    0                    0         -2.725141995      9.600567972e-05                    0                    0                    0                    0                    0                    0                    0                    0                    0                    0                    0                    0                    0                    0                    0                    0
  "BR3.DVT16L1"                         474            "vkicker"            149.25851          5.635361778        -0.1201520563          4.463922459         -0.153806198          4.028960858          3.949223531                    0                    0                    0                    0         -2.725141995      9.600567972e-05                    0                    0                    0                    0                    0                    0                    0                    0                    0                    0                    0                    0                    0                    0                    0                    0
  "DRIFT_190"                           475              "drift"          149.9165015          5.871416834        -0.2385988626          4.765612536        -0.3046952829          4.047206526          3.972006325                    0                    0                    0                    0         -2.725078824      9.600567972e-05                    0                    0                    0                    0                    0                    0                    0                    0                    0                    0                    0                    0                    0                    0                    0                    0
  "BR.BHZ161"                           476              "sbend"          151.5341975          7.103486534        -0.5279370918          6.158756265        -0.5405759646          4.087238285          4.020266286                    0                    0                    0                    0         -3.029506425        -0.3788971428                    0                    0                    0                    0                    0                    0                    0                    0                    0                    0                    0                    0                    0                    0                    0                    0
  "DRIFT_191"                           477              "drift"             151.5342          7.103489174        -0.5279375419          6.158758967        -0.5405764891          4.087238341          4.020266351                    0                    0                    0                    0         -3.029507372        -0.3788971428                    0                    0                    0                    0                    0                    0                    0                    0                    0                    0                    0                    0                    0                    0                    0                    0
  "BR.STSCRAP161"                       478         "collimator"             151.5342          7.103489174        -0.5279375419          6.158758967        -0.5405764891          4.087238341          4.020266351                    0                    0                    0                    0         -3.029507372        -0.3788971428                    0                    0                    0                    0                    0                    0                    0                    0                    0                    0                    0                    0                    0                    0                    0                    0
  "DRIFT_192"                           479              "drift"           151.900512          7.514423794        -0.5938783428          6.582952694        -0.6174356051          4.095221406          4.029427589                    0                    0                    0                    0         -3.168301942        -0.3788971428                    0                    0                    0                    0                    0                    0                    0                    0                    0                    0                    0                    0                    0                    0                    0                    0
  "BR.QFO161"                           480         "quadrupole"           152.404082          6.768299963          1.982340986          8.646514658         -3.731882604          4.106122194          4.040392348                    0                    0                    0                    0         -3.062564507         0.7923062094                    0                    0                    0                    0                    0                    0          0.370079423                    0                    0                    0                    0                    0                    0                    0                    0                    0
  "DRIFT_193"                           481              "drift"           152.730339          5.552322692          1.744712447          11.26537972         -4.295117779          4.114596577          4.045654528                    0                    0                    0                    0          -2.80406906         0.7923062094                    0                    0                    0                    0                    0                    0                    0                    0                    0                    0                    0                    0                    0                    0                    0                    0
  "BR3.BPM16L3"                         482            "monitor"           152.730339          5.552322692          1.744712447          11.26537972         -4.295117779          4.114596577          4.045654528                    0                    0                    0                    0          -2.80406906         0.7923062094                    0                    0                    0                    0                    0                    0                    0                    0                    0                    0                    0                    0                    0                    0                    0                    0
  "BR3.ONOH0.16L3"                      483          "multipole"           152.730339          5.552322692          1.744712447          11.26537972         -4.295117779          4.114596577          4.045654528                    0                    0                    0                    0          -2.80406906         0.7923062094                    0                    0                    0                    0                    0                    0                    0                    0                    0                    0                    0                    0                    0                    0                    0                    0
  "BR3.QNO16L3"                         484          "multipole"           152.730339          5.552322692          1.744712447          11.26537972         -4.295117779          4.114596577          4.045654528                    0                    0                    0                    0          -2.80406906         0.7923062094                    0                    0                    0                    0                    0                    0                    0                    0                    0                    0                    0                    0                    0                    0                    0                    0
  "BR3.XNOH0.16L3"                      485          "multipole"           152.730339          5.552322692          1.744712447          11.26537972         -4.295117779          4.114596577          4.045654528                    0                    0                    0                    0          -2.80406906         0.7923062094                    0                    0                    0                    0                    0                    0                    0                    0                    0                    0                    0                    0                    0                    0                    0                    0
  "DRIFT_194"                           486              "drift"           153.057827          4.487692031          1.506187312           14.2637275         -4.860478096          4.125045672          4.049766729                    0                    0                    0                    0         -2.544598284         0.7923062094                    0                    0                    0                    0                    0                    0                    0                    0                    0                    0                    0                    0                    0                    0                    0                    0
  "BR.QDE16"                            487         "quadrupole"           153.936767          4.487883876          -1.50644578          14.26496365          4.859351325          4.159551032           4.05866762                    0                    0                    0                    0         -2.544672212        -0.7924823902                    0                    0                    0                    0                    0                    0        -0.6522698929                    0                    0                    0                    0                    0                    0                    0                    0                    0
  "DRIFT_195"                           488              "drift"           154.079339          4.932245706         -1.610308067          12.91442134          4.613352329          4.164374704           4.06033944                    0                    0                    0                    0         -2.657658011        -0.7924823902                    0                    0                    0                    0                    0                    0                    0                    0                    0                    0                    0                    0                    0                    0                    0                    0
  "BI3.KSW16L4"                         489            "hkicker"           154.449339          6.223603968         -1.879849397          9.736752938          3.974940659           4.17501128           4.06559182                    0                    0                    0                    0         -2.950876495        -0.7924823902                    0                    0                    0                    0                    0                    0                    0                    0                    0                    0                    0                    0                    0                    0                    0                    0
  "DRIFT_196"                           490              "drift"           154.591512          6.772856712         -1.983421017          8.641370998          3.729630112           4.17849678          4.068058747                    0                    0                    0                    0         -3.063546094        -0.7924823902                    0                    0                    0                    0                    0                    0                    0                    0                    0                    0                    0                    0                    0                    0                    0                    0
  "BR.QFO162"                           491         "quadrupole"           155.095082          7.519174267         0.5945978736          6.579103086         0.6169606541          4.189390446          4.079029988                    0                    0                    0                    0         -3.169279466         0.3790892121                    0                    0                    0                    0                    0                    0          0.370079423                    0                    0                    0                    0                    0                    0                    0                    0                    0
  "DRIFT_197"                           492              "drift"           155.218397          7.375265972         0.5723996113          6.430133219         0.5910827077          4.192026061          4.082047637                    0                    0                    0                    0         -3.122532079         0.3790892121                    0                    0                    0                    0                    0                    0                    0                    0                    0                    0                    0                    0                    0                    0                    0                    0
  "BR3.VVS16L5"                         493             "marker"           155.218397          7.375265972         0.5723996113          6.430133219         0.5910827077          4.192026061          4.082047637                    0                    0                    0                    0         -3.122532079         0.3790892121                    0                    0                    0                    0                    0                    0                    0                    0                    0                    0                    0                    0                    0                    0                    0                    0
  "DRIFT_198"                           494              "drift"           155.462299          7.106755779         0.5284941612          6.154284447         0.5398992922           4.19738888          4.088219916                    0                    0                    0                    0         -3.030071462         0.3790892121                    0                    0                    0                    0                    0                    0                    0                    0                    0                    0                    0                    0                    0                    0                    0                    0
  "BR.STSCRAP162"                       495         "collimator"           155.462299          7.106755779         0.5284941612          6.154284447         0.5398992922           4.19738888          4.088219916                    0                    0                    0                    0         -3.030071462         0.3790892121                    0                    0                    0                    0                    0                    0                    0                    0                    0                    0                    0                    0                    0                    0                    0                    0
  "DRIFT_199"                           496              "drift"           155.462304          7.106750494         0.5284932611          6.154279048          0.539898243          4.197388992          4.088220046                    0                    0                    0                    0         -3.030069567         0.3790892121                    0                    0                    0                    0                    0                    0                    0                    0                    0                    0                    0                    0                    0                    0                    0                    0
  "BR.BHZ162"                           497              "sbend"               157.08          5.872892908         0.2391550319          4.763539556         0.3039142668           4.23740622          4.136508956                    0                    0                    0                    0         -2.725333249      9.606360349e-05                    0                    0                    0                    0                    0                    0                    0                    0                    0                    0                    0                    0                    0                    0                    0                    0
