@ NAME                 %s               "PSB3"
@ TYPE                 %s              "twiss"
@ TITLE                %n                  nil
@ ORIGIN               %s "MAD 1.1.15 Linux 64"
@ DATE                 %s           "14/09/26"
@ TIME                 %s           "11:31:53"
@ REFCOL               %s               "name"
@ DIRECTION            %le                    1
@ OBSERVE              %le                    0
@ ENERGY               %le          1.098272088
@ DELTAP               %le                    0
@ LENGTH               %le               157.08
@ ALFAP                %le        0.06319600511
@ Q1                   %le          4.233286834
@ Q2                   %le          4.128359994
@ Q3                   %le                    0
@ DQ1                  %le          -6.49755169
@ DQ2                  %le         -12.81211455
@ DQ3                  %le                    0
* NAME                                INDEX                 KIND                    S                 BETX                 ALFX                 BETY                 ALFY                  MUX                  MUY                    X                   PX                    Y                   PY                   DX                  DPX                   DY                  DPY                  R11                  R12                  R21                  R22                  K1L                  K2L                  K3L                  K4L                  K5L                 K1SL                 K2SL                 K3SL                 K4SL                 K5SL
$ %s                                     %d                   %s                  %le                  %le                  %le                  %le                  %le                  %le                  %le                  %le                  %le                  %le                  %le                  %le                  %le                  %le                  %le                  %le                  %le                  %le                  %le                  %le                  %le                  %le                  %le                  %le                  %le                  %le                  %le                  %le                  %le
  "DRIFT_0"                               1              "drift"               0.1795          5.799184578         0.2065960006          4.675163796         0.2618907341       0.004893419355       0.006046911753                    0                    0                    0                    0         -2.730727198      9.606615407e-05                    0                    0                    0                    0                    0                    0                    0                    0                    0                    0                    0                    0                    0                    0                    0                    0
  "BI3.BSW1L1.1"                          2              "rbend"               0.4925          5.687470114         0.1503192202          4.533612647         0.1903493573        0.01357175959        0.01687567806                    0                    0                    0                    0          -2.73069713      9.606615407e-05                    0                    0                    0                    0                    0                    0                    0                    0                    0                    0                    0                    0                    0                    0                    0                    0
  "DRIFT_1"                               3              "drift"               0.8695          5.599683935         0.0825353665          4.422575188         0.1041797117        0.02421181068        0.03029146325                    0                    0                    0                    0         -2.730660913      9.606615407e-05                    0                    0                    0                    0                    0                    0                    0                    0                    0                    0                    0                    0                    0                    0                    0                    0
  "BI3.BSW1L1.2"                          4              "rbend"               1.1945          5.565027113        0.02410100985          4.379000733         0.0298955345        0.03348296348        0.04205597581                    0                    0                    0                    0         -2.730629691      9.606615407e-05                    0                    0                    0                    0                    0                    0                    0                    0                    0                    0                    0                    0                    0                    0                    0                    0
  "DRIFT_2"                               5              "drift"             1.327628          5.561796646      0.0001648589796           4.37509177     -0.0005330930153        0.03729177778        0.04689742556                    0                    0                    0                    0         -2.730616902      9.606615407e-05                    0                    0                    0                    0                    0                    0                    0                    0                    0                    0                    0                    0                    0                    0                    0                    0
  "BI3.BTV1L1"                            6         "instrument"             1.327628          5.561796646      0.0001648589796           4.37509177     -0.0005330930153        0.03729177778        0.04689742556                    0                    0                    0                    0         -2.730616902      9.606615407e-05                    0                    0                    0                    0                    0                    0                    0                    0                    0                    0                    0                    0                    0                    0                    0                    0
  "DRIFT_3"                               7              "drift"                1.334          5.561801845     -0.0009808140068          4.375107844      -0.001989520022        0.03747411725        0.04712922271                    0                    0                    0                    0          -2.73061629      9.606615407e-05                    0                    0                    0                    0                    0                    0                    0                    0                    0                    0                    0                    0                    0                    0                    0                    0
  "BI3.BCSF1L1"                           8         "instrument"                1.334          5.561801845     -0.0009808140068          4.375107844      -0.001989520022        0.03747411725        0.04712922271                    0                    0                    0                    0          -2.73061629      9.606615407e-05                    0                    0                    0                    0                    0                    0                    0                    0                    0                    0                    0                    0                    0                    0                    0                    0
  "BI3.TSTR1L1"                           9         "instrument"                1.334          5.561801845     -0.0009808140068          4.375107844      -0.001989520022        0.03747411725        0.04712922271                    0                    0                    0                    0          -2.73061629      9.606615407e-05                    0                    0                    0                    0                    0                    0                    0                    0                    0                    0                    0                    0                    0                    0                    0                    0
  "DRIFT_4"                              10              "drift"               1.3975          5.562651399       -0.01239798831          4.376282151       -0.01650350542        0.03929111594        0.04943895722                    0                    0                    0                    0          -2.73061019      9.606615407e-05                    0                    0                    0                    0                    0                    0                    0                    0                    0                    0                    0                    0                    0                    0                    0                    0
  "BI3.BSW1L1.3"                         11              "rbend"               1.7225          5.589701258       -0.07083234496          4.411151787       -0.09078768263        0.04857253671        0.06122238581                    0                    0                    0                    0         -2.730578968      9.606615407e-05                    0                    0                    0                    0                    0                    0                    0                    0                    0                    0                    0                    0                    0                    0                    0                    0
  "DRIFT_5"                              12              "drift"               2.0935          5.667006437        -0.1375374105          4.509976397         -0.175585928        0.05907129422        0.07447595867                    0                    0                    0                    0         -2.730543328      9.606615407e-05                    0                    0                    0                    0                    0                    0                    0                    0                    0                    0                    0                    0                    0                    0                    0                    0
  "BI3.BSW1L1.4"                         13              "rbend"               2.4185           5.77539692        -0.1959717672          4.648249608        -0.2498701052        0.06811756521        0.08578268846                    0                    0                    0                    0         -2.730512106      9.606615407e-05                    0                    0                    0                    0                    0                    0                    0                    0                    0                    0                    0                    0                    0                    0                    0                    0
  "DRIFT_6"                              14              "drift"                2.456          5.790347643         -0.202714193          4.667311288        -0.2584413564        0.06914964009        0.08706406859                    0                    0                    0                    0         -2.730508504      9.606615407e-05                    0                    0                    0                    0                    0                    0                    0                    0                    0                    0                    0                    0                    0                    0                    0                    0
  "BI3.TDI1L1"                           15         "collimator"                2.526           5.81960864        -0.2153000544          4.704613054        -0.2744410254        0.07106888098        0.08944166966                    0                    0                    0                    0         -2.730501779      9.606615407e-05                    0                    0                    0                    0                    0                    0                    0                    0                    0                    0                    0                    0                    0                    0                    0                    0
  "DRIFT_7"                              16              "drift"             2.654001          5.877671742        -0.2383143808          4.778615401        -0.3036977914        0.07455240345        0.09373874795                    0                    0                    0                    0         -2.730489482      9.606615407e-05                    0                    0                    0                    0                    0                    0                    0                    0                    0                    0                    0                    0                    0                    0                    0                    0
  "BR.BHZ11"                             17              "sbend"             4.271697          7.108272393        -0.5273076002          6.166235791        -0.5382293485         0.1145486331         0.1419007563                    0                    0                    0                    0         -3.034916986        -0.3788970823                    0                    0                    0                    0                    0                    0                    0                    0                    0                    0                    0                    0                    0                    0                    0                    0
  "DRIFT_8"                              18              "drift"               4.2717          7.108275557        -0.5273081396           6.16623902         -0.538229976         0.1145487002         0.1419008337                    0                    0                    0                    0         -3.034918123        -0.3788970823                    0                    0                    0                    0                    0                    0                    0                    0                    0                    0                    0                    0                    0                    0                    0                    0
  "BR.SPSCRAP11"                         19         "collimator"               4.2717          7.108275557        -0.5273081396           6.16623902         -0.538229976         0.1145487002         0.1419008337                    0                    0                    0                    0         -3.034918123        -0.3788970823                    0                    0                    0                    0                    0                    0                    0                    0                    0                    0                    0                    0                    0                    0                    0                    0
  "DRIFT_9"                              20              "drift"             4.514819          7.375300107        -0.5710204546          6.440309302        -0.5890792065         0.1198937124         0.1480424585                    0                    0                    0                    0         -3.127035203        -0.3788970823                    0                    0                    0                    0                    0                    0                    0                    0                    0                    0                    0                    0                    0                    0                    0                    0
  "BR3.VVS1L2"                           21             "marker"             4.514819          7.375300107        -0.5710204546          6.440309302        -0.5890792065         0.1198937124         0.1480424585                    0                    0                    0                    0         -3.127035203        -0.3788970823                    0                    0                    0                    0                    0                    0                    0                    0                    0                    0                    0                    0                    0                    0                    0                    0
  "DRIFT_10"                             22              "drift"             4.638012           7.51872026        -0.5931703121          6.588624395        -0.6148454743          0.122526793         0.1510525612                    0                    0                    0                    0         -3.173712671        -0.3788970823                    0                    0                    0                    0                    0                    0                    0                    0                    0                    0                    0                    0                    0                    0                    0                    0
  "BR.QFO11"                             23         "quadrupole"             5.141582          6.772733251          1.981491715          8.648417442         -3.726231214         0.1334213006         0.1620109807                    0                    0                    0                    0         -3.067830141         0.7928813327                    0                    0                    0                    0                    0                    0         0.3696348377                    0                    0                    0                    0                    0                    0                    0                    0                    0
  "DRIFT_11"                             24              "drift"             5.467797          5.557352997          1.744211438          11.26267554         -4.287680145         0.1418879766          0.167272535                    0                    0                    0                    0         -2.809180357         0.7928813327                    0                    0                    0                    0                    0                    0                    0                    0                    0                    0                    0                    0                    0                    0                    0                    0
  "BR3.BPM1L3"                           25            "monitor"             5.467797          5.557352997          1.744211438          11.26267554         -4.287680145         0.1418879766          0.167272535                    0                    0                    0                    0         -2.809180357         0.7928813327                    0                    0                    0                    0                    0                    0                    0                    0                    0                    0                    0                    0                    0                    0                    0                    0
  "BR3.ONOH0.1L3"                        26          "multipole"             5.467797          5.557352997          1.744211438          11.26267554         -4.287680145         0.1418879766          0.167272535                    0                    0                    0                    0         -2.809180357         0.7928813327                    0                    0                    0                    0                    0                    0                    0                    0                    0                    0                    0                    0                    0                    0                    0                    0
  "BR3.QSKH0.1L3"                        27          "multipole"             5.467797          5.557352997          1.744211438          11.26267554         -4.287680145         0.1418879766          0.167272535                    0                    0                    0                    0         -2.809180357         0.7928813327                    0                    0                    0                    0                    0                    0                    0                    0                    0                    0                    0                    0                    0                    0                    0                    0
  "BR3.XNOH0.1L3"                        28          "multipole"             5.467797          5.557352997          1.744211438          11.26267554         -4.287680145         0.1418879766          0.167272535                    0                    0                    0                    0         -2.809180357         0.7928813327                    0                    0                    0                    0                    0                    0                    0                    0                    0                    0                    0                    0                    0                    0                    0                    0
  "DRIFT_12"                             29              "drift"             5.795327          4.492819543          1.505974663          14.25599594         -4.851392324         0.1523277055         0.1713868735                    0                    0                    0                    0         -2.549487934         0.7928813327                    0                    0                    0                    0                    0                    0                    0                    0                    0                    0                    0                    0                    0                    0                    0                    0
  "BR.QDE1"                              30         "quadrupole"             6.674267          4.493010082         -1.506231323          14.25722963          4.850267428         0.1867890351         0.1802937044                    0                    0                    0                    0          -2.54956168        -0.7930570715                    0                    0                    0                    0                    0                    0        -0.6514548393                    0                    0                    0                    0                    0                    0                    0                    0                    0
  "DRIFT_13"                             31              "drift"             6.816797          4.937155707         -1.609924054          12.90955765          4.605089244         0.1916061346         0.1819658002                    0                    0                    0                    0         -2.662596104        -0.7930570715                    0                    0                    0                    0                    0                    0                    0                    0                    0                    0                    0                    0                    0                    0                    0                    0
  "BI3.KSW1L4"                           32            "hkicker"             7.186797          6.228096328         -1.879104651          9.737285139          3.968620234         0.2022335723         0.1872190263                    0                    0                    0                    0         -2.956027221        -0.7930570715                    0                    0                    0                    0                    0                    0                    0                    0                    0                    0                    0                    0                    0                    0                    0                    0
  "DRIFT_14"                             33              "drift"             7.329012          6.777284135         -1.982568215           8.64328144           3.72398391         0.2057177053         0.1896863416                    0                    0                    0                    0         -3.068811832        -0.7930570715                    0                    0                    0                    0                    0                    0                    0                    0                    0                    0                    0                    0                    0                    0                    0                    0
  "BR.QFO12"                             34         "quadrupole"             7.832582          7.523463539         0.5938887534          6.584779819          0.614371059         0.2166051097         0.2006512262                    0                    0                    0                    0         -3.174690184         0.3790891617                    0                    0                    0                    0                    0                    0         0.3696348377                    0                    0                    0                    0                    0                    0                    0                    0                    0
  "DRIFT_15"                             35              "drift"             7.997852          7.332070585         0.5641735345          6.387419385         0.5797986868         0.2201469402         0.2047075053                    0                    0                    0                    0         -3.112038118         0.3790891617                    0                    0                    0                    0                    0                    0                    0                    0                    0                    0                    0                    0                    0                    0                    0                    0
  "BR3.BPP1L5"                           36            "monitor"             7.997852          7.332070585         0.5641735345          6.387419385         0.5797986868         0.2201469402         0.2047075053                    0                    0                    0                    0         -3.112038118         0.3790891617                    0                    0                    0                    0                    0                    0                    0                    0                    0                    0                    0                    0                    0                    0                    0                    0
  "DRIFT_16"                             37              "drift"             8.199799          7.111536908         0.5278638637          6.161773371         0.5375539549         0.2245985707         0.2098315982                    0                    0                    0                    0         -3.035482199         0.3790891617                    0                    0                    0                    0                    0                    0                    0                    0                    0                    0                    0                    0                    0                    0                    0                    0
  "BR.STSCRAP12"                         38         "collimator"             8.199799          7.111536908         0.5278638637          6.161773371         0.5375539549         0.2245985707         0.2098315982                    0                    0                    0                    0         -3.035482199         0.3790891617                    0                    0                    0                    0                    0                    0                    0                    0                    0                    0                    0                    0                    0                    0                    0                    0
  "DRIFT_17"                             39              "drift"             8.199804           7.11153163         0.5278629647          6.161767996         0.5375529089         0.2245986826         0.2098317273                    0                    0                    0                    0         -3.035480303         0.3790891617                    0                    0                    0                    0                    0                    0                    0                    0                    0                    0                    0                    0                    0                    0                    0                    0
  "BR.BHZ12"                             40              "sbend"               9.8175           5.87914568         0.2388697453          4.776547098         0.3029183587         0.2645804271         0.2580225077                    0                    0                    0                    0         -2.730744066       9.60131894e-05                    0                    0                    0                    0                    0                    0                    0                    0                    0                    0                    0                    0                    0                    0                    0                    0
  "DRIFT_18"                             41              "drift"              10.7355          5.592100934        0.07381516251          4.413007622        0.09309414264         0.2901716627         0.2900612626                    0                    0                    0                    0         -2.730655926       9.60131894e-05                    0                    0                    0                    0                    0                    0                    0                    0                    0                    0                    0                    0                    0                    0                    0                    0
  "BR3.BWS.2L1.V_ROT"                    42            "monitor"              10.7355          5.592100934        0.07381516251          4.413007622        0.09309414264         0.2901716627         0.2900612626                    0                    0                    0                    0         -2.730655926       9.60131894e-05                    0                    0                    0                    0                    0                    0                    0                    0                    0                    0                    0                    0                    0                    0                    0                    0
  "DRIFT_19"                             43              "drift"              10.8335          5.579359943         0.0561949565          4.396956325        0.07069460759         0.2929641345         0.2936023661                    0                    0                    0                    0         -2.730646517       9.60131894e-05                    0                    0                    0                    0                    0                    0                    0                    0                    0                    0                    0                    0                    0                    0                    0                    0
  "BR3.BWS.2L1.H_ROT"                    44            "monitor"              10.8335          5.579359943         0.0561949565          4.396956325        0.07069460759         0.2929641345         0.2936023661                    0                    0                    0                    0         -2.730646517       9.60131894e-05                    0                    0                    0                    0                    0                    0                    0                    0                    0                    0                    0                    0                    0                    0                    0                    0
  "DRIFT_20"                             45              "drift"              11.3695          5.570774201       -0.04017678247          4.386837999       -0.05181713512         0.3082893394         0.3130746586                    0                    0                    0                    0         -2.730595054       9.60131894e-05                    0                    0                    0                    0                    0                    0                    0                    0                    0                    0                    0                    0                    0                    0                    0                    0
  "BI3.KSW2L1"                           46            "hkicker"              11.7395          5.625119369          -0.10670205          4.456473458        -0.1363868083         0.3188165893         0.3264086008                    0                    0                    0                    0         -2.730559529       9.60131894e-05                    0                    0                    0                    0                    0                    0                    0                    0                    0                    0                    0                    0                    0                    0                    0                    0
  "DRIFT_21"                             47              "drift"            12.471501          5.877671742        -0.2383143808          4.778615868        -0.3036978496         0.3391328306         0.3517612498                    0                    0                    0                    0         -2.730489247       9.60131894e-05                    0                    0                    0                    0                    0                    0                    0                    0                    0                    0                    0                    0                    0                    0                    0                    0
  "BR.BHZ21"                             48              "sbend"            14.089197          7.108272393        -0.5273076002          6.166236387        -0.5382293684         0.3791290602         0.3999232533                    0                    0                    0                    0         -3.034916836        -0.3788971353                    0                    0                    0                    0                    0                    0                    0                    0                    0                    0                    0                    0                    0                    0                    0                    0
  "DRIFT_22"                             49              "drift"           14.0891995           7.10827503        -0.5273080497          6.166239078        -0.5382298913         0.3791291162         0.3999233178                    0                    0                    0                    0         -3.034917783        -0.3788971353                    0                    0                    0                    0                    0                    0                    0                    0                    0                    0                    0                    0                    0                    0                    0                    0
  "BR.STSCRAP21"                         50         "collimator"           14.0891995           7.10827503        -0.5273080497          6.166239078        -0.5382298913         0.3791291162         0.3999233178                    0                    0                    0                    0         -3.034917783        -0.3788971353                    0                    0                    0                    0                    0                    0                    0                    0                    0                    0                    0                    0                    0                    0                    0                    0
  "DRIFT_23"                             51              "drift"            14.455512           7.51872026        -0.5931703121          6.588625003         -0.614845488         0.3871072202         0.4090750574                    0                    0                    0                    0          -3.17371254        -0.3788971353                    0                    0                    0                    0                    0                    0                    0                    0                    0                    0                    0                    0                    0                    0                    0                    0
  "BR.QFO21"                             52         "quadrupole"            14.959082          6.772733251          1.981491715          8.648418182         -3.726231478         0.3980017277         0.4200334759                    0                    0                    0                    0         -3.067830048         0.7928812377                    0                    0                    0                    0                    0                    0         0.3696348377                    0                    0                    0                    0                    0                    0                    0                    0                    0
  "DRIFT_24"                             53              "drift"            15.285302          5.557335555          1.744207801          11.26271933          -4.28768904          0.406468547         0.4252951004                    0                    0                    0                    0          -2.80917633         0.7928812377                    0                    0                    0                    0                    0                    0                    0                    0                    0                    0                    0                    0                    0                    0                    0                    0
  "BR3.BPM2L3"                           54            "monitor"            15.285302          5.557335555          1.744207801          11.26271933          -4.28768904          0.406468547         0.4252951004                    0                    0                    0                    0          -2.80917633         0.7928812377                    0                    0                    0                    0                    0                    0                    0                    0                    0                    0                    0                    0                    0                    0                    0                    0
  "BR3.ONOH0.2L3"                        55          "multipole"            15.285302          5.557335555          1.744207801          11.26271933          -4.28768904          0.406468547         0.4252951004                    0                    0                    0                    0          -2.80917633         0.7928812377                    0                    0                    0                    0                    0                    0                    0                    0                    0                    0                    0                    0                    0                    0                    0                    0
  "BR3.QSK2L3"                           56          "multipole"            15.285302          5.557335555          1.744207801          11.26271933          -4.28768904          0.406468547         0.4252951004                    0                    0                    0                    0          -2.80917633         0.7928812377                    0                    0                    0                    0                    0                    0                    0                    0                    0                    0                    0                    0                    0                    0                    0                    0
  "BR3.XNOH0.2L3"                        57          "multipole"            15.285302          5.557335555          1.744207801          11.26271933          -4.28768904          0.406468547         0.4252951004                    0                    0                    0                    0          -2.80917633         0.7928812377                    0                    0                    0                    0                    0                    0                    0                    0                    0                    0                    0                    0                    0                    0                    0                    0
  "DRIFT_25"                             58              "drift"            15.612827          4.492819543          1.505974663          14.25599706         -4.851392639         0.4169081326          0.429409368                    0                    0                    0                    0         -2.549487903         0.7928812377                    0                    0                    0                    0                    0                    0                    0                    0                    0                    0                    0                    0                    0                    0                    0                    0
  "BR.QDE2"                              59         "quadrupole"            16.491767          4.493010082         -1.506231323          14.25723064          4.850267844         0.4513694622         0.4383161982                    0                    0                    0                    0         -2.549561732        -0.7930571729                    0                    0                    0                    0                    0                    0        -0.6514548393                    0                    0                    0                    0                    0                    0                    0                    0                    0
  "DRIFT_26"                             60              "drift"            16.819302          5.557744258          -1.74451799          11.26450589          4.286846502          0.461808761          0.442430087                    0                    0                    0                    0         -2.809315713        -0.7930571729                    0                    0                    0                    0                    0                    0                    0                    0                    0                    0                    0                    0                    0                    0                    0                    0
  "BR3.DHZ2L4"                           61            "hkicker"            16.819302          5.557744258          -1.74451799          11.26450589          4.286846502          0.461808761          0.442430087                    0                    0                    0                    0         -2.809315713        -0.7930571729                    0                    0                    0                    0                    0                    0                    0                    0                    0                    0                    0                    0                    0                    0                    0                    0
  "BR3.DVT2L4"                           62            "vkicker"            16.819302          5.557744258          -1.74451799          11.26450589          4.286846502          0.461808761          0.442430087                    0                    0                    0                    0         -2.809315713        -0.7930571729                    0                    0                    0                    0                    0                    0                    0                    0                    0                    0                    0                    0                    0                    0                    0                    0
  "BR3.OSK2L4"                           63          "multipole"            16.819302          5.557744258          -1.74451799          11.26450589          4.286846502          0.461808761          0.442430087                    0                    0                    0                    0         -2.809315713        -0.7930571729                    0                    0                    0                    0                    0                    0                    0                    0                    0                    0                    0                    0                    0                    0                    0                    0
  "BR3.XSK2L4"                           64          "multipole"            16.819302          5.557744258          -1.74451799          11.26450589          4.286846502          0.461808761          0.442430087                    0                    0                    0                    0         -2.809315713        -0.7930571729                    0                    0                    0                    0                    0                    0                    0                    0                    0                    0                    0                    0                    0                    0                    0                    0
  "DRIFT_27"                             65              "drift"            17.146512          6.777284135         -1.982568215          8.643281972           3.72398422         0.4702981324         0.4477088348                    0                    0                    0                    0          -3.06881195        -0.7930571729                    0                    0                    0                    0                    0                    0                    0                    0                    0                    0                    0                    0                    0                    0                    0                    0
  "BR.QFO22"                             66         "quadrupole"            17.650082          7.523463539         0.5938887534          6.584780147         0.6143711784         0.4811855368         0.4586737187                    0                    0                    0                    0          -3.17469034         0.3790891118                    0                    0                    0                    0                    0                    0         0.3696348377                    0                    0                    0                    0                    0                    0                    0                    0                    0
  "DRIFT_28"                             67              "drift"            18.017299          7.111536908         0.5278638637          6.161773613         0.5375540699         0.4891789979         0.4678540903                    0                    0                    0                    0         -3.035482374         0.3790891118                    0                    0                    0                    0                    0                    0                    0                    0                    0                    0                    0                    0                    0                    0                    0                    0
  "BR.STSCRAP22"                         68         "collimator"            18.017299          7.111536908         0.5278638637          6.161773613         0.5375540699         0.4891789979         0.4678540903                    0                    0                    0                    0         -3.035482374         0.3790891118                    0                    0                    0                    0                    0                    0                    0                    0                    0                    0                    0                    0                    0                    0                    0                    0
  "DRIFT_29"                             69              "drift"            18.017304           7.11153163         0.5278629647          6.161768238          0.537553024         0.4891791098         0.4678542194                    0                    0                    0                    0         -3.035480478         0.3790891118                    0                    0                    0                    0                    0                    0                    0                    0                    0                    0                    0                    0                    0                    0                    0                    0
  "BR.BHZ22"                             70              "sbend"               19.635           5.87914568         0.2388697453          4.776546997         0.3029184519         0.5291608543         0.5160449993                    0                    0                    0                    0         -2.730744321      9.596331965e-05                    0                    0                    0                    0                    0                    0                    0                    0                    0                    0                    0                    0                    0                    0                    0                    0
  "DRIFT_30"                             71              "drift"               20.159          5.678178408         0.1446555826           4.52184739         0.1831495007         0.5436148175         0.5340279489                    0                    0                    0                    0         -2.730694036      9.596331965e-05                    0                    0                    0                    0                    0                    0                    0                    0                    0                    0                    0                    0                    0                    0                    0                    0
  "BR3.DES3L1"                           72            "hkicker"               20.724          5.572113623        0.04306970101          4.387852659        0.05400931469         0.5596283482         0.5542700739                    0                    0                    0                    0         -2.730639817      9.596331965e-05                    0                    0                    0                    0                    0                    0                    0                    0                    0                    0                    0                    0                    0                    0                    0                    0
  "HACMAP"                               73             "marker"               20.724          5.572113623        0.04306970101          4.387852659        0.05400931469         0.5596283482         0.5542700739                    0                    0                    0                    0         -2.730639817      9.596331965e-05                    0                    0                    0                    0                    0                    0                    0                    0                    0                    0                    0                    0                    0                    0                    0                    0
  "VACMAP"                               74             "marker"               20.724          5.572113623        0.04306970101          4.387852659        0.05400931469         0.5596283482         0.5542700739                    0                    0                    0                    0         -2.730639817      9.596331965e-05                    0                    0                    0                    0                    0                    0                    0                    0                    0                    0                    0                    0                    0                    0                    0                    0
  "DRIFT_31"                             75              "drift"               21.098          5.565046914       -0.02417475865          4.379424688       -0.03147463142         0.5703256532         0.5678652698                    0                    0                    0                    0         -2.730603927      9.596331965e-05                    0                    0                    0                    0                    0                    0                    0                    0                    0                    0                    0                    0                    0                    0                    0                    0
  "BR3.ONO3L1"                           76          "multipole"               21.098          5.565046914       -0.02417475865          4.379424688       -0.03147463142         0.5703256532         0.5678652698                    0                    0                    0                    0         -2.730603927      9.596331965e-05                    0                    0                    0                    0                    0                    0                    0                    0                    0                    0                    0                    0                    0                    0                    0                    0
  "BR3.QNO3L1"                           77          "multipole"               21.098          5.565046914       -0.02417475865          4.379424688       -0.03147463142         0.5703256532         0.5678652698                    0                    0                    0                    0         -2.730603927      9.596331965e-05                    0                    0                    0                    0                    0                    0                    0                    0                    0                    0                    0                    0                    0                    0                    0                    0
  "BR3.XNO3L1"                           78          "multipole"               21.098          5.565046914       -0.02417475865          4.379424688       -0.03147463142         0.5703256532         0.5678652698                    0                    0                    0                    0         -2.730603927      9.596331965e-05                    0                    0                    0                    0                    0                    0                    0                    0                    0                    0                    0                    0                    0                    0                    0                    0
  "DRIFT_32"                             79              "drift"               21.678          5.653573688        -0.1284576105          4.492825098        -0.1640433179         0.5868121794         0.5887354016                    0                    0                    0                    0         -2.730548268      9.596331965e-05                    0                    0                    0                    0                    0                    0                    0                    0                    0                    0                    0                    0                    0                    0                    0                    0
  "BR3.BPMT3L1"                          80            "monitor"               21.678          5.653573688        -0.1284576105          4.492825098        -0.1640433179         0.5868121794         0.5887354016                    0                    0                    0                    0         -2.730548268      9.596331965e-05                    0                    0                    0                    0                    0                    0                    0                    0                    0                    0                    0                    0                    0                    0                    0                    0
  "DRIFT_33"                             81              "drift"           22.2890015           5.87767198        -0.2383144707          4.778615693         -0.303697915         0.6037132713         0.6097837646                    0                    0                    0                    0         -2.730489634      9.596331965e-05                    0                    0                    0                    0                    0                    0                    0                    0                    0                    0                    0                    0                    0                    0                    0                    0
  "BR.BHZ31"                             82              "sbend"           23.9066975          7.108272921        -0.5273076901           6.16623647        -0.5382294592         0.6437094985         0.6579457687                    0                    0                    0                    0         -3.034917304        -0.3788971851                    0                    0                    0                    0                    0                    0                    0                    0                    0                    0                    0                    0                    0                    0                    0                    0
  "DRIFT_34"                             83              "drift"              23.9067          7.108275557        -0.5273081396          6.166239161        -0.5382299821         0.6437095545         0.6579458332                    0                    0                    0                    0         -3.034918251        -0.3788971851                    0                    0                    0                    0                    0                    0                    0                    0                    0                    0                    0                    0                    0                    0                    0                    0
  "BR.STSCRAP31"                         84         "collimator"              23.9067          7.108275557        -0.5273081396          6.166239161        -0.5382299821         0.6437095545         0.6579458332                    0                    0                    0                    0         -3.034918251        -0.3788971851                    0                    0                    0                    0                    0                    0                    0                    0                    0                    0                    0                    0                    0                    0                    0                    0
  "DRIFT_35"                             85              "drift"            24.273012           7.51872026        -0.5931703121          6.588624539        -0.6148454791         0.6516876473         0.6670975605                    0                    0                    0                    0         -3.173712837        -0.3788971851                    0                    0                    0                    0                    0                    0                    0                    0                    0                    0                    0                    0                    0                    0                    0                    0
  "BR.QFO31"                             86         "quadrupole"            24.776582          6.772733251          1.981491715          8.648417619         -3.726231279         0.6625821549         0.6780559797                    0                    0                    0                    0         -3.067830341         0.7928812985                    0                    0                    0                    0                    0                    0         0.3696348377                    0                    0                    0                    0                    0                    0                    0                    0                    0
  "DRIFT_36"                             87              "drift"            25.102807          5.557318113          1.744204164          11.26276151         -4.287697428         0.6710491173         0.6833176753                    0                    0                    0                    0          -2.80917264         0.7928812985                    0                    0                    0                    0                    0                    0                    0                    0                    0                    0                    0                    0                    0                    0                    0                    0
  "BR3.BPM3L3"                           88            "monitor"            25.102807          5.557318113          1.744204164          11.26276151         -4.287697428         0.6710491173         0.6833176753                    0                    0                    0                    0          -2.80917264         0.7928812985                    0                    0                    0                    0                    0                    0                    0                    0                    0                    0                    0                    0                    0                    0                    0                    0
  "BR3.ONOH0.3L3"                        89          "multipole"            25.102807          5.557318113          1.744204164          11.26276151         -4.287697428         0.6710491173         0.6833176753                    0                    0                    0                    0          -2.80917264         0.7928812985                    0                    0                    0                    0                    0                    0                    0                    0                    0                    0                    0                    0                    0                    0                    0                    0
  "BR3.QSKH0.3L3"                        90          "multipole"            25.102807          5.557318113          1.744204164          11.26276151         -4.287697428         0.6710491173         0.6833176753                    0                    0                    0                    0          -2.80917264         0.7928812985                    0                    0                    0                    0                    0                    0                    0                    0                    0                    0                    0                    0                    0                    0                    0                    0
  "BR3.XNOH0.3L3"                        91          "multipole"            25.102807          5.557318113          1.744204164          11.26276151         -4.287697428         0.6710491173         0.6833176753                    0                    0                    0                    0          -2.80917264         0.7928812985                    0                    0                    0                    0                    0                    0                    0                    0                    0                    0                    0                    0                    0                    0                    0                    0
  "DRIFT_37"                             92              "drift"            25.430327          4.492819543          1.505974663          14.25599621         -4.851392402         0.6814885598         0.6874318724                    0                    0                    0                    0         -2.549488157         0.7928812985                    0                    0                    0                    0                    0                    0                    0                    0                    0                    0                    0                    0                    0                    0                    0                    0
  "BR.QDE3"                              93         "quadrupole"            26.309267          4.493010082         -1.506231323          14.25722988          4.850267528         0.7159498893         0.6963387031                    0                    0                    0                    0         -2.549562003        -0.7930572753                    0                    0                    0                    0                    0                    0        -0.6514548393                    0                    0                    0                    0                    0                    0                    0                    0                    0
  "DRIFT_38"                             94              "drift"            26.636807          5.557761703         -1.744521628          11.26446246          4.286837625         0.7263893313         0.7004526628                    0                    0                    0                    0         -2.809319983        -0.7930572753                    0                    0                    0                    0                    0                    0                    0                    0                    0                    0                    0                    0                    0                    0                    0                    0
  "BR3.DHZ3L4"                           95            "hkicker"            26.636807          5.557761703         -1.744521628          11.26446246          4.286837625         0.7263893313         0.7004526628                    0                    0                    0                    0         -2.809319983        -0.7930572753                    0                    0                    0                    0                    0                    0                    0                    0                    0                    0                    0                    0                    0                    0                    0                    0
  "BR3.DVT3L4"                           96            "vkicker"            26.636807          5.557761703         -1.744521628          11.26446246          4.286837625         0.7263893313         0.7004526628                    0                    0                    0                    0         -2.809319983        -0.7930572753                    0                    0                    0                    0                    0                    0                    0                    0                    0                    0                    0                    0                    0                    0                    0                    0
  "DRIFT_39"                             97              "drift"            26.964012          6.777284135         -1.982568215          8.643281573          3.723983984         0.7348785595         0.7057313402                    0                    0                    0                    0         -3.068812288        -0.7930572753                    0                    0                    0                    0                    0                    0                    0                    0                    0                    0                    0                    0                    0                    0                    0                    0
  "BR.QFO32"                             98         "quadrupole"            27.467582          7.523463539         0.5938887534          6.584779903         0.6143710866         0.7457659639         0.7166962246                    0                    0                    0                    0         -3.174690697         0.3790891399                    0                    0                    0                    0                    0                    0         0.3696348377                    0                    0                    0                    0                    0                    0                    0                    0                    0
  "DRIFT_40"                             99              "drift"            27.834799          7.111536908         0.5278638637          6.161773435         0.5375539816          0.753759425         0.7258765965                    0                    0                    0                    0         -3.035482721         0.3790891399                    0                    0                    0                    0                    0                    0                    0                    0                    0                    0                    0                    0                    0                    0                    0                    0
  "BR.STSCRAP32"                        100         "collimator"            27.834799          7.111536908         0.5278638637          6.161773435         0.5375539816          0.753759425         0.7258765965                    0                    0                    0                    0         -3.035482721         0.3790891399                    0                    0                    0                    0                    0                    0                    0                    0                    0                    0                    0                    0                    0                    0                    0                    0
  "DRIFT_41"                            101              "drift"            27.834804           7.11153163         0.5278629647           6.16176806         0.5375529356         0.7537595369         0.7258767256                    0                    0                    0                    0         -3.035480825         0.3790891399                    0                    0                    0                    0                    0                    0                    0                    0                    0                    0                    0                    0                    0                    0                    0                    0
  "BR.BHZ32"                            102              "sbend"              29.4525           5.87914568         0.2388697453          4.776547082         0.3029183809         0.7937412814         0.7740675058                    0                    0                    0                    0         -2.730744623      9.599148059e-05                    0                    0                    0                    0                    0                    0                    0                    0                    0                    0                    0                    0                    0                    0                    0                    0
  "DRIFT_42"                            103              "drift"              29.8225          5.726996417         0.1723444777          4.583678259         0.2183487064          0.803896658         0.7866657899                    0                    0                    0                    0         -2.730709106      9.599148059e-05                    0                    0                    0                    0                    0                    0                    0                    0                    0                    0                    0                    0                    0                    0                    0                    0
  "BR3.ONO4L1"                          104          "multipole"              29.8225          5.726996417         0.1723444777          4.583678259         0.2183487064          0.803896658         0.7866657899                    0                    0                    0                    0         -2.730709106      9.599148059e-05                    0                    0                    0                    0                    0                    0                    0                    0                    0                    0                    0                    0                    0                    0                    0                    0
  "BR3.OSK4L1"                          105          "multipole"              29.8225          5.726996417         0.1723444777          4.583678259         0.2183487064          0.803896658         0.7866657899                    0                    0                    0                    0         -2.730709106      9.599148059e-05                    0                    0                    0                    0                    0                    0                    0                    0                    0                    0                    0                    0                    0                    0                    0                    0
  "BR3.XNO4L1"                          106          "multipole"              29.8225          5.726996417         0.1723444777          4.583678259         0.2183487064          0.803896658         0.7866657899                    0                    0                    0                    0         -2.730709106      9.599148059e-05                    0                    0                    0                    0                    0                    0                    0                    0                    0                    0                    0                    0                    0                    0                    0                    0
  "BR3.XSK4L1"                          107          "multipole"              29.8225          5.726996417         0.1723444777          4.583678259         0.2183487064          0.803896658         0.7866657899                    0                    0                    0                    0         -2.730709106      9.599148059e-05                    0                    0                    0                    0                    0                    0                    0                    0                    0                    0                    0                    0                    0                    0                    0                    0
  "DRIFT_43"                            108              "drift"              30.3565          5.594202999        0.07633233479          4.415659003        0.09629409516          0.818934142         0.8056015023                    0                    0                    0                    0         -2.730657846      9.599148059e-05                    0                    0                    0                    0                    0                    0                    0                    0                    0                    0                    0                    0                    0                    0                    0                    0
  "BE3.DHZ4L1"                          109            "hkicker"              30.3565          5.594202999        0.07633233479          4.415659003        0.09629409516          0.818934142         0.8056015023                    0                    0                    0                    0         -2.730657846      9.599148059e-05                    0                    0                    0                    0                    0                    0                    0                    0                    0                    0                    0                    0                    0                    0                    0                    0
  "BE3.DVT4L1"                          110            "vkicker"              30.3565          5.594202999        0.07633233479          4.415659003        0.09629409516          0.818934142         0.8056015023                    0                    0                    0                    0         -2.730657846      9.599148059e-05                    0                    0                    0                    0                    0                    0                    0                    0                    0                    0                    0                    0                    0                    0                    0                    0
  "DRIFT_44"                            111              "drift"              30.7885          5.561806488      -0.001340410048          4.375116934      -0.002446713966         0.8312726301         0.8212694818                    0                    0                    0                    0         -2.730616378      9.599148059e-05                    0                    0                    0                    0                    0                    0                    0                    0                    0                    0                    0                    0                    0                    0                    0                    0
  "BR3.BSGHV4L1"                        112            "monitor"              30.7885          5.561806488      -0.001340410048          4.375116934      -0.002446713966         0.8312726301         0.8212694818                    0                    0                    0                    0         -2.730616378      9.599148059e-05                    0                    0                    0                    0                    0                    0                    0                    0                    0                    0                    0                    0                    0                    0                    0                    0
  "DRIFT_45"                            113              "drift"              31.5865          5.678441881        -0.1448192304          4.524574071        -0.1848429308         0.8539488609          0.849970399                    0                    0                    0                    0         -2.730539777      9.599148059e-05                    0                    0                    0                    0                    0                    0                    0                    0                    0                    0                    0                    0                    0                    0                    0                    0
  "BR3.BWSH4L1"                         114            "monitor"              31.5865          5.678441881        -0.1448192304          4.524574071        -0.1848429308         0.8539488609          0.849970399                    0                    0                    0                    0         -2.730539777      9.599148059e-05                    0                    0                    0                    0                    0                    0                    0                    0                    0                    0                    0                    0                    0                    0                    0                    0
  "DRIFT_46"                            115              "drift"            32.106501          5.877671742        -0.2383143808          4.778615759         -0.303697837         0.8682936848         0.8678062494                    0                    0                    0                    0         -2.730489861      9.599148059e-05                    0                    0                    0                    0                    0                    0                    0                    0                    0                    0                    0                    0                    0                    0                    0                    0
  "BR.BHZ41"                            116              "sbend"            33.724197          7.108272393        -0.5273076002          6.166236251        -0.5382293649         0.9082899145          0.915968254                    0                    0                    0                    0         -3.034917485         -0.378897157                    0                    0                    0                    0                    0                    0                    0                    0                    0                    0                    0                    0                    0                    0                    0                    0
  "DRIFT_47"                            117              "drift"           33.7241995           7.10827503        -0.5273080497          6.166238942        -0.5382298877         0.9082899704         0.9159683185                    0                    0                    0                    0         -3.034918433         -0.378897157                    0                    0                    0                    0                    0                    0                    0                    0                    0                    0                    0                    0                    0                    0                    0                    0
  "BR.STSCRAP41"                        118         "collimator"           33.7241995           7.10827503        -0.5273080497          6.166238942        -0.5382298877         0.9082899704         0.9159683185                    0                    0                    0                    0         -3.034918433         -0.378897157                    0                    0                    0                    0                    0                    0                    0                    0                    0                    0                    0                    0                    0                    0                    0                    0
  "DRIFT_48"                            119              "drift"            34.090512           7.51872026        -0.5931703121          6.588624865         -0.614845486         0.9162680744         0.9251200583                    0                    0                    0                    0         -3.173713197         -0.378897157                    0                    0                    0                    0                    0                    0                    0                    0                    0                    0                    0                    0                    0                    0                    0                    0
  "BR.QFO41"                            120         "quadrupole"            34.594082          6.772733251          1.981491715          8.648418015          -3.72623142          0.927162582         0.9360784769                    0                    0                    0                    0         -3.067830655         0.7928814534                    0                    0                    0                    0                    0                    0         0.3696348377                    0                    0                    0                    0                    0                    0                    0                    0                    0
  "DRIFT_49"                            121              "drift"            34.920312           5.55730067          1.744200527          11.26280488         -4.287706187         0.9356296876         0.9413402429                    0                    0                    0                    0         -2.809168939         0.7928814534                    0                    0                    0                    0                    0                    0                    0                    0                    0                    0                    0                    0                    0                    0                    0                    0
  "BR3.BPM4L3"                          122            "monitor"            34.920312           5.55730067          1.744200527          11.26280488         -4.287706187         0.9356296876         0.9413402429                    0                    0                    0                    0         -2.809168939         0.7928814534                    0                    0                    0                    0                    0                    0                    0                    0                    0                    0                    0                    0                    0                    0                    0                    0
  "BR3.ONOH0.4L3"                       123          "multipole"            34.920312           5.55730067          1.744200527          11.26280488         -4.287706187         0.9356296876         0.9413402429                    0                    0                    0                    0         -2.809168939         0.7928814534                    0                    0                    0                    0                    0                    0                    0                    0                    0                    0                    0                    0                    0                    0                    0                    0
  "BR3.QNO4L3"                          124          "multipole"            34.920312           5.55730067          1.744200527          11.26280488         -4.287706187         0.9356296876         0.9413402429                    0                    0                    0                    0         -2.809168939         0.7928814534                    0                    0                    0                    0                    0                    0                    0                    0                    0                    0                    0                    0                    0                    0                    0                    0
  "BR3.XNOH0.4L3"                       125          "multipole"            34.920312           5.55730067          1.744200527          11.26280488         -4.287706187         0.9356296876         0.9413402429                    0                    0                    0                    0         -2.809168939         0.7928814534                    0                    0                    0                    0                    0                    0                    0                    0                    0                    0                    0                    0                    0                    0                    0                    0
  "DRIFT_50"                            126              "drift"            35.247827          4.492819543          1.505974663          14.25599681          -4.85139257         0.9460689869         0.9454543692                    0                    0                    0                    0         -2.549488369         0.7928814534                    0                    0                    0                    0                    0                    0                    0                    0                    0                    0                    0                    0                    0                    0                    0                    0
  "BR.QDE4"                             127         "quadrupole"            36.126767          4.493010082         -1.506231323          14.25723042           4.85026775         0.9805303165         0.9543611995                    0                    0                    0                    0          -2.54956213        -0.7930572262                    0                    0                    0                    0                    0                    0        -0.6514548393                    0                    0                    0                    0                    0                    0                    0                    0                    0
  "DRIFT_51"                            128              "drift"            36.454312          5.557779148         -1.744525265          11.26441999          4.286829218         0.9909699016         0.9584752297                    0                    0                    0                    0         -2.809324059        -0.7930572262                    0                    0                    0                    0                    0                    0                    0                    0                    0                    0                    0                    0                    0                    0                    0                    0
  "BR3.DHZ4L4"                          129            "hkicker"            36.454312          5.557779148         -1.744525265          11.26441999          4.286829218         0.9909699016         0.9584752297                    0                    0                    0                    0         -2.809324059        -0.7930572262                    0                    0                    0                    0                    0                    0                    0                    0                    0                    0                    0                    0                    0                    0                    0                    0
  "BR3.DVT4L4"                          130            "vkicker"            36.454312          5.557779148         -1.744525265          11.26441999          4.286829218         0.9909699016         0.9584752297                    0                    0                    0                    0         -2.809324059        -0.7930572262                    0                    0                    0                    0                    0                    0                    0                    0                    0                    0                    0                    0                    0                    0                    0                    0
  "DRIFT_52"                            131              "drift"            36.781512          6.777284135         -1.982568215          8.643281856           3.72398415         0.9994589867         0.9637538363                    0                    0                    0                    0         -3.068812383        -0.7930572262                    0                    0                    0                    0                    0                    0                    0                    0                    0                    0                    0                    0                    0                    0                    0                    0
  "BR.QFO42"                            132         "quadrupole"            37.285082          7.523463539         0.5938887534          6.584780077         0.6143711509          1.010346391         0.9747187204                    0                    0                    0                    0          -3.17469076         0.3790892186                    0                    0                    0                    0                    0                    0         0.3696348377                    0                    0                    0                    0                    0                    0                    0                    0                    0
  "DRIFT_53"                            133              "drift"             37.45044          7.331971292         0.5641577123           6.38731757         0.5797803687          1.013890132         0.9787771921                    0                    0                    0                    0         -3.112005325         0.3790892186                    0                    0                    0                    0                    0                    0                    0                    0                    0                    0                    0                    0                    0                    0                    0                    0
  "BR3.BPTF4L5"                         134            "monitor"             37.45044          7.331971292         0.5641577123           6.38731757         0.5797803687          1.013890132         0.9787771921                    0                    0                    0                    0         -3.112005325         0.3790892186                    0                    0                    0                    0                    0                    0                    0                    0                    0                    0                    0                    0                    0                    0                    0                    0
  "DRIFT_54"                            135              "drift"            37.652299          7.111536908         0.5278638637          6.161773563         0.5375540435          1.018339852          0.983899092                    0                    0                    0                    0         -3.035482754         0.3790892186                    0                    0                    0                    0                    0                    0                    0                    0                    0                    0                    0                    0                    0                    0                    0                    0
  "BR.STSCRAP42"                        136         "collimator"            37.652299          7.111536908         0.5278638637          6.161773563         0.5375540435          1.018339852          0.983899092                    0                    0                    0                    0         -3.035482754         0.3790892186                    0                    0                    0                    0                    0                    0                    0                    0                    0                    0                    0                    0                    0                    0                    0                    0
  "DRIFT_55"                            137              "drift"            37.652304           7.11153163         0.5278629647          6.161768187         0.5375529975          1.018339964         0.9838992212                    0                    0                    0                    0         -3.035480859         0.3790892186                    0                    0                    0                    0                    0                    0                    0                    0                    0                    0                    0                    0                    0                    0                    0                    0
  "BR.BHZ42"                            138              "sbend"                39.27           5.87914568         0.2388697453          4.776547025         0.3029184309          1.058321709          1.032090001                    0                    0                    0                    0          -2.73074453      9.607012606e-05                    0                    0                    0                    0                    0                    0                    0                    0                    0                    0                    0                    0                    0                    0                    0                    0
  "DRIFT_56"                            139              "drift"            39.521261          5.770459402         0.1936935149          4.638753743          0.245488534          1.065189509          1.040589513                    0                    0                    0                    0         -2.730720391      9.607012606e-05                    0                    0                    0                    0                    0                    0                    0                    0                    0                    0                    0                    0                    0                    0                    0                    0
  "BR3.ACWF5L1.1"                       140           "rfcavity"            40.464261          5.565038643        0.02414398157          4.379015074        0.02995013894          1.091797837           1.07413729                    0                    0                    0                    0         -2.730629797      9.607012606e-05                    0                    0                    0                    0                    0                    0                    0                    0                    0                    0                    0                    0                    0                    0                    0                    0
  "DRIFT_57"                            141              "drift"            40.575761          5.561889829       0.004096502293          4.375177791       0.004464952239          1.094987749          1.078191964                    0                    0                    0                    0         -2.730619085      9.607012606e-05                    0                    0                    0                    0                    0                    0                    0                    0                    0                    0                    0                    0                    0                    0                    0                    0
  "BR3.ACWF5L1.2"                       142           "rfcavity"            41.518761          5.714049036         -0.165453031          4.570009598        -0.2110734429           1.12173598          1.112010002                    0                    0                    0                    0         -2.730528491      9.607012606e-05                    0                    0                    0                    0                    0                    0                    0                    0                    0                    0                    0                    0                    0                    0                    0                    0
  "DRIFT_58"                            143              "drift"            41.924001          5.877671742        -0.2383143808          4.778615501        -0.3036978111          1.132874112          1.125828748                    0                    0                    0                    0          -2.73048956      9.607012606e-05                    0                    0                    0                    0                    0                    0                    0                    0                    0                    0                    0                    0                    0                    0                    0                    0
  "BR.BHZ51"                            144              "sbend"            43.541697          7.108272393        -0.5273076002          6.166235944        -0.5382293609          1.172870342          1.173990755                    0                    0                    0                    0         -3.034917057        -0.3788970783                    0                    0                    0                    0                    0                    0                    0                    0                    0                    0                    0                    0                    0                    0                    0                    0
  "DRIFT_59"                            145              "drift"           43.5416995           7.10827503        -0.5273080497          6.166238635        -0.5382298838          1.172870398           1.17399082                    0                    0                    0                    0         -3.034918004        -0.3788970783                    0                    0                    0                    0                    0                    0                    0                    0                    0                    0                    0                    0                    0                    0                    0                    0
  "BR.STSCRAP51"                        146         "collimator"           43.5416995           7.10827503        -0.5273080497          6.166238635        -0.5382298838          1.172870398           1.17399082                    0                    0                    0                    0         -3.034918004        -0.3788970783                    0                    0                    0                    0                    0                    0                    0                    0                    0                    0                    0                    0                    0                    0                    0                    0
  "DRIFT_60"                            147              "drift"            43.908012           7.51872026        -0.5931703121          6.588624556        -0.6148454856          1.180848502           1.18314256                    0                    0                    0                    0          -3.17371274        -0.3788970783                    0                    0                    0                    0                    0                    0                    0                    0                    0                    0                    0                    0                    0                    0                    0                    0
  "BR.QFO51"                            148         "quadrupole"            44.411582          6.772733251          1.981491715          8.648417648         -3.726231296          1.191743009          1.194100979                    0                    0                    0                    0         -3.067830202         0.7928813611                    0                    0                    0                    0                    0                    0         0.3696348377                    0                    0                    0                    0                    0                    0                    0                    0                    0
  "DRIFT_61"                            149              "drift"            44.737806          5.557321601          1.744204891          11.26275298         -4.287695726          1.200209943          1.199362661                    0                    0                    0                    0         -2.809173272         0.7928813611                    0                    0                    0                    0                    0                    0                    0                    0                    0                    0                    0                    0                    0                    0                    0                    0
  "BR3.BPM5L3"                          150            "monitor"            44.737806          5.557321601          1.744204891          11.26275298         -4.287695726          1.200209943          1.199362661                    0                    0                    0                    0         -2.809173272         0.7928813611                    0                    0                    0                    0                    0                    0                    0                    0                    0                    0                    0                    0                    0                    0                    0                    0
  "BR3.ONOH0.5L3"                       151          "multipole"            44.737806          5.557321601          1.744204891          11.26275298         -4.287695726          1.200209943          1.199362661                    0                    0                    0                    0         -2.809173272         0.7928813611                    0                    0                    0                    0                    0                    0                    0                    0                    0                    0                    0                    0                    0                    0                    0                    0
  "BR3.QSKH0.5L3"                       152          "multipole"            44.737806          5.557321601          1.744204891          11.26275298         -4.287695726          1.200209943          1.199362661                    0                    0                    0                    0         -2.809173272         0.7928813611                    0                    0                    0                    0                    0                    0                    0                    0                    0                    0                    0                    0                    0                    0                    0                    0
  "BR3.XNOH0.5L3"                       153          "multipole"            44.737806          5.557321601          1.744204891          11.26275298         -4.287695726          1.200209943          1.199362661                    0                    0                    0                    0         -2.809173272         0.7928813611                    0                    0                    0                    0                    0                    0                    0                    0                    0                    0                    0                    0                    0                    0                    0                    0
  "DRIFT_62"                            154              "drift"            45.065327          4.492819543          1.505974663          14.25599627         -4.851392424          1.210649414          1.203476872                    0                    0                    0                    0         -2.549487976         0.7928813611                    0                    0                    0                    0                    0                    0                    0                    0                    0                    0                    0                    0                    0                    0                    0                    0
  "BR.QDE5"                             155         "quadrupole"            45.944267          4.493010082         -1.506231323          14.25722994          4.850267544          1.245110744          1.212383703                    0                    0                    0                    0         -2.549561708        -0.7930570649                    0                    0                    0                    0                    0                    0        -0.6514548393                    0                    0                    0                    0                    0                    0                    0                    0                    0
  "DRIFT_63"                            156              "drift"            46.110806          5.014880404         -1.627390965          12.68942231          4.563789396          1.250695783          1.214354349                    0                    0                    0                    0         -2.681636638        -0.7930570649                    0                    0                    0                    0                    0                    0                    0                    0                    0                    0                    0                    0                    0                    0                    0                    0
  "BR3.DHZ5L4"                          157            "hkicker"            46.110806          5.014880404         -1.627390965          12.68942231          4.563789396          1.250695783          1.214354349                    0                    0                    0                    0         -2.681636638        -0.7930570649                    0                    0                    0                    0                    0                    0                    0                    0                    0                    0                    0                    0                    0                    0                    0                    0
  "BR3.DVT5L4"                          158            "vkicker"            46.110806          5.014880404         -1.627390965          12.68942231          4.563789396          1.250695783          1.214354349                    0                    0                    0                    0         -2.681636638        -0.7930570649                    0                    0                    0                    0                    0                    0                    0                    0                    0                    0                    0                    0                    0                    0                    0                    0
  "DRIFT_64"                            159              "drift"            46.599012          6.777284135         -1.982568215          8.643281612          3.723983998          1.264039414           1.22177634                    0                    0                    0                    0         -3.068811856        -0.7930570649                    0                    0                    0                    0                    0                    0                    0                    0                    0                    0                    0                    0                    0                    0                    0                    0
  "BR.QFO52"                            160         "quadrupole"            47.102582          7.523463539         0.5938887534          6.584779936         0.6143710872          1.274926818          1.232741224                    0                    0                    0                    0         -3.174690201          0.379089176                    0                    0                    0                    0                    0                    0         0.3696348377                    0                    0                    0                    0                    0                    0                    0                    0                    0
  "DRIFT_65"                            161              "drift"            47.469799          7.111536908         0.5278638637          6.161773467         0.5375539826          1.282920279          1.241921596                    0                    0                    0                    0         -3.035482212          0.379089176                    0                    0                    0                    0                    0                    0                    0                    0                    0                    0                    0                    0                    0                    0                    0                    0
  "BR.STSCRAP52"                        162         "collimator"            47.469799          7.111536908         0.5278638637          6.161773467         0.5375539826          1.282920279          1.241921596                    0                    0                    0                    0         -3.035482212          0.379089176                    0                    0                    0                    0                    0                    0                    0                    0                    0                    0                    0                    0                    0                    0                    0                    0
  "DRIFT_66"                            163              "drift"            47.469804           7.11153163         0.5278629647          6.161768092         0.5375529366          1.282920391          1.241921725                    0                    0                    0                    0         -3.035480316          0.379089176                    0                    0                    0                    0                    0                    0                    0                    0                    0                    0                    0                    0                    0                    0                    0                    0
  "BR.BHZ52"                            164              "sbend"              49.0875           5.87914568         0.2388697453          4.776547107          0.302918384          1.322902136          1.290112505                    0                    0                    0                    0         -2.730744056       9.60275756e-05                    0                    0                    0                    0                    0                    0                    0                    0                    0                    0                    0                    0                    0                    0                    0                    0
  "DRIFT_67"                            165              "drift"              49.4575          5.726996417         0.1723444777          4.583678282         0.2183487098          1.333057512          1.302710789                    0                    0                    0                    0         -2.730708526       9.60275756e-05                    0                    0                    0                    0                    0                    0                    0                    0                    0                    0                    0                    0                    0                    0                    0                    0
  "BR3.ONO6L1"                          166          "multipole"              49.4575          5.726996417         0.1723444777          4.583678282         0.2183487098          1.333057512          1.302710789                    0                    0                    0                    0         -2.730708526       9.60275756e-05                    0                    0                    0                    0                    0                    0                    0                    0                    0                    0                    0                    0                    0                    0                    0                    0
  "BR3.OSK6L1"                          167          "multipole"              49.4575          5.726996417         0.1723444777          4.583678282         0.2183487098          1.333057512          1.302710789                    0                    0                    0                    0         -2.730708526       9.60275756e-05                    0                    0                    0                    0                    0                    0                    0                    0                    0                    0                    0                    0                    0                    0                    0                    0
  "BR3.XNO6L1"                          168          "multipole"              49.4575          5.726996417         0.1723444777          4.583678282         0.2183487098          1.333057512          1.302710789                    0                    0                    0                    0         -2.730708526       9.60275756e-05                    0                    0                    0                    0                    0                    0                    0                    0                    0                    0                    0                    0                    0                    0                    0                    0
  "BR3.XSK6L1"                          169          "multipole"              49.4575          5.726996417         0.1723444777          4.583678282         0.2183487098          1.333057512          1.302710789                    0                    0                    0                    0         -2.730708526       9.60275756e-05                    0                    0                    0                    0                    0                    0                    0                    0                    0                    0                    0                    0                    0                    0                    0                    0
  "DRIFT_68"                            170              "drift"           51.7415015           5.87767198        -0.2383144707          4.778616066        -0.3036979461          1.397454553          1.383851265                    0                    0                    0                    0         -2.730489198       9.60275756e-05                    0                    0                    0                    0                    0                    0                    0                    0                    0                    0                    0                    0                    0                    0                    0                    0
  "BR.BHZ61"                            171              "sbend"           53.3591975          7.108272921        -0.5273076901          6.166236891        -0.5382294578           1.43745078          1.432013265                    0                    0                    0                    0         -3.034916764        -0.3788971209                    0                    0                    0                    0                    0                    0                    0                    0                    0                    0                    0                    0                    0                    0                    0                    0
  "DRIFT_69"                            172              "drift"              53.3592          7.108275557        -0.5273081396          6.166239582        -0.5382299806          1.437450836           1.43201333                    0                    0                    0                    0         -3.034917712        -0.3788971209                    0                    0                    0                    0                    0                    0                    0                    0                    0                    0                    0                    0                    0                    0                    0                    0
  "BR.STSCRAP61"                        173         "collimator"              53.3592          7.108275557        -0.5273081396          6.166239582        -0.5382299806          1.437450836           1.43201333                    0                    0                    0                    0         -3.034917712        -0.3788971209                    0                    0                    0                    0                    0                    0                    0                    0                    0                    0                    0                    0                    0                    0                    0                    0
  "DRIFT_70"                            174              "drift"            53.725512           7.51872026        -0.5931703121          6.588624957        -0.6148454723          1.445428929          1.441165056                    0                    0                    0                    0         -3.173712274        -0.3788971209                    0                    0                    0                    0                    0                    0                    0                    0                    0                    0                    0                    0                    0                    0                    0                    0
  "BR.QFO61"                            175         "quadrupole"            54.229082          6.772733251          1.981491715          8.648418109         -3.726231436          1.456323436          1.452123475                    0                    0                    0                    0         -3.067829799         0.7928811553                    0                    0                    0                    0                    0                    0         0.3696348377                    0                    0                    0                    0                    0                    0                    0                    0                    0
  "DRIFT_71"                            176              "drift"            54.555311          5.557304159          1.744201254          11.26279641         -4.287704481          1.464790513          1.457385227                    0                    0                    0                    0         -2.809168972         0.7928811553                    0                    0                    0                    0                    0                    0                    0                    0                    0                    0                    0                    0                    0                    0                    0                    0
  "BR3.BPM6L3"                          177            "monitor"            54.555311          5.557304159          1.744201254          11.26279641         -4.287704481          1.464790513          1.457385227                    0                    0                    0                    0         -2.809168972         0.7928811553                    0                    0                    0                    0                    0                    0                    0                    0                    0                    0                    0                    0                    0                    0                    0                    0
  "BR3.ONOH0.6L3"                       178          "multipole"            54.555311          5.557304159          1.744201254          11.26279641         -4.287704481          1.464790513          1.457385227                    0                    0                    0                    0         -2.809168972         0.7928811553                    0                    0                    0                    0                    0                    0                    0                    0                    0                    0                    0                    0                    0                    0                    0                    0
  "BR3.QSK6L3"                          179          "multipole"            54.555311          5.557304159          1.744201254          11.26279641         -4.287704481          1.464790513          1.457385227                    0                    0                    0                    0         -2.809168972         0.7928811553                    0                    0                    0                    0                    0                    0                    0                    0                    0                    0                    0                    0                    0                    0                    0                    0
  "BR3.XNOH0.6L3"                       180          "multipole"            54.555311          5.557304159          1.744201254          11.26279641         -4.287704481          1.464790513          1.457385227                    0                    0                    0                    0         -2.809168972         0.7928811553                    0                    0                    0                    0                    0                    0                    0                    0                    0                    0                    0                    0                    0                    0                    0                    0
  "DRIFT_72"                            181              "drift"            54.882827          4.492819543          1.505974663          14.25599692         -4.851392583          1.475229841          1.461499367                    0                    0                    0                    0         -2.549487708         0.7928811553                    0                    0                    0                    0                    0                    0                    0                    0                    0                    0                    0                    0                    0                    0                    0                    0
  "BR.QDE6"                             182         "quadrupole"            55.761767          4.493010082         -1.506231323          14.25723049          4.850267801          1.509691171          1.470406197                    0                    0                    0                    0         -2.549561557        -0.7930571404                    0                    0                    0                    0                    0                    0        -0.6514548393                    0                    0                    0                    0                    0                    0                    0                    0                    0
  "DRIFT_73"                            183              "drift"            56.089311          5.557775659         -1.744524538          11.26442861           4.28683098          1.520130727          1.474520213                    0                    0                    0                    0         -2.809322665        -0.7930571404                    0                    0                    0                    0                    0                    0                    0                    0                    0                    0                    0                    0                    0                    0                    0                    0
  "BR3.DHZ6L4"                          184            "hkicker"            56.089311          5.557775659         -1.744524538          11.26442861           4.28683098          1.520130727          1.474520213                    0                    0                    0                    0         -2.809322665        -0.7930571404                    0                    0                    0                    0                    0                    0                    0                    0                    0                    0                    0                    0                    0                    0                    0                    0
  "BR3.DVT6L4"                          185            "vkicker"            56.089311          5.557775659         -1.744524538          11.26442861           4.28683098          1.520130727          1.474520213                    0                    0                    0                    0         -2.809322665        -0.7930571404                    0                    0                    0                    0                    0                    0                    0                    0                    0                    0                    0                    0                    0                    0                    0                    0
  "BR3.OSK6L4"                          186          "multipole"            56.089311          5.557775659         -1.744524538          11.26442861           4.28683098          1.520130727          1.474520213                    0                    0                    0                    0         -2.809322665        -0.7930571404                    0                    0                    0                    0                    0                    0                    0                    0                    0                    0                    0                    0                    0                    0                    0                    0
  "BR3.XSK6L4"                          187          "multipole"            56.089311          5.557775659         -1.744524538          11.26442861           4.28683098          1.520130727          1.474520213                    0                    0                    0                    0         -2.809322665        -0.7930571404                    0                    0                    0                    0                    0                    0                    0                    0                    0                    0                    0                    0                    0                    0                    0                    0
  "DRIFT_74"                            188              "drift"            56.416512          6.777284135         -1.982568215          8.643281873          3.723984184          1.528619841          1.479798834                    0                    0                    0                    0         -3.068811755        -0.7930571404                    0                    0                    0                    0                    0                    0                    0                    0                    0                    0                    0                    0                    0                    0                    0                    0
  "BR.QFO62"                            189         "quadrupole"            56.920082          7.523463539         0.5938887534          6.584780066         0.6143711761          1.539507245          1.490763718                    0                    0                    0                    0         -3.174690147         0.3790890712                    0                    0                    0                    0                    0                    0         0.3696348377                    0                    0                    0                    0                    0                    0                    0                    0                    0
  "DRIFT_75"                            190              "drift"              57.2873          7.111535853         0.5278636839          6.161772459         0.5375538577          1.547500729          1.499944116                    0                    0                    0                    0         -3.035481816         0.3790890712                    0                    0                    0                    0                    0                    0                    0                    0                    0                    0                    0                    0                    0                    0                    0                    0
  "BR.STSCRAP62"                        191         "collimator"              57.2873          7.111535853         0.5278636839          6.161772459         0.5375538577          1.547500729          1.499944116                    0                    0                    0                    0         -3.035481816         0.3790890712                    0                    0                    0                    0                    0                    0                    0                    0                    0                    0                    0                    0                    0                    0                    0                    0
  "DRIFT_76"                            192              "drift"           57.2873045          7.111531102         0.5278628748          6.161767621         0.5375529163          1.547500829          1.499944232                    0                    0                    0                    0          -3.03548011         0.3790890712                    0                    0                    0                    0                    0                    0                    0                    0                    0                    0                    0                    0                    0                    0                    0                    0
  "BR.BHZ62"                            193              "sbend"           58.9050005          5.879145441         0.2388696554          4.776546751          0.302918335          1.587482576          1.548135016                    0                    0                    0                    0         -2.730744018      9.592278722e-05                    0                    0                    0                    0                    0                    0                    0                    0                    0                    0                    0                    0                    0                    0                    0                    0
  "DRIFT_77"                            194              "drift"            59.156261          5.770459402         0.1936935149          4.638753762         0.2454885522          1.594350364          1.556634511                    0                    0                    0                    0         -2.730719917      9.592278722e-05                    0                    0                    0                    0                    0                    0                    0                    0                    0                    0                    0                    0                    0                    0                    0                    0
  "BR3.ACWF7L1.1"                       195           "rfcavity"            60.099261          5.565038643        0.02414398157           4.37901506         0.0299501562          1.620958691          1.590182288                    0                    0                    0                    0         -2.730629461      9.592278722e-05                    0                    0                    0                    0                    0                    0                    0                    0                    0                    0                    0                    0                    0                    0                    0                    0
  "DRIFT_78"                            196              "drift"            60.210761          5.561889829       0.004096502293          4.375177773       0.004464969393          1.624148604          1.594236962                    0                    0                    0                    0         -2.730618766      9.592278722e-05                    0                    0                    0                    0                    0                    0                    0                    0                    0                    0                    0                    0                    0                    0                    0                    0
  "BR3.ACWF7L1.2"                       197           "rfcavity"            61.153761          5.714049036         -0.165453031          4.570009548        -0.2110734266          1.650896834             1.628055                    0                    0                    0                    0         -2.730528311      9.592278722e-05                    0                    0                    0                    0                    0                    0                    0                    0                    0                    0                    0                    0                    0                    0                    0                    0
  "DRIFT_79"                            198              "drift"           61.5590015           5.87767198        -0.2383144707          4.778615742        -0.3036979095           1.66203498          1.641873763                    0                    0                    0                    0         -2.730489439      9.592278722e-05                    0                    0                    0                    0                    0                    0                    0                    0                    0                    0                    0                    0                    0                    0                    0                    0
  "BR.BHZ71"                            199              "sbend"           63.1766975          7.108272921        -0.5273076901          6.166236491        -0.5382294483          1.702031207          1.690035767                    0                    0                    0                    0         -3.034917173        -0.3788972257                    0                    0                    0                    0                    0                    0                    0                    0                    0                    0                    0                    0                    0                    0                    0                    0
  "DRIFT_80"                            200              "drift"              63.1767          7.108275557        -0.5273081396          6.166239183        -0.5382299712          1.702031263          1.690035831                    0                    0                    0                    0         -3.034918121        -0.3788972257                    0                    0                    0                    0                    0                    0                    0                    0                    0                    0                    0                    0                    0                    0                    0                    0
  "BR.STSCRAP71"                        201         "collimator"              63.1767          7.108275557        -0.5273081396          6.166239183        -0.5382299712          1.702031263          1.690035831                    0                    0                    0                    0         -3.034918121        -0.3788972257                    0                    0                    0                    0                    0                    0                    0                    0                    0                    0                    0                    0                    0                    0                    0                    0
  "DRIFT_81"                            202              "drift"            63.543012           7.51872026        -0.5931703121          6.588624553        -0.6148454672          1.710009356          1.699187559                    0                    0                    0                    0         -3.173712721        -0.3788972257                    0                    0                    0                    0                    0                    0                    0                    0                    0                    0                    0                    0                    0                    0                    0                    0
  "BR.QFO71"                            203         "quadrupole"            64.046582          6.772733251          1.981491715          8.648417621         -3.726231267          1.720903863          1.710145978                    0                    0                    0                    0         -3.067830256         0.7928812204                    0                    0                    0                    0                    0                    0         0.3696348377                    0                    0                    0                    0                    0                    0                    0                    0                    0
  "DRIFT_82"                            204              "drift"            64.372816          5.557286717          1.744197617          11.26283868         -4.287712901          1.729371084          1.715407801                    0                    0                    0                    0         -2.809165444         0.7928812204                    0                    0                    0                    0                    0                    0                    0                    0                    0                    0                    0                    0                    0                    0                    0                    0
  "BR3.BPM7L3"                          205            "monitor"            64.372816          5.557286717          1.744197617          11.26283868         -4.287712901          1.729371084          1.715407801                    0                    0                    0                    0         -2.809165444         0.7928812204                    0                    0                    0                    0                    0                    0                    0                    0                    0                    0                    0                    0                    0                    0                    0                    0
  "BR3.ONOH0.7L3"                       206          "multipole"            64.372816          5.557286717          1.744197617          11.26283868         -4.287712901          1.729371084          1.715407801                    0                    0                    0                    0         -2.809165444         0.7928812204                    0                    0                    0                    0                    0                    0                    0                    0                    0                    0                    0                    0                    0                    0                    0                    0
  "BR3.QSKH0.7L3"                       207          "multipole"            64.372816          5.557286717          1.744197617          11.26283868         -4.287712901          1.729371084          1.715407801                    0                    0                    0                    0         -2.809165444         0.7928812204                    0                    0                    0                    0                    0                    0                    0                    0                    0                    0                    0                    0                    0                    0                    0                    0
  "BR3.XNOH0.7L3"                       208          "multipole"            64.372816          5.557286717          1.744197617          11.26283868         -4.287712901          1.729371084          1.715407801                    0                    0                    0                    0         -2.809165444         0.7928812204                    0                    0                    0                    0                    0                    0                    0                    0                    0                    0                    0                    0                    0                    0                    0                    0
  "DRIFT_83"                            209              "drift"            64.700327          4.492819543          1.505974663          14.25599619         -4.851392382          1.739810268          1.719521871                    0                    0                    0                    0         -2.549488123         0.7928812204                    0                    0                    0                    0                    0                    0                    0                    0                    0                    0                    0                    0                    0                    0                    0                    0
  "BR.QDE7"                             210         "quadrupole"            65.579267          4.493010082         -1.506231323          14.25722984          4.850267527          1.774271598          1.728428701                    0                    0                    0                    0         -2.549562034        -0.7930573527                    0                    0                    0                    0                    0                    0        -0.6514548393                    0                    0                    0                    0                    0                    0                    0                    0                    0
  "DRIFT_84"                            211              "drift"            65.906816          5.557793104         -1.744528175          11.26438526          4.286822141          1.784711298          1.732542788                    0                    0                    0                    0         -2.809327177        -0.7930573527                    0                    0                    0                    0                    0                    0                    0                    0                    0                    0                    0                    0                    0                    0                    0                    0
  "BR3.DSHAH7L4"                        212            "hkicker"            65.906816          5.557793104         -1.744528175          11.26438526          4.286822141          1.784711298          1.732542788                    0                    0                    0                    0         -2.809327177        -0.7930573527                    0                    0                    0                    0                    0                    0                    0                    0                    0                    0                    0                    0                    0                    0                    0                    0
  "BR3.DSHAV7L4"                        213            "vkicker"            65.906816          5.557793104         -1.744528175          11.26438526          4.286822141          1.784711298          1.732542788                    0                    0                    0                    0         -2.809327177        -0.7930573527                    0                    0                    0                    0                    0                    0                    0                    0                    0                    0                    0                    0                    0                    0                    0                    0
  "DRIFT_85"                            214              "drift"            66.234012          6.777284135         -1.982568215          8.643281535          3.723983981          1.793200268          1.737821338                    0                    0                    0                    0          -3.06881237        -0.7930573527                    0                    0                    0                    0                    0                    0                    0                    0                    0                    0                    0                    0                    0                    0                    0                    0
  "BR.QFO72"                            215         "quadrupole"            66.737582          7.523463539         0.5938887534          6.584779863         0.6143710948          1.804087672          1.748786223                    0                    0                    0                    0         -3.174690809          0.379089099                    0                    0                    0                    0                    0                    0         0.3696348377                    0                    0                    0                    0                    0                    0                    0                    0                    0
  "DRIFT_86"                            216              "drift"              67.1048          7.111535853         0.5278636839          6.161772315         0.5375537796          1.812081156          1.757966621                    0                    0                    0                    0         -3.035482469          0.379089099                    0                    0                    0                    0                    0                    0                    0                    0                    0                    0                    0                    0                    0                    0                    0                    0
  "BR.STSCRAP72"                        217         "collimator"              67.1048          7.111535853         0.5278636839          6.161772315         0.5375537796          1.812081156          1.757966621                    0                    0                    0                    0         -3.035482469          0.379089099                    0                    0                    0                    0                    0                    0                    0                    0                    0                    0                    0                    0                    0                    0                    0                    0
  "DRIFT_87"                            218              "drift"           67.1048045          7.111531102         0.5278628748          6.161767477         0.5375528382          1.812081257          1.757966737                    0                    0                    0                    0         -3.035480763          0.379089099                    0                    0                    0                    0                    0                    0                    0                    0                    0                    0                    0                    0                    0                    0                    0                    0
  "BR.BHZ72"                            219              "sbend"           68.7225005          5.879145441         0.2388696554          4.776546837         0.3029182733          1.852063003          1.806157521                    0                    0                    0                    0         -2.730744626      9.595058225e-05                    0                    0                    0                    0                    0                    0                    0                    0                    0                    0                    0                    0                    0                    0                    0                    0
  "DRIFT_88"                            220              "drift"             69.08625          5.729157746         0.1734682153            4.5864166         0.2197772556           1.86204471          1.818538839                    0                    0                    0                    0         -2.730709724      9.595058225e-05                    0                    0                    0                    0                    0                    0                    0                    0                    0                    0                    0                    0                    0                    0                    0                    0
  "BR3.ONO8L1"                          221          "multipole"             69.08625          5.729157746         0.1734682153            4.5864166         0.2197772556           1.86204471          1.818538839                    0                    0                    0                    0         -2.730709724      9.595058225e-05                    0                    0                    0                    0                    0                    0                    0                    0                    0                    0                    0                    0                    0                    0                    0                    0
  "BR3.QNO8L1"                          222          "multipole"             69.08625          5.729157746         0.1734682153            4.5864166         0.2197772556           1.86204471          1.818538839                    0                    0                    0                    0         -2.730709724      9.595058225e-05                    0                    0                    0                    0                    0                    0                    0                    0                    0                    0                    0                    0                    0                    0                    0                    0
  "BR3.XNO8L1"                          223          "multipole"             69.08625          5.729157746         0.1734682153            4.5864166         0.2197772556           1.86204471          1.818538839                    0                    0                    0                    0         -2.730709724      9.595058225e-05                    0                    0                    0                    0                    0                    0                    0                    0                    0                    0                    0                    0                    0                    0                    0                    0
  "DRIFT_89"                            224              "drift"             69.59625          5.598985632        0.08177122491          4.421693994         0.1032082458          1.876395602          1.836601926                    0                    0                    0                    0         -2.730660789      9.595058225e-05                    0                    0                    0                    0                    0                    0                    0                    0                    0                    0                    0                    0                    0                    0                    0                    0
  "BR3.DHZ8L1"                          225            "hkicker"             69.59625          5.598985632        0.08177122491          4.421693994         0.1032082458          1.876395602          1.836601926                    0                    0                    0                    0         -2.730660789      9.595058225e-05                    0                    0                    0                    0                    0                    0                    0                    0                    0                    0                    0                    0                    0                    0                    0                    0
  "BR3.DVT8L1"                          226            "vkicker"             69.59625          5.598985632        0.08177122491          4.421693994         0.1032082458          1.876395602          1.836601926                    0                    0                    0                    0         -2.730660789      9.595058225e-05                    0                    0                    0                    0                    0                    0                    0                    0                    0                    0                    0                    0                    0                    0                    0                    0
  "DRIFT_90"                            227              "drift"             69.94025          5.564003608        0.01992070587          4.377734388        0.02458130586          1.886210946          1.849058626                    0                    0                    0                    0         -2.730627782      9.595058225e-05                    0                    0                    0                    0                    0                    0                    0                    0                    0                    0                    0                    0                    0                    0                    0                    0
  "BR3.BCTI8L1"                         228            "monitor"             70.46955           5.59328749       -0.07524638636          4.415747515       -0.09639904096          1.901334314          1.868265198                    0                    0                    0                    0         -2.730576996      9.595058225e-05                    0                    0                    0                    0                    0                    0                    0                    0                    0                    0                    0                    0                    0                    0                    0                    0
  "DRIFT_91"                            229              "drift"            70.565273           5.60934058       -0.09245719227          4.436297058        -0.1182781298          1.904054309           1.87170757                    0                    0                    0                    0         -2.730567811      9.595058225e-05                    0                    0                    0                    0                    0                    0                    0                    0                    0                    0                    0                    0                    0                    0                    0                    0
  "BR3.BCW8L1"                          230            "monitor"            70.905773          5.693149755        -0.1536784182          4.543344543        -0.1961050864          1.913649822          1.883790058                    0                    0                    0                    0          -2.73053514      9.595058225e-05                    0                    0                    0                    0                    0                    0                    0                    0                    0                    0                    0                    0                    0                    0                    0                    0
  "DRIFT_92"                            231              "drift"            71.041223           5.73807994        -0.1780320601          4.600662856         -0.227064444          1.917421896          1.888505958                    0                    0                    0                    0         -2.730522143      9.595058225e-05                    0                    0                    0                    0                    0                    0                    0                    0                    0                    0                    0                    0                    0                    0                    0                    0
  "BR3.VVS8L1"                          232             "marker"            71.041223           5.73807994        -0.1780320601          4.600662856         -0.227064444          1.917421896          1.888505958                    0                    0                    0                    0         -2.730522143      9.595058225e-05                    0                    0                    0                    0                    0                    0                    0                    0                    0                    0                    0                    0                    0                    0                    0                    0
  "DRIFT_93"                            233              "drift"            71.188223          5.794306621        -0.2044623691            4.6723589        -0.2606637468          1.921479788          1.893552943                    0                    0                    0                    0         -2.730508039      9.595058225e-05                    0                    0                    0                    0                    0                    0                    0                    0                    0                    0                    0                    0                    0                    0                    0                    0
  "BR3.BPP8L1"                          234            "monitor"            71.188223          5.794306621        -0.2044623691            4.6723589        -0.2606637468          1.921479788          1.893552943                    0                    0                    0                    0         -2.730508039      9.595058225e-05                    0                    0                    0                    0                    0                    0                    0                    0                    0                    0                    0                    0                    0                    0                    0                    0
  "DRIFT_94"                            235              "drift"            71.376501          5.877671742        -0.2383143808          4.778615768        -0.3036978253          1.926615393          1.899896247                    0                    0                    0                    0         -2.730489973      9.595058225e-05                    0                    0                    0                    0                    0                    0                    0                    0                    0                    0                    0                    0                    0                    0                    0                    0
  "BR.BHZ81"                            236              "sbend"            72.994197          7.108272393        -0.5273076002          6.166236218        -0.5382293506          1.966611623          1.948058251                    0                    0                    0                    0         -3.034917663        -0.3788971979                    0                    0                    0                    0                    0                    0                    0                    0                    0                    0                    0                    0                    0                    0                    0                    0
  "DRIFT_95"                            237              "drift"           72.9941995           7.10827503        -0.5273080497          6.166238909        -0.5382298735          1.966611679          1.948058316                    0                    0                    0                    0          -3.03491861        -0.3788971979                    0                    0                    0                    0                    0                    0                    0                    0                    0                    0                    0                    0                    0                    0                    0                    0
  "BR.STSCRAP81"                        238         "collimator"           72.9941995           7.10827503        -0.5273080497          6.166238909        -0.5382298735          1.966611679          1.948058316                    0                    0                    0                    0          -3.03491861        -0.3788971979                    0                    0                    0                    0                    0                    0                    0                    0                    0                    0                    0                    0                    0                    0                    0                    0
  "DRIFT_96"                            239              "drift"            73.360512           7.51872026        -0.5931703121          6.588624821        -0.6148454713          1.974589783          1.957210056                    0                    0                    0                    0          -3.17371339        -0.3788971979                    0                    0                    0                    0                    0                    0                    0                    0                    0                    0                    0                    0                    0                    0                    0                    0
  "BR.QFO81"                            240         "quadrupole"            73.864082          6.772733251          1.981491715          8.648417945          -3.72623138          1.985484291          1.968168475                    0                    0                    0                    0          -3.06783085         0.7928814853                    0                    0                    0                    0                    0                    0         0.3696348377                    0                    0                    0                    0                    0                    0                    0                    0                    0
  "DRIFT_97"                            241              "drift"            74.190321          5.557269275          1.744193981          11.26288196         -4.287721631          1.993951654          1.973430368                    0                    0                    0                    0         -2.809161987         0.7928814853                    0                    0                    0                    0                    0                    0                    0                    0                    0                    0                    0                    0                    0                    0                    0                    0
  "BR3.BPM8L3"                          242            "monitor"            74.190321          5.557269275          1.744193981          11.26288196         -4.287721631          1.993951654          1.973430368                    0                    0                    0                    0         -2.809161987         0.7928814853                    0                    0                    0                    0                    0                    0                    0                    0                    0                    0                    0                    0                    0                    0                    0                    0
  "BR3.ONOH0.8L3"                       243          "multipole"            74.190321          5.557269275          1.744193981          11.26288196         -4.287721631          1.993951654          1.973430368                    0                    0                    0                    0         -2.809161987         0.7928814853                    0                    0                    0                    0                    0                    0                    0                    0                    0                    0                    0                    0                    0                    0                    0                    0
  "BR3.QNO8L3"                          244          "multipole"            74.190321          5.557269275          1.744193981          11.26288196         -4.287721631          1.993951654          1.973430368                    0                    0                    0                    0         -2.809161987         0.7928814853                    0                    0                    0                    0                    0                    0                    0                    0                    0                    0                    0                    0                    0                    0                    0                    0
  "BR3.XNOH0.8L3"                       245          "multipole"            74.190321          5.557269275          1.744193981          11.26288196         -4.287721631          1.993951654          1.973430368                    0                    0                    0                    0         -2.809161987         0.7928814853                    0                    0                    0                    0                    0                    0                    0                    0                    0                    0                    0                    0                    0                    0                    0                    0
  "DRIFT_98"                            246              "drift"            74.517827          4.492819543          1.505974663          14.25599668         -4.851392517          2.004390695          1.977544367                    0                    0                    0                    0         -2.549488543         0.7928814853                    0                    0                    0                    0                    0                    0                    0                    0                    0                    0                    0                    0                    0                    0                    0                    0
  "BR.QDE8"                             247         "quadrupole"            75.396767          4.493010082         -1.506231323          14.25723027          4.850267709          2.038852025          1.986451197                    0                    0                    0                    0         -2.549562325        -0.7930573093                    0                    0                    0                    0                    0                    0        -0.6514548393                    0                    0                    0                    0                    0                    0                    0                    0                    0
  "DRIFT_99"                            248              "drift"            75.693797          5.451988208         -1.722325141          11.52764684          4.339320675          2.048409328          1.990139032                    0                    0                    0                    0         -2.785124138        -0.7930573093                    0                    0                    0                    0                    0                    0                    0                    0                    0                    0                    0                    0                    0                    0                    0                    0
  "BR3.TSAA8L4"                         249         "collimator"            75.693797          5.451988208         -1.722325141          11.52764684          4.339320675          2.048409328          1.990139032                    0                    0                    0                    0         -2.785124138        -0.7930573093                    0                    0                    0                    0                    0                    0                    0                    0                    0                    0                    0                    0                    0                    0                    0                    0
  "DRIFT_100"                           250              "drift"            75.865797          6.065990864         -1.847457743          10.08581052          4.043448576          2.053170183          1.992677906                    0                    0                    0                    0         -2.921529995        -0.7930573093                    0                    0                    0                    0                    0                    0                    0                    0                    0                    0                    0                    0                    0                    0                    0                    0
  "BR3.TSAB8L4"                         251         "collimator"            75.865797          6.065990864         -1.847457743          10.08581052          4.043448576          2.053170183          1.992677906                    0                    0                    0                    0         -2.921529995        -0.7930573093                    0                    0                    0                    0                    0                    0                    0                    0                    0                    0                    0                    0                    0                    0                    0                    0
  "DRIFT_101"                           252              "drift"            76.051512          6.777284135         -1.982568215          8.643281762          3.723984116          2.057780695          1.995843834                    0                    0                    0                    0         -3.068812633        -0.7930573093                    0                    0                    0                    0                    0                    0                    0                    0                    0                    0                    0                    0                    0                    0                    0                    0
  "BR.QFO82"                            253         "quadrupole"            76.555082          7.523463539         0.5938887534              6.58478         0.6143711484            2.0686681          2.006808718                    0                    0                    0                    0         -3.174691027         0.3790892327                    0                    0                    0                    0                    0                    0         0.3696348377                    0                    0                    0                    0                    0                    0                    0                    0                    0
  "DRIFT_102"                           254              "drift"              76.9223          7.111535853         0.5278636839          6.161772413         0.5375538311          2.076661583          2.015989116                    0                    0                    0                    0         -3.035482637         0.3790892327                    0                    0                    0                    0                    0                    0                    0                    0                    0                    0                    0                    0                    0                    0                    0                    0
  "BR.STSCRAP82"                        255         "collimator"              76.9223          7.111535853         0.5278636839          6.161772413         0.5375538311          2.076661583          2.015989116                    0                    0                    0                    0         -3.035482637         0.3790892327                    0                    0                    0                    0                    0                    0                    0                    0                    0                    0                    0                    0                    0                    0                    0                    0
  "DRIFT_103"                           256              "drift"           76.9223045          7.111531102         0.5278628748          6.161767575         0.5375528898          2.076661684          2.015989232                    0                    0                    0                    0         -3.035480932         0.3790892327                    0                    0                    0                    0                    0                    0                    0                    0                    0                    0                    0                    0                    0                    0                    0                    0
  "BR.BHZ82"                            257              "sbend"           78.5400005          5.879145441         0.2388696554          4.776546783         0.3029183142          2.116643431          2.064180016                    0                    0                    0                    0          -2.73074458       9.60842133e-05                    0                    0                    0                    0                    0                    0                    0                    0                    0                    0                    0                    0                    0                    0                    0                    0
  "DRIFT_104"                           258              "drift"               78.924          5.722206012         0.1698273054          4.577609263         0.2151488182          2.127188021          2.077264716                    0                    0                    0                    0         -2.730707684       9.60842133e-05                    0                    0                    0                    0                    0                    0                    0                    0                    0                    0                    0                    0                    0                    0                    0                    0
  "BR3.DHZ9L1"                          259            "hkicker"               78.924          5.722206012         0.1698273054          4.577609263         0.2151488182          2.127188021          2.077264716                    0                    0                    0                    0         -2.730707684       9.60842133e-05                    0                    0                    0                    0                    0                    0                    0                    0                    0                    0                    0                    0                    0                    0                    0                    0
  "BR3.DVT9L1"                          260            "vkicker"               78.924          5.722206012         0.1698273054          4.577609263         0.2151488182          2.127188021          2.077264716                    0                    0                    0                    0         -2.730707684       9.60842133e-05                    0                    0                    0                    0                    0                    0                    0                    0                    0                    0                    0                    0                    0                    0                    0                    0
  "DRIFT_105"                           261              "drift"              79.4089          5.599783042        0.08264324531          4.422700371         0.1043168284          2.140838175           2.09444987                    0                    0                    0                    0         -2.730661093       9.60842133e-05                    0                    0                    0                    0                    0                    0                    0                    0                    0                    0                    0                    0                    0                    0                    0                    0
  "BR3.BCTDC9L1"                        262            "monitor"              79.7289          5.565302682        0.02510787876           4.37934283        0.03117548648          2.149966229           2.10603245                    0                    0                    0                    0         -2.730630346       9.60842133e-05                    0                    0                    0                    0                    0                    0                    0                    0                    0                    0                    0                    0                    0                    0                    0                    0
  "DRIFT_106"                           263              "drift"               80.634          5.667144019        -0.1376273096          4.510152174        -0.1757002279          2.175728753          2.138673601                    0                    0                    0                    0          -2.73054338       9.60842133e-05                    0                    0                    0                    0                    0                    0                    0                    0                    0                    0                    0                    0                    0                    0                    0                    0
  "BR3.ONO9L1"                          264          "multipole"               80.634          5.667144019        -0.1376273096          4.510152174        -0.1757002279          2.175728753          2.138673601                    0                    0                    0                    0          -2.73054338       9.60842133e-05                    0                    0                    0                    0                    0                    0                    0                    0                    0                    0                    0                    0                    0                    0                    0                    0
  "BR3.OSK9L1"                          265          "multipole"               80.634          5.667144019        -0.1376273096          4.510152174        -0.1757002279          2.175728753          2.138673601                    0                    0                    0                    0          -2.73054338       9.60842133e-05                    0                    0                    0                    0                    0                    0                    0                    0                    0                    0                    0                    0                    0                    0                    0                    0
  "BR3.XNO9L1"                          266          "multipole"               80.634          5.667144019        -0.1376273096          4.510152174        -0.1757002279          2.175728753          2.138673601                    0                    0                    0                    0          -2.73054338       9.60842133e-05                    0                    0                    0                    0                    0                    0                    0                    0                    0                    0                    0                    0                    0                    0                    0                    0
  "BR3.XSK9L1"                          267          "multipole"               80.634          5.667144019        -0.1376273096          4.510152174        -0.1757002279          2.175728753          2.138673601                    0                    0                    0                    0          -2.73054338       9.60842133e-05                    0                    0                    0                    0                    0                    0                    0                    0                    0                    0                    0                    0                    0                    0                    0                    0
  "DRIFT_107"                           268              "drift"            81.194001          5.877671742        -0.2383143808          4.778615551        -0.3036978049          2.191195821          2.157918745                    0                    0                    0                    0         -2.730489573       9.60842133e-05                    0                    0                    0                    0                    0                    0                    0                    0                    0                    0                    0                    0                    0                    0                    0                    0
  "BR.BHZ91"                            269              "sbend"            82.811697          7.108272393        -0.5273076002          6.166235965         -0.538229349           2.23119205          2.206080752                    0                    0                    0                    0         -3.034917048        -0.3788970642                    0                    0                    0                    0                    0                    0                    0                    0                    0                    0                    0                    0                    0                    0                    0                    0
  "DRIFT_108"                           270              "drift"           82.8116995           7.10827503        -0.5273080497          6.166238656        -0.5382298719          2.231192106          2.206080816                    0                    0                    0                    0         -3.034917995        -0.3788970642                    0                    0                    0                    0                    0                    0                    0                    0                    0                    0                    0                    0                    0                    0                    0                    0
  "BR.STSCRAP91"                        271         "collimator"           82.8116995           7.10827503        -0.5273080497          6.166238656        -0.5382298719          2.231192106          2.206080816                    0                    0                    0                    0         -3.034917995        -0.3788970642                    0                    0                    0                    0                    0                    0                    0                    0                    0                    0                    0                    0                    0                    0                    0                    0
  "DRIFT_109"                           272              "drift"            83.178012           7.51872026        -0.5931703121          6.588624568        -0.6148454726           2.23917021          2.215232557                    0                    0                    0                    0         -3.173712726        -0.3788970642                    0                    0                    0                    0                    0                    0                    0                    0                    0                    0                    0                    0                    0                    0                    0                    0
  "BR.QFO91"                            273         "quadrupole"            83.681582          6.772733251          1.981491715          8.648417646         -3.726231281          2.250064718          2.226190976                    0                    0                    0                    0         -3.067830181         0.7928813686                    0                    0                    0                    0                    0                    0         0.3696348377                    0                    0                    0                    0                    0                    0                    0                    0                    0
  "DRIFT_110"                           274              "drift"            84.007826          5.557251833          1.744190344          11.26292447         -4.287730129          2.258532224           2.23145294                    0                    0                    0                    0         -2.809157392         0.7928813686                    0                    0                    0                    0                    0                    0                    0                    0                    0                    0                    0                    0                    0                    0                    0                    0
  "BR3.BPM9L3"                          275            "monitor"            84.007826          5.557251833          1.744190344          11.26292447         -4.287730129          2.258532224           2.23145294                    0                    0                    0                    0         -2.809157392         0.7928813686                    0                    0                    0                    0                    0                    0                    0                    0                    0                    0                    0                    0                    0                    0                    0                    0
  "BR3.ONOH0.9L3"                       276          "multipole"            84.007826          5.557251833          1.744190344          11.26292447         -4.287730129          2.258532224           2.23145294                    0                    0                    0                    0         -2.809157392         0.7928813686                    0                    0                    0                    0                    0                    0                    0                    0                    0                    0                    0                    0                    0                    0                    0                    0
  "BR3.QSKH0.9L3"                       277          "multipole"            84.007826          5.557251833          1.744190344          11.26292447         -4.287730129          2.258532224           2.23145294                    0                    0                    0                    0         -2.809157392         0.7928813686                    0                    0                    0                    0                    0                    0                    0                    0                    0                    0                    0                    0                    0                    0                    0                    0
  "BR3.XNOH0.9L3"                       278          "multipole"            84.007826          5.557251833          1.744190344          11.26292447         -4.287730129          2.258532224           2.23145294                    0                    0                    0                    0         -2.809157392         0.7928813686                    0                    0                    0                    0                    0                    0                    0                    0                    0                    0                    0                    0                    0                    0                    0                    0
  "DRIFT_111"                           279              "drift"            84.335327          4.492819543          1.505974663          14.25599624         -4.851392401          2.268971123          2.235566868                    0                    0                    0                    0         -2.549487951         0.7928813686                    0                    0                    0                    0                    0                    0                    0                    0                    0                    0                    0                    0                    0                    0                    0                    0
  "BR.QDE9"                             280         "quadrupole"            85.214267          4.493010082         -1.506231323          14.25722989          4.850267542          2.303432452          2.244473699                    0                    0                    0                    0         -2.549561668        -0.7930570371                    0                    0                    0                    0                    0                    0        -0.6514548393                    0                    0                    0                    0                    0                    0                    0                    0                    0
  "DRIFT_112"                           281              "drift"            85.541826          5.557827995          -1.74453545          11.26429956          4.286804953          2.313872438          2.248587927                    0                    0                    0                    0         -2.809334638        -0.7930570371                    0                    0                    0                    0                    0                    0                    0                    0                    0                    0                    0                    0                    0                    0                    0                    0
  "BR3.DSHAH9L4"                        282            "hkicker"            85.541826          5.557827995          -1.74453545          11.26429956          4.286804953          2.313872438          2.248587927                    0                    0                    0                    0         -2.809334638        -0.7930570371                    0                    0                    0                    0                    0                    0                    0                    0                    0                    0                    0                    0                    0                    0                    0                    0
  "BR3.DSHAV9L4"                        283            "vkicker"            85.541826          5.557827995          -1.74453545          11.26429956          4.286804953          2.313872438          2.248587927                    0                    0                    0                    0         -2.809334638        -0.7930570371                    0                    0                    0                    0                    0                    0                    0                    0                    0                    0                    0                    0                    0                    0                    0                    0
  "DRIFT_113"                           284              "drift"            85.869012          6.777284135         -1.982568215          8.643281569          3.723983993          2.322361122          2.253866336                    0                    0                    0                    0         -3.068811797        -0.7930570371                    0                    0                    0                    0                    0                    0                    0                    0                    0                    0                    0                    0                    0                    0                    0                    0
  "BR.QFO92"                            285         "quadrupole"            86.372582          7.523463539         0.5938887534          6.584779891         0.6143710955          2.333248527          2.264831221                    0                    0                    0                    0         -3.174690135         0.3790891804                    0                    0                    0                    0                    0                    0         0.3696348377                    0                    0                    0                    0                    0                    0                    0                    0                    0
  "DRIFT_114"                           286              "drift"            86.739799          7.111536908         0.5278638637          6.161773417         0.5375539897          2.341241988          2.274011593                    0                    0                    0                    0         -3.035482143         0.3790891804                    0                    0                    0                    0                    0                    0                    0                    0                    0                    0                    0                    0                    0                    0                    0                    0
  "BR.STSCRAP92"                        287         "collimator"            86.739799          7.111536908         0.5278638637          6.161773417         0.5375539897          2.341241988          2.274011593                    0                    0                    0                    0         -3.035482143         0.3790891804                    0                    0                    0                    0                    0                    0                    0                    0                    0                    0                    0                    0                    0                    0                    0                    0
  "DRIFT_115"                           288              "drift"            86.739804           7.11153163         0.5278629647          6.161768042         0.5375529438            2.3412421          2.274011722                    0                    0                    0                    0         -3.035480248         0.3790891804                    0                    0                    0                    0                    0                    0                    0                    0                    0                    0                    0                    0                    0                    0                    0                    0
  "BR.BHZ92"                            289              "sbend"              88.3575           5.87914568         0.2388697453          4.776547044         0.3029183848          2.381223844          2.322202502                    0                    0                    0                    0         -2.730743981      9.603196821e-05                    0                    0                    0                    0                    0                    0                    0                    0                    0                    0                    0                    0                    0                    0                    0                    0
  "DRIFT_116"                           290              "drift"            91.011501          5.877671742        -0.2383143808          4.778615716        -0.3036978393          2.455776248          2.415941247                    0                    0                    0                    0         -2.730489112      9.603196821e-05                    0                    0                    0                    0                    0                    0                    0                    0                    0                    0                    0                    0                    0                    0                    0                    0
  "BR.BHZ101"                           291              "sbend"            92.629197          7.108272393        -0.5273076002          6.166236223        -0.5382293715          2.495772477          2.464103252                    0                    0                    0                    0         -3.034916671        -0.3788971165                    0                    0                    0                    0                    0                    0                    0                    0                    0                    0                    0                    0                    0                    0                    0                    0
  "DRIFT_117"                           292              "drift"           92.6291995           7.10827503        -0.5273080497          6.166238914        -0.5382298944          2.495772533          2.464103316                    0                    0                    0                    0         -3.034917618        -0.3788971165                    0                    0                    0                    0                    0                    0                    0                    0                    0                    0                    0                    0                    0                    0                    0                    0
  "BR.STSCRAP101"                       293         "collimator"           92.6291995           7.10827503        -0.5273080497          6.166238914        -0.5382298944          2.495772533          2.464103316                    0                    0                    0                    0         -3.034917618        -0.3788971165                    0                    0                    0                    0                    0                    0                    0                    0                    0                    0                    0                    0                    0                    0                    0                    0
  "DRIFT_118"                           294              "drift"            92.995512           7.51872026        -0.5931703121          6.588624842        -0.6148454934          2.503750637          2.473255056                    0                    0                    0                    0         -3.173712368        -0.3788971165                    0                    0                    0                    0                    0                    0                    0                    0                    0                    0                    0                    0                    0                    0                    0                    0
  "BR.QFO101"                           295         "quadrupole"            93.499082          6.772733251          1.981491715          8.648417997         -3.726231422          2.514645145          2.484213475                    0                    0                    0                    0         -3.067829882          0.792881193                    0                    0                    0                    0                    0                    0         0.3696348377                    0                    0                    0                    0                    0                    0                    0                    0                    0
  "DRIFT_119"                           296              "drift"             93.82532          5.557272763          1.744194708          11.26287347          -4.28771996           2.52311248          2.489475354                    0                    0                    0                    0         -2.809161907          0.792881193                    0                    0                    0                    0                    0                    0                    0                    0                    0                    0                    0                    0                    0                    0                    0                    0
  "BR3.BPM10L3"                         297            "monitor"             93.82532          5.557272763          1.744194708          11.26287347          -4.28771996           2.52311248          2.489475354                    0                    0                    0                    0         -2.809161907          0.792881193                    0                    0                    0                    0                    0                    0                    0                    0                    0                    0                    0                    0                    0                    0                    0                    0
  "BR3.ONOH0.10L3"                      298          "multipole"             93.82532          5.557272763          1.744194708          11.26287347          -4.28771996           2.52311248          2.489475354                    0                    0                    0                    0         -2.809161907          0.792881193                    0                    0                    0                    0                    0                    0                    0                    0                    0                    0                    0                    0                    0                    0                    0                    0
  "BR3.QSK10L3"                         299          "multipole"             93.82532          5.557272763          1.744194708          11.26287347          -4.28771996           2.52311248          2.489475354                    0                    0                    0                    0         -2.809161907          0.792881193                    0                    0                    0                    0                    0                    0                    0                    0                    0                    0                    0                    0                    0                    0                    0                    0
  "BR3.XNOH0.10L3"                      300          "multipole"             93.82532          5.557272763          1.744194708          11.26287347          -4.28771996           2.52311248          2.489475354                    0                    0                    0                    0         -2.809161907          0.792881193                    0                    0                    0                    0                    0                    0                    0                    0                    0                    0                    0                    0                    0                    0                    0                    0
  "DRIFT_120"                           301              "drift"            94.152827          4.492819543          1.505974663           14.2559968         -4.851392576           2.53355155          2.493589367                    0                    0                    0                    0         -2.549487766          0.792881193                    0                    0                    0                    0                    0                    0                    0                    0                    0                    0                    0                    0                    0                    0                    0                    0
  "BR.QDE10"                            302         "quadrupole"            95.031767          4.493010082         -1.506231323          14.25723042          4.850267741          2.568012879          2.502496197                    0                    0                    0                    0         -2.549561597        -0.7930571334                    0                    0                    0                    0                    0                    0        -0.6514548393                    0                    0                    0                    0                    0                    0                    0                    0                    0
  "DRIFT_121"                           303              "drift"             95.35932          5.557807061         -1.744531085          11.26435141           4.28681545          2.578452694           2.50661034                    0                    0                    0                    0          -2.80932984        -0.7930571334                    0                    0                    0                    0                    0                    0                    0                    0                    0                    0                    0                    0                    0                    0                    0                    0
  "BR3.DHZ10L4"                         304            "hkicker"             95.35932          5.557807061         -1.744531085          11.26435141           4.28681545          2.578452694           2.50661034                    0                    0                    0                    0          -2.80932984        -0.7930571334                    0                    0                    0                    0                    0                    0                    0                    0                    0                    0                    0                    0                    0                    0                    0                    0
  "BR3.DVT10L4"                         305            "vkicker"             95.35932          5.557807061         -1.744531085          11.26435141           4.28681545          2.578452694           2.50661034                    0                    0                    0                    0          -2.80932984        -0.7930571334                    0                    0                    0                    0                    0                    0                    0                    0                    0                    0                    0                    0                    0                    0                    0                    0
  "DRIFT_122"                           306              "drift"            95.686512          6.777284135         -1.982568215          8.643281868          3.723984146          2.586941549          2.511888834                    0                    0                    0                    0          -3.06881179        -0.7930571334                    0                    0                    0                    0                    0                    0                    0                    0                    0                    0                    0                    0                    0                    0                    0                    0
  "BR.QFO102"                           307         "quadrupole"            96.190082          7.523463539         0.5938887534          6.584780095         0.6143711428          2.597828954          2.522853718                    0                    0                    0                    0         -3.174690175         0.3790890903                    0                    0                    0                    0                    0                    0         0.3696348377                    0                    0                    0                    0                    0                    0                    0                    0                    0
  "DRIFT_123"                           308              "drift"              96.5573          7.111535853         0.5278636839          6.161772512          0.537553827          2.605822437          2.532034115                    0                    0                    0                    0         -3.035481838         0.3790890903                    0                    0                    0                    0                    0                    0                    0                    0                    0                    0                    0                    0                    0                    0                    0                    0
  "BR.STSCRAP102"                       309         "collimator"              96.5573          7.111535853         0.5278636839          6.161772512          0.537553827          2.605822437          2.532034115                    0                    0                    0                    0         -3.035481838         0.3790890903                    0                    0                    0                    0                    0                    0                    0                    0                    0                    0                    0                    0                    0                    0                    0                    0
  "DRIFT_124"                           310              "drift"           96.5573045          7.111531102         0.5278628748          6.161767674         0.5375528856          2.605822538          2.532034232                    0                    0                    0                    0         -3.035480132         0.3790890903                    0                    0                    0                    0                    0                    0                    0                    0                    0                    0                    0                    0                    0                    0                    0                    0
  "BR.BHZ102"                           311              "sbend"           98.1750005          5.879145441         0.2388696554           4.77654688         0.3029183191          2.645804285          2.580225015                    0                    0                    0                    0         -2.730744009      9.594182452e-05                    0                    0                    0                    0                    0                    0                    0                    0                    0                    0                    0                    0                    0                    0                    0                    0
  "DRIFT_125"                           312              "drift"               98.471          5.753487974         0.1856495312           4.61724557         0.2352626932          2.653907849          2.590263093                    0                    0                    0                    0          -2.73071561      9.594182452e-05                    0                    0                    0                    0                    0                    0                    0                    0                    0                    0                    0                    0                    0                    0                    0                    0
  "BE3.DHZ11L1"                         313            "hkicker"               98.471          5.753487974         0.1856495312           4.61724557         0.2352626932          2.653907849          2.590263093                    0                    0                    0                    0          -2.73071561      9.594182452e-05                    0                    0                    0                    0                    0                    0                    0                    0                    0                    0                    0                    0                    0                    0                    0                    0
  "BE3.DVT11L1"                         314            "vkicker"               98.471          5.753487974         0.1856495312           4.61724557         0.2352626932          2.653907849          2.590263093                    0                    0                    0                    0          -2.73071561      9.594182452e-05                    0                    0                    0                    0                    0                    0                    0                    0                    0                    0                    0                    0                    0                    0                    0                    0
  "DRIFT_126"                           315              "drift"               99.638          5.565046914       -0.02417475865          4.379424904       -0.03147463351           2.68696907          2.632045266                    0                    0                    0                    0         -2.730603646      9.594182452e-05                    0                    0                    0                    0                    0                    0                    0                    0                    0                    0                    0                    0                    0                    0                    0                    0
  "BR3.ONO11L1"                         316          "multipole"               99.638          5.565046914       -0.02417475865          4.379424904       -0.03147463351           2.68696907          2.632045266                    0                    0                    0                    0         -2.730603646      9.594182452e-05                    0                    0                    0                    0                    0                    0                    0                    0                    0                    0                    0                    0                    0                    0                    0                    0
  "BR3.QNO11L1"                         317          "multipole"               99.638          5.565046914       -0.02417475865          4.379424904       -0.03147463351           2.68696907          2.632045266                    0                    0                    0                    0         -2.730603646      9.594182452e-05                    0                    0                    0                    0                    0                    0                    0                    0                    0                    0                    0                    0                    0                    0                    0                    0
  "BR3.XNO11L1"                         318          "multipole"               99.638          5.565046914       -0.02417475865          4.379424904       -0.03147463351           2.68696907          2.632045266                    0                    0                    0                    0         -2.730603646      9.594182452e-05                    0                    0                    0                    0                    0                    0                    0                    0                    0                    0                    0                    0                    0                    0                    0                    0
  "DRIFT_127"                           319              "drift"           100.338677          5.687195834        -0.1501550962          4.535746426        -0.1916260559          2.706842999          2.657170521                    0                    0                    0                    0         -2.730536422      9.594182452e-05                    0                    0                    0                    0                    0                    0                    0                    0                    0                    0                    0                    0                    0                    0                    0                    0
  "BR3.BWSV11L1"                        320            "monitor"           100.338677          5.687195834        -0.1501550962          4.535746426        -0.1916260559          2.706842999          2.657170521                    0                    0                    0                    0         -2.730536422      9.594182452e-05                    0                    0                    0                    0                    0                    0                    0                    0                    0                    0                    0                    0                    0                    0                    0                    0
  "DRIFT_128"                           321              "drift"           100.829001          5.877671742        -0.2383143808          4.778615595        -0.3036977894          2.720356675          2.673963742                    0                    0                    0                    0          -2.73048938      9.594182452e-05                    0                    0                    0                    0                    0                    0                    0                    0                    0                    0                    0                    0                    0                    0                    0                    0
  "BR.BHZ111"                           322              "sbend"           102.446697          7.108272393        -0.5273076002          6.166235946        -0.5382293272          2.760352904          2.722125749                    0                    0                    0                    0         -3.034917083        -0.3788972066                    0                    0                    0                    0                    0                    0                    0                    0                    0                    0                    0                    0                    0                    0                    0                    0
  "DRIFT_129"                           323              "drift"          102.4466995           7.10827503        -0.5273080497          6.166238637        -0.5382298501           2.76035296          2.722125813                    0                    0                    0                    0         -3.034918031        -0.3788972066                    0                    0                    0                    0                    0                    0                    0                    0                    0                    0                    0                    0                    0                    0                    0                    0
  "BR.STSCRAP111"                       324         "collimator"          102.4466995           7.10827503        -0.5273080497          6.166238637        -0.5382298501           2.76035296          2.722125813                    0                    0                    0                    0         -3.034918031        -0.3788972066                    0                    0                    0                    0                    0                    0                    0                    0                    0                    0                    0                    0                    0                    0                    0                    0
  "DRIFT_130"                           325              "drift"             102.4787          7.142207391        -0.5330616763          6.200900066        -0.5449228717          2.761067753          2.722949461                    0                    0                    0                    0         -3.047042931        -0.3788972066                    0                    0                    0                    0                    0                    0                    0                    0                    0                    0                    0                    0                    0                    0                    0                    0
  "BR3.BPP11L2"                         326            "monitor"             102.4787          7.142207391        -0.5330616763          6.200900066        -0.5449228717          2.761067753          2.722949461                    0                    0                    0                    0         -3.047042931        -0.3788972066                    0                    0                    0                    0                    0                    0                    0                    0                    0                    0                    0                    0                    0                    0                    0                    0
  "DRIFT_131"                           327              "drift"           102.813012           7.51872026        -0.5931703121          6.588624533        -0.6148454497          2.768331064          2.731277554                    0                    0                    0                    0         -3.173712814        -0.3788972066                    0                    0                    0                    0                    0                    0                    0                    0                    0                    0                    0                    0                    0                    0                    0                    0
  "BR.QFO111"                           328         "quadrupole"           103.316582          6.772733251          1.981491715          8.648417577         -3.726231233          2.779225572          2.742235973                    0                    0                    0                    0         -3.067830331         0.7928812708                    0                    0                    0                    0                    0                    0         0.3696348377                    0                    0                    0                    0                    0                    0                    0                    0                    0
  "DRIFT_132"                           329              "drift"           103.642825          5.557255321          1.744191071          11.26291579          -4.28772835           2.78769305          2.747497923                    0                    0                    0                    0         -2.809158366         0.7928812708                    0                    0                    0                    0                    0                    0                    0                    0                    0                    0                    0                    0                    0                    0                    0                    0
  "BR3.BPM11L3"                         330            "monitor"           103.642825          5.557255321          1.744191071          11.26291579          -4.28772835           2.78769305          2.747497923                    0                    0                    0                    0         -2.809158366         0.7928812708                    0                    0                    0                    0                    0                    0                    0                    0                    0                    0                    0                    0                    0                    0                    0                    0
  "BR3.ONOH0.11L3"                      331          "multipole"           103.642825          5.557255321          1.744191071          11.26291579          -4.28772835           2.78769305          2.747497923                    0                    0                    0                    0         -2.809158366         0.7928812708                    0                    0                    0                    0                    0                    0                    0                    0                    0                    0                    0                    0                    0                    0                    0                    0
  "BR3.QSKH0.11L3"                      332          "multipole"           103.642825          5.557255321          1.744191071          11.26291579          -4.28772835           2.78769305          2.747497923                    0                    0                    0                    0         -2.809158366         0.7928812708                    0                    0                    0                    0                    0                    0                    0                    0                    0                    0                    0                    0                    0                    0                    0                    0
  "BR3.XNOH0.11L3"                      333          "multipole"           103.642825          5.557255321          1.744191071          11.26291579          -4.28772835           2.78769305          2.747497923                    0                    0                    0                    0         -2.809158366         0.7928812708                    0                    0                    0                    0                    0                    0                    0                    0                    0                    0                    0                    0                    0                    0                    0                    0
  "DRIFT_133"                           334              "drift"           103.970327          4.492819543          1.505974663           14.2559961         -4.851392334          2.798131977          2.751611866                    0                    0                    0                    0         -2.549488164         0.7928812708                    0                    0                    0                    0                    0                    0                    0                    0                    0                    0                    0                    0                    0                    0                    0                    0
  "BR.QDE11"                            335         "quadrupole"           104.849267          4.493010082         -1.506231323          14.25722972            4.8502675          2.832593306          2.760518696                    0                    0                    0                    0          -2.54956204         -0.793057317                    0                    0                    0                    0                    0                    0        -0.6514548393                    0                    0                    0                    0                    0                    0                    0                    0                    0
  "DRIFT_134"                           336              "drift"           105.176825          5.557824506         -1.744534723          11.26430799          4.286806634          2.843033264           2.76463291                    0                    0                    0                    0         -2.809334308         -0.793057317                    0                    0                    0                    0                    0                    0                    0                    0                    0                    0                    0                    0                    0                    0                    0                    0
  "BR3.DHZ11L4"                         337            "hkicker"           105.176825          5.557824506         -1.744534723          11.26430799          4.286806634          2.843033264           2.76463291                    0                    0                    0                    0         -2.809334308         -0.793057317                    0                    0                    0                    0                    0                    0                    0                    0                    0                    0                    0                    0                    0                    0                    0                    0
  "BR3.DVT11L4"                         338            "vkicker"           105.176825          5.557824506         -1.744534723          11.26430799          4.286806634          2.843033264           2.76463291                    0                    0                    0                    0         -2.809334308         -0.793057317                    0                    0                    0                    0                    0                    0                    0                    0                    0                    0                    0                    0                    0                    0                    0                    0
  "BR3.OSK11L4"                         339          "multipole"           105.176825          5.557824506         -1.744534723          11.26430799          4.286806634          2.843033264           2.76463291                    0                    0                    0                    0         -2.809334308         -0.793057317                    0                    0                    0                    0                    0                    0                    0                    0                    0                    0                    0                    0                    0                    0                    0                    0
  "BR3.XSK11L4"                         340          "multipole"           105.176825          5.557824506         -1.744534723          11.26430799          4.286806634          2.843033264           2.76463291                    0                    0                    0                    0         -2.809334308         -0.793057317                    0                    0                    0                    0                    0                    0                    0                    0                    0                    0                    0                    0                    0                    0                    0                    0
  "DRIFT_135"                           341              "drift"           105.504012          6.777284135         -1.982568215          8.643281449          3.723983956          2.851521977          2.769911333                    0                    0                    0                    0         -3.068812353         -0.793057317                    0                    0                    0                    0                    0                    0                    0                    0                    0                    0                    0                    0                    0                    0                    0                    0
  "BR.QFO112"                           342         "quadrupole"           106.007582          7.523463539         0.5938887534          6.584779787         0.6143710987          2.862409381          2.780876218                    0                    0                    0                    0         -3.174690776         0.3790891251                    0                    0                    0                    0                    0                    0         0.3696348377                    0                    0                    0                    0                    0                    0                    0                    0                    0
  "DRIFT_136"                           343              "drift"             106.3748          7.111535853         0.5278636839          6.161772236         0.5375537823          2.870402864          2.790056616                    0                    0                    0                    0         -3.035482426         0.3790891251                    0                    0                    0                    0                    0                    0                    0                    0                    0                    0                    0                    0                    0                    0                    0                    0
  "BR.STSCRAP112"                       344         "collimator"             106.3748          7.111535853         0.5278636839          6.161772236         0.5375537823          2.870402864          2.790056616                    0                    0                    0                    0         -3.035482426         0.3790891251                    0                    0                    0                    0                    0                    0                    0                    0                    0                    0                    0                    0                    0                    0                    0                    0
  "DRIFT_137"                           345              "drift"           106.374804           7.11153163         0.5278629647          6.161767936         0.5375529456          2.870402954          2.790056719                    0                    0                    0                    0         -3.035480909         0.3790891251                    0                    0                    0                    0                    0                    0                    0                    0                    0                    0                    0                    0                    0                    0                    0                    0
  "BR.BHZ112"                           346              "sbend"             107.9925           5.87914568         0.2388697453          4.776546946          0.302918378          2.910384698          2.838247501                    0                    0                    0                    0         -2.730744731      9.597663468e-05                    0                    0                    0                    0                    0                    0                    0                    0                    0                    0                    0                    0                    0                    0                    0                    0
  "DRIFT_138"                           347              "drift"             108.2915          5.752375695         0.1851101372          4.615835847         0.2345769365          2.918571271          2.848389021                    0                    0                    0                    0         -2.730716034      9.597663468e-05                    0                    0                    0                    0                    0                    0                    0                    0                    0                    0                    0                    0                    0                    0                    0                    0
  "BR3.KQM12L1"                         348             "kicker"             109.5215          5.569021183         -0.036041428          4.384575135         -0.046560097          2.953436404          2.892464992                    0                    0                    0                    0         -2.730597982      9.597663468e-05                    0                    0                    0                    0                    0                    0                    0                    0                    0                    0                    0                    0                    0                    0                    0                    0
  "DRIFT_139"                           349              "drift"             110.0865          5.667144019        -0.1376273096          4.510152247        -0.1757002791          2.969470035          2.912741103                    0                    0                    0                    0         -2.730543756      9.597663468e-05                    0                    0                    0                    0                    0                    0                    0                    0                    0                    0                    0                    0                    0                    0                    0                    0
  "BR3.ONO12L1"                         350          "multipole"             110.0865          5.667144019        -0.1376273096          4.510152247        -0.1757002791          2.969470035          2.912741103                    0                    0                    0                    0         -2.730543756      9.597663468e-05                    0                    0                    0                    0                    0                    0                    0                    0                    0                    0                    0                    0                    0                    0                    0                    0
  "BR3.OSK12L1"                         351          "multipole"             110.0865          5.667144019        -0.1376273096          4.510152247        -0.1757002791          2.969470035          2.912741103                    0                    0                    0                    0         -2.730543756      9.597663468e-05                    0                    0                    0                    0                    0                    0                    0                    0                    0                    0                    0                    0                    0                    0                    0                    0
  "BR3.XNO12L1"                         352          "multipole"             110.0865          5.667144019        -0.1376273096          4.510152247        -0.1757002791          2.969470035          2.912741103                    0                    0                    0                    0         -2.730543756      9.597663468e-05                    0                    0                    0                    0                    0                    0                    0                    0                    0                    0                    0                    0                    0                    0                    0                    0
  "BR3.XSK12L1"                         353          "multipole"             110.0865          5.667144019        -0.1376273096          4.510152247        -0.1757002791          2.969470035          2.912741103                    0                    0                    0                    0         -2.730543756      9.597663468e-05                    0                    0                    0                    0                    0                    0                    0                    0                    0                    0                    0                    0                    0                    0                    0                    0
  "DRIFT_140"                           354              "drift"           110.646501          5.877671742        -0.2383143808          4.778615682        -0.3036978562          2.984937102          2.931986247                    0                    0                    0                    0         -2.730490009      9.597663468e-05                    0                    0                    0                    0                    0                    0                    0                    0                    0                    0                    0                    0                    0                    0                    0                    0
  "BR.BHZ121"                           355              "sbend"           112.264197          7.108272393        -0.5273076002          6.166236254         -0.538229394          3.024933332          2.980148252                    0                    0                    0                    0         -3.034917656        -0.3788971718                    0                    0                    0                    0                    0                    0                    0                    0                    0                    0                    0                    0                    0                    0                    0                    0
  "DRIFT_141"                           356              "drift"          112.2641995           7.10827503        -0.5273080497          6.166238945        -0.5382299169          3.024933387          2.980148316                    0                    0                    0                    0         -3.034918604        -0.3788971718                    0                    0                    0                    0                    0                    0                    0                    0                    0                    0                    0                    0                    0                    0                    0                    0
  "BR.STSCRAP121"                       357         "collimator"          112.2641995           7.10827503        -0.5273080497          6.166238945        -0.5382299169          3.024933387          2.980148316                    0                    0                    0                    0         -3.034918604        -0.3788971718                    0                    0                    0                    0                    0                    0                    0                    0                    0                    0                    0                    0                    0                    0                    0                    0
  "DRIFT_142"                           358              "drift"           112.630512           7.51872026        -0.5931703121           6.58862489        -0.6148455169          3.032911491          2.989300056                    0                    0                    0                    0         -3.173713374        -0.3788971718                    0                    0                    0                    0                    0                    0                    0                    0                    0                    0                    0                    0                    0                    0                    0                    0
  "BR.QFO121"                           359         "quadrupole"           113.134082          6.772733251          1.981491715          8.648418082         -3.726231476          3.043805999          3.000258474                    0                    0                    0                    0         -3.067830823         0.7928815032                    0                    0                    0                    0                    0                    0         0.3696348377                    0                    0                    0                    0                    0                    0                    0                    0                    0
  "DRIFT_143"                           360              "drift"            113.46033           5.55723788          1.744187434          11.26295935         -4.287737235           3.05227362          3.005520495                    0                    0                    0                    0         -2.809154818         0.7928815032                    0                    0                    0                    0                    0                    0                    0                    0                    0                    0                    0                    0                    0                    0                    0                    0
  "BR3.BPM12L3"                         361            "monitor"            113.46033           5.55723788          1.744187434          11.26295935         -4.287737235           3.05227362          3.005520495                    0                    0                    0                    0         -2.809154818         0.7928815032                    0                    0                    0                    0                    0                    0                    0                    0                    0                    0                    0                    0                    0                    0                    0                    0
  "BR3.ONOH0.12L3"                      362          "multipole"            113.46033           5.55723788          1.744187434          11.26295935         -4.287737235           3.05227362          3.005520495                    0                    0                    0                    0         -2.809154818         0.7928815032                    0                    0                    0                    0                    0                    0                    0                    0                    0                    0                    0                    0                    0                    0                    0                    0
  "BR3.QNO12L3"                         363          "multipole"            113.46033           5.55723788          1.744187434          11.26295935         -4.287737235           3.05227362          3.005520495                    0                    0                    0                    0         -2.809154818         0.7928815032                    0                    0                    0                    0                    0                    0                    0                    0                    0                    0                    0                    0                    0                    0                    0                    0
  "BR3.XNOH0.12L3"                      364          "multipole"            113.46033           5.55723788          1.744187434          11.26295935         -4.287737235           3.05227362          3.005520495                    0                    0                    0                    0         -2.809154818         0.7928815032                    0                    0                    0                    0                    0                    0                    0                    0                    0                    0                    0                    0                    0                    0                    0                    0
  "DRIFT_144"                           365              "drift"           113.787827          4.492819543          1.505974663          14.25599697          -4.85139265          3.062712404          3.009634367                    0                    0                    0                    0         -2.549488504         0.7928815032                    0                    0                    0                    0                    0                    0                    0                    0                    0                    0                    0                    0                    0                    0                    0                    0
  "BR.QDE12"                            366         "quadrupole"           114.666767          4.493010082         -1.506231323          14.25723061          4.850267792          3.097173734          3.018541197                    0                    0                    0                    0         -2.549562257        -0.7930572581                    0                    0                    0                    0                    0                    0        -0.6514548393                    0                    0                    0                    0                    0                    0                    0                    0                    0
  "DRIFT_145"                           367              "drift"            114.99433          5.557841951          -1.74453836          11.26426584          4.286798295          3.107613834          3.022655481                    0                    0                    0                    0         -2.809338472        -0.7930572581                    0                    0                    0                    0                    0                    0                    0                    0                    0                    0                    0                    0                    0                    0                    0                    0
  "BR3.DHZ12L4"                         368            "hkicker"            114.99433          5.557841951          -1.74453836          11.26426584          4.286798295          3.107613834          3.022655481                    0                    0                    0                    0         -2.809338472        -0.7930572581                    0                    0                    0                    0                    0                    0                    0                    0                    0                    0                    0                    0                    0                    0                    0                    0
  "BR3.DVT12L4"                         369            "vkicker"            114.99433          5.557841951          -1.74453836          11.26426584          4.286798295          3.107613834          3.022655481                    0                    0                    0                    0         -2.809338472        -0.7930572581                    0                    0                    0                    0                    0                    0                    0                    0                    0                    0                    0                    0                    0                    0                    0                    0
  "BR3.OSK12L4"                         370          "multipole"            114.99433          5.557841951          -1.74453836          11.26426584          4.286798295          3.107613834          3.022655481                    0                    0                    0                    0         -2.809338472        -0.7930572581                    0                    0                    0                    0                    0                    0                    0                    0                    0                    0                    0                    0                    0                    0                    0                    0
  "BR3.XSK12L4"                         371          "multipole"            114.99433          5.557841951          -1.74453836          11.26426584          4.286798295          3.107613834          3.022655481                    0                    0                    0                    0         -2.809338472        -0.7930572581                    0                    0                    0                    0                    0                    0                    0                    0                    0                    0                    0                    0                    0                    0                    0                    0
  "DRIFT_146"                           372              "drift"           115.321512          6.777284135         -1.982568215          8.643282001          3.723984189          3.116102404          3.027933833                    0                    0                    0                    0         -3.068812532        -0.7930572581                    0                    0                    0                    0                    0                    0                    0                    0                    0                    0                    0                    0                    0                    0                    0                    0
  "BR.QFO122"                           373         "quadrupole"           115.825082          7.523463539         0.5938887534          6.584780207          0.614371142          3.126989808          3.038898717                    0                    0                    0                    0          -3.17469091         0.3790892428                    0                    0                    0                    0                    0                    0         0.3696348377                    0                    0                    0                    0                    0                    0                    0                    0                    0
  "DRIFT_147"                           374              "drift"           116.192299          7.111536908         0.5278638637          6.161773699         0.5375540367          3.134983269          3.048079089                    0                    0                    0                    0         -3.035482896         0.3790892428                    0                    0                    0                    0                    0                    0                    0                    0                    0                    0                    0                    0                    0                    0                    0                    0
  "BR.STSCRAP122"                       375         "collimator"           116.192299          7.111536908         0.5278638637          6.161773699         0.5375540367          3.134983269          3.048079089                    0                    0                    0                    0         -3.035482896         0.3790892428                    0                    0                    0                    0                    0                    0                    0                    0                    0                    0                    0                    0                    0                    0                    0                    0
  "DRIFT_148"                           376              "drift"           116.192304           7.11153163         0.5278629647          6.161768323         0.5375529908          3.134983381          3.048079218                    0                    0                    0                    0            -3.035481         0.3790892428                    0                    0                    0                    0                    0                    0                    0                    0                    0                    0                    0                    0                    0                    0                    0                    0
  "BR.BHZ122"                           377              "sbend"               117.81           5.87914568         0.2388697453          4.776547162         0.3029184368          3.174965126          3.096269997                    0                    0                    0                    0         -2.730744632       9.60943375e-05                    0                    0                    0                    0                    0                    0                    0                    0                    0                    0                    0                    0                    0                    0                    0                    0
  "DRIFT_149"                           378              "drift"           118.061261          5.770459402         0.1936935149          4.638753877         0.2454885415          3.181832927          3.104769508                    0                    0                    0                    0         -2.730720488       9.60943375e-05                    0                    0                    0                    0                    0                    0                    0                    0                    0                    0                    0                    0                    0                    0                    0                    0
  "BR3.ACWF13L1.1"                      379           "rfcavity"           119.004261          5.565038643        0.02414398157          4.379015189        0.02995015185          3.208441254          3.138317285                    0                    0                    0                    0         -2.730629871       9.60943375e-05                    0                    0                    0                    0                    0                    0                    0                    0                    0                    0                    0                    0                    0                    0                    0                    0
  "DRIFT_150"                           380              "drift"           119.115761          5.561889829       0.004096502293          4.375177903       0.004464965807          3.211631167          3.142371958                    0                    0                    0                    0         -2.730619156       9.60943375e-05                    0                    0                    0                    0                    0                    0                    0                    0                    0                    0                    0                    0                    0                    0                    0                    0
  "BR3.ACWF13L1.2"                      381           "rfcavity"           120.058761          5.714049036         -0.165453031          4.570009679        -0.2110734238          3.238379397          3.176189995                    0                    0                    0                    0         -2.730528539       9.60943375e-05                    0                    0                    0                    0                    0                    0                    0                    0                    0                    0                    0                    0                    0                    0                    0                    0
  "DRIFT_151"                           382              "drift"           120.464001          5.877671742        -0.2383143808          4.778615566        -0.3036977897          3.249517529          3.190008741                    0                    0                    0                    0         -2.730489598       9.60943375e-05                    0                    0                    0                    0                    0                    0                    0                    0                    0                    0                    0                    0                    0                    0                    0                    0
  "BR.BHZ131"                           383              "sbend"           122.081697          7.108272393        -0.5273076002          6.166235923        -0.5382293304          3.289513759          3.238170748                    0                    0                    0                    0         -3.034917057        -0.3788970541                    0                    0                    0                    0                    0                    0                    0                    0                    0                    0                    0                    0                    0                    0                    0                    0
  "DRIFT_152"                           384              "drift"          122.0816995           7.10827503        -0.5273080497          6.166238614        -0.5382298533          3.289513815          3.238170813                    0                    0                    0                    0         -3.034918004        -0.3788970541                    0                    0                    0                    0                    0                    0                    0                    0                    0                    0                    0                    0                    0                    0                    0                    0
  "BR.STSCRAP131"                       385         "collimator"          122.0816995           7.10827503        -0.5273080497          6.166238614        -0.5382298533          3.289513815          3.238170813                    0                    0                    0                    0         -3.034918004        -0.3788970541                    0                    0                    0                    0                    0                    0                    0                    0                    0                    0                    0                    0                    0                    0                    0                    0
  "DRIFT_153"                           386              "drift"           122.448012           7.51872026        -0.5931703121          6.588624512        -0.6148454534          3.297491919          3.247322553                    0                    0                    0                    0         -3.173712731        -0.3788970541                    0                    0                    0                    0                    0                    0                    0                    0                    0                    0                    0                    0                    0                    0                    0                    0
  "BR.QFO131"                           387         "quadrupole"           122.951582          6.772733251          1.981491715          8.648417557          -3.72623123          3.308386426          3.258280972                    0                    0                    0                    0         -3.067830181         0.7928813798                    0                    0                    0                    0                    0                    0         0.3696348377                    0                    0                    0                    0                    0                    0                    0                    0                    0
  "DRIFT_154"                           388              "drift"           123.277835          5.557220438          1.744183797          11.26300153         -4.287745559          3.316854191          3.263543064                    0                    0                    0                    0         -2.809150253         0.7928813798                    0                    0                    0                    0                    0                    0                    0                    0                    0                    0                    0                    0                    0                    0                    0                    0
  "BR3.BPM13L3"                         389            "monitor"           123.277835          5.557220438          1.744183797          11.26300153         -4.287745559          3.316854191          3.263543064                    0                    0                    0                    0         -2.809150253         0.7928813798                    0                    0                    0                    0                    0                    0                    0                    0                    0                    0                    0                    0                    0                    0                    0                    0
  "BR3.ONOH0.13L3"                      390          "multipole"           123.277835          5.557220438          1.744183797          11.26300153         -4.287745559          3.316854191          3.263543064                    0                    0                    0                    0         -2.809150253         0.7928813798                    0                    0                    0                    0                    0                    0                    0                    0                    0                    0                    0                    0                    0                    0                    0                    0
  "BR3.QSKH0.13L3"                      391          "multipole"           123.277835          5.557220438          1.744183797          11.26300153         -4.287745559          3.316854191          3.263543064                    0                    0                    0                    0         -2.809150253         0.7928813798                    0                    0                    0                    0                    0                    0                    0                    0                    0                    0                    0                    0                    0                    0                    0                    0
  "BR3.XNOH0.13L3"                      392          "multipole"           123.277835          5.557220438          1.744183797          11.26300153         -4.287745559          3.316854191          3.263543064                    0                    0                    0                    0         -2.809150253         0.7928813798                    0                    0                    0                    0                    0                    0                    0                    0                    0                    0                    0                    0                    0                    0                    0                    0
  "DRIFT_155"                           393              "drift"           123.605327          4.492819543          1.505974663          14.25599607         -4.851392333          3.327292831          3.267656865                    0                    0                    0                    0         -2.549487944         0.7928813798                    0                    0                    0                    0                    0                    0                    0                    0                    0                    0                    0                    0                    0                    0                    0                    0
  "BR.QDE13"                            394         "quadrupole"           124.484267          4.493010082         -1.506231323          14.25722971          4.850267489          3.361754161          3.276563696                    0                    0                    0                    0         -2.549561647        -0.7930570174                    0                    0                    0                    0                    0                    0        -0.6514548393                    0                    0                    0                    0                    0                    0                    0                    0                    0
  "DRIFT_156"                           395              "drift"           124.811835          5.557859397         -1.744541998          11.26422225          4.286789423          3.372194404          3.280678051                    0                    0                    0                    0         -2.809341749        -0.7930570174                    0                    0                    0                    0                    0                    0                    0                    0                    0                    0                    0                    0                    0                    0                    0                    0
  "BR3.DHZ13L4"                         396            "hkicker"           124.811835          5.557859397         -1.744541998          11.26422225          4.286789423          3.372194404          3.280678051                    0                    0                    0                    0         -2.809341749        -0.7930570174                    0                    0                    0                    0                    0                    0                    0                    0                    0                    0                    0                    0                    0                    0                    0                    0
  "BR3.DVT13L4"                         397            "vkicker"           124.811835          5.557859397         -1.744541998          11.26422225          4.286789423          3.372194404          3.280678051                    0                    0                    0                    0         -2.809341749        -0.7930570174                    0                    0                    0                    0                    0                    0                    0                    0                    0                    0                    0                    0                    0                    0                    0                    0
  "DRIFT_157"                           398              "drift"           125.139012          6.777284135         -1.982568215          8.643281448          3.723983949          3.380682831          3.285956333                    0                    0                    0                    0         -3.068811764        -0.7930570174                    0                    0                    0                    0                    0                    0                    0                    0                    0                    0                    0                    0                    0                    0                    0                    0
  "BR.QFO132"                           399         "quadrupole"           125.642582          7.523463539         0.5938887534          6.584779792         0.6143710928          3.391570235          3.296921218                    0                    0                    0                    0         -3.174690095         0.3790891865                    0                    0                    0                    0                    0                    0         0.3696348377                    0                    0                    0                    0                    0                    0                    0                    0                    0
  "DRIFT_158"                           400              "drift"           126.009799          7.111536908         0.5278638637           6.16177332          0.537553986          3.399563696           3.30610159                    0                    0                    0                    0         -3.035482102         0.3790891865                    0                    0                    0                    0                    0                    0                    0                    0                    0                    0                    0                    0                    0                    0                    0                    0
  "BR.STSCRAP132"                       401         "collimator"           126.009799          7.111536908         0.5278638637           6.16177332          0.537553986          3.399563696           3.30610159                    0                    0                    0                    0         -3.035482102         0.3790891865                    0                    0                    0                    0                    0                    0                    0                    0                    0                    0                    0                    0                    0                    0                    0                    0
  "DRIFT_159"                           402              "drift"           126.009804           7.11153163         0.5278629647          6.161767945         0.5375529401          3.399563808          3.306101719                    0                    0                    0                    0         -3.035480206         0.3790891865                    0                    0                    0                    0                    0                    0                    0                    0                    0                    0                    0                    0                    0                    0                    0                    0
  "BR.BHZ132"                           403              "sbend"             127.6275           5.87914568         0.2388697453          4.776546969         0.3029183751          3.439545553            3.3542925                    0                    0                    0                    0         -2.730743929      9.603799162e-05                    0                    0                    0                    0                    0                    0                    0                    0                    0                    0                    0                    0                    0                    0                    0                    0
  "DRIFT_160"                           404              "drift"            127.93409          5.749576081         0.1837454702          4.612288161         0.2328421128          3.447942174          3.364695826                    0                    0                    0                    0         -2.730714485      9.603799162e-05                    0                    0                    0                    0                    0                    0                    0                    0                    0                    0                    0                    0                    0                    0                    0                    0
  "BR3.DHZ14L1"                         405            "hkicker"            127.93409          5.749576081         0.1837454702          4.612288161         0.2328421128          3.447942174          3.364695826                    0                    0                    0                    0         -2.730714485      9.603799162e-05                    0                    0                    0                    0                    0                    0                    0                    0                    0                    0                    0                    0                    0                    0                    0                    0
  "BR3.DVT14L1"                         406            "vkicker"            127.93409          5.749576081         0.1837454702          4.612288161         0.2328421128          3.447942174          3.364695826                    0                    0                    0                    0         -2.730714485      9.603799162e-05                    0                    0                    0                    0                    0                    0                    0                    0                    0                    0                    0                    0                    0                    0                    0                    0
  "DRIFT_161"                           407              "drift"          128.1511955           5.67826652         0.1447103311          4.521958999         0.1832190268          3.453990981          3.372264732                    0                    0                    0                    0         -2.730693634      9.603799162e-05                    0                    0                    0                    0                    0                    0                    0                    0                    0                    0                    0                    0                    0                    0                    0                    0
  "BE3.KFA14L1"                         408            "hkicker"          130.1569845           5.82111125        -0.2159265606          4.706528702        -0.2752375307          3.510709716          3.443852023                    0                    0                    0                    0         -2.730501002      9.603799162e-05                    0                    0                    0                    0                    0                    0                    0                    0                    0                    0                    0                    0                    0                    0                    0                    0
  "DRIFT_162"                           409              "drift"           130.281501          5.877671742        -0.2383143808           4.77861571        -0.3036978552          3.514097956          3.448031246                    0                    0                    0                    0         -2.730489044      9.603799162e-05                    0                    0                    0                    0                    0                    0                    0                    0                    0                    0                    0                    0                    0                    0                    0                    0
  "BR.BHZ141"                           410              "sbend"           131.899197          7.108272393        -0.5273076002          6.166236274        -0.5382293902          3.554094186           3.49619325                    0                    0                    0                    0         -3.034916593        -0.3788971105                    0                    0                    0                    0                    0                    0                    0                    0                    0                    0                    0                    0                    0                    0                    0                    0
  "DRIFT_163"                           411              "drift"          131.8991995           7.10827503        -0.5273080497          6.166238965         -0.538229913          3.554094242          3.496193315                    0                    0                    0                    0         -3.034917541        -0.3788971105                    0                    0                    0                    0                    0                    0                    0                    0                    0                    0                    0                    0                    0                    0                    0                    0
  "BR.STSCRAP141"                       412         "collimator"          131.8991995           7.10827503        -0.5273080497          6.166238965         -0.538229913          3.554094242          3.496193315                    0                    0                    0                    0         -3.034917541        -0.3788971105                    0                    0                    0                    0                    0                    0                    0                    0                    0                    0                    0                    0                    0                    0                    0                    0
  "DRIFT_164"                           413              "drift"                  132          7.216407741        -0.5454317801           6.27687181        -0.5593127064          3.556334275          3.498772129                    0                    0                    0                    0         -3.073110559        -0.3788971105                    0                    0                    0                    0                    0                    0                    0                    0                    0                    0                    0                    0                    0                    0                    0                    0
  "BR3.VVS14L2"                         414             "marker"                  132          7.216407741        -0.5454317801           6.27687181        -0.5593127064          3.556334275          3.498772129                    0                    0                    0                    0         -3.073110559        -0.3788971105                    0                    0                    0                    0                    0                    0                    0                    0                    0                    0                    0                    0                    0                    0                    0                    0
  "DRIFT_165"                           415              "drift"           132.265512           7.51872026        -0.5931703121          6.588624907        -0.6148455126          3.562072346          3.505345055                    0                    0                    0                    0         -3.173712288        -0.3788971105                    0                    0                    0                    0                    0                    0                    0                    0                    0                    0                    0                    0                    0                    0                    0                    0
  "BR.QFO141"                           416         "quadrupole"           132.769082          6.772733251          1.981491715          8.648418097         -3.726231476          3.572966853          3.516303473                    0                    0                    0                    0         -3.067829807           0.79288117                    0                    0                    0                    0                    0                    0         0.3696348377                    0                    0                    0                    0                    0                    0                    0                    0                    0
  "DRIFT_166"                           417              "drift"           133.095339          5.557206484          1.744180888          11.26303654         -4.287752724          3.581434732          3.521565621                    0                    0                    0                    0         -2.809146775           0.79288117                    0                    0                    0                    0                    0                    0                    0                    0                    0                    0                    0                    0                    0                    0                    0                    0
  "BR3.BPM14L3"                         418            "monitor"           133.095339          5.557206484          1.744180888          11.26303654         -4.287752724          3.581434732          3.521565621                    0                    0                    0                    0         -2.809146775           0.79288117                    0                    0                    0                    0                    0                    0                    0                    0                    0                    0                    0                    0                    0                    0                    0                    0
  "BR3.ONOH0.14L3"                      419          "multipole"           133.095339          5.557206484          1.744180888          11.26303654         -4.287752724          3.581434732          3.521565621                    0                    0                    0                    0         -2.809146775           0.79288117                    0                    0                    0                    0                    0                    0                    0                    0                    0                    0                    0                    0                    0                    0                    0                    0
  "BR3.QSK14L3"                         420          "multipole"           133.095339          5.557206484          1.744180888          11.26303654         -4.287752724          3.581434732          3.521565621                    0                    0                    0                    0         -2.809146775           0.79288117                    0                    0                    0                    0                    0                    0                    0                    0                    0                    0                    0                    0                    0                    0                    0                    0
  "BR3.XNOH0.14L3"                      421          "multipole"           133.095339          5.557206484          1.744180888          11.26303654         -4.287752724          3.581434732          3.521565621                    0                    0                    0                    0         -2.809146775           0.79288117                    0                    0                    0                    0                    0                    0                    0                    0                    0                    0                    0                    0                    0                    0                    0                    0
  "DRIFT_167"                           422              "drift"           133.422827          4.492819543          1.505974663          14.25599698         -4.851392648          3.591873258          3.525679365                    0                    0                    0                    0         -2.549487706           0.79288117                    0                    0                    0                    0                    0                    0                    0                    0                    0                    0                    0                    0                    0                    0                    0                    0
  "BR.QDE14"                            423         "quadrupole"           134.301767          4.493010082         -1.506231323          14.25723062            4.8502678          3.626334588          3.534586196                    0                    0                    0                    0         -2.549561541        -0.7930571203                    0                    0                    0                    0                    0                    0        -0.6514548393                    0                    0                    0                    0                    0                    0                    0                    0                    0
  "DRIFT_168"                           424              "drift"            134.42124          4.863302435         -1.593149738          13.12283212          4.644751941          3.630402793          3.535976353                    0                    0                    0                    0         -2.644310455        -0.7930571203                    0                    0                    0                    0                    0                    0                    0                    0                    0                    0                    0                    0                    0                    0                    0                    0
  "BR3.BPP14L4"                         425            "monitor"            134.42124          4.863302435         -1.593149738          13.12283212          4.644751941          3.630402793          3.535976353                    0                    0                    0                    0         -2.644310455        -0.7930571203                    0                    0                    0                    0                    0                    0                    0                    0                    0                    0                    0                    0                    0                    0                    0                    0
  "DRIFT_169"                           426              "drift"            134.45724          4.978952076         -1.619340282          12.79063935          4.582825221          3.631567165          3.536418599                    0                    0                    0                    0         -2.672860511        -0.7930571203                    0                    0                    0                    0                    0                    0                    0                    0                    0                    0                    0                    0                    0                    0                    0                    0
  "BE3.BSW14L4"                         427            "hkicker"            134.92724          6.661840032         -1.961272392          8.862772869          3.774337497          3.644569914          3.543446541                    0                    0                    0                    0         -3.045597357        -0.7930571203                    0                    0                    0                    0                    0                    0                    0                    0                    0                    0                    0                    0                    0                    0                    0                    0
  "DRIFT_170"                           428              "drift"           134.956512          6.777284135         -1.982568215          8.643281996          3.723984194          3.645263258          3.543978832                    0                    0                    0                    0         -3.068811725        -0.7930571203                    0                    0                    0                    0                    0                    0                    0                    0                    0                    0                    0                    0                    0                    0                    0                    0
  "BR.QFO142"                           429         "quadrupole"           135.460082          7.523463539         0.5938887534          6.584780198         0.6143711474          3.656150662          3.554943716                    0                    0                    0                    0          -3.17469011         0.3790890791                    0                    0                    0                    0                    0                    0         0.3696348377                    0                    0                    0                    0                    0                    0                    0                    0                    0
  "DRIFT_171"                           430              "drift"           135.827299          7.111536908         0.5278638637          6.161773686         0.5375540417          3.664144123          3.564124088                    0                    0                    0                    0         -3.035482156         0.3790890791                    0                    0                    0                    0                    0                    0                    0                    0                    0                    0                    0                    0                    0                    0                    0                    0
  "BR.SPSCRAP142"                       431         "collimator"           135.827299          7.111536908         0.5278638637          6.161773686         0.5375540417          3.664144123          3.564124088                    0                    0                    0                    0         -3.035482156         0.3790890791                    0                    0                    0                    0                    0                    0                    0                    0                    0                    0                    0                    0                    0                    0                    0                    0
  "DRIFT_172"                           432              "drift"           135.827304           7.11153163         0.5278629647          6.161768311         0.5375529958          3.664144235          3.564124217                    0                    0                    0                    0          -3.03548026         0.3790890791                    0                    0                    0                    0                    0                    0                    0                    0                    0                    0                    0                    0                    0                    0                    0                    0
  "BR.BHZ142"                           433              "sbend"              137.445           5.87914568         0.2388697453          4.776547138         0.3029184391           3.70412598          3.612314996                    0                    0                    0                    0         -2.730744156      9.593059822e-05                    0                    0                    0                    0                    0                    0                    0                    0                    0                    0                    0                    0                    0                    0                    0                    0
  "DRIFT_173"                           434              "drift"           137.670173          5.780687923         0.1983840856           4.65171802         0.2514513912          3.710274883          3.619920675                    0                    0                    0                    0         -2.730722555      9.593059822e-05                    0                    0                    0                    0                    0                    0                    0                    0                    0                    0                    0                    0                    0                    0                    0                    0
  "BE3.BTV10"                           435         "instrument"           137.670173          5.780687923         0.1983840856           4.65171802         0.2514513912          3.710274883          3.619920675                    0                    0                    0                    0         -2.730722555      9.593059822e-05                    0                    0                    0                    0                    0                    0                    0                    0                    0                    0                    0                    0                    0                    0                    0                    0
  "DRIFT_174"                           436              "drift"           137.715573           5.76304524         0.1902212555          4.629357346         0.2410744634          3.711526768          3.621477773                    0                    0                    0                    0           -2.7307182      9.593059822e-05                    0                    0                    0                    0                    0                    0                    0                    0                    0                    0                    0                    0                    0                    0                    0                    0
  "BR3.BTV15L1"                         437         "instrument"           137.715573           5.76304524         0.1902212555          4.629357346         0.2410744634          3.711526768          3.621477773                    0                    0                    0                    0           -2.7307182      9.593059822e-05                    0                    0                    0                    0                    0                    0                    0                    0                    0                    0                    0                    0                    0                    0                    0                    0
  "DRIFT_175"                           438              "drift"           137.996102          5.670469562         0.1397826966          4.512087993         0.1769548777           3.71934011          3.631252887                    0                    0                    0                    0         -2.730691288      9.593059822e-05                    0                    0                    0                    0                    0                    0                    0                    0                    0                    0                    0                    0                    0                    0                    0                    0
  "BE3.SMH15L1"                         439            "hkicker"           138.946102          5.567150152       -0.03102542282          4.382155165       -0.04018348014          3.746380262          3.665519535                    0                    0                    0                    0         -2.730600154      9.593059822e-05                    0                    0                    0                    0                    0                    0                    0                    0                    0                    0                    0                    0                    0                    0                    0                    0
  "DRIFT_176"                           440              "drift"           139.287652          5.609318208       -0.09243543671          4.436268269         -0.118250434          3.756113866          3.677860722                    0                    0                    0                    0         -2.730567389      9.593059822e-05                    0                    0                    0                    0                    0                    0                    0                    0                    0                    0                    0                    0                    0                    0                    0                    0
  "BR3.DHZ15L1"                         441            "hkicker"           139.287652          5.609318208       -0.09243543671          4.436268269         -0.118250434          3.756113866          3.677860722                    0                    0                    0                    0         -2.730567389      9.593059822e-05                    0                    0                    0                    0                    0                    0                    0                    0                    0                    0                    0                    0                    0                    0                    0                    0
  "BR3.DVT15L1"                         442            "vkicker"           139.287652          5.609318208       -0.09243543671          4.436268269         -0.118250434          3.756113866          3.677860722                    0                    0                    0                    0         -2.730567389      9.593059822e-05                    0                    0                    0                    0                    0                    0                    0                    0                    0                    0                    0                    0                    0                    0                    0                    0
  "DRIFT_177"                           443              "drift"            139.63066          5.693884441        -0.1541075961          4.544281855         -0.196650638          3.765779537           3.69003116                    0                    0                    0                    0         -2.730534484      9.593059822e-05                    0                    0                    0                    0                    0                    0                    0                    0                    0                    0                    0                    0                    0                    0                    0                    0
  "BE3.BSW15L1"                         444            "hkicker"            139.99666          5.830776225        -0.2199136716          4.718848002        -0.2803060475          3.775895942          3.702623423                    0                    0                    0                    0         -2.730499374      9.593059822e-05                    0                    0                    0                    0                    0                    0                    0                    0                    0                    0                    0                    0                    0                    0                    0                    0
  "DRIFT_178"                           445              "drift"           140.099001          5.877671742        -0.2383143808          4.778615539        -0.3036977913          3.778678383          3.706053741                    0                    0                    0                    0         -2.730489556      9.593059822e-05                    0                    0                    0                    0                    0                    0                    0                    0                    0                    0                    0                    0                    0                    0                    0                    0
  "BR.BHZ151"                           446              "sbend"           141.716697          7.108272393        -0.5273076002          6.166235907        -0.5382293348          3.818674613          3.754215748                    0                    0                    0                    0         -3.034917278        -0.3788972179                    0                    0                    0                    0                    0                    0                    0                    0                    0                    0                    0                    0                    0                    0                    0                    0
  "DRIFT_179"                           447              "drift"          141.7166995           7.10827503        -0.5273080497          6.166238598        -0.5382298577          3.818674669          3.754215813                    0                    0                    0                    0         -3.034918225        -0.3788972179                    0                    0                    0                    0                    0                    0                    0                    0                    0                    0                    0                    0                    0                    0                    0                    0
  "BR.SPSCRAP151"                       448         "collimator"          141.7166995           7.10827503        -0.5273080497          6.166238598        -0.5382298577          3.818674669          3.754215813                    0                    0                    0                    0         -3.034918225        -0.3788972179                    0                    0                    0                    0                    0                    0                    0                    0                    0                    0                    0                    0                    0                    0                    0                    0
  "DRIFT_180"                           449              "drift"           142.083012           7.51872026        -0.5931703121            6.5886245        -0.6148454583          3.826652773          3.763367553                    0                    0                    0                    0         -3.173713012        -0.3788972179                    0                    0                    0                    0                    0                    0                    0                    0                    0                    0                    0                    0                    0                    0                    0                    0
  "BR.QFO151"                           450         "quadrupole"           142.586582          6.772733251          1.981491715          8.648417548         -3.726231232           3.83754728          3.774325972                    0                    0                    0                    0         -3.067830517         0.7928813318                    0                    0                    0                    0                    0                    0         0.3696348377                    0                    0                    0                    0                    0                    0                    0                    0                    0
  "DRIFT_181"                           451              "drift"           142.912834          5.557223926          1.744184525          11.26299294         -4.287743842          3.846015016          3.779588049                    0                    0                    0                    0         -2.809151396         0.7928813318                    0                    0                    0                    0                    0                    0                    0                    0                    0                    0                    0                    0                    0                    0                    0                    0
  "BR3.BPM15L3"                         452            "monitor"           142.912834          5.557223926          1.744184525          11.26299294         -4.287743842          3.846015016          3.779588049                    0                    0                    0                    0         -2.809151396         0.7928813318                    0                    0                    0                    0                    0                    0                    0                    0                    0                    0                    0                    0                    0                    0                    0                    0
  "BR3.ONOH0.15L3"                      453          "multipole"           142.912834          5.557223926          1.744184525          11.26299294         -4.287743842          3.846015016          3.779588049                    0                    0                    0                    0         -2.809151396         0.7928813318                    0                    0                    0                    0                    0                    0                    0                    0                    0                    0                    0                    0                    0                    0                    0                    0
  "BR3.QSKH0.15L3"                      454          "multipole"           142.912834          5.557223926          1.744184525          11.26299294         -4.287743842          3.846015016          3.779588049                    0                    0                    0                    0         -2.809151396         0.7928813318                    0                    0                    0                    0                    0                    0                    0                    0                    0                    0                    0                    0                    0                    0                    0                    0
  "BR3.XNOH0.15L3"                      455          "multipole"           142.912834          5.557223926          1.744184525          11.26299294         -4.287743842          3.846015016          3.779588049                    0                    0                    0                    0         -2.809151396         0.7928813318                    0                    0                    0                    0                    0                    0                    0                    0                    0                    0                    0                    0                    0                    0                    0                    0
  "DRIFT_182"                           456              "drift"           143.240327          4.492819543          1.505974663          14.25599607         -4.851392338          3.856453685          3.783701865                    0                    0                    0                    0          -2.54948831         0.7928813318                    0                    0                    0                    0                    0                    0                    0                    0                    0                    0                    0                    0                    0                    0                    0                    0
  "BR.QDE15"                            457         "quadrupole"           144.119267          4.493010082         -1.506231323          14.25722971          4.850267485          3.890915015          3.792608696                    0                    0                    0                    0         -2.549562171        -0.7930573422                    0                    0                    0                    0                    0                    0        -0.6514548393                    0                    0                    0                    0                    0                    0                    0                    0                    0
  "DRIFT_183"                           458              "drift"           144.221834          4.809642789         -1.580850367          13.28037129          4.673833112          3.894426881          3.793795036                    0                    0                    0                    0         -2.630903683        -0.7930573422                    0                    0                    0                    0                    0                    0                    0                    0                    0                    0                    0                    0                    0                    0                    0                    0
  "BE3.BSW15L4"                         459            "hkicker"           144.691834          6.456350226         -1.922782476          9.266957368          3.865345437          3.907866417          3.800539917                    0                    0                    0                    0         -3.003640634        -0.7930573422                    0                    0                    0                    0                    0                    0                    0                    0                    0                    0                    0                    0                    0                    0                    0                    0
  "DRIFT_184"                           460              "drift"           144.774012          6.777284135         -1.982568215          8.643281458          3.723983947          3.909843685          3.802001333                    0                    0                    0                    0           -3.0688125        -0.7930573422                    0                    0                    0                    0                    0                    0                    0                    0                    0                    0                    0                    0                    0                    0                    0                    0
  "BR.QFO152"                           461         "quadrupole"           145.277582          7.523463539         0.5938887534          6.584779805         0.6143710879           3.92073109          3.812966218                    0                    0                    0                    0         -3.174690922         0.3790891551                    0                    0                    0                    0                    0                    0         0.3696348377                    0                    0                    0                    0                    0                    0                    0                    0                    0
  "DRIFT_185"                           462              "drift"           145.644799          7.111536908         0.5278638637          6.161773337         0.5375539816          3.928724551           3.82214659                    0                    0                    0                    0          -3.03548294         0.3790891551                    0                    0                    0                    0                    0                    0                    0                    0                    0                    0                    0                    0                    0                    0                    0                    0
  "BR.STSCRAP152"                       463         "collimator"           145.644799          7.111536908         0.5278638637          6.161773337         0.5375539816          3.928724551           3.82214659                    0                    0                    0                    0          -3.03548294         0.3790891551                    0                    0                    0                    0                    0                    0                    0                    0                    0                    0                    0                    0                    0                    0                    0                    0
  "DRIFT_186"                           464              "drift"           145.644804           7.11153163         0.5278629647          6.161767961         0.5375529357          3.928724662          3.822146719                    0                    0                    0                    0         -3.035481044         0.3790891551                    0                    0                    0                    0                    0                    0                    0                    0                    0                    0                    0                    0                    0                    0                    0                    0
  "BR.BHZ152"                           465              "sbend"             147.2625           5.87914568         0.2388697453          4.776546995         0.3029183735          3.968706407            3.8703375                    0                    0                    0                    0         -2.730744818      9.600659353e-05                    0                    0                    0                    0                    0                    0                    0                    0                    0                    0                    0                    0                    0                    0                    0                    0
  "DRIFT_187"                           466              "drift"             147.6255           5.72941805         0.1736030639          4.586746261         0.2199486647          3.978667293           3.88269281                    0                    0                    0                    0         -2.730709967      9.600659353e-05                    0                    0                    0                    0                    0                    0                    0                    0                    0                    0                    0                    0                    0                    0                    0                    0
  "BR3.ONO16L1"                         467          "multipole"             147.6255           5.72941805         0.1736030639          4.586746261         0.2199486647          3.978667293           3.88269281                    0                    0                    0                    0         -2.730709967      9.600659353e-05                    0                    0                    0                    0                    0                    0                    0                    0                    0                    0                    0                    0                    0                    0                    0                    0
  "BR3.QNO16L1"                         468          "multipole"             147.6255           5.72941805         0.1736030639          4.586746261         0.2199486647          3.978667293           3.88269281                    0                    0                    0                    0         -2.730709967      9.600659353e-05                    0                    0                    0                    0                    0                    0                    0                    0                    0                    0                    0                    0                    0                    0                    0                    0
  "BR3.XNO16L1"                         469          "multipole"             147.6255           5.72941805         0.1736030639          4.586746261         0.2199486647          3.978667293           3.88269281                    0                    0                    0                    0         -2.730709967      9.600659353e-05                    0                    0                    0                    0                    0                    0                    0                    0                    0                    0                    0                    0                    0                    0                    0                    0
  "DRIFT_188"                           470              "drift"              148.038          5.616789279        0.09943638042          4.444180663         0.1256649046          3.990250484           3.89725417                    0                    0                    0                    0         -2.730670365      9.600659353e-05                    0                    0                    0                    0                    0                    0                    0                    0                    0                    0                    0                    0                    0                    0                    0                    0
  "BI3.KSW16L1"                         471            "hkicker"              148.408          5.567820707        0.03291111285          4.382479414        0.04109522898          4.000788347          3.910613238                    0                    0                    0                    0         -2.730634842      9.600659353e-05                    0                    0                    0                    0                    0                    0                    0                    0                    0                    0                    0                    0                    0                    0                    0                    0
  "DRIFT_189"                           472              "drift"            149.25851          5.641898247        -0.1200089015          4.477913268        -0.1533030274          4.025033523          3.941360514                    0                    0                    0                    0         -2.730553188      9.600659353e-05                    0                    0                    0                    0                    0                    0                    0                    0                    0                    0                    0                    0                    0                    0                    0                    0
  "BR3.DHZ16L1"                         473            "hkicker"            149.25851          5.641898247        -0.1200089015          4.477913268        -0.1533030274          4.025033523          3.941360514                    0                    0                    0                    0         -2.730553188      9.600659353e-05                    0                    0                    0                    0                    0                    0                    0                    0                    0                    0                    0                    0                    0                    0                    0                    0
  "BR3.DVT16L1"                         474            "vkicker"            149.25851          5.641898247        -0.1200089015          4.477913268        -0.1533030274          4.025033523          3.941360514                    0                    0                    0                    0         -2.730553188      9.600659353e-05                    0                    0                    0                    0                    0                    0                    0                    0                    0                    0                    0                    0                    0                    0                    0                    0
  "DRIFT_190"                           475              "drift"          149.9165015           5.87767198        -0.2383144707          4.778616038        -0.3036979672          4.043258824          3.964076261                    0                    0                    0                    0         -2.730490016      9.600659353e-05                    0                    0                    0                    0                    0                    0                    0                    0                    0                    0                    0                    0                    0                    0                    0                    0
  "BR.BHZ161"                           476              "sbend"          151.5341975          7.108272921        -0.5273076901          6.166236942        -0.5382294843          4.083255051          4.012238262                    0                    0                    0                    0         -3.034917616        -0.3788971419                    0                    0                    0                    0                    0                    0                    0                    0                    0                    0                    0                    0                    0                    0                    0                    0
  "DRIFT_191"                           477              "drift"             151.5342          7.108275557        -0.5273081396          6.166239633        -0.5382300072          4.083255107          4.012238326                    0                    0                    0                    0         -3.034918563        -0.3788971419                    0                    0                    0                    0                    0                    0                    0                    0                    0                    0                    0                    0                    0                    0                    0                    0
  "BR.STSCRAP161"                       478         "collimator"             151.5342          7.108275557        -0.5273081396          6.166239633        -0.5382300072          4.083255107          4.012238326                    0                    0                    0                    0         -3.034918563        -0.3788971419                    0                    0                    0                    0                    0                    0                    0                    0                    0                    0                    0                    0                    0                    0                    0                    0
  "DRIFT_192"                           479              "drift"           151.900512           7.51872026        -0.5931703121          6.588625028        -0.6148454999            4.0912332          4.021390053                    0                    0                    0                    0         -3.173713133        -0.3788971419                    0                    0                    0                    0                    0                    0                    0                    0                    0                    0                    0                    0                    0                    0                    0                    0
  "BR.QFO161"                           480         "quadrupole"           152.404082          6.772733251          1.981491715          8.648418226         -3.726231506          4.102127708          4.032348471                    0                    0                    0                    0         -3.067830589         0.7928814441                    0                    0                    0                    0                    0                    0         0.3696348377                    0                    0                    0                    0                    0                    0                    0                    0                    0
  "DRIFT_193"                           481              "drift"           152.730339          5.557206484          1.744180888          11.26303669         -4.287752754          4.110595586          4.037610618                    0                    0                    0                    0         -2.809147468         0.7928814441                    0                    0                    0                    0                    0                    0                    0                    0                    0                    0                    0                    0                    0                    0                    0                    0
  "BR3.BPM16L3"                         482            "monitor"           152.730339          5.557206484          1.744180888          11.26303669         -4.287752754          4.110595586          4.037610618                    0                    0                    0                    0         -2.809147468         0.7928814441                    0                    0                    0                    0                    0                    0                    0                    0                    0                    0                    0                    0                    0                    0                    0                    0
  "BR3.ONOH0.16L3"                      483          "multipole"           152.730339          5.557206484          1.744180888          11.26303669         -4.287752754          4.110595586          4.037610618                    0                    0                    0                    0         -2.809147468         0.7928814441                    0                    0                    0                    0                    0                    0                    0                    0                    0                    0                    0                    0                    0                    0                    0                    0
  "BR3.QNO16L3"                         484          "multipole"           152.730339          5.557206484          1.744180888          11.26303669         -4.287752754          4.110595586          4.037610618                    0                    0                    0                    0         -2.809147468         0.7928814441                    0                    0                    0                    0                    0                    0                    0                    0                    0                    0                    0                    0                    0                    0                    0                    0
  "BR3.XNOH0.16L3"                      485          "multipole"           152.730339          5.557206484          1.744180888          11.26303669         -4.287752754          4.110595586          4.037610618                    0                    0                    0                    0         -2.809147468         0.7928814441                    0                    0                    0                    0                    0                    0                    0                    0                    0                    0                    0                    0                    0                    0                    0                    0
  "DRIFT_194"                           486              "drift"           153.057827          4.492819543          1.505974663          14.25599715         -4.851392677          4.121034112          4.041724363                    0                    0                    0                    0          -2.54948831         0.7928814441                    0                    0                    0                    0                    0                    0                    0                    0                    0                    0                    0                    0                    0                    0                    0                    0
  "BR.QDE16"                            487         "quadrupole"           153.936767          4.493010082         -1.506231323          14.25723074           4.85026787          4.155495442          4.050631193                    0                    0                    0                    0         -2.549562061        -0.7930571956                    0                    0                    0                    0                    0                    0        -0.6514548393                    0                    0                    0                    0                    0                    0                    0                    0                    0
  "DRIFT_195"                           488              "drift"           154.079339          4.937290942          -1.60995461          12.90917181          4.605017415          4.160313895          4.052303807                    0                    0                    0                    0         -2.662629812        -0.7930571956                    0                    0                    0                    0                    0                    0                    0                    0                    0                    0                    0                    0                    0                    0                    0                    0
  "BI3.KSW16L4"                         489            "hkicker"           154.449339          6.228254174         -1.879135206          9.736952476          3.968548343          4.170941053          4.057557201                    0                    0                    0                    0         -2.956060974        -0.7930571956                    0                    0                    0                    0                    0                    0                    0                    0                    0                    0                    0                    0                    0                    0                    0                    0
  "DRIFT_196"                           490              "drift"           154.591512          6.777284135         -1.982568215           8.64328204          3.723984243          4.174424112           4.06002383                    0                    0                    0                    0         -3.068812295        -0.7930571956                    0                    0                    0                    0                    0                    0                    0                    0                    0                    0                    0                    0                    0                    0                    0                    0
  "BR.QFO162"                           491         "quadrupole"           155.095082          7.523463539         0.5938887534          6.584780204         0.6143711783          4.185311517          4.070988714                    0                    0                    0                    0         -3.174690664         0.3790892146                    0                    0                    0                    0                    0                    0         0.3696348377                    0                    0                    0                    0                    0                    0                    0                    0                    0
  "DRIFT_197"                           492              "drift"           155.218397          7.379726871         0.5717169605          6.436438865         0.5885752548          4.187945584          4.074003583                    0                    0                    0                    0         -3.127943278         0.3790892146                    0                    0                    0                    0                    0                    0                    0                    0                    0                    0                    0                    0                    0                    0                    0                    0
  "BR3.VVS16L5"                         493             "marker"           155.218397          7.379726871         0.5717169605          6.436438865         0.5885752548          4.187945584          4.074003583                    0                    0                    0                    0         -3.127943278         0.3790892146                    0                    0                    0                    0                    0                    0                    0                    0                    0                    0                    0                    0                    0                    0                    0                    0
  "DRIFT_198"                           494              "drift"           155.462299          7.111536908         0.5278638637           6.16177367         0.5375540705          4.193304978          4.080169085                    0                    0                    0                    0          -3.03548266         0.3790892146                    0                    0                    0                    0                    0                    0                    0                    0                    0                    0                    0                    0                    0                    0                    0                    0
  "BR.STSCRAP162"                       495         "collimator"           155.462299          7.111536908         0.5278638637           6.16177367         0.5375540705          4.193304978          4.080169085                    0                    0                    0                    0          -3.03548266         0.3790892146                    0                    0                    0                    0                    0                    0                    0                    0                    0                    0                    0                    0                    0                    0                    0                    0
  "DRIFT_199"                           496              "drift"           155.462304           7.11153163         0.5278629647          6.161768295         0.5375530246           4.19330509          4.080169214                    0                    0                    0                    0         -3.035480764         0.3790892146                    0                    0                    0                    0                    0                    0                    0                    0                    0                    0                    0                    0                    0                    0                    0                    0
  "BR.BHZ162"                           497              "sbend"               157.08           5.87914568         0.2388697453          4.776547046         0.3029184566          4.233286834          4.128359994                    0                    0                    0                    0         -2.730744442      9.606615407e-05                    0                    0                    0                    0                    0                    0                    0                    0                    0                    0                    0                    0                    0                    0                    0                    0
