@ NAME                 %s               "PSB3"
@ TYPE                 %s              "twiss"
@ TITLE                %n                  nil
@ ORIGIN               %s "MAD 1.1.15 Linux 64"
@ DATE                 %s           "14/09/26"
@ TIME                 %s           "10:23:43"
@ REFCOL               %s               "name"
@ DIRECTION            %le                    1
@ OBSERVE              %le                    0
@ ENERGY               %le          1.098272088
@ DELTAP               %le                    0
@ LENGTH               %le               157.08
@ ALFAP                %le        0.06525690042
@ Q1                   %le          4.168740841
@ Q2                   %le          4.220843306
@ Q3                   %le                    0
@ DQ1                  %le         -6.446482687
@ DQ2                  %le         -12.95653094
@ DQ3                  %le                    0
* NAME                                INDEX                 KIND                    S                 BETX                 ALFX                 BETY                 ALFY                  MUX                  MUY                    X                   PX                    Y                   PY                   DX                  DPX                   DY                  DPY                  R11                  R12                  R21                  R22                  K1L                  K2L                  K3L                  K4L                  K5L                 K1SL                 K2SL                 K3SL                 K4SL                 K5SL
$ %s                                     %d                   %s                  %le                  %le                  %le                  %le                  %le                  %le                  %le                  %le                  %le                  %le                  %le                  %le                  %le                  %le                  %le                  %le                  %le                  %le                  %le                  %le                  %le                  %le                  %le                  %le                  %le                  %le                  %le                  %le                  %le
  "DRIFT_0"                               1              "drift"               0.1795          5.920549851         0.2020053878          4.532313149         0.2714412655       0.004794457248        0.00623302236                    0                    0                    0                    0         -2.825169787      9.936209558e-05                    0                    0                    0                    0                    0                    0                    0                    0                    0                    0                    0                    0                    0                    0                    0                    0
  "BI3.BSW1L1.1"                          2              "rbend"               0.4925          5.811316991         0.1469813881          4.385599241          0.197293266        0.01329120028        0.01741574226                    0                    0                    0                    0         -2.825138687      9.936209558e-05                    0                    0                    0                    0                    0                    0                    0                    0                    0                    0                    0                    0                    0                    0                    0                    0
  "DRIFT_1"                               3              "drift"               0.8695          5.725478666        0.08070647472          4.270509706         0.1079840143        0.02370065492         0.0312979323                    0                    0                    0                    0         -2.825101228      9.936209558e-05                    0                    0                    0                    0                    0                    0                    0                    0                    0                    0                    0                    0                    0                    0                    0                    0
  "BI3.BSW1L1.2"                          4              "rbend"               1.1945           5.69158786        0.02357292869          4.225342085        0.03099328007        0.03276665594        0.04348663013                    0                    0                    0                    0         -2.825068935      9.936209558e-05                    0                    0                    0                    0                    0                    0                    0                    0                    0                    0                    0                    0                    0                    0                    0                    0
  "DRIFT_2"                               5              "drift"             1.327628          5.688427062      0.0001696218763          4.221288436     -0.0005440198373        0.03649071321        0.04850436877                    0                    0                    0                    0         -2.825055707      9.936209558e-05                    0                    0                    0                    0                    0                    0                    0                    0                    0                    0                    0                    0                    0                    0                    0                    0
  "BI3.BTV1L1"                            6         "instrument"             1.327628          5.688427062      0.0001696218763          4.221288436     -0.0005440198373        0.03649071321        0.04850436877                    0                    0                    0                    0         -2.825055707      9.936209558e-05                    0                    0                    0                    0                    0                    0                    0                    0                    0                    0                    0                    0                    0                    0                    0                    0
  "DRIFT_3"                               7              "drift"                1.334          5.688432038     -0.0009505472168          4.221304988      -0.002053512018        0.03666899361        0.04874461146                    0                    0                    0                    0         -2.825055074      9.936209558e-05                    0                    0                    0                    0                    0                    0                    0                    0                    0                    0                    0                    0                    0                    0                    0                    0
  "BI3.BCSF1L1"                           8         "instrument"                1.334          5.688432038     -0.0009505472168          4.221304988      -0.002053512018        0.03666899361        0.04874461146                    0                    0                    0                    0         -2.825055074      9.936209558e-05                    0                    0                    0                    0                    0                    0                    0                    0                    0                    0                    0                    0                    0                    0                    0                    0
  "BI3.TSTR1L1"                           9         "instrument"                1.334          5.688432038     -0.0009505472168          4.221304988      -0.002053512018        0.03666899361        0.04874461146                    0                    0                    0                    0         -2.825055074      9.936209558e-05                    0                    0                    0                    0                    0                    0                    0                    0                    0                    0                    0                    0                    0                    0                    0                    0
  "DRIFT_4"                              10              "drift"               1.3975          5.689261609       -0.01211356313          4.222521002       -0.01709631702        0.03844554853        0.05113848364                    0                    0                    0                    0         -2.825048764      9.936209558e-05                    0                    0                    0                    0                    0                    0                    0                    0                    0                    0                    0                    0                    0                    0                    0                    0
  "BI3.BSW1L1.3"                         11              "rbend"               1.7225          5.715703827       -0.06924710916          4.258655597       -0.09408705127        0.04752116374        0.06334825146                    0                    0                    0                    0         -2.825016472      9.936209558e-05                    0                    0                    0                    0                    0                    0                    0                    0                    0                    0                    0                    0                    0                    0                    0                    0
  "DRIFT_5"                              12              "drift"               2.0935          5.791281854        -0.1344672494          4.361074594        -0.1819749356         0.0577912306        0.07706650798                    0                    0                    0                    0         -2.824979608      9.936209558e-05                    0                    0                    0                    0                    0                    0                    0                    0                    0                    0                    0                    0                    0                    0                    0                    0
  "BI3.BSW1L1.4"                         13              "rbend"               2.4185          5.897253969        -0.1916007954          4.504380291        -0.2589656698        0.06664677652        0.08874748525                    0                    0                    0                    0         -2.824947316      9.936209558e-05                    0                    0                    0                    0                    0                    0                    0                    0                    0                    0                    0                    0                    0                    0                    0                    0
  "DRIFT_6"                              14              "drift"                2.456          5.911871241        -0.1981931276          4.524135849        -0.2678492161        0.06765758045        0.09006960578                    0                    0                    0                    0          -2.82494359      9.936209558e-05                    0                    0                    0                    0                    0                    0                    0                    0                    0                    0                    0                    0                    0                    0                    0                    0
  "BI3.TDI1L1"                           15         "collimator"                2.526          5.940479677        -0.2104988145          4.562795522        -0.2844318358        0.06953756825        0.09252178401                    0                    0                    0                    0         -2.824936634      9.936209558e-05                    0                    0                    0                    0                    0                    0                    0                    0                    0                    0                    0                    0                    0                    0                    0                    0
  "DRIFT_7"                              16              "drift"             2.654001          5.997248073        -0.2330008176          4.639491982        -0.3147545772        0.07295091197        0.09695010216                    0                    0                    0                    0         -2.824923916      9.936209558e-05                    0                    0                    0                    0                    0                    0                    0                    0                    0                    0                    0                    0                    0                    0                    0                    0
  "BR.BHZ11"                             17              "sbend"             4.271697          7.200427144        -0.5155607421          6.089111491        -0.5647900123         0.1122784173         0.1461710587                    0                    0                    0                    0         -3.129346122        -0.3788937864                    0                    0                    0                    0                    0                    0                    0                    0                    0                    0                    0                    0                    0                    0                    0                    0
  "DRIFT_8"                              18              "drift"               4.2717          7.200430237        -0.5155612695          6.089114879        -0.5647906622         0.1122784836         0.1461711371                    0                    0                    0                    0         -3.129347259        -0.3788937864                    0                    0                    0                    0                    0                    0                    0                    0                    0                    0                    0                    0                    0                    0                    0                    0
  "BR.SPSCRAP11"                         19         "collimator"               4.2717          7.200430237        -0.5155612695          6.089114879        -0.5647906622         0.1122784836         0.1461711371                    0                    0                    0                    0         -3.129347259        -0.3788937864                    0                    0                    0                    0                    0                    0                    0                    0                    0                    0                    0                    0                    0                    0                    0                    0
  "DRIFT_9"                              20              "drift"             4.514819          7.461506437         -0.558300502          6.376540941        -0.6174536796         0.1175583899         0.1523823959                    0                    0                    0                    0         -3.221463537        -0.3788937864                    0                    0                    0                    0                    0                    0                    0                    0                    0                    0                    0                    0                    0                    0                    0                    0
  "BR3.VVS1L2"                           21             "marker"             4.514819          7.461506437         -0.558300502          6.376540941        -0.6174536796         0.1175583899         0.1523823959                    0                    0                    0                    0         -3.221463537        -0.3788937864                    0                    0                    0                    0                    0                    0                    0                    0                    0                    0                    0                    0                    0                    0                    0                    0
  "DRIFT_10"                             22              "drift"             4.638012          7.601731828        -0.5799572803          6.531960332        -0.6441390276         0.1201618804         0.1554206087                    0                    0                    0                    0           -3.2681406        -0.3788937864                    0                    0                    0                    0                    0                    0                    0                    0                    0                    0                    0                    0                    0                    0                    0                    0
  "BR.QFO11"                             23         "quadrupole"             5.141582           6.83886002           2.00045647          8.604408211         -3.721657866         0.1309467127         0.1664520377                    0                    0                    0                    0         -3.155956622         0.8175701406                    0                    0                    0                    0                    0                    0         0.3667420801                    0                    0                    0                    0                    0                    0                    0                    0                    0
  "DRIFT_11"                             24              "drift"             5.467797          5.611533226          1.761868358          11.21619803         -4.284687088         0.1393315058         0.1717379575                    0                    0                    0                    0         -2.889252978         0.8175701406                    0                    0                    0                    0                    0                    0                    0                    0                    0                    0                    0                    0                    0                    0                    0                    0
  "BR3.BPM1L3"                           25            "monitor"             5.467797          5.611533226          1.761868358          11.21619803         -4.284687088         0.1393315058         0.1717379575                    0                    0                    0                    0         -2.889252978         0.8175701406                    0                    0                    0                    0                    0                    0                    0                    0                    0                    0                    0                    0                    0                    0                    0                    0
  "BR3.ONOH0.1L3"                        26          "multipole"             5.467797          5.611533226          1.761868358          11.21619803         -4.284687088         0.1393315058         0.1717379575                    0                    0                    0                    0         -2.889252978         0.8175701406                    0                    0                    0                    0                    0                    0                    0                    0                    0                    0                    0                    0                    0                    0                    0                    0
  "BR3.QSKH0.1L3"                        27          "multipole"             5.467797          5.611533226          1.761868358          11.21619803         -4.284687088         0.1393315058         0.1717379575                    0                    0                    0                    0         -2.889252978         0.8175701406                    0                    0                    0                    0                    0                    0                    0                    0                    0                    0                    0                    0                    0                    0                    0                    0
  "BR3.XNOH0.1L3"                        28          "multipole"             5.467797          5.611533226          1.761868358          11.21619803         -4.284687088         0.1393315058         0.1717379575                    0                    0                    0                    0         -2.889252978         0.8175701406                    0                    0                    0                    0                    0                    0                    0                    0                    0                    0                    0                    0                    0                    0                    0                    0
  "DRIFT_12"                             29              "drift"             5.795327          4.535863512          1.522318478          14.20807748         -4.849985928         0.1496711596         0.1758677617                    0                    0                    0                    0          -2.62147423         0.8175701406                    0                    0                    0                    0                    0                    0                    0                    0                    0                    0                    0                    0                    0                    0                    0                    0
  "BR.QDE1"                              30         "quadrupole"             6.674267          4.536045622         -1.522563893          14.20929708          4.848874728          0.183809779         0.1848020451                    0                    0                    0                    0         -2.621547495        -0.8177447557                    0                    0                    0                    0                    0                    0        -0.6533776556                    0                    0                    0                    0                    0                    0                    0                    0                    0
  "DRIFT_13"                             31              "drift"             6.816797          4.984928336          -1.62682721          12.86212067          4.603004974         0.1885809316         0.1864800448                    0                    0                    0                    0         -2.738100655        -0.8177447557                    0                    0                    0                    0                    0                    0                    0                    0                    0                    0                    0                    0                    0                    0                    0                    0
  "BI3.KSW1L4"                           32            "hkicker"             7.186797          6.288925339         -1.897489016          9.692054774          3.964740688         0.1991058992         0.1917552232                    0                    0                    0                    0         -3.040666215        -0.8177447557                    0                    0                    0                    0                    0                    0                    0                    0                    0                    0                    0                    0                    0                    0                    0                    0
  "DRIFT_14"                             33              "drift"             7.329012          6.843423177         -2.001521904          8.599252669          3.719414321         0.2025563404         0.1942346131                    0                    0                    0                    0         -3.156961785        -0.8177447557                    0                    0                    0                    0                    0                    0                    0                    0                    0                    0                    0                    0                    0                    0                    0                    0
  "BR.QFO12"                             34         "quadrupole"             7.832582          7.606480867          0.580676594          6.528096401         0.6436616802         0.2133341997         0.2052726242                    0                    0                    0                    0         -3.269139615         0.3790924421                    0                    0                    0                    0                    0                    0         0.3667420801                    0                    0                    0                    0                    0                    0                    0                    0                    0
  "DRIFT_15"                             35              "drift"             7.997852          7.419345735         0.5516228674          6.321258035         0.6078562316         0.2168358639          0.209367748                    0                    0                    0                    0         -3.206487007         0.3790924421                    0                    0                    0                    0                    0                    0                    0                    0                    0                    0                    0                    0                    0                    0                    0                    0
  "BR3.BPP1L5"                           36            "monitor"             7.997852          7.419345735         0.5516228674          6.321258035         0.6078562316         0.2168358639          0.209367748                    0                    0                    0                    0         -3.206487007         0.3790924421                    0                    0                    0                    0                    0                    0                    0                    0                    0                    0                    0                    0                    0                    0                    0                    0
  "DRIFT_16"                             37              "drift"             8.199799          7.203717966         0.5161214882          6.084584026         0.5641047768          0.221232815         0.2145511765                    0                    0                    0                    0         -3.129930426         0.3790924421                    0                    0                    0                    0                    0                    0                    0                    0                    0                    0                    0                    0                    0                    0                    0                    0
  "BR.STSCRAP12"                         38         "collimator"             8.199799          7.203717966         0.5161214882          6.084584026         0.5641047768          0.221232815         0.2145511765                    0                    0                    0                    0         -3.129930426         0.3790924421                    0                    0                    0                    0                    0                    0                    0                    0                    0                    0                    0                    0                    0                    0                    0                    0
  "DRIFT_17"                             39              "drift"             8.199804          7.203712805         0.5161206093          6.084578384         0.5641036936         0.2212329254         0.2145513073                    0                    0                    0                    0          -3.12992853         0.3790924421                    0                    0                    0                    0                    0                    0                    0                    0                    0                    0                    0                    0                    0                    0                    0                    0
  "BR.BHZ12"                             40              "sbend"               9.8175          5.998733961         0.2335606848          4.637393419         0.3139637577         0.2605463025         0.2638027135                    0                    0                    0                    0          -2.82518702      9.929361635e-05                    0                    0                    0                    0                    0                    0                    0                    0                    0                    0                    0                    0                    0                    0                    0                    0
  "DRIFT_18"                             41              "drift"              10.7355          5.718063653         0.0721803917          4.260592685        0.09649455801         0.2855960343         0.2969103023                    0                    0                    0                    0         -2.825095869      9.929361635e-05                    0                    0                    0                    0                    0                    0                    0                    0                    0                    0                    0                    0                    0                    0                    0                    0
  "BR3.BWS.2L1.V_ROT"                    42            "monitor"              10.7355          5.718063653         0.0721803917          4.260592685        0.09649455801         0.2855960343         0.2969103023                    0                    0                    0                    0         -2.825095869      9.929361635e-05                    0                    0                    0                    0                    0                    0                    0                    0                    0                    0                    0                    0                    0                    0                    0                    0
  "DRIFT_19"                             43              "drift"              10.8335          5.705604637        0.05495243012          4.243954887        0.07327889181         0.2883268487         0.3005785974                    0                    0                    0                    0         -2.825086138      9.929361635e-05                    0                    0                    0                    0                    0                    0                    0                    0                    0                    0                    0                    0                    0                    0                    0                    0
  "BR3.BWS.2L1.H_ROT"                    44            "monitor"              10.8335          5.705604637        0.05495243012          4.243954887        0.07327889181         0.2883268487         0.3005785974                    0                    0                    0                    0         -2.825086138      9.929361635e-05                    0                    0                    0                    0                    0                    0                    0                    0                    0                    0                    0                    0                    0                    0                    0                    0
  "DRIFT_20"                             45              "drift"              11.3695          5.697200983       -0.03927397194          4.233458772       -0.05369658862         0.3033114479         0.3207583648                    0                    0                    0                    0         -2.825032917      9.929361635e-05                    0                    0                    0                    0                    0                    0                    0                    0                    0                    0                    0                    0                    0                    0                    0                    0
  "BI3.KSW2L1"                           46            "hkicker"              11.7395           5.75033013        -0.1043183166          4.305625112        -0.1413475732         0.3136069523         0.3345686045                    0                    0                    0                    0         -2.824996178      9.929361635e-05                    0                    0                    0                    0                    0                    0                    0                    0                    0                    0                    0                    0                    0                    0                    0                    0
  "DRIFT_21"                             47              "drift"            12.471501          5.997248073        -0.2330008176          4.639492376         -0.314754623         0.3334972145         0.3607528103                    0                    0                    0                    0         -2.824923495      9.929361635e-05                    0                    0                    0                    0                    0                    0                    0                    0                    0                    0                    0                    0                    0                    0                    0                    0
  "BR.BHZ21"                             48              "sbend"            14.089197          7.200427144        -0.5155607421          6.089111978        -0.5647900239         0.3728247199         0.4099737627                    0                    0                    0                    0         -3.129345811        -0.3788938548                    0                    0                    0                    0                    0                    0                    0                    0                    0                    0                    0                    0                    0                    0                    0                    0
  "DRIFT_22"                             49              "drift"           14.0891995          7.200429721        -0.5155611816          6.089114802        -0.5647905654         0.3728247751          0.409973828                    0                    0                    0                    0         -3.129346759        -0.3788938548                    0                    0                    0                    0                    0                    0                    0                    0                    0                    0                    0                    0                    0                    0                    0                    0
  "BR.STSCRAP21"                         50         "collimator"           14.0891995          7.200429721        -0.5155611816          6.089114802        -0.5647905654         0.3728247751          0.409973828                    0                    0                    0                    0         -3.129346759        -0.3788938548                    0                    0                    0                    0                    0                    0                    0                    0                    0                    0                    0                    0                    0                    0                    0                    0
  "DRIFT_23"                             51              "drift"            14.455512          7.601731828        -0.5799572803          6.531960826        -0.6441390336          0.380708183         0.4192233119                    0                    0                    0                    0         -3.268140314        -0.3788938548                    0                    0                    0                    0                    0                    0                    0                    0                    0                    0                    0                    0                    0                    0                    0                    0
  "BR.QFO21"                             52         "quadrupole"            14.959082           6.83886002           2.00045647          8.604408805         -3.721658071         0.3914930152         0.4302547401                    0                    0                    0                    0         -3.155956395         0.8175699768                    0                    0                    0                    0                    0                    0         0.3667420801                    0                    0                    0                    0                    0                    0                    0                    0                    0
  "DRIFT_24"                             53              "drift"            15.285302          5.611515608          1.761864701          11.21624161         -4.284695941         0.3998779501         0.4355407305                    0                    0                    0                    0         -2.889248718         0.8175699768                    0                    0                    0                    0                    0                    0                    0                    0                    0                    0                    0                    0                    0                    0                    0                    0
  "BR3.BPM2L3"                           54            "monitor"            15.285302          5.611515608          1.761864701          11.21624161         -4.284695941         0.3998779501         0.4355407305                    0                    0                    0                    0         -2.889248718         0.8175699768                    0                    0                    0                    0                    0                    0                    0                    0                    0                    0                    0                    0                    0                    0                    0                    0
  "BR3.ONOH0.2L3"                        55          "multipole"            15.285302          5.611515608          1.761864701          11.21624161         -4.284695941         0.3998779501         0.4355407305                    0                    0                    0                    0         -2.889248718         0.8175699768                    0                    0                    0                    0                    0                    0                    0                    0                    0                    0                    0                    0                    0                    0                    0                    0
  "BR3.QSK2L3"                           56          "multipole"            15.285302          5.611515608          1.761864701          11.21624161         -4.284695941         0.3998779501         0.4355407305                    0                    0                    0                    0         -2.889248718         0.8175699768                    0                    0                    0                    0                    0                    0                    0                    0                    0                    0                    0                    0                    0                    0                    0                    0
  "BR3.XNOH0.2L3"                        57          "multipole"            15.285302          5.611515608          1.761864701          11.21624161         -4.284695941         0.3998779501         0.4355407305                    0                    0                    0                    0         -2.889248718         0.8175699768                    0                    0                    0                    0                    0                    0                    0                    0                    0                    0                    0                    0                    0                    0                    0                    0
  "DRIFT_25"                             58              "drift"            15.612827          4.535863512          1.522318478          14.20807837          -4.84998617         0.4102174621         0.4396704635                    0                    0                    0                    0         -2.621474111         0.8175699768                    0                    0                    0                    0                    0                    0                    0                    0                    0                    0                    0                    0                    0                    0                    0                    0
  "BR.QDE2"                              59         "quadrupole"            16.491767          4.536045622         -1.522563893          14.20929787          4.848875062         0.4443560816         0.4486047464                    0                    0                    0                    0         -2.621547498        -0.8177448833                    0                    0                    0                    0                    0                    0        -0.6533776556                    0                    0                    0                    0                    0                    0                    0                    0                    0
  "DRIFT_26"                             60              "drift"            16.819302          5.611908242          -1.76216177          11.21800601          4.283864497         0.4546953396         0.4527341034                    0                    0                    0                    0         -2.889387569        -0.8177448833                    0                    0                    0                    0                    0                    0                    0                    0                    0                    0                    0                    0                    0                    0                    0                    0
  "BR3.DHZ2L4"                           61            "hkicker"            16.819302          5.611908242          -1.76216177          11.21800601          4.283864497         0.4546953396         0.4527341034                    0                    0                    0                    0         -2.889387569        -0.8177448833                    0                    0                    0                    0                    0                    0                    0                    0                    0                    0                    0                    0                    0                    0                    0                    0
  "BR3.DVT2L4"                           62            "vkicker"            16.819302          5.611908242          -1.76216177          11.21800601          4.283864497         0.4546953396         0.4527341034                    0                    0                    0                    0         -2.889387569        -0.8177448833                    0                    0                    0                    0                    0                    0                    0                    0                    0                    0                    0                    0                    0                    0                    0                    0
  "BR3.OSK2L4"                           63          "multipole"            16.819302          5.611908242          -1.76216177          11.21800601          4.283864497         0.4546953396         0.4527341034                    0                    0                    0                    0         -2.889387569        -0.8177448833                    0                    0                    0                    0                    0                    0                    0                    0                    0                    0                    0                    0                    0                    0                    0                    0
  "BR3.XSK2L4"                           64          "multipole"            16.819302          5.611908242          -1.76216177          11.21800601          4.283864497         0.4546953396         0.4527341034                    0                    0                    0                    0         -2.889387569        -0.8177448833                    0                    0                    0                    0                    0                    0                    0                    0                    0                    0                    0                    0                    0                    0                    0                    0
  "DRIFT_27"                             65              "drift"            17.146512          6.843423177         -2.001521904          8.599253072          3.719414569          0.463102643         0.4580373139                    0                    0                    0                    0         -3.156961872        -0.8177448833                    0                    0                    0                    0                    0                    0                    0                    0                    0                    0                    0                    0                    0                    0                    0                    0
  "BR.QFO22"                             66         "quadrupole"            17.650082          7.606480867          0.580676594          6.528096637         0.6436617825         0.4738805022         0.4690753245                    0                    0                    0                    0         -3.269139756         0.3790923569                    0                    0                    0                    0                    0                    0         0.3667420801                    0                    0                    0                    0                    0                    0                    0                    0                    0
  "DRIFT_28"                             67              "drift"            18.017299          7.203717966         0.5161214882          6.084584189         0.5641048746         0.4817791175         0.4783538766                    0                    0                    0                    0         -3.129930598         0.3790923569                    0                    0                    0                    0                    0                    0                    0                    0                    0                    0                    0                    0                    0                    0                    0                    0
  "BR.STSCRAP22"                         68         "collimator"            18.017299          7.203717966         0.5161214882          6.084584189         0.5641048746         0.4817791175         0.4783538766                    0                    0                    0                    0         -3.129930598         0.3790923569                    0                    0                    0                    0                    0                    0                    0                    0                    0                    0                    0                    0                    0                    0                    0                    0
  "DRIFT_29"                             69              "drift"            18.017304          7.203712805         0.5161206093          6.084578548         0.5641037913          0.481779228         0.4783540074                    0                    0                    0                    0         -3.129928703         0.3790923569                    0                    0                    0                    0                    0                    0                    0                    0                    0                    0                    0                    0                    0                    0                    0                    0
  "BR.BHZ22"                             70              "sbend"               19.635          5.998733961         0.2335606848          4.637393298         0.3139638324         0.5210926051         0.5276054135                    0                    0                    0                    0          -2.82518733       9.92084035e-05                    0                    0                    0                    0                    0                    0                    0                    0                    0                    0                    0                    0                    0                    0                    0                    0
  "DRIFT_30"                             71              "drift"               20.159          5.802231596          0.141443829          4.373404764          0.189831078         0.5352471774         0.5461659046                    0                    0                    0                    0         -2.825135345       9.92084035e-05                    0                    0                    0                    0                    0                    0                    0                    0                    0                    0                    0                    0                    0                    0                    0                    0
  "BR3.DES3L1"                           72            "hkicker"               20.724          5.698518396        0.04211935671          4.234518315        0.05598564637         0.5509107705         0.5671220974                    0                    0                    0                    0         -2.825079292       9.92084035e-05                    0                    0                    0                    0                    0                    0                    0                    0                    0                    0                    0                    0                    0                    0                    0                    0
  "HACMAP"                               73             "marker"               20.724          5.698518396        0.04211935671          4.234518315        0.05598564637         0.5509107705         0.5671220974                    0                    0                    0                    0         -2.825079292       9.92084035e-05                    0                    0                    0                    0                    0                    0                    0                    0                    0                    0                    0                    0                    0                    0                    0                    0
  "VACMAP"                               74             "marker"               20.724          5.698518396        0.04211935671          4.234518315        0.05598564637         0.5509107705         0.5671220974                    0                    0                    0                    0         -2.825079292       9.92084035e-05                    0                    0                    0                    0                    0                    0                    0                    0                    0                    0                    0                    0                    0                    0                    0                    0
  "DRIFT_31"                             75              "drift"               21.098          5.691602692        -0.0236281701          4.225776916       -0.03261292256         0.5613701549         0.5812118665                    0                    0                    0                    0         -2.825042188       9.92084035e-05                    0                    0                    0                    0                    0                    0                    0                    0                    0                    0                    0                    0                    0                    0                    0                    0
  "BR3.ONO3L1"                           76          "multipole"               21.098          5.691602692        -0.0236281701          4.225776916       -0.03261292256         0.5613701549         0.5812118665                    0                    0                    0                    0         -2.825042188       9.92084035e-05                    0                    0                    0                    0                    0                    0                    0                    0                    0                    0                    0                    0                    0                    0                    0                    0
  "BR3.QNO3L1"                           77          "multipole"               21.098          5.691602692        -0.0236281701          4.225776916       -0.03261292256         0.5613701549         0.5812118665                    0                    0                    0                    0         -2.825042188       9.92084035e-05                    0                    0                    0                    0                    0                    0                    0                    0                    0                    0                    0                    0                    0                    0                    0                    0
  "BR3.XNO3L1"                           78          "multipole"               21.098          5.691602692        -0.0236281701          4.225776916       -0.03261292256         0.5613701549         0.5812118665                    0                    0                    0                    0         -2.825042188       9.92084035e-05                    0                    0                    0                    0                    0                    0                    0                    0                    0                    0                    0                    0                    0                    0                    0                    0
  "DRIFT_32"                             79              "drift"               21.678          5.778148985        -0.1255895753           4.34329924        -0.1700117728           0.57749441         0.6028251446                    0                    0                    0                    0         -2.824984647       9.92084035e-05                    0                    0                    0                    0                    0                    0                    0                    0                    0                    0                    0                    0                    0                    0                    0                    0
  "BR3.BPMT3L1"                          80            "monitor"               21.678          5.778148985        -0.1255895753           4.34329924        -0.1700117728           0.57749441         0.6028251446                    0                    0                    0                    0         -2.824984647       9.92084035e-05                    0                    0                    0                    0                    0                    0                    0                    0                    0                    0                    0                    0                    0                    0                    0                    0
  "DRIFT_33"                             81              "drift"           22.2890015          5.997248306        -0.2330009055          4.639492288          -0.31475471         0.5940435303         0.6245555337                    0                    0                    0                    0          -2.82492403       9.92084035e-05                    0                    0                    0                    0                    0                    0                    0                    0                    0                    0                    0                    0                    0                    0                    0                    0
  "BR.BHZ31"                             82              "sbend"           23.9066975          7.200427659          -0.51556083          6.089112213        -0.5647901324         0.6333710335         0.6737764856                    0                    0                    0                    0         -3.129346484        -0.3788939401                    0                    0                    0                    0                    0                    0                    0                    0                    0                    0                    0                    0                    0                    0                    0                    0
  "DRIFT_34"                             83              "drift"              23.9067          7.200430237        -0.5155612695          6.089115037        -0.5647906739         0.6333710887          0.673776551                    0                    0                    0                    0         -3.129347431        -0.3788939401                    0                    0                    0                    0                    0                    0                    0                    0                    0                    0                    0                    0                    0                    0                    0                    0
  "BR.STSCRAP31"                         84         "collimator"              23.9067          7.200430237        -0.5155612695          6.089115037        -0.5647906739         0.6333710887          0.673776551                    0                    0                    0                    0         -3.129347431        -0.3788939401                    0                    0                    0                    0                    0                    0                    0                    0                    0                    0                    0                    0                    0                    0                    0                    0
  "DRIFT_35"                             85              "drift"            24.273012          7.601731828        -0.5799572803          6.531960497        -0.6441390381         0.6412544855         0.6830260223                    0                    0                    0                    0         -3.268140828        -0.3788939401                    0                    0                    0                    0                    0                    0                    0                    0                    0                    0                    0                    0                    0                    0                    0                    0
  "BR.QFO31"                             86         "quadrupole"            24.776582           6.83886002           2.00045647           8.60440842         -3.721657947         0.6520393178          0.694057451                    0                    0                    0                    0         -3.155956904         0.8175700822                    0                    0                    0                    0                    0                    0         0.3667420801                    0                    0                    0                    0                    0                    0                    0                    0                    0
  "DRIFT_36"                             87              "drift"            25.102807          5.611497989          1.761861044          11.21628399         -4.284704438         0.6604243945         0.6993435125                    0                    0                    0                    0         -2.889245104         0.8175700822                    0                    0                    0                    0                    0                    0                    0                    0                    0                    0                    0                    0                    0                    0                    0                    0
  "BR3.BPM3L3"                           88            "monitor"            25.102807          5.611497989          1.761861044          11.21628399         -4.284704438         0.6604243945         0.6993435125                    0                    0                    0                    0         -2.889245104         0.8175700822                    0                    0                    0                    0                    0                    0                    0                    0                    0                    0                    0                    0                    0                    0                    0                    0
  "BR3.ONOH0.3L3"                        89          "multipole"            25.102807          5.611497989          1.761861044          11.21628399         -4.284704438         0.6604243945         0.6993435125                    0                    0                    0                    0         -2.889245104         0.8175700822                    0                    0                    0                    0                    0                    0                    0                    0                    0                    0                    0                    0                    0                    0                    0                    0
  "BR3.QSKH0.3L3"                        90          "multipole"            25.102807          5.611497989          1.761861044          11.21628399         -4.284704438         0.6604243945         0.6993435125                    0                    0                    0                    0         -2.889245104         0.8175700822                    0                    0                    0                    0                    0                    0                    0                    0                    0                    0                    0                    0                    0                    0                    0                    0
  "BR3.XNOH0.3L3"                        91          "multipole"            25.102807          5.611497989          1.761861044          11.21628399         -4.284704438         0.6604243945         0.6993435125                    0                    0                    0                    0         -2.889245104         0.8175700822                    0                    0                    0                    0                    0                    0                    0                    0                    0                    0                    0                    0                    0                    0                    0                    0
  "DRIFT_37"                             92              "drift"            25.430327          4.535863512          1.522318478          14.20807781         -4.849986028         0.6707637646         0.7034731747                    0                    0                    0                    0         -2.621474551         0.8175700822                    0                    0                    0                    0                    0                    0                    0                    0                    0                    0                    0                    0                    0                    0                    0                    0
  "BR.QDE3"                              93         "quadrupole"            26.309267          4.536045622         -1.522563893          14.20929739          4.848874846         0.7049023841          0.712407458                    0                    0                    0                    0         -2.621547969        -0.8177450622                    0                    0                    0                    0                    0                    0        -0.6533776556                    0                    0                    0                    0                    0                    0                    0                    0                    0
  "DRIFT_38"                             94              "drift"            26.636807          5.611925863         -1.762165428          11.21796283          4.283855685         0.7152417839          0.716536886                    0                    0                    0                    0         -2.889392187        -0.8177450622                    0                    0                    0                    0                    0                    0                    0                    0                    0                    0                    0                    0                    0                    0                    0                    0
  "BR3.DHZ3L4"                           95            "hkicker"            26.636807          5.611925863         -1.762165428          11.21796283          4.283855685         0.7152417839          0.716536886                    0                    0                    0                    0         -2.889392187        -0.8177450622                    0                    0                    0                    0                    0                    0                    0                    0                    0                    0                    0                    0                    0                    0                    0                    0
  "BR3.DVT3L4"                           96            "vkicker"            26.636807          5.611925863         -1.762165428          11.21796283          4.283855685         0.7152417839          0.716536886                    0                    0                    0                    0         -2.889392187        -0.8177450622                    0                    0                    0                    0                    0                    0                    0                    0                    0                    0                    0                    0                    0                    0                    0                    0
  "DRIFT_39"                             97              "drift"            26.964012          6.843423177         -2.001521904          8.599252838          3.719414411         0.7236489455         0.7218400258                    0                    0                    0                    0          -3.15696246        -0.8177450622                    0                    0                    0                    0                    0                    0                    0                    0                    0                    0                    0                    0                    0                    0                    0                    0
  "BR.QFO32"                             98         "quadrupole"            27.467582          7.606480867          0.580676594          6.528096512         0.6436617108         0.7344268048         0.7328780367                    0                    0                    0                    0         -3.269140378         0.3790924034                    0                    0                    0                    0                    0                    0         0.3667420801                    0                    0                    0                    0                    0                    0                    0                    0                    0
  "DRIFT_40"                             99              "drift"            27.834799          7.203717966         0.5161214882          6.084584115         0.5641048065         0.7423254201         0.7421565889                    0                    0                    0                    0         -3.129931203         0.3790924034                    0                    0                    0                    0                    0                    0                    0                    0                    0                    0                    0                    0                    0                    0                    0                    0
  "BR.STSCRAP32"                        100         "collimator"            27.834799          7.203717966         0.5161214882          6.084584115         0.5641048065         0.7423254201         0.7421565889                    0                    0                    0                    0         -3.129931203         0.3790924034                    0                    0                    0                    0                    0                    0                    0                    0                    0                    0                    0                    0                    0                    0                    0                    0
  "DRIFT_41"                            101              "drift"            27.834804          7.203712805         0.5161206093          6.084578474         0.5641037233         0.7423255305         0.7421567197                    0                    0                    0                    0         -3.129929307         0.3790924034                    0                    0                    0                    0                    0                    0                    0                    0                    0                    0                    0                    0                    0                    0                    0                    0
  "BR.BHZ32"                            102              "sbend"              29.4525          5.998733961         0.2335606848          4.637393417         0.3139637835         0.7816389076         0.7914081255                    0                    0                    0                    0          -2.82518786      9.925492808e-05                    0                    0                    0                    0                    0                    0                    0                    0                    0                    0                    0                    0                    0                    0                    0                    0
  "DRIFT_42"                            103              "drift"              29.8225          5.849965462         0.1685163401          4.437491082         0.2263127976         0.7915860465         0.8044038007                    0                    0                    0                    0         -2.825151135      9.925492808e-05                    0                    0                    0                    0                    0                    0                    0                    0                    0                    0                    0                    0                    0                    0                    0                    0
  "BR3.ONO4L1"                          104          "multipole"              29.8225          5.849965462         0.1685163401          4.437491082         0.2263127976         0.7915860465         0.8044038007                    0                    0                    0                    0         -2.825151135      9.925492808e-05                    0                    0                    0                    0                    0                    0                    0                    0                    0                    0                    0                    0                    0                    0                    0                    0
  "BR3.OSK4L1"                          105          "multipole"              29.8225          5.849965462         0.1685163401          4.437491082         0.2263127976         0.7915860465         0.8044038007                    0                    0                    0                    0         -2.825151135      9.925492808e-05                    0                    0                    0                    0                    0                    0                    0                    0                    0                    0                    0                    0                    0                    0                    0                    0
  "BR3.XNO4L1"                          106          "multipole"              29.8225          5.849965462         0.1685163401          4.437491082         0.2263127976         0.7915860465         0.8044038007                    0                    0                    0                    0         -2.825151135      9.925492808e-05                    0                    0                    0                    0                    0                    0                    0                    0                    0                    0                    0                    0                    0                    0                    0                    0
  "BR3.XSK4L1"                          107          "multipole"              29.8225          5.849965462         0.1685163401          4.437491082         0.2263127976         0.7915860465         0.8044038007                    0                    0                    0                    0         -2.825151135      9.925492808e-05                    0                    0                    0                    0                    0                    0                    0                    0                    0                    0                    0                    0                    0                    0                    0                    0
  "DRIFT_43"                            108              "drift"              30.3565           5.72011916        0.07464152906          4.263340918        0.09981110434          0.806299037         0.8239929104                    0                    0                    0                    0         -2.825098133      9.925492808e-05                    0                    0                    0                    0                    0                    0                    0                    0                    0                    0                    0                    0                    0                    0                    0                    0
  "BE3.DHZ4L1"                          109            "hkicker"              30.3565           5.72011916        0.07464152906          4.263340918        0.09981110434          0.806299037         0.8239929104                    0                    0                    0                    0         -2.825098133      9.925492808e-05                    0                    0                    0                    0                    0                    0                    0                    0                    0                    0                    0                    0                    0                    0                    0                    0
  "BE3.DVT4L1"                          110            "vkicker"              30.3565           5.72011916        0.07464152906          4.263340918        0.09981110434          0.806299037         0.8239929104                    0                    0                    0                    0         -2.825098133      9.925492808e-05                    0                    0                    0                    0                    0                    0                    0                    0                    0                    0                    0                    0                    0                    0                    0                    0
  "DRIFT_44"                            111              "drift"              30.7885          5.688436543      -0.001302138269          4.221314333       -0.00252734413         0.8183638586          0.840228141                    0                    0                    0                    0         -2.825055255      9.925492808e-05                    0                    0                    0                    0                    0                    0                    0                    0                    0                    0                    0                    0                    0                    0                    0                    0
  "BR3.BSGHV4L1"                        112            "monitor"              30.7885          5.688436543      -0.001302138269          4.221314333       -0.00252734413         0.8183638586          0.840228141                    0                    0                    0                    0         -2.825055255      9.925492808e-05                    0                    0                    0                    0                    0                    0                    0                    0                    0                    0                    0                    0                    0                    0                    0                    0
  "DRIFT_45"                            113              "drift"              31.5865           5.80246205        -0.1415869682          4.376203376        -0.1915692003          0.840542088         0.8699501192                    0                    0                    0                    0          -2.82497605      9.925492808e-05                    0                    0                    0                    0                    0                    0                    0                    0                    0                    0                    0                    0                    0                    0                    0                    0
  "BR3.BWSH4L1"                         114            "monitor"              31.5865           5.80246205        -0.1415869682          4.376203376        -0.1915692003          0.840542088         0.8699501192                    0                    0                    0                    0          -2.82497605      9.925492808e-05                    0                    0                    0                    0                    0                    0                    0                    0                    0                    0                    0                    0                    0                    0                    0                    0
  "DRIFT_46"                            115              "drift"            32.106501          5.997248073        -0.2330008176          4.639492262        -0.3147546067         0.8545898196         0.8883582237                    0                    0                    0                    0         -2.824924437      9.925492808e-05                    0                    0                    0                    0                    0                    0                    0                    0                    0                    0                    0                    0                    0                    0                    0                    0
  "BR.BHZ41"                            116              "sbend"            33.724197          7.200427144        -0.5155607421          6.089111826        -0.5647900171         0.8939173249         0.9375791773                    0                    0                    0                    0         -3.129346816        -0.3788938935                    0                    0                    0                    0                    0                    0                    0                    0                    0                    0                    0                    0                    0                    0                    0                    0
  "DRIFT_47"                            117              "drift"           33.7241995          7.200429721        -0.5155611816           6.08911465        -0.5647905586         0.8939173802         0.9375792426                    0                    0                    0                    0         -3.129347763        -0.3788938935                    0                    0                    0                    0                    0                    0                    0                    0                    0                    0                    0                    0                    0                    0                    0                    0
  "BR.STSCRAP41"                        118         "collimator"           33.7241995          7.200429721        -0.5155611816           6.08911465        -0.5647905586         0.8939173802         0.9375792426                    0                    0                    0                    0         -3.129347763        -0.3788938935                    0                    0                    0                    0                    0                    0                    0                    0                    0                    0                    0                    0                    0                    0                    0                    0
  "DRIFT_48"                            119              "drift"            34.090512          7.601731828        -0.5799572803           6.53196067        -0.6441390283          0.901800788         0.9468287268                    0                    0                    0                    0         -3.268141332        -0.3788938935                    0                    0                    0                    0                    0                    0                    0                    0                    0                    0                    0                    0                    0                    0                    0                    0
  "BR.QFO41"                            120         "quadrupole"            34.594082           6.83886002           2.00045647          8.604408613         -3.721658001         0.9125856203         0.9578601552                    0                    0                    0                    0          -3.15595734         0.8175703037                    0                    0                    0                    0                    0                    0         0.3667420801                    0                    0                    0                    0                    0                    0                    0                    0                    0
  "DRIFT_49"                            121              "drift"            34.920312           5.61148037          1.761857388          11.21632706         -4.284713124         0.9209708388         0.9631462876                    0                    0                    0                    0          -2.88924138         0.8175703037                    0                    0                    0                    0                    0                    0                    0                    0                    0                    0                    0                    0                    0                    0                    0                    0
  "BR3.BPM4L3"                          122            "monitor"            34.920312           5.61148037          1.761857388          11.21632706         -4.284713124         0.9209708388         0.9631462876                    0                    0                    0                    0          -2.88924138         0.8175703037                    0                    0                    0                    0                    0                    0                    0                    0                    0                    0                    0                    0                    0                    0                    0                    0
  "BR3.ONOH0.4L3"                       123          "multipole"            34.920312           5.61148037          1.761857388          11.21632706         -4.284713124         0.9209708388         0.9631462876                    0                    0                    0                    0          -2.88924138         0.8175703037                    0                    0                    0                    0                    0                    0                    0                    0                    0                    0                    0                    0                    0                    0                    0                    0
  "BR3.QNO4L3"                          124          "multipole"            34.920312           5.61148037          1.761857388          11.21632706         -4.284713124         0.9209708388         0.9631462876                    0                    0                    0                    0          -2.88924138         0.8175703037                    0                    0                    0                    0                    0                    0                    0                    0                    0                    0                    0                    0                    0                    0                    0                    0
  "BR3.XNOH0.4L3"                       125          "multipole"            34.920312           5.61148037          1.761857388          11.21632706         -4.284713124         0.9209708388         0.9631462876                    0                    0                    0                    0          -2.88924138         0.8175703037                    0                    0                    0                    0                    0                    0                    0                    0                    0                    0                    0                    0                    0                    0                    0                    0
  "DRIFT_50"                            126              "drift"            35.247827          4.535863512          1.522318478          14.20807808         -4.849986086         0.9313100672         0.9672758788                    0                    0                    0                    0         -2.621474842         0.8175703037                    0                    0                    0                    0                    0                    0                    0                    0                    0                    0                    0                    0                    0                    0                    0                    0
  "BR.QDE4"                             127         "quadrupole"            36.126767          4.536045622         -1.522563893           14.2092976          4.848874953         0.9654486866         0.9762101619                    0                    0                    0                    0         -2.621548134        -0.8177449826                    0                    0                    0                    0                    0                    0        -0.6533776556                    0                    0                    0                    0                    0                    0                    0                    0                    0
  "DRIFT_51"                            128              "drift"            36.454312          5.611943485         -1.762169085          11.21792014          4.283847151         0.9757882283         0.9803396608                    0                    0                    0                    0         -2.889396414        -0.8177449826                    0                    0                    0                    0                    0                    0                    0                    0                    0                    0                    0                    0                    0                    0                    0                    0
  "BR3.DHZ4L4"                          129            "hkicker"            36.454312          5.611943485         -1.762169085          11.21792014          4.283847151         0.9757882283         0.9803396608                    0                    0                    0                    0         -2.889396414        -0.8177449826                    0                    0                    0                    0                    0                    0                    0                    0                    0                    0                    0                    0                    0                    0                    0                    0
  "BR3.DVT4L4"                          130            "vkicker"            36.454312          5.611943485         -1.762169085          11.21792014          4.283847151         0.9757882283         0.9803396608                    0                    0                    0                    0         -2.889396414        -0.8177449826                    0                    0                    0                    0                    0                    0                    0                    0                    0                    0                    0                    0                    0                    0                    0                    0
  "DRIFT_52"                            131              "drift"            36.781512          6.843423177         -2.001521904          8.599252931          3.719414487          0.984195248         0.9856427295                    0                    0                    0                    0         -3.156962572        -0.8177449826                    0                    0                    0                    0                    0                    0                    0                    0                    0                    0                    0                    0                    0                    0                    0                    0
  "BR.QFO42"                            132         "quadrupole"            37.285082          7.606480867          0.580676594          6.528096549         0.6436617516         0.9949731073         0.9966807403                    0                    0                    0                    0         -3.269140441         0.3790925157                    0                    0                    0                    0                    0                    0         0.3667420801                    0                    0                    0                    0                    0                    0                    0                    0                    0
  "DRIFT_53"                            133              "drift"             37.45044          7.419248651         0.5516073974           6.32115118         0.6078372365         0.9984766593           1.00077808                    0                    0                    0                    0         -3.206454461         0.3790925157                    0                    0                    0                    0                    0                    0                    0                    0                    0                    0                    0                    0                    0                    0                    0                    0
  "BR3.BPTF4L5"                         134            "monitor"             37.45044          7.419248651         0.5516073974           6.32115118         0.6078372365         0.9984766593           1.00077808                    0                    0                    0                    0         -3.206454461         0.3790925157                    0                    0                    0                    0                    0                    0                    0                    0                    0                    0                    0                    0                    0                    0                    0                    0
  "DRIFT_54"                            135              "drift"            37.652299          7.203717966         0.5161214882          6.084584123         0.5641048449          1.002871723          1.005959293                    0                    0                    0                    0         -3.129931225         0.3790925157                    0                    0                    0                    0                    0                    0                    0                    0                    0                    0                    0                    0                    0                    0                    0                    0
  "BR.STSCRAP42"                        136         "collimator"            37.652299          7.203717966         0.5161214882          6.084584123         0.5641048449          1.002871723          1.005959293                    0                    0                    0                    0         -3.129931225         0.3790925157                    0                    0                    0                    0                    0                    0                    0                    0                    0                    0                    0                    0                    0                    0                    0                    0
  "DRIFT_55"                            137              "drift"            37.652304          7.203712805         0.5161206093          6.084578482         0.5641037616          1.002871833          1.005959423                    0                    0                    0                    0          -3.12992933         0.3790925157                    0                    0                    0                    0                    0                    0                    0                    0                    0                    0                    0                    0                    0                    0                    0                    0
  "BR.BHZ42"                            138              "sbend"                39.27          5.998733961         0.2335606848           4.63739332         0.3139638084           1.04218521           1.05521083                    0                    0                    0                    0         -2.825187701      9.936721913e-05                    0                    0                    0                    0                    0                    0                    0                    0                    0                    0                    0                    0                    0                    0                    0                    0
  "DRIFT_56"                            139              "drift"            39.521261          5.892462918         0.1893901251          4.494575248         0.2544414431          1.048913371          1.063974447                    0                    0                    0                    0         -2.825162734      9.936721913e-05                    0                    0                    0                    0                    0                    0                    0                    0                    0                    0                    0                    0                    0                    0                    0                    0
  "BR3.ACWF5L1.1"                       140           "rfcavity"            40.464261          5.691599138        0.02361494382          4.225356942         0.0310498684          1.074945183          1.098688457                    0                    0                    0                    0         -2.825069031      9.936721913e-05                    0                    0                    0                    0                    0                    0                    0                    0                    0                    0                    0                    0                    0                    0                    0                    0
  "DRIFT_57"                            141              "drift"            40.575761          5.688518539       0.004013742648          4.221377953       0.004636124415          1.078064116          1.102890753                    0                    0                    0                    0         -2.825057951      9.936721913e-05                    0                    0                    0                    0                    0                    0                    0                    0                    0                    0                    0                    0                    0                    0                    0                    0
  "BR3.ACWF5L1.2"                       142           "rfcavity"            41.518761          5.837274617        -0.1617614386          4.423292478        -0.2187554503          1.104226957          1.137904681                    0                    0                    0                    0         -2.824964248      9.936721913e-05                    0                    0                    0                    0                    0                    0                    0                    0                    0                    0                    0                    0                    0                    0                    0                    0
  "DRIFT_58"                            143              "drift"            41.924001          5.997248073        -0.2330008176          4.639492092        -0.3147546038          1.115136122          1.152160931                    0                    0                    0                    0         -2.824923981      9.936721913e-05                    0                    0                    0                    0                    0                    0                    0                    0                    0                    0                    0                    0                    0                    0                    0                    0
  "BR.BHZ51"                            144              "sbend"            43.541697          7.200427144        -0.5155607421          6.089111675        -0.5647900313          1.154463627          1.201381886                    0                    0                    0                    0         -3.129346179        -0.3788937812                    0                    0                    0                    0                    0                    0                    0                    0                    0                    0                    0                    0                    0                    0                    0                    0
  "DRIFT_59"                            145              "drift"           43.5416995          7.200429721        -0.5155611816          6.089114499        -0.5647905729          1.154463683          1.201381952                    0                    0                    0                    0         -3.129347126        -0.3788937812                    0                    0                    0                    0                    0                    0                    0                    0                    0                    0                    0                    0                    0                    0                    0                    0
  "BR.STSCRAP51"                        146         "collimator"           43.5416995          7.200429721        -0.5155611816          6.089114499        -0.5647905729          1.154463683          1.201381952                    0                    0                    0                    0         -3.129347126        -0.3788937812                    0                    0                    0                    0                    0                    0                    0                    0                    0                    0                    0                    0                    0                    0                    0                    0
  "DRIFT_60"                            147              "drift"            43.908012          7.601731828        -0.5799572803           6.53196053        -0.6441390455          1.162347091          1.210631436                    0                    0                    0                    0         -3.268140654        -0.3788937812                    0                    0                    0                    0                    0                    0                    0                    0                    0                    0                    0                    0                    0                    0                    0                    0
  "BR.QFO51"                            148         "quadrupole"            44.411582           6.83886002           2.00045647          8.604408467         -3.721657972          1.173131923          1.221662865                    0                    0                    0                    0         -3.155956669         0.8175701647                    0                    0                    0                    0                    0                    0         0.3667420801                    0                    0                    0                    0                    0                    0                    0                    0                    0
  "DRIFT_61"                            149              "drift"            44.737806          5.611501513          1.761861776          11.21627548          -4.28470274          1.181516971          1.226948912                    0                    0                    0                    0         -2.889245659         0.8175701647                    0                    0                    0                    0                    0                    0                    0                    0                    0                    0                    0                    0                    0                    0                    0                    0
  "BR3.BPM5L3"                          150            "monitor"            44.737806          5.611501513          1.761861776          11.21627548          -4.28470274          1.181516971          1.226948912                    0                    0                    0                    0         -2.889245659         0.8175701647                    0                    0                    0                    0                    0                    0                    0                    0                    0                    0                    0                    0                    0                    0                    0                    0
  "BR3.ONOH0.5L3"                       151          "multipole"            44.737806          5.611501513          1.761861776          11.21627548          -4.28470274          1.181516971          1.226948912                    0                    0                    0                    0         -2.889245659         0.8175701647                    0                    0                    0                    0                    0                    0                    0                    0                    0                    0                    0                    0                    0                    0                    0                    0
  "BR3.QSKH0.5L3"                       152          "multipole"            44.737806          5.611501513          1.761861776          11.21627548          -4.28470274          1.181516971          1.226948912                    0                    0                    0                    0         -2.889245659         0.8175701647                    0                    0                    0                    0                    0                    0                    0                    0                    0                    0                    0                    0                    0                    0                    0                    0
  "BR3.XNOH0.5L3"                       153          "multipole"            44.737806          5.611501513          1.761861776          11.21627548          -4.28470274          1.181516971          1.226948912                    0                    0                    0                    0         -2.889245659         0.8175701647                    0                    0                    0                    0                    0                    0                    0                    0                    0                    0                    0                    0                    0                    0                    0                    0
  "DRIFT_62"                            154              "drift"            45.065327          4.535863512          1.522318478          14.20807789         -4.849986059           1.19185637          1.231078588                    0                    0                    0                    0         -2.621474262         0.8175701647                    0                    0                    0                    0                    0                    0                    0                    0                    0                    0                    0                    0                    0                    0                    0                    0
  "BR.QDE5"                             155         "quadrupole"            45.944267          4.536045622         -1.522563893          14.20929748          4.848874874          1.225994989          1.240012871                    0                    0                    0                    0         -2.621547513        -0.8177447469                    0                    0                    0                    0                    0                    0        -0.6533776556                    0                    0                    0                    0                    0                    0                    0                    0                    0
  "DRIFT_63"                            156              "drift"            46.110806          5.063466995         -1.644390235          12.64208829           4.56158866          1.231526717          1.241990531                    0                    0                    0                    0         -2.757733905        -0.8177447469                    0                    0                    0                    0                    0                    0                    0                    0                    0                    0                    0                    0                    0                    0                    0                    0
  "BR3.DHZ5L4"                          157            "hkicker"            46.110806          5.063466995         -1.644390235          12.64208829           4.56158866          1.231526717          1.241990531                    0                    0                    0                    0         -2.757733905        -0.8177447469                    0                    0                    0                    0                    0                    0                    0                    0                    0                    0                    0                    0                    0                    0                    0                    0
  "BR3.DVT5L4"                          158            "vkicker"            46.110806          5.063466995         -1.644390235          12.64208829           4.56158866          1.231526717          1.241990531                    0                    0                    0                    0         -2.757733905        -0.8177447469                    0                    0                    0                    0                    0                    0                    0                    0                    0                    0                    0                    0                    0                    0                    0                    0
  "DRIFT_64"                            159              "drift"            46.599012          6.843423177         -2.001521904          8.599252893          3.719414434          1.244741551          1.249445439                    0                    0                    0                    0         -3.156961797        -0.8177447469                    0                    0                    0                    0                    0                    0                    0                    0                    0                    0                    0                    0                    0                    0                    0                    0
  "BR.QFO52"                            160         "quadrupole"            47.102582          7.606480867          0.580676594          6.528096555         0.6436617146           1.25551941           1.26048345                    0                    0                    0                    0         -3.269139622         0.3790924543                    0                    0                    0                    0                    0                    0         0.3667420801                    0                    0                    0                    0                    0                    0                    0                    0                    0
  "DRIFT_65"                            161              "drift"            47.469799          7.203717966         0.5161214882          6.084584155         0.5641048105          1.263418025          1.269762002                    0                    0                    0                    0         -3.129930428         0.3790924543                    0                    0                    0                    0                    0                    0                    0                    0                    0                    0                    0                    0                    0                    0                    0                    0
  "BR.STSCRAP52"                        162         "collimator"            47.469799          7.203717966         0.5161214882          6.084584155         0.5641048105          1.263418025          1.269762002                    0                    0                    0                    0         -3.129930428         0.3790924543                    0                    0                    0                    0                    0                    0                    0                    0                    0                    0                    0                    0                    0                    0                    0                    0
  "DRIFT_66"                            163              "drift"            47.469804          7.203712805         0.5161206093          6.084578514         0.5641037273          1.263418136          1.269762133                    0                    0                    0                    0         -3.129928532         0.3790924543                    0                    0                    0                    0                    0                    0                    0                    0                    0                    0                    0                    0                    0                    0                    0                    0
  "BR.BHZ52"                            164              "sbend"              49.0875          5.998733961         0.2335606848           4.63739344         0.3139637892          1.302731513          1.319013538                    0                    0                    0                    0         -2.825187003      9.930582365e-05                    0                    0                    0                    0                    0                    0                    0                    0                    0                    0                    0                    0                    0                    0                    0                    0
  "DRIFT_67"                            165              "drift"              49.4575          5.849965462         0.1685163401          4.437491101         0.2263128034          1.312678652          1.332009214                    0                    0                    0                    0          -2.82515026      9.930582365e-05                    0                    0                    0                    0                    0                    0                    0                    0                    0                    0                    0                    0                    0                    0                    0                    0
  "BR3.ONO6L1"                          166          "multipole"              49.4575          5.849965462         0.1685163401          4.437491101         0.2263128034          1.312678652          1.332009214                    0                    0                    0                    0          -2.82515026      9.930582365e-05                    0                    0                    0                    0                    0                    0                    0                    0                    0                    0                    0                    0                    0                    0                    0                    0
  "BR3.OSK6L1"                          167          "multipole"              49.4575          5.849965462         0.1685163401          4.437491101         0.2263128034          1.312678652          1.332009214                    0                    0                    0                    0          -2.82515026      9.930582365e-05                    0                    0                    0                    0                    0                    0                    0                    0                    0                    0                    0                    0                    0                    0                    0                    0
  "BR3.XNO6L1"                          168          "multipole"              49.4575          5.849965462         0.1685163401          4.437491101         0.2263128034          1.312678652          1.332009214                    0                    0                    0                    0          -2.82515026      9.930582365e-05                    0                    0                    0                    0                    0                    0                    0                    0                    0                    0                    0                    0                    0                    0                    0                    0
  "BR3.XSK6L1"                          169          "multipole"              49.4575          5.849965462         0.1685163401          4.437491101         0.2263128034          1.312678652          1.332009214                    0                    0                    0                    0          -2.82515026      9.930582365e-05                    0                    0                    0                    0                    0                    0                    0                    0                    0                    0                    0                    0                    0                    0                    0                    0
  "DRIFT_68"                            170              "drift"           51.7415015          5.997248306        -0.2330009055          4.639492567        -0.3147547183          1.375682438          1.415963654                    0                    0                    0                    0         -2.824923445      9.930582365e-05                    0                    0                    0                    0                    0                    0                    0                    0                    0                    0                    0                    0                    0                    0                    0                    0
  "BR.BHZ61"                            171              "sbend"           53.3591975          7.200427659          -0.51556083          6.089112474         -0.564790113          1.415009941          1.465184603                    0                    0                    0                    0         -3.129345742        -0.3788938426                    0                    0                    0                    0                    0                    0                    0                    0                    0                    0                    0                    0                    0                    0                    0                    0
  "DRIFT_69"                            172              "drift"              53.3592          7.200430237        -0.5155612695          6.089115298        -0.5647906546          1.415009996          1.465184668                    0                    0                    0                    0         -3.129346689        -0.3788938426                    0                    0                    0                    0                    0                    0                    0                    0                    0                    0                    0                    0                    0                    0                    0                    0
  "BR.STSCRAP61"                        173         "collimator"              53.3592          7.200430237        -0.5155612695          6.089115298        -0.5647906546          1.415009996          1.465184668                    0                    0                    0                    0         -3.129346689        -0.3788938426                    0                    0                    0                    0                    0                    0                    0                    0                    0                    0                    0                    0                    0                    0                    0                    0
  "DRIFT_70"                            174              "drift"            53.725512          7.601731828        -0.5799572803          6.531960743         -0.644139014          1.422893393          1.474434139                    0                    0                    0                    0          -3.26814005        -0.3788938426                    0                    0                    0                    0                    0                    0                    0                    0                    0                    0                    0                    0                    0                    0                    0                    0
  "BR.QFO61"                            175         "quadrupole"            54.229082           6.83886002           2.00045647          8.604408682         -3.721658008          1.433678225          1.485465567                    0                    0                    0                    0          -3.15595615         0.8175698942                    0                    0                    0                    0                    0                    0         0.3667420801                    0                    0                    0                    0                    0                    0                    0                    0                    0
  "DRIFT_71"                            176              "drift"            54.555311          5.611483894          1.761858119          11.21631857         -4.284711402          1.442063416          1.490751686                    0                    0                    0                    0         -2.889241141         0.8175698942                    0                    0                    0                    0                    0                    0                    0                    0                    0                    0                    0                    0                    0                    0                    0                    0
  "BR3.BPM6L3"                          177            "monitor"            54.555311          5.611483894          1.761858119          11.21631857         -4.284711402          1.442063416          1.490751686                    0                    0                    0                    0         -2.889241141         0.8175698942                    0                    0                    0                    0                    0                    0                    0                    0                    0                    0                    0                    0                    0                    0                    0                    0
  "BR3.ONOH0.6L3"                       178          "multipole"            54.555311          5.611483894          1.761858119          11.21631857         -4.284711402          1.442063416          1.490751686                    0                    0                    0                    0         -2.889241141         0.8175698942                    0                    0                    0                    0                    0                    0                    0                    0                    0                    0                    0                    0                    0                    0                    0                    0
  "BR3.QSK6L3"                          179          "multipole"            54.555311          5.611483894          1.761858119          11.21631857         -4.284711402          1.442063416          1.490751686                    0                    0                    0                    0         -2.889241141         0.8175698942                    0                    0                    0                    0                    0                    0                    0                    0                    0                    0                    0                    0                    0                    0                    0                    0
  "BR3.XNOH0.6L3"                       180          "multipole"            54.555311          5.611483894          1.761858119          11.21631857         -4.284711402          1.442063416          1.490751686                    0                    0                    0                    0         -2.889241141         0.8175698942                    0                    0                    0                    0                    0                    0                    0                    0                    0                    0                    0                    0                    0                    0                    0                    0
  "DRIFT_72"                            181              "drift"            54.882827          4.535863512          1.522318478          14.20807815         -4.849986088          1.452402672          1.494881291                    0                    0                    0                    0         -2.621473919         0.8175698942                    0                    0                    0                    0                    0                    0                    0                    0                    0                    0                    0                    0                    0                    0                    0                    0
  "BR.QDE6"                             182         "quadrupole"            55.761767          4.536045622         -1.522563893          14.20929764           4.84887499          1.486541292          1.503815574                    0                    0                    0                    0         -2.621547329        -0.8177448534                    0                    0                    0                    0                    0                    0        -0.6533776556                    0                    0                    0                    0                    0                    0                    0                    0                    0
  "DRIFT_73"                            183              "drift"            56.089311          5.611939961         -1.762168354          11.21792872          4.283848906          1.496880805          1.507945059                    0                    0                    0                    0         -2.889394749        -0.8177448534                    0                    0                    0                    0                    0                    0                    0                    0                    0                    0                    0                    0                    0                    0                    0                    0
  "BR3.DHZ6L4"                          184            "hkicker"            56.089311          5.611939961         -1.762168354          11.21792872          4.283848906          1.496880805          1.507945059                    0                    0                    0                    0         -2.889394749        -0.8177448534                    0                    0                    0                    0                    0                    0                    0                    0                    0                    0                    0                    0                    0                    0                    0                    0
  "BR3.DVT6L4"                          185            "vkicker"            56.089311          5.611939961         -1.762168354          11.21792872          4.283848906          1.496880805          1.507945059                    0                    0                    0                    0         -2.889394749        -0.8177448534                    0                    0                    0                    0                    0                    0                    0                    0                    0                    0                    0                    0                    0                    0                    0                    0
  "BR3.OSK6L4"                          186          "multipole"            56.089311          5.611939961         -1.762168354          11.21792872          4.283848906          1.496880805          1.507945059                    0                    0                    0                    0         -2.889394749        -0.8177448534                    0                    0                    0                    0                    0                    0                    0                    0                    0                    0                    0                    0                    0                    0                    0                    0
  "BR3.XSK6L4"                          187          "multipole"            56.089311          5.611939961         -1.762168354          11.21792872          4.283848906          1.496880805          1.507945059                    0                    0                    0                    0         -2.889394749        -0.8177448534                    0                    0                    0                    0                    0                    0                    0                    0                    0                    0                    0                    0                    0                    0                    0                    0
  "DRIFT_74"                            188              "drift"            56.416512          6.843423177         -2.001521904          8.599252929          3.719414511          1.505287853          1.513248142                    0                    0                    0                    0         -3.156961683        -0.8177448534                    0                    0                    0                    0                    0                    0                    0                    0                    0                    0                    0                    0                    0                    0                    0                    0
  "BR.QFO62"                            189         "quadrupole"            56.920082          7.606480867          0.580676594          6.528096526         0.6436617733          1.516065712          1.524286152                    0                    0                    0                    0          -3.26913957         0.3790923169                    0                    0                    0                    0                    0                    0         0.3667420801                    0                    0                    0                    0                    0                    0                    0                    0                    0
  "DRIFT_75"                            190              "drift"              57.2873          7.203716933         0.5161213124          6.084582956          0.564104648           1.52396435          1.533564731                    0                    0                    0                    0         -3.129930047         0.3790923169                    0                    0                    0                    0                    0                    0                    0                    0                    0                    0                    0                    0                    0                    0                    0                    0
  "BR.STSCRAP62"                        191         "collimator"              57.2873          7.203716933         0.5161213124          6.084582956          0.564104648           1.52396435          1.533564731                    0                    0                    0                    0         -3.129930047         0.3790923169                    0                    0                    0                    0                    0                    0                    0                    0                    0                    0                    0                    0                    0                    0                    0                    0
  "DRIFT_76"                            192              "drift"           57.2873045          7.203712288         0.5161205214          6.084577879         0.5641036731          1.523964449          1.533564849                    0                    0                    0                    0         -3.129928341         0.3790923169                    0                    0                    0                    0                    0                    0                    0                    0                    0                    0                    0                    0                    0                    0                    0                    0
  "BR.BHZ62"                            193              "sbend"           58.9050005          5.998733728         0.2335605969          4.637393034          0.313963705          1.563277828          1.582816259                    0                    0                    0                    0         -2.825187033      9.916842377e-05                    0                    0                    0                    0                    0                    0                    0                    0                    0                    0                    0                    0                    0                    0                    0                    0
  "DRIFT_77"                            194              "drift"            59.156261          5.892462918         0.1893901251          4.494575269          0.254441458          1.570005976          1.591579859                    0                    0                    0                    0         -2.825162115      9.916842377e-05                    0                    0                    0                    0                    0                    0                    0                    0                    0                    0                    0                    0                    0                    0                    0                    0
  "BR3.ACWF7L1.1"                       195           "rfcavity"            60.099261          5.691599138        0.02361494382          4.225356935         0.0310498827          1.596037788           1.62629387                    0                    0                    0                    0           -2.8250686      9.916842377e-05                    0                    0                    0                    0                    0                    0                    0                    0                    0                    0                    0                    0                    0                    0                    0                    0
  "DRIFT_78"                            196              "drift"            60.210761          5.688518539       0.004013742648          4.221377943       0.004636138642          1.599156721          1.630496166                    0                    0                    0                    0         -2.825057542      9.916842377e-05                    0                    0                    0                    0                    0                    0                    0                    0                    0                    0                    0                    0                    0                    0                    0                    0
  "BR3.ACWF7L1.2"                       197           "rfcavity"            61.153761          5.837274617        -0.1617614386          4.423292441        -0.2187554367          1.625319562          1.665510093                    0                    0                    0                    0         -2.824964027      9.916842377e-05                    0                    0                    0                    0                    0                    0                    0                    0                    0                    0                    0                    0                    0                    0                    0                    0
  "DRIFT_79"                            198              "drift"           61.5590015          5.997248306        -0.2330009055          4.639492359        -0.3147547088           1.63622874          1.679766361                    0                    0                    0                    0         -2.824923839      9.916842377e-05                    0                    0                    0                    0                    0                    0                    0                    0                    0                    0                    0                    0                    0                    0                    0                    0
  "BR.BHZ71"                            199              "sbend"           63.1766975          7.200427659          -0.51556083          6.089112268        -0.5647901237          1.675556244          1.728987312                    0                    0                    0                    0         -3.129346357          -0.37889398                    0                    0                    0                    0                    0                    0                    0                    0                    0                    0                    0                    0                    0                    0                    0                    0
  "DRIFT_80"                            200              "drift"              63.1767          7.200430237        -0.5155612695          6.089115092        -0.5647906652          1.675556299          1.728987377                    0                    0                    0                    0         -3.129347304          -0.37889398                    0                    0                    0                    0                    0                    0                    0                    0                    0                    0                    0                    0                    0                    0                    0                    0
  "BR.STSCRAP71"                        201         "collimator"              63.1767          7.200430237        -0.5155612695          6.089115092        -0.5647906652          1.675556299          1.728987377                    0                    0                    0                    0         -3.129347304          -0.37889398                    0                    0                    0                    0                    0                    0                    0                    0                    0                    0                    0                    0                    0                    0                    0                    0
  "DRIFT_81"                            202              "drift"            63.543012          7.601731828        -0.5799572803          6.531960546        -0.6441390281          1.683439696          1.738236848                    0                    0                    0                    0         -3.268140716          -0.37889398                    0                    0                    0                    0                    0                    0                    0                    0                    0                    0                    0                    0                    0                    0                    0                    0
  "BR.QFO71"                            203         "quadrupole"            64.046582           6.83886002           2.00045647          8.604408465         -3.721657952          1.694224528          1.749268277                    0                    0                    0                    0         -3.155956822         0.8175700059                    0                    0                    0                    0                    0                    0         0.3667420801                    0                    0                    0                    0                    0                    0                    0                    0                    0
  "DRIFT_82"                            204              "drift"            64.372816          5.611466275          1.761854462          11.21636116         -4.284719974           1.70260986          1.754554466                    0                    0                    0                    0         -2.889237689         0.8175700059                    0                    0                    0                    0                    0                    0                    0                    0                    0                    0                    0                    0                    0                    0                    0                    0
  "BR3.BPM7L3"                          205            "monitor"            64.372816          5.611466275          1.761854462          11.21636116         -4.284719974           1.70260986          1.754554466                    0                    0                    0                    0         -2.889237689         0.8175700059                    0                    0                    0                    0                    0                    0                    0                    0                    0                    0                    0                    0                    0                    0                    0                    0
  "BR3.ONOH0.7L3"                       206          "multipole"            64.372816          5.611466275          1.761854462          11.21636116         -4.284719974           1.70260986          1.754554466                    0                    0                    0                    0         -2.889237689         0.8175700059                    0                    0                    0                    0                    0                    0                    0                    0                    0                    0                    0                    0                    0                    0                    0                    0
  "BR3.QSKH0.7L3"                       207          "multipole"            64.372816          5.611466275          1.761854462          11.21636116         -4.284719974           1.70260986          1.754554466                    0                    0                    0                    0         -2.889237689         0.8175700059                    0                    0                    0                    0                    0                    0                    0                    0                    0                    0                    0                    0                    0                    0                    0                    0
  "BR3.XNOH0.7L3"                       208          "multipole"            64.372816          5.611466275          1.761854462          11.21636116         -4.284719974           1.70260986          1.754554466                    0                    0                    0                    0         -2.889237689         0.8175700059                    0                    0                    0                    0                    0                    0                    0                    0                    0                    0                    0                    0                    0                    0                    0                    0
  "DRIFT_83"                            209              "drift"            64.700327          4.535863512          1.522318478          14.20807786         -4.849986028          1.712948975          1.758684001                    0                    0                    0                    0         -2.621474518         0.8175700059                    0                    0                    0                    0                    0                    0                    0                    0                    0                    0                    0                    0                    0                    0                    0                    0
  "BR.QDE7"                             210         "quadrupole"            65.579267          4.536045622         -1.522563893          14.20929741          4.848874871          1.747087594          1.767618284                    0                    0                    0                    0            -2.621548        -0.8177451379                    0                    0                    0                    0                    0                    0        -0.6533776556                    0                    0                    0                    0                    0                    0                    0                    0                    0
  "DRIFT_84"                            211              "drift"            65.906816          5.611957582         -1.762172012          11.21788573          4.283840179          1.757427249           1.77174784                    0                    0                    0                    0         -2.889399603        -0.8177451379                    0                    0                    0                    0                    0                    0                    0                    0                    0                    0                    0                    0                    0                    0                    0                    0
  "BR3.DSHAH7L4"                        212            "hkicker"            65.906816          5.611957582         -1.762172012          11.21788573          4.283840179          1.757427249           1.77174784                    0                    0                    0                    0         -2.889399603        -0.8177451379                    0                    0                    0                    0                    0                    0                    0                    0                    0                    0                    0                    0                    0                    0                    0                    0
  "BR3.DSHAV7L4"                        213            "vkicker"            65.906816          5.611957582         -1.762172012          11.21788573          4.283840179          1.757427249           1.77174784                    0                    0                    0                    0         -2.889399603        -0.8177451379                    0                    0                    0                    0                    0                    0                    0                    0                    0                    0                    0                    0                    0                    0                    0                    0
  "DRIFT_85"                            214              "drift"            66.234012          6.843423177         -2.001521904          8.599252835          3.719414426          1.765834156          1.777050852                    0                    0                    0                    0         -3.156962541        -0.8177451379                    0                    0                    0                    0                    0                    0                    0                    0                    0                    0                    0                    0                    0                    0                    0                    0
  "BR.QFO72"                            215         "quadrupole"            66.737582          7.606480867          0.580676594          6.528096495         0.6436617254          1.776612015          1.788088863                    0                    0                    0                    0         -3.269140488         0.3790923632                    0                    0                    0                    0                    0                    0         0.3667420801                    0                    0                    0                    0                    0                    0                    0                    0                    0
  "DRIFT_86"                            216              "drift"              67.1048          7.203716933         0.5161213124          6.084582959         0.5641046032          1.784510652          1.797367441                    0                    0                    0                    0         -3.129930949         0.3790923632                    0                    0                    0                    0                    0                    0                    0                    0                    0                    0                    0                    0                    0                    0                    0                    0
  "BR.STSCRAP72"                        217         "collimator"              67.1048          7.203716933         0.5161213124          6.084582959         0.5641046032          1.784510652          1.797367441                    0                    0                    0                    0         -3.129930949         0.3790923632                    0                    0                    0                    0                    0                    0                    0                    0                    0                    0                    0                    0                    0                    0                    0                    0
  "DRIFT_87"                            218              "drift"           67.1048045          7.203712288         0.5161205214          6.084577882         0.5641036283          1.784510752          1.797367559                    0                    0                    0                    0         -3.129929243         0.3790923632                    0                    0                    0                    0                    0                    0                    0                    0                    0                    0                    0                    0                    0                    0                    0                    0
  "BR.BHZ72"                            219              "sbend"           68.7225005          5.998733728         0.2335605969          4.637393157         0.3139636769          1.823824131          1.846618968                    0                    0                    0                    0          -2.82518786      9.921477583e-05                    0                    0                    0                    0                    0                    0                    0                    0                    0                    0                    0                    0                    0                    0                    0                    0
  "DRIFT_88"                            220              "drift"             69.08625          5.852078783         0.1696150621          4.440329291         0.2277934008          1.833601249          1.859390536                    0                    0                    0                    0         -2.825151771      9.921477583e-05                    0                    0                    0                    0                    0                    0                    0                    0                    0                    0                    0                    0                    0                    0                    0                    0
  "BR3.ONO8L1"                          221          "multipole"             69.08625          5.852078783         0.1696150621          4.440329291         0.2277934008          1.833601249          1.859390536                    0                    0                    0                    0         -2.825151771      9.921477583e-05                    0                    0                    0                    0                    0                    0                    0                    0                    0                    0                    0                    0                    0                    0                    0                    0
  "BR3.QNO8L1"                          222          "multipole"             69.08625          5.852078783         0.1696150621          4.440329291         0.2277934008          1.833601249          1.859390536                    0                    0                    0                    0         -2.825151771      9.921477583e-05                    0                    0                    0                    0                    0                    0                    0                    0                    0                    0                    0                    0                    0                    0                    0                    0
  "BR3.XNO8L1"                          223          "multipole"             69.08625          5.852078783         0.1696150621          4.440329291         0.2277934008          1.833601249          1.859390536                    0                    0                    0                    0         -2.825151771      9.921477583e-05                    0                    0                    0                    0                    0                    0                    0                    0                    0                    0                    0                    0                    0                    0                    0                    0
  "DRIFT_89"                            224              "drift"             69.59625          5.724795837        0.07995934373          4.269596296         0.1069771775           1.84764292           1.87807529                    0                    0                    0                    0         -2.825101171      9.921477583e-05                    0                    0                    0                    0                    0                    0                    0                    0                    0                    0                    0                    0                    0                    0                    0                    0
  "BR3.DHZ8L1"                          225            "hkicker"             69.59625          5.724795837        0.07995934373          4.269596296         0.1069771775           1.84764292           1.87807529                    0                    0                    0                    0         -2.825101171      9.921477583e-05                    0                    0                    0                    0                    0                    0                    0                    0                    0                    0                    0                    0                    0                    0                    0                    0
  "BR3.DVT8L1"                          226            "vkicker"             69.59625          5.724795837        0.07995934373          4.269596296         0.1069771775           1.84764292           1.87807529                    0                    0                    0                    0         -2.825101171      9.921477583e-05                    0                    0                    0                    0                    0                    0                    0                    0                    0                    0                    0                    0                    0                    0                    0                    0
  "DRIFT_90"                            227              "drift"             69.94025          5.690586747        0.01948568271          4.224029152        0.02548545043          1.857240977          1.890981473                    0                    0                    0                    0         -2.825067041      9.921477583e-05                    0                    0                    0                    0                    0                    0                    0                    0                    0                    0                    0                    0                    0                    0                    0                    0
  "BR3.BCTI8L1"                         228            "monitor"             70.46955          5.719209813       -0.07356288933          4.263418275       -0.09990283776          1.872028674          1.910884178                    0                    0                    0                    0         -2.825014527      9.921477583e-05                    0                    0                    0                    0                    0                    0                    0                    0                    0                    0                    0                    0                    0                    0                    0                    0
  "DRIFT_91"                            229              "drift"            70.565273          5.734903929       -0.09039056448          4.284714913        -0.1225790953          1.874688943          1.914448959                    0                    0                    0                    0          -2.82500503      9.921477583e-05                    0                    0                    0                    0                    0                    0                    0                    0                    0                    0                    0                    0                    0                    0                    0                    0
  "BR3.BCW8L1"                          230            "monitor"            70.905773          5.816841681        -0.1502489412          4.395656891        -0.2032416914          1.884077145          1.926948986                    0                    0                    0                    0         -2.824971247      9.921477583e-05                    0                    0                    0                    0                    0                    0                    0                    0                    0                    0                    0                    0                    0                    0                    0                    0
  "DRIFT_92"                            231              "drift"            71.041223          5.860769387        -0.1740604452          4.455061299         -0.235329059          1.887769617          1.931821221                    0                    0                    0                    0         -2.824957808      9.921477583e-05                    0                    0                    0                    0                    0                    0                    0                    0                    0                    0                    0                    0                    0                    0                    0                    0
  "BR3.VVS8L1"                          232             "marker"            71.041223          5.860769387        -0.1740604452          4.455061299         -0.235329059          1.887769617          1.931821221                    0                    0                    0                    0         -2.824957808      9.921477583e-05                    0                    0                    0                    0                    0                    0                    0                    0                    0                    0                    0                    0                    0                    0                    0                    0
  "DRIFT_93"                            233              "drift"            71.188223          5.915741924        -0.1999023876          4.529367097        -0.2701525586          1.891743368          1.937030402                    0                    0                    0                    0         -2.824943224      9.921477583e-05                    0                    0                    0                    0                    0                    0                    0                    0                    0                    0                    0                    0                    0                    0                    0                    0
  "BR3.BPP8L1"                          234            "monitor"            71.188223          5.915741924        -0.1999023876          4.529367097        -0.2701525586          1.891743368          1.937030402                    0                    0                    0                    0         -2.824943224      9.921477583e-05                    0                    0                    0                    0                    0                    0                    0                    0                    0                    0                    0                    0                    0                    0                    0                    0
  "DRIFT_94"                            235              "drift"            71.376501          5.997248073        -0.2330008176          4.639492246        -0.3147545917           1.89677503          1.943569049                    0                    0                    0                    0         -2.824924544      9.921477583e-05                    0                    0                    0                    0                    0                    0                    0                    0                    0                    0                    0                    0                    0                    0                    0                    0
  "BR.BHZ81"                            236              "sbend"            72.994197          7.200427144        -0.5155607421           6.08911176        -0.5647900017          1.936102535          1.992790003                    0                    0                    0                    0         -3.129346987        -0.3788939337                    0                    0                    0                    0                    0                    0                    0                    0                    0                    0                    0                    0                    0                    0                    0                    0
  "DRIFT_95"                            237              "drift"           72.9941995          7.200429721        -0.5155611816          6.089114584        -0.5647905432           1.93610259          1.992790068                    0                    0                    0                    0         -3.129347934        -0.3788939337                    0                    0                    0                    0                    0                    0                    0                    0                    0                    0                    0                    0                    0                    0                    0                    0
  "BR.STSCRAP81"                        238         "collimator"           72.9941995          7.200429721        -0.5155611816          6.089114584        -0.5647905432           1.93610259          1.992790068                    0                    0                    0                    0         -3.129347934        -0.3788939337                    0                    0                    0                    0                    0                    0                    0                    0                    0                    0                    0                    0                    0                    0                    0                    0
  "DRIFT_96"                            239              "drift"            73.360512          7.601731828        -0.5799572803          6.531960592        -0.6441390127          1.943985998          2.002039553                    0                    0                    0                    0         -3.268141518        -0.3788939337                    0                    0                    0                    0                    0                    0                    0                    0                    0                    0                    0                    0                    0                    0                    0                    0
  "BR.QFO81"                            240         "quadrupole"            73.864082           6.83886002           2.00045647          8.604408502         -3.721657947           1.95477083          2.013070981                    0                    0                    0                    0         -3.155957529         0.8175703334                    0                    0                    0                    0                    0                    0         0.3667420801                    0                    0                    0                    0                    0                    0                    0                    0                    0
  "DRIFT_97"                            241              "drift"            74.190321          5.611448657          1.761850805          11.21640404         -4.284728595          1.963156304          2.018357241                    0                    0                    0                    0         -2.889234201         0.8175703334                    0                    0                    0                    0                    0                    0                    0                    0                    0                    0                    0                    0                    0                    0                    0                    0
  "BR3.BPM8L3"                          242            "monitor"            74.190321          5.611448657          1.761850805          11.21640404         -4.284728595          1.963156304          2.018357241                    0                    0                    0                    0         -2.889234201         0.8175703334                    0                    0                    0                    0                    0                    0                    0                    0                    0                    0                    0                    0                    0                    0                    0                    0
  "BR3.ONOH0.8L3"                       243          "multipole"            74.190321          5.611448657          1.761850805          11.21640404         -4.284728595          1.963156304          2.018357241                    0                    0                    0                    0         -2.889234201         0.8175703334                    0                    0                    0                    0                    0                    0                    0                    0                    0                    0                    0                    0                    0                    0                    0                    0
  "BR3.QNO8L3"                          244          "multipole"            74.190321          5.611448657          1.761850805          11.21640404         -4.284728595          1.963156304          2.018357241                    0                    0                    0                    0         -2.889234201         0.8175703334                    0                    0                    0                    0                    0                    0                    0                    0                    0                    0                    0                    0                    0                    0                    0                    0
  "BR3.XNOH0.8L3"                       245          "multipole"            74.190321          5.611448657          1.761850805          11.21640404         -4.284728595          1.963156304          2.018357241                    0                    0                    0                    0         -2.889234201         0.8175703334                    0                    0                    0                    0                    0                    0                    0                    0                    0                    0                    0                    0                    0                    0                    0                    0
  "DRIFT_98"                            246              "drift"            74.517827          4.535863512          1.522318478          14.20807788         -4.849986016          1.973495277          2.022486705                    0                    0                    0                    0         -2.621475011         0.8175703334                    0                    0                    0                    0                    0                    0                    0                    0                    0                    0                    0                    0                    0                    0                    0                    0
  "BR.QDE8"                             247         "quadrupole"            75.396767          4.536045622         -1.522563893           14.2092974          4.848874889          2.007633897          2.031420988                    0                    0                    0                    0         -2.621548325        -0.8177450656                    0                    0                    0                    0                    0                    0        -0.6533776556                    0                    0                    0                    0                    0                    0                    0                    0                    0
  "DRIFT_99"                            248              "drift"            75.693797           5.50507947         -1.739846802          11.48096946          4.336486649          2.017099668          2.035122541                    0                    0                    0                    0         -2.864443142        -0.8177450656                    0                    0                    0                    0                    0                    0                    0                    0                    0                    0                    0                    0                    0                    0                    0                    0
  "BR3.TSAA8L4"                         249         "collimator"            75.693797           5.50507947         -1.739846802          11.48096946          4.336486649          2.017099668          2.035122541                    0                    0                    0                    0         -2.864443142        -0.8177450656                    0                    0                    0                    0                    0                    0                    0                    0                    0                    0                    0                    0                    0                    0                    0                    0
  "DRIFT_100"                           250              "drift"            75.865797           6.12522801         -1.865667965           10.0402516          4.039779995          2.021814532          2.037672338                    0                    0                    0                    0         -3.005095293        -0.8177450656                    0                    0                    0                    0                    0                    0                    0                    0                    0                    0                    0                    0                    0                    0                    0                    0
  "BR3.TSAB8L4"                         251         "collimator"            75.865797           6.12522801         -1.865667965           10.0402516          4.039779995          2.021814532          2.037672338                    0                    0                    0                    0         -3.005095293        -0.8177450656                    0                    0                    0                    0                    0                    0                    0                    0                    0                    0                    0                    0                    0                    0                    0                    0
  "DRIFT_101"                           252              "drift"            76.051512          6.843423177         -2.001521904          8.599252808          3.719414436          2.026380458          2.040853556                    0                    0                    0                    0         -3.156962818        -0.8177450656                    0                    0                    0                    0                    0                    0                    0                    0                    0                    0                    0                    0                    0                    0                    0                    0
  "BR.QFO82"                            253         "quadrupole"            76.555082          7.606480867          0.580676594          6.528096456         0.6436617419          2.037158317          2.051891567                    0                    0                    0                    0         -3.269140706         0.3790925277                    0                    0                    0                    0                    0                    0         0.3667420801                    0                    0                    0                    0                    0                    0                    0                    0                    0
  "DRIFT_102"                           254              "drift"              76.9223          7.203716933         0.5161213124          6.084582909          0.564104618          2.045056955          2.061170145                    0                    0                    0                    0         -3.129931106         0.3790925277                    0                    0                    0                    0                    0                    0                    0                    0                    0                    0                    0                    0                    0                    0                    0                    0
  "BR.STSCRAP82"                        255         "collimator"              76.9223          7.203716933         0.5161213124          6.084582909          0.564104618          2.045056955          2.061170145                    0                    0                    0                    0         -3.129931106         0.3790925277                    0                    0                    0                    0                    0                    0                    0                    0                    0                    0                    0                    0                    0                    0                    0                    0
  "DRIFT_103"                           256              "drift"           76.9223045          7.203712288         0.5161205214          6.084577832         0.5641036431          2.045057054          2.061170263                    0                    0                    0                    0           -3.1299294         0.3790925277                    0                    0                    0                    0                    0                    0                    0                    0                    0                    0                    0                    0                    0                    0                    0                    0
  "BR.BHZ82"                            257              "sbend"           78.5400005          5.998733728         0.2335605969          4.637393073         0.3139636823          2.084370434          2.110421673                    0                    0                    0                    0         -2.825187752      9.937927676e-05                    0                    0                    0                    0                    0                    0                    0                    0                    0                    0                    0                    0                    0                    0                    0                    0
  "DRIFT_104"                           258              "drift"               78.924          5.845281461         0.1660552027          4.431200713         0.2229962895          2.094698598          2.123919812                    0                    0                    0                    0         -2.825149591      9.937927676e-05                    0                    0                    0                    0                    0                    0                    0                    0                    0                    0                    0                    0                    0                    0                    0                    0
  "BR3.DHZ9L1"                          259            "hkicker"               78.924          5.845281461         0.1660552027          4.431200713         0.2229962895          2.094698598          2.123919812                    0                    0                    0                    0         -2.825149591      9.937927676e-05                    0                    0                    0                    0                    0                    0                    0                    0                    0                    0                    0                    0                    0                    0                    0                    0
  "BR3.DVT9L1"                          260            "vkicker"               78.924          5.845281461         0.1660552027          4.431200713         0.2229962895          2.094698598          2.123919812                    0                    0                    0                    0         -2.825149591      9.937927676e-05                    0                    0                    0                    0                    0                    0                    0                    0                    0                    0                    0                    0                    0                    0                    0                    0
  "DRIFT_105"                           261              "drift"              79.4089          5.725575577        0.08081195203          4.270639458         0.1081261171          2.108054397          2.141697227                    0                    0                    0                    0         -2.825101402      9.937927676e-05                    0                    0                    0                    0                    0                    0                    0                    0                    0                    0                    0                    0                    0                    0                    0                    0
  "BR3.BCTDC9L1"                        262            "monitor"              79.7289           5.69185739        0.02455738364          4.225696746         0.0323198578          2.116980486          2.153697361                    0                    0                    0                    0           -2.8250696      9.937927676e-05                    0                    0                    0                    0                    0                    0                    0                    0                    0                    0                    0                    0                    0                    0                    0                    0
  "DRIFT_106"                           263              "drift"               80.634          5.791416366        -0.1345551472          4.361256787        -0.1820934089          2.142175392          2.187506409                    0                    0                    0                    0         -2.824979652      9.937927676e-05                    0                    0                    0                    0                    0                    0                    0                    0                    0                    0                    0                    0                    0                    0                    0                    0
  "BR3.ONO9L1"                          264          "multipole"               80.634          5.791416366        -0.1345551472          4.361256787        -0.1820934089          2.142175392          2.187506409                    0                    0                    0                    0         -2.824979652      9.937927676e-05                    0                    0                    0                    0                    0                    0                    0                    0                    0                    0                    0                    0                    0                    0                    0                    0
  "BR3.OSK9L1"                          265          "multipole"               80.634          5.791416366        -0.1345551472          4.361256787        -0.1820934089          2.142175392          2.187506409                    0                    0                    0                    0         -2.824979652      9.937927676e-05                    0                    0                    0                    0                    0                    0                    0                    0                    0                    0                    0                    0                    0                    0                    0                    0
  "BR3.XNO9L1"                          266          "multipole"               80.634          5.791416366        -0.1345551472          4.361256787        -0.1820934089          2.142175392          2.187506409                    0                    0                    0                    0         -2.824979652      9.937927676e-05                    0                    0                    0                    0                    0                    0                    0                    0                    0                    0                    0                    0                    0                    0                    0                    0
  "BR3.XSK9L1"                          267          "multipole"               80.634          5.791416366        -0.1345551472          4.361256787        -0.1820934089          2.142175392          2.187506409                    0                    0                    0                    0         -2.824979652      9.937927676e-05                    0                    0                    0                    0                    0                    0                    0                    0                    0                    0                    0                    0                    0                    0                    0                    0
  "DRIFT_107"                           268              "drift"            81.194001          5.997248073        -0.2330008176          4.639492168        -0.3147545996          2.157321332          2.207371756                    0                    0                    0                    0         -2.824923999      9.937927676e-05                    0                    0                    0                    0                    0                    0                    0                    0                    0                    0                    0                    0                    0                    0                    0                    0
  "BR.BHZ91"                            269              "sbend"            82.811697          7.200427144        -0.5155607421          6.089111724        -0.5647900186          2.196648838           2.25659271                    0                    0                    0                    0         -3.129346178        -0.3788937692                    0                    0                    0                    0                    0                    0                    0                    0                    0                    0                    0                    0                    0                    0                    0                    0
  "DRIFT_108"                           270              "drift"           82.8116995          7.200429721        -0.5155611816          6.089114548        -0.5647905602          2.196648893          2.256592776                    0                    0                    0                    0         -3.129347125        -0.3788937692                    0                    0                    0                    0                    0                    0                    0                    0                    0                    0                    0                    0                    0                    0                    0                    0
  "BR.STSCRAP91"                        271         "collimator"           82.8116995          7.200429721        -0.5155611816          6.089114548        -0.5647905602          2.196648893          2.256592776                    0                    0                    0                    0         -3.129347125        -0.3788937692                    0                    0                    0                    0                    0                    0                    0                    0                    0                    0                    0                    0                    0                    0                    0                    0
  "DRIFT_109"                           272              "drift"            83.178012          7.601731828        -0.5799572803          6.531960569        -0.6441390313          2.204532301           2.26584226                    0                    0                    0                    0         -3.268140649        -0.3788937692                    0                    0                    0                    0                    0                    0                    0                    0                    0                    0                    0                    0                    0                    0                    0                    0
  "BR.QFO91"                            273         "quadrupole"            83.681582           6.83886002           2.00045647          8.604408497         -3.721657966          2.215317133          2.276873689                    0                    0                    0                    0         -3.155956658         0.8175701739                    0                    0                    0                    0                    0                    0         0.3667420801                    0                    0                    0                    0                    0                    0                    0                    0                    0
  "DRIFT_110"                           274              "drift"            84.007826          5.611431038          1.761847148           11.2164469         -4.284737249          2.223702749           2.28216002                    0                    0                    0                    0         -2.889229295         0.8175701739                    0                    0                    0                    0                    0                    0                    0                    0                    0                    0                    0                    0                    0                    0                    0                    0
  "BR3.BPM9L3"                          275            "monitor"            84.007826          5.611431038          1.761847148           11.2164469         -4.284737249          2.223702749           2.28216002                    0                    0                    0                    0         -2.889229295         0.8175701739                    0                    0                    0                    0                    0                    0                    0                    0                    0                    0                    0                    0                    0                    0                    0                    0
  "BR3.ONOH0.9L3"                       276          "multipole"            84.007826          5.611431038          1.761847148           11.2164469         -4.284737249          2.223702749           2.28216002                    0                    0                    0                    0         -2.889229295         0.8175701739                    0                    0                    0                    0                    0                    0                    0                    0                    0                    0                    0                    0                    0                    0                    0                    0
  "BR3.QSKH0.9L3"                       277          "multipole"            84.007826          5.611431038          1.761847148           11.2164469         -4.284737249          2.223702749           2.28216002                    0                    0                    0                    0         -2.889229295         0.8175701739                    0                    0                    0                    0                    0                    0                    0                    0                    0                    0                    0                    0                    0                    0                    0                    0
  "BR3.XNOH0.9L3"                       278          "multipole"            84.007826          5.611431038          1.761847148           11.2164469         -4.284737249          2.223702749           2.28216002                    0                    0                    0                    0         -2.889229295         0.8175701739                    0                    0                    0                    0                    0                    0                    0                    0                    0                    0                    0                    0                    0                    0                    0                    0
  "DRIFT_111"                           279              "drift"            84.335327          4.535863512          1.522318478          14.20807791         -4.849986046           2.23404158          2.286289412                    0                    0                    0                    0         -2.621474245         0.8175701739                    0                    0                    0                    0                    0                    0                    0                    0                    0                    0                    0                    0                    0                    0                    0                    0
  "BR.QDE9"                             280         "quadrupole"            85.214267          4.536045622         -1.522563893          14.20929746          4.848874889          2.268180199          2.295223696                    0                    0                    0                    0         -2.621547482        -0.8177447232                    0                    0                    0                    0                    0                    0        -0.6533776556                    0                    0                    0                    0                    0                    0                    0                    0                    0
  "DRIFT_112"                           281              "drift"            85.541826          5.611992826         -1.762179327          11.21780009          4.283822945          2.278520138          2.299353393                    0                    0                    0                    0         -2.889407126        -0.8177447232                    0                    0                    0                    0                    0                    0                    0                    0                    0                    0                    0                    0                    0                    0                    0                    0
  "BR3.DSHAH9L4"                        282            "hkicker"            85.541826          5.611992826         -1.762179327          11.21780009          4.283822945          2.278520138          2.299353393                    0                    0                    0                    0         -2.889407126        -0.8177447232                    0                    0                    0                    0                    0                    0                    0                    0                    0                    0                    0                    0                    0                    0                    0                    0
  "BR3.DSHAV9L4"                        283            "vkicker"            85.541826          5.611992826         -1.762179327          11.21780009          4.283822945          2.278520138          2.299353393                    0                    0                    0                    0         -2.889407126        -0.8177447232                    0                    0                    0                    0                    0                    0                    0                    0                    0                    0                    0                    0                    0                    0                    0                    0
  "DRIFT_113"                           284              "drift"            85.869012          6.843423177         -2.001521904          8.599252866          3.719414441          2.286926761          2.304656263                    0                    0                    0                    0         -3.156961751        -0.8177447232                    0                    0                    0                    0                    0                    0                    0                    0                    0                    0                    0                    0                    0                    0                    0                    0
  "BR.QFO92"                            285         "quadrupole"            86.372582          7.606480867          0.580676594          6.528096517         0.6436617289           2.29770462          2.315694274                    0                    0                    0                    0         -3.269139568         0.3790924596                    0                    0                    0                    0                    0                    0         0.3667420801                    0                    0                    0                    0                    0                    0                    0                    0                    0
  "DRIFT_114"                           286              "drift"            86.739799          7.203717966         0.5161214882          6.084584107         0.5641048234          2.305603235          2.324972826                    0                    0                    0                    0         -3.129930373         0.3790924596                    0                    0                    0                    0                    0                    0                    0                    0                    0                    0                    0                    0                    0                    0                    0                    0
  "BR.STSCRAP92"                        287         "collimator"            86.739799          7.203717966         0.5161214882          6.084584107         0.5641048234          2.305603235          2.324972826                    0                    0                    0                    0         -3.129930373         0.3790924596                    0                    0                    0                    0                    0                    0                    0                    0                    0                    0                    0                    0                    0                    0                    0                    0
  "DRIFT_115"                           288              "drift"            86.739804          7.203712805         0.5161206093          6.084578466         0.5641037402          2.305603346          2.324972957                    0                    0                    0                    0         -3.129928477         0.3790924596                    0                    0                    0                    0                    0                    0                    0                    0                    0                    0                    0                    0                    0                    0                    0                    0
  "BR.BHZ92"                            289              "sbend"              88.3575          5.998733961         0.2335606848          4.637393364         0.3139637936          2.344916723          2.374224363                    0                    0                    0                    0         -2.825186939      9.931113955e-05                    0                    0                    0                    0                    0                    0                    0                    0                    0                    0                    0                    0                    0                    0                    0                    0
  "DRIFT_116"                           290              "drift"            91.011501          5.997248073        -0.2330008176          4.639492185        -0.3147546073          2.417867635          2.471174463                    0                    0                    0                    0         -2.824923367      9.931113955e-05                    0                    0                    0                    0                    0                    0                    0                    0                    0                    0                    0                    0                    0                    0                    0                    0
  "BR.BHZ101"                           291              "sbend"            92.629197          7.200427144        -0.5155607421          6.089111765        -0.5647900258           2.45719514          2.520395417                    0                    0                    0                    0         -3.129345655        -0.3788938373                    0                    0                    0                    0                    0                    0                    0                    0                    0                    0                    0                    0                    0                    0                    0                    0
  "DRIFT_117"                           292              "drift"           92.6291995          7.200429721        -0.5155611816          6.089114589        -0.5647905673          2.457195195          2.520395483                    0                    0                    0                    0         -3.129346603        -0.3788938373                    0                    0                    0                    0                    0                    0                    0                    0                    0                    0                    0                    0                    0                    0                    0                    0
  "BR.STSCRAP101"                       293         "collimator"           92.6291995          7.200429721        -0.5155611816          6.089114589        -0.5647905673          2.457195195          2.520395483                    0                    0                    0                    0         -3.129346603        -0.3788938373                    0                    0                    0                    0                    0                    0                    0                    0                    0                    0                    0                    0                    0                    0                    0                    0
  "DRIFT_118"                           294              "drift"            92.995512          7.601731828        -0.5799572803          6.531960615        -0.6441390384          2.465078603          2.529644967                    0                    0                    0                    0         -3.268140151        -0.3788938373                    0                    0                    0                    0                    0                    0                    0                    0                    0                    0                    0                    0                    0                    0                    0                    0
  "BR.QFO101"                           295         "quadrupole"            93.499082           6.83886002           2.00045647           8.60440856         -3.721657994          2.475863436          2.540676395                    0                    0                    0                    0         -3.155956239          0.817569935                    0                    0                    0                    0                    0                    0         0.3667420801                    0                    0                    0                    0                    0                    0                    0                    0                    0
  "DRIFT_119"                           296              "drift"             93.82532          5.611452181          1.761851536          11.21639556         -4.284726926          2.484248881          2.545962641                    0                    0                    0                    0         -2.889233859          0.817569935                    0                    0                    0                    0                    0                    0                    0                    0                    0                    0                    0                    0                    0                    0                    0                    0
  "BR3.BPM10L3"                         297            "monitor"             93.82532          5.611452181          1.761851536          11.21639556         -4.284726926          2.484248881          2.545962641                    0                    0                    0                    0         -2.889233859          0.817569935                    0                    0                    0                    0                    0                    0                    0                    0                    0                    0                    0                    0                    0                    0                    0                    0
  "BR3.ONOH0.10L3"                      298          "multipole"             93.82532          5.611452181          1.761851536          11.21639556         -4.284726926          2.484248881          2.545962641                    0                    0                    0                    0         -2.889233859          0.817569935                    0                    0                    0                    0                    0                    0                    0                    0                    0                    0                    0                    0                    0                    0                    0                    0
  "BR3.QSK10L3"                         299          "multipole"             93.82532          5.611452181          1.761851536          11.21639556         -4.284726926          2.484248881          2.545962641                    0                    0                    0                    0         -2.889233859          0.817569935                    0                    0                    0                    0                    0                    0                    0                    0                    0                    0                    0                    0                    0                    0                    0                    0
  "BR3.XNOH0.10L3"                      300          "multipole"             93.82532          5.611452181          1.761851536          11.21639556         -4.284726926          2.484248881          2.545962641                    0                    0                    0                    0         -2.889233859          0.817569935                    0                    0                    0                    0                    0                    0                    0                    0                    0                    0                    0                    0                    0                    0                    0                    0
  "DRIFT_120"                           301              "drift"            94.152827          4.535863512          1.522318478          14.20807802         -4.849986083          2.494587882          2.550092119                    0                    0                    0                    0         -2.621473982          0.817569935                    0                    0                    0                    0                    0                    0                    0                    0                    0                    0                    0                    0                    0                    0                    0                    0
  "BR.QDE10"                            302         "quadrupole"            95.031767          4.536045622         -1.522563893          14.20929757          4.848874925          2.528726502          2.559026402                    0                    0                    0                    0         -2.621547371        -0.8177448453                    0                    0                    0                    0                    0                    0        -0.6533776556                    0                    0                    0                    0                    0                    0                    0                    0                    0
  "DRIFT_121"                           303              "drift"             95.35932           5.61197168         -1.762174938          11.21785158          4.283833328           2.53906627          2.563156015                    0                    0                    0                    0         -2.889402148        -0.8177448453                    0                    0                    0                    0                    0                    0                    0                    0                    0                    0                    0                    0                    0                    0                    0                    0
  "BR3.DHZ10L4"                         304            "hkicker"             95.35932           5.61197168         -1.762174938          11.21785158          4.283833328           2.53906627          2.563156015                    0                    0                    0                    0         -2.889402148        -0.8177448453                    0                    0                    0                    0                    0                    0                    0                    0                    0                    0                    0                    0                    0                    0                    0                    0
  "BR3.DVT10L4"                         305            "vkicker"             95.35932           5.61197168         -1.762174938          11.21785158          4.283833328           2.53906627          2.563156015                    0                    0                    0                    0         -2.889402148        -0.8177448453                    0                    0                    0                    0                    0                    0                    0                    0                    0                    0                    0                    0                    0                    0                    0                    0
  "DRIFT_122"                           306              "drift"            95.686512          6.843423177         -2.001521904          8.599252929          3.719414469          2.547473063           2.56845897                    0                    0                    0                    0          -3.15696172        -0.8177448453                    0                    0                    0                    0                    0                    0                    0                    0                    0                    0                    0                    0                    0                    0                    0                    0
  "BR.QFO102"                           307         "quadrupole"            96.190082          7.606480867          0.580676594          6.528096564         0.6436617356          2.558250922          2.579496981                    0                    0                    0                    0         -3.269139599         0.3790923374                    0                    0                    0                    0                    0                    0         0.3667420801                    0                    0                    0                    0                    0                    0                    0                    0                    0
  "DRIFT_123"                           308              "drift"              96.5573          7.203716933         0.5161213124          6.084583021         0.5641046135           2.56614956          2.588775559                    0                    0                    0                    0         -3.129930069         0.3790923374                    0                    0                    0                    0                    0                    0                    0                    0                    0                    0                    0                    0                    0                    0                    0                    0
  "BR.STSCRAP102"                       309         "collimator"              96.5573          7.203716933         0.5161213124          6.084583021         0.5641046135           2.56614956          2.588775559                    0                    0                    0                    0         -3.129930069         0.3790923374                    0                    0                    0                    0                    0                    0                    0                    0                    0                    0                    0                    0                    0                    0                    0                    0
  "DRIFT_124"                           310              "drift"           96.5573045          7.203712288         0.5161205214          6.084577944         0.5641036386          2.566149659          2.588775677                    0                    0                    0                    0         -3.129928363         0.3790923374                    0                    0                    0                    0                    0                    0                    0                    0                    0                    0                    0                    0                    0                    0                    0                    0
  "BR.BHZ102"                           311              "sbend"           98.1750005          5.998733728         0.2335605969          4.637393183         0.3139636883          2.605463039          2.638027086                    0                    0                    0                    0         -2.825187022      9.918890169e-05                    0                    0                    0                    0                    0                    0                    0                    0                    0                    0                    0                    0                    0                    0                    0                    0
  "DRIFT_125"                           312              "drift"               98.471          5.875868537          0.181525209          4.472282677         0.2438430182          2.613401299          2.648378884                    0                    0                    0                    0         -2.825157662      9.918890169e-05                    0                    0                    0                    0                    0                    0                    0                    0                    0                    0                    0                    0                    0                    0                    0                    0
  "BE3.DHZ11L1"                         313            "hkicker"               98.471          5.875868537          0.181525209          4.472282677         0.2438430182          2.613401299          2.648378884                    0                    0                    0                    0         -2.825157662      9.918890169e-05                    0                    0                    0                    0                    0                    0                    0                    0                    0                    0                    0                    0                    0                    0                    0                    0
  "BE3.DVT11L1"                         314            "vkicker"               98.471          5.875868537          0.181525209          4.472282677         0.2438430182          2.613401299          2.648378884                    0                    0                    0                    0         -2.825157662      9.918890169e-05                    0                    0                    0                    0                    0                    0                    0                    0                    0                    0                    0                    0                    0                    0                    0                    0
  "DRIFT_126"                           315              "drift"               99.638          5.691602692        -0.0236281701          4.225777162       -0.03261292823          2.645740575          2.691633519                    0                    0                    0                    0         -2.825041908      9.918890169e-05                    0                    0                    0                    0                    0                    0                    0                    0                    0                    0                    0                    0                    0                    0                    0                    0
  "BR3.ONO11L1"                         316          "multipole"               99.638          5.691602692        -0.0236281701          4.225777162       -0.03261292823          2.645740575          2.691633519                    0                    0                    0                    0         -2.825041908      9.918890169e-05                    0                    0                    0                    0                    0                    0                    0                    0                    0                    0                    0                    0                    0                    0                    0                    0
  "BR3.QNO11L1"                         317          "multipole"               99.638          5.691602692        -0.0236281701          4.225777162       -0.03261292823          2.645740575          2.691633519                    0                    0                    0                    0         -2.825041908      9.918890169e-05                    0                    0                    0                    0                    0                    0                    0                    0                    0                    0                    0                    0                    0                    0                    0                    0
  "BR3.XNO11L1"                         318          "multipole"               99.638          5.691602692        -0.0236281701          4.225777162       -0.03261292823          2.645740575          2.691633519                    0                    0                    0                    0         -2.825041908      9.918890169e-05                    0                    0                    0                    0                    0                    0                    0                    0                    0                    0                    0                    0                    0                    0                    0                    0
  "DRIFT_127"                           319              "drift"           100.338677          5.811020631         -0.146804052          4.387782389        -0.1985994948          2.665179616          2.717646946                    0                    0                    0                    0         -2.824972409      9.918890169e-05                    0                    0                    0                    0                    0                    0                    0                    0                    0                    0                    0                    0                    0                    0                    0                    0
  "BR3.BWSV11L1"                        320            "monitor"           100.338677          5.811020631         -0.146804052          4.387782389        -0.1985994948          2.665179616          2.717646946                    0                    0                    0                    0         -2.824972409      9.918890169e-05                    0                    0                    0                    0                    0                    0                    0                    0                    0                    0                    0                    0                    0                    0                    0                    0
  "DRIFT_128"                           321              "drift"           100.829001          5.997248073        -0.2330008176          4.639492213        -0.3147545809          2.678413937          2.734977167                    0                    0                    0                    0         -2.824923774      9.918890169e-05                    0                    0                    0                    0                    0                    0                    0                    0                    0                    0                    0                    0                    0                    0                    0                    0
  "BR.BHZ111"                           322              "sbend"           102.446697          7.200427144        -0.5155607421          6.089111695        -0.5647899927          2.717741443          2.784198121                    0                    0                    0                    0         -3.129346259        -0.3788939596                    0                    0                    0                    0                    0                    0                    0                    0                    0                    0                    0                    0                    0                    0                    0                    0
  "DRIFT_129"                           323              "drift"          102.4466995          7.200429721        -0.5155611816          6.089114519        -0.5647905343          2.717741498          2.784198186                    0                    0                    0                    0         -3.129347206        -0.3788939596                    0                    0                    0                    0                    0                    0                    0                    0                    0                    0                    0                    0                    0                    0                    0                    0
  "BR.STSCRAP111"                       324         "collimator"          102.4466995          7.200429721        -0.5155611816          6.089114519        -0.5647905343          2.717741498          2.784198186                    0                    0                    0                    0         -3.129347206        -0.3788939596                    0                    0                    0                    0                    0                    0                    0                    0                    0                    0                    0                    0                    0                    0                    0                    0
  "DRIFT_130"                           325              "drift"             102.4787          7.233606173        -0.5211867263          6.125483497        -0.5717222953            2.7184472           2.78503212                    0                    0                    0                    0         -3.141472002        -0.3788939596                    0                    0                    0                    0                    0                    0                    0                    0                    0                    0                    0                    0                    0                    0                    0                    0
  "BR3.BPP11L2"                         326            "monitor"             102.4787          7.233606173        -0.5211867263          6.125483497        -0.5717222953            2.7184472           2.78503212                    0                    0                    0                    0         -3.141472002        -0.3788939596                    0                    0                    0                    0                    0                    0                    0                    0                    0                    0                    0                    0                    0                    0                    0                    0
  "DRIFT_131"                           327              "drift"           102.813012          7.601731828        -0.5799572803           6.53196052         -0.644139004          2.725624906          2.793447671                    0                    0                    0                    0           -3.2681408        -0.3788939596                    0                    0                    0                    0                    0                    0                    0                    0                    0                    0                    0                    0                    0                    0                    0                    0
  "BR.QFO111"                           328         "quadrupole"           103.316582           6.83886002           2.00045647          8.604408406         -3.721657905          2.736409738          2.804479099                    0                    0                    0                    0         -3.155956888         0.8175700544                    0                    0                    0                    0                    0                    0         0.3667420801                    0                    0                    0                    0                    0                    0                    0                    0                    0
  "DRIFT_132"                           329              "drift"           103.642825          5.611434562           1.76184788          11.21643819         -4.284735452          2.744795325          2.809765416                    0                    0                    0                    0         -2.889230381         0.8175700544                    0                    0                    0                    0                    0                    0                    0                    0                    0                    0                    0                    0                    0                    0                    0                    0
  "BR3.BPM11L3"                         330            "monitor"           103.642825          5.611434562           1.76184788          11.21643819         -4.284735452          2.744795325          2.809765416                    0                    0                    0                    0         -2.889230381         0.8175700544                    0                    0                    0                    0                    0                    0                    0                    0                    0                    0                    0                    0                    0                    0                    0                    0
  "BR3.ONOH0.11L3"                      331          "multipole"           103.642825          5.611434562           1.76184788          11.21643819         -4.284735452          2.744795325          2.809765416                    0                    0                    0                    0         -2.889230381         0.8175700544                    0                    0                    0                    0                    0                    0                    0                    0                    0                    0                    0                    0                    0                    0                    0                    0
  "BR3.QSKH0.11L3"                      332          "multipole"           103.642825          5.611434562           1.76184788          11.21643819         -4.284735452          2.744795325          2.809765416                    0                    0                    0                    0         -2.889230381         0.8175700544                    0                    0                    0                    0                    0                    0                    0                    0                    0                    0                    0                    0                    0                    0                    0                    0
  "BR3.XNOH0.11L3"                      333          "multipole"           103.642825          5.611434562           1.76184788          11.21643819         -4.284735452          2.744795325          2.809765416                    0                    0                    0                    0         -2.889230381         0.8175700544                    0                    0                    0                    0                    0                    0                    0                    0                    0                    0                    0                    0                    0                    0                    0                    0
  "DRIFT_133"                           334              "drift"           103.970327          4.535863512          1.522318478          14.20807773         -4.849985963          2.755134185          2.813894823                    0                    0                    0                    0         -2.621474553         0.8175700544                    0                    0                    0                    0                    0                    0                    0                    0                    0                    0                    0                    0                    0                    0                    0                    0
  "BR.QDE11"                            335         "quadrupole"           104.849267          4.536045622         -1.522563893          14.20929725          4.848874834          2.789272804          2.822829107                    0                    0                    0                    0         -2.621547999        -0.8177450997                    0                    0                    0                    0                    0                    0        -0.6533776556                    0                    0                    0                    0                    0                    0                    0                    0                    0
  "DRIFT_134"                           336              "drift"           105.176825          5.611989302         -1.762178595          11.21780848          4.283824619          2.799612715           2.82695879                    0                    0                    0                    0         -2.889406948        -0.8177450997                    0                    0                    0                    0                    0                    0                    0                    0                    0                    0                    0                    0                    0                    0                    0                    0
  "BR3.DHZ11L4"                         337            "hkicker"           105.176825          5.611989302         -1.762178595          11.21780848          4.283824619          2.799612715           2.82695879                    0                    0                    0                    0         -2.889406948        -0.8177450997                    0                    0                    0                    0                    0                    0                    0                    0                    0                    0                    0                    0                    0                    0                    0                    0
  "BR3.DVT11L4"                         338            "vkicker"           105.176825          5.611989302         -1.762178595          11.21780848          4.283824619          2.799612715           2.82695879                    0                    0                    0                    0         -2.889406948        -0.8177450997                    0                    0                    0                    0                    0                    0                    0                    0                    0                    0                    0                    0                    0                    0                    0                    0
  "BR3.OSK11L4"                         339          "multipole"           105.176825          5.611989302         -1.762178595          11.21780848          4.283824619          2.799612715           2.82695879                    0                    0                    0                    0         -2.889406948        -0.8177450997                    0                    0                    0                    0                    0                    0                    0                    0                    0                    0                    0                    0                    0                    0                    0                    0
  "BR3.XSK11L4"                         340          "multipole"           105.176825          5.611989302         -1.762178595          11.21780848          4.283824619          2.799612715           2.82695879                    0                    0                    0                    0         -2.889406948        -0.8177450997                    0                    0                    0                    0                    0                    0                    0                    0                    0                    0                    0                    0                    0                    0                    0                    0
  "DRIFT_135"                           341              "drift"           105.504012          6.843423177         -2.001521904          8.599252718          3.719414393          2.808019366          2.832261674                    0                    0                    0                    0         -3.156962514        -0.8177450997                    0                    0                    0                    0                    0                    0                    0                    0                    0                    0                    0                    0                    0                    0                    0                    0
  "BR.QFO112"                           342         "quadrupole"           106.007582          7.606480867          0.580676594          6.528096392         0.6436617304          2.818797225          2.843299686                    0                    0                    0                    0         -3.269140446         0.3790923884                    0                    0                    0                    0                    0                    0         0.3667420801                    0                    0                    0                    0                    0                    0                    0                    0                    0
  "DRIFT_136"                           343              "drift"             106.3748          7.203716933         0.5161213124          6.084582853         0.5641046066          2.826695862          2.852578264                    0                    0                    0                    0         -3.129930897         0.3790923884                    0                    0                    0                    0                    0                    0                    0                    0                    0                    0                    0                    0                    0                    0                    0                    0
  "BR.STSCRAP112"                       344         "collimator"             106.3748          7.203716933         0.5161213124          6.084582853         0.5641046066          2.826695862          2.852578264                    0                    0                    0                    0         -3.129930897         0.3790923884                    0                    0                    0                    0                    0                    0                    0                    0                    0                    0                    0                    0                    0                    0                    0                    0
  "DRIFT_137"                           345              "drift"           106.374804          7.203712805         0.5161206093           6.08457834           0.56410374          2.826695951          2.852578369                    0                    0                    0                    0          -3.12992938         0.3790923884                    0                    0                    0                    0                    0                    0                    0                    0                    0                    0                    0                    0                    0                    0                    0                    0
  "BR.BHZ112"                           346              "sbend"             107.9925          5.998733961         0.2335606848          4.637393255         0.3139637836          2.866009328          2.901829776                    0                    0                    0                    0         -2.825187957      9.923998754e-05                    0                    0                    0                    0                    0                    0                    0                    0                    0                    0                    0                    0                    0                    0                    0                    0
  "DRIFT_138"                           347              "drift"             108.2915          5.874780968         0.1809978224          4.470821524         0.2431323087          2.874028868           2.91228837                    0                    0                    0                    0         -2.825158284      9.923998754e-05                    0                    0                    0                    0                    0                    0                    0                    0                    0                    0                    0                    0                    0                    0                    0                    0
  "BR3.KQM12L1"                         348             "kicker"             109.5215          5.695487376       -0.03523067483          4.231113831       -0.04824800616          2.908131855          2.957920512                    0                    0                    0                    0         -2.825036219      9.923998754e-05                    0                    0                    0                    0                    0                    0                    0                    0                    0                    0                    0                    0                    0                    0                    0                    0
  "DRIFT_139"                           349              "drift"             110.0865          5.791416366        -0.1345551472          4.361256746        -0.1820934353          2.923814299          2.978914531                    0                    0                    0                    0         -2.824980148      9.923998754e-05                    0                    0                    0                    0                    0                    0                    0                    0                    0                    0                    0                    0                    0                    0                    0                    0
  "BR3.ONO12L1"                         350          "multipole"             110.0865          5.791416366        -0.1345551472          4.361256746        -0.1820934353          2.923814299          2.978914531                    0                    0                    0                    0         -2.824980148      9.923998754e-05                    0                    0                    0                    0                    0                    0                    0                    0                    0                    0                    0                    0                    0                    0                    0                    0
  "BR3.OSK12L1"                         351          "multipole"             110.0865          5.791416366        -0.1345551472          4.361256746        -0.1820934353          2.923814299          2.978914531                    0                    0                    0                    0         -2.824980148      9.923998754e-05                    0                    0                    0                    0                    0                    0                    0                    0                    0                    0                    0                    0                    0                    0                    0                    0
  "BR3.XNO12L1"                         352          "multipole"             110.0865          5.791416366        -0.1345551472          4.361256746        -0.1820934353          2.923814299          2.978914531                    0                    0                    0                    0         -2.824980148      9.923998754e-05                    0                    0                    0                    0                    0                    0                    0                    0                    0                    0                    0                    0                    0                    0                    0                    0
  "BR3.XSK12L1"                         353          "multipole"             110.0865          5.791416366        -0.1345551472          4.361256746        -0.1820934353          2.923814299          2.978914531                    0                    0                    0                    0         -2.824980148      9.923998754e-05                    0                    0                    0                    0                    0                    0                    0                    0                    0                    0                    0                    0                    0                    0                    0                    0
  "DRIFT_140"                           354              "drift"           110.646501          5.997248073        -0.2330008176          4.639492159        -0.3147546286           2.93896024          2.998779877                    0                    0                    0                    0         -2.824924574      9.923998754e-05                    0                    0                    0                    0                    0                    0                    0                    0                    0                    0                    0                    0                    0                    0                    0                    0
  "BR.BHZ121"                           355              "sbend"           112.264197          7.200427144        -0.5155607421          6.089111818        -0.5647900527          2.978287745          3.048000832                    0                    0                    0                    0         -3.129346976        -0.3788939085                    0                    0                    0                    0                    0                    0                    0                    0                    0                    0                    0                    0                    0                    0                    0                    0
  "DRIFT_141"                           356              "drift"          112.2641995          7.200429721        -0.5155611816          6.089114642        -0.5647905943            2.9782878          3.048000897                    0                    0                    0                    0         -3.129347924        -0.3788939085                    0                    0                    0                    0                    0                    0                    0                    0                    0                    0                    0                    0                    0                    0                    0                    0
  "BR.STSCRAP121"                       357         "collimator"          112.2641995          7.200429721        -0.5155611816          6.089114642        -0.5647905943            2.9782878          3.048000897                    0                    0                    0                    0         -3.129347924        -0.3788939085                    0                    0                    0                    0                    0                    0                    0                    0                    0                    0                    0                    0                    0                    0                    0                    0
  "DRIFT_142"                           358              "drift"           112.630512          7.601731828        -0.5799572803          6.531960688        -0.6441390665          2.986171208          3.057250381                    0                    0                    0                    0         -3.268141498        -0.3788939085                    0                    0                    0                    0                    0                    0                    0                    0                    0                    0                    0                    0                    0                    0                    0                    0
  "BR.QFO121"                           359         "quadrupole"           113.134082           6.83886002           2.00045647           8.60440868         -3.721658066          2.996956041          3.068281809                    0                    0                    0                    0         -3.155957498         0.8175703492                    0                    0                    0                    0                    0                    0         0.3667420801                    0                    0                    0                    0                    0                    0                    0                    0                    0
  "DRIFT_143"                           360              "drift"            113.46033          5.611416944          1.761844223          11.21648143         -4.284744269           3.00534177          3.073568197                    0                    0                    0                    0         -2.889226807         0.8175703492                    0                    0                    0                    0                    0                    0                    0                    0                    0                    0                    0                    0                    0                    0                    0                    0
  "BR3.BPM12L3"                         361            "monitor"            113.46033          5.611416944          1.761844223          11.21648143         -4.284744269           3.00534177          3.073568197                    0                    0                    0                    0         -2.889226807         0.8175703492                    0                    0                    0                    0                    0                    0                    0                    0                    0                    0                    0                    0                    0                    0                    0                    0
  "BR3.ONOH0.12L3"                      362          "multipole"            113.46033          5.611416944          1.761844223          11.21648143         -4.284744269           3.00534177          3.073568197                    0                    0                    0                    0         -2.889226807         0.8175703492                    0                    0                    0                    0                    0                    0                    0                    0                    0                    0                    0                    0                    0                    0                    0                    0
  "BR3.QNO12L3"                         363          "multipole"            113.46033          5.611416944          1.761844223          11.21648143         -4.284744269           3.00534177          3.073568197                    0                    0                    0                    0         -2.889226807         0.8175703492                    0                    0                    0                    0                    0                    0                    0                    0                    0                    0                    0                    0                    0                    0                    0                    0
  "BR3.XNOH0.12L3"                      364          "multipole"            113.46033          5.611416944          1.761844223          11.21648143         -4.284744269           3.00534177          3.073568197                    0                    0                    0                    0         -2.889226807         0.8175703492                    0                    0                    0                    0                    0                    0                    0                    0                    0                    0                    0                    0                    0                    0                    0                    0
  "DRIFT_144"                           365              "drift"           113.787827          4.535863512          1.522318478          14.20807825         -4.849986179          3.015680487          3.077697533                    0                    0                    0                    0          -2.62147497         0.8175703492                    0                    0                    0                    0                    0                    0                    0                    0                    0                    0                    0                    0                    0                    0                    0                    0
  "BR.QDE12"                            366         "quadrupole"           114.666767          4.536045622         -1.522563893          14.20929782          4.848874997          3.049819107          3.086631816                    0                    0                    0                    0         -2.621548257        -0.8177450157                    0                    0                    0                    0                    0                    0        -0.6533776556                    0                    0                    0                    0                    0                    0                    0                    0                    0
  "DRIFT_145"                           367              "drift"            114.99433          5.612006923         -1.762182253          11.21776612          4.283816143          3.060159159           3.09076157                    0                    0                    0                    0         -2.889411268        -0.8177450157                    0                    0                    0                    0                    0                    0                    0                    0                    0                    0                    0                    0                    0                    0                    0                    0
  "BR3.DHZ12L4"                         368            "hkicker"            114.99433          5.612006923         -1.762182253          11.21776612          4.283816143          3.060159159           3.09076157                    0                    0                    0                    0         -2.889411268        -0.8177450157                    0                    0                    0                    0                    0                    0                    0                    0                    0                    0                    0                    0                    0                    0                    0                    0
  "BR3.DVT12L4"                         369            "vkicker"            114.99433          5.612006923         -1.762182253          11.21776612          4.283816143          3.060159159           3.09076157                    0                    0                    0                    0         -2.889411268        -0.8177450157                    0                    0                    0                    0                    0                    0                    0                    0                    0                    0                    0                    0                    0                    0                    0                    0
  "BR3.OSK12L4"                         370          "multipole"            114.99433          5.612006923         -1.762182253          11.21776612          4.283816143          3.060159159           3.09076157                    0                    0                    0                    0         -2.889411268        -0.8177450157                    0                    0                    0                    0                    0                    0                    0                    0                    0                    0                    0                    0                    0                    0                    0                    0
  "BR3.XSK12L4"                         371          "multipole"            114.99433          5.612006923         -1.762182253          11.21776612          4.283816143          3.060159159           3.09076157                    0                    0                    0                    0         -2.889411268        -0.8177450157                    0                    0                    0                    0                    0                    0                    0                    0                    0                    0                    0                    0                    0                    0                    0                    0
  "DRIFT_146"                           372              "drift"           115.321512          6.843423177         -2.001521904          8.599253099          3.719414529          3.068565668          3.096064383                    0                    0                    0                    0         -3.156962717        -0.8177450157                    0                    0                    0                    0                    0                    0                    0                    0                    0                    0                    0                    0                    0                    0                    0                    0
  "BR.QFO122"                           373         "quadrupole"           115.825082          7.606480867          0.580676594          6.528096703          0.643661739          3.079343528          3.107102394                    0                    0                    0                    0         -3.269140589         0.3790925372                    0                    0                    0                    0                    0                    0         0.3667420801                    0                    0                    0                    0                    0                    0                    0                    0                    0
  "DRIFT_147"                           374              "drift"           116.192299          7.203717966         0.5161214882          6.084584285         0.5641048351          3.087242143          3.116380946                    0                    0                    0                    0         -3.129931365         0.3790925372                    0                    0                    0                    0                    0                    0                    0                    0                    0                    0                    0                    0                    0                    0                    0                    0
  "BR.STSCRAP122"                       375         "collimator"           116.192299          7.203717966         0.5161214882          6.084584285         0.5641048351          3.087242143          3.116380946                    0                    0                    0                    0         -3.129931365         0.3790925372                    0                    0                    0                    0                    0                    0                    0                    0                    0                    0                    0                    0                    0                    0                    0                    0
  "DRIFT_148"                           376              "drift"           116.192304          7.203712805         0.5161206093          6.084578644         0.5641037518          3.087242253          3.116381077                    0                    0                    0                    0          -3.12992947         0.3790925372                    0                    0                    0                    0                    0                    0                    0                    0                    0                    0                    0                    0                    0                    0                    0                    0
  "BR.BHZ122"                           377              "sbend"               117.81          5.998733961         0.2335606848          4.637393488          0.313963815           3.12655563          3.165632481                    0                    0                    0                    0         -2.825187807      9.938869955e-05                    0                    0                    0                    0                    0                    0                    0                    0                    0                    0                    0                    0                    0                    0                    0                    0
  "DRIFT_149"                           378              "drift"           118.061261          5.892462918         0.1893901251          4.494575412         0.2544414516          3.133283791          3.174396098                    0                    0                    0                    0         -2.825162834      9.938869955e-05                    0                    0                    0                    0                    0                    0                    0                    0                    0                    0                    0                    0                    0                    0                    0                    0
  "BR3.ACWF13L1.1"                      379           "rfcavity"           119.004261          5.691599138        0.02361494382          4.225357083        0.03104988417          3.159315603          3.209110108                    0                    0                    0                    0         -2.825069111      9.938869955e-05                    0                    0                    0                    0                    0                    0                    0                    0                    0                    0                    0                    0                    0                    0                    0                    0
  "DRIFT_150"                           380              "drift"           119.115761          5.688518539       0.004013742648          4.221378091       0.004636141033          3.162434536          3.213312404                    0                    0                    0                    0         -2.825058029      9.938869955e-05                    0                    0                    0                    0                    0                    0                    0                    0                    0                    0                    0                    0                    0                    0                    0                    0
  "BR3.ACWF13L1.2"                      381           "rfcavity"           120.058761          5.837274617        -0.1617614386          4.423292577        -0.2187554264          3.188597378           3.24832633                    0                    0                    0                    0         -2.824964305      9.938869955e-05                    0                    0                    0                    0                    0                    0                    0                    0                    0                    0                    0                    0                    0                    0                    0                    0
  "DRIFT_151"                           382              "drift"           120.464001          5.997248073        -0.2330008176          4.639492171        -0.3147545768          3.199506542           3.26258258                    0                    0                    0                    0         -2.824924029      9.938869955e-05                    0                    0                    0                    0                    0                    0                    0                    0                    0                    0                    0                    0                    0                    0                    0                    0
  "BR.BHZ131"                           383              "sbend"           122.081697          7.200427144        -0.5155607421          6.089111645        -0.5647899924          3.238834048          3.311803535                    0                    0                    0                    0         -3.129346193        -0.3788937598                    0                    0                    0                    0                    0                    0                    0                    0                    0                    0                    0                    0                    0                    0                    0                    0
  "DRIFT_152"                           384              "drift"          122.0816995          7.200429721        -0.5155611816          6.089114469        -0.5647905339          3.238834103            3.3118036                    0                    0                    0                    0          -3.12934714        -0.3788937598                    0                    0                    0                    0                    0                    0                    0                    0                    0                    0                    0                    0                    0                    0                    0                    0
  "BR.STSCRAP131"                       385         "collimator"          122.0816995          7.200429721        -0.5155611816          6.089114469        -0.5647905339          3.238834103            3.3118036                    0                    0                    0                    0          -3.12934714        -0.3788937598                    0                    0                    0                    0                    0                    0                    0                    0                    0                    0                    0                    0                    0                    0                    0                    0
  "DRIFT_153"                           386              "drift"           122.448012          7.601731828        -0.5799572803          6.531960471        -0.6441390043          3.246717511          3.321053084                    0                    0                    0                    0          -3.26814066        -0.3788937598                    0                    0                    0                    0                    0                    0                    0                    0                    0                    0                    0                    0                    0                    0                    0                    0
  "BR.QFO131"                           387         "quadrupole"           122.951582           6.83886002           2.00045647          8.604408348         -3.721657886          3.257502343          3.332084513                    0                    0                    0                    0         -3.155956664         0.8175701864                    0                    0                    0                    0                    0                    0         0.3667420801                    0                    0                    0                    0                    0                    0                    0                    0                    0
  "DRIFT_154"                           388              "drift"           123.277835          5.611399325          1.761840566          11.21652382         -4.284752691          3.265888214          3.337370972                    0                    0                    0                    0         -2.889221938         0.8175701864                    0                    0                    0                    0                    0                    0                    0                    0                    0                    0                    0                    0                    0                    0                    0                    0
  "BR3.BPM13L3"                         389            "monitor"           123.277835          5.611399325          1.761840566          11.21652382         -4.284752691          3.265888214          3.337370972                    0                    0                    0                    0         -2.889221938         0.8175701864                    0                    0                    0                    0                    0                    0                    0                    0                    0                    0                    0                    0                    0                    0                    0                    0
  "BR3.ONOH0.13L3"                      390          "multipole"           123.277835          5.611399325          1.761840566          11.21652382         -4.284752691          3.265888214          3.337370972                    0                    0                    0                    0         -2.889221938         0.8175701864                    0                    0                    0                    0                    0                    0                    0                    0                    0                    0                    0                    0                    0                    0                    0                    0
  "BR3.QSKH0.13L3"                      391          "multipole"           123.277835          5.611399325          1.761840566          11.21652382         -4.284752691          3.265888214          3.337370972                    0                    0                    0                    0         -2.889221938         0.8175701864                    0                    0                    0                    0                    0                    0                    0                    0                    0                    0                    0                    0                    0                    0                    0                    0
  "BR3.XNOH0.13L3"                      392          "multipole"           123.277835          5.611399325          1.761840566          11.21652382         -4.284752691          3.265888214          3.337370972                    0                    0                    0                    0         -2.889221938         0.8175701864                    0                    0                    0                    0                    0                    0                    0                    0                    0                    0                    0                    0                    0                    0                    0                    0
  "DRIFT_155"                           393              "drift"           123.605327          4.535863512          1.522318478          14.20807764         -4.849985941           3.27622679          3.341500237                    0                    0                    0                    0         -2.621474242         0.8175701864                    0                    0                    0                    0                    0                    0                    0                    0                    0                    0                    0                    0                    0                    0                    0                    0
  "BR.QDE13"                            394         "quadrupole"           124.484267          4.536045622         -1.522563893          14.20929717          4.848874801          3.310365409           3.35043452                    0                    0                    0                    0         -2.621547467         -0.817744705                    0                    0                    0                    0                    0                    0        -0.6533776556                    0                    0                    0                    0                    0                    0                    0                    0                    0
  "DRIFT_156"                           395              "drift"           124.811835          5.612024545          -1.76218591          11.21772275           4.28380734          3.320705603          3.354564346                    0                    0                    0                    0         -2.889414464         -0.817744705                    0                    0                    0                    0                    0                    0                    0                    0                    0                    0                    0                    0                    0                    0                    0                    0
  "BR3.DHZ13L4"                         396            "hkicker"           124.811835          5.612024545          -1.76218591          11.21772275           4.28380734          3.320705603          3.354564346                    0                    0                    0                    0         -2.889414464         -0.817744705                    0                    0                    0                    0                    0                    0                    0                    0                    0                    0                    0                    0                    0                    0                    0                    0
  "BR3.DVT13L4"                         397            "vkicker"           124.811835          5.612024545          -1.76218591          11.21772275           4.28380734          3.320705603          3.354564346                    0                    0                    0                    0         -2.889414464         -0.817744705                    0                    0                    0                    0                    0                    0                    0                    0                    0                    0                    0                    0                    0                    0                    0                    0
  "DRIFT_157"                           398              "drift"           125.139012          6.843423177         -2.001521904          8.599252682          3.719414369          3.329111971          3.359867088                    0                    0                    0                    0         -3.156961724         -0.817744705                    0                    0                    0                    0                    0                    0                    0                    0                    0                    0                    0                    0                    0                    0                    0                    0
  "BR.QFO132"                           399         "quadrupole"           125.642582          7.606480867          0.580676594          6.528096371         0.6436617198           3.33988983          3.370905099                    0                    0                    0                    0         -3.269139534         0.3790924664                    0                    0                    0                    0                    0                    0         0.3667420801                    0                    0                    0                    0                    0                    0                    0                    0                    0
  "DRIFT_158"                           400              "drift"           126.009799          7.203717966         0.5161214882          6.084583968         0.5641048132          3.347788445          3.380183652                    0                    0                    0                    0         -3.129930336         0.3790924664                    0                    0                    0                    0                    0                    0                    0                    0                    0                    0                    0                    0                    0                    0                    0                    0
  "BR.STSCRAP132"                       401         "collimator"           126.009799          7.203717966         0.5161214882          6.084583968         0.5641048132          3.347788445          3.380183652                    0                    0                    0                    0         -3.129930336         0.3790924664                    0                    0                    0                    0                    0                    0                    0                    0                    0                    0                    0                    0                    0                    0                    0                    0
  "DRIFT_159"                           402              "drift"           126.009804          7.203712805         0.5161206093          6.084578327         0.5641037299          3.347788556          3.380183783                    0                    0                    0                    0         -3.129928441         0.3790924664                    0                    0                    0                    0                    0                    0                    0                    0                    0                    0                    0                    0                    0                    0                    0                    0
  "BR.BHZ132"                           403              "sbend"             127.6275          5.998733961         0.2335606848          4.637393271         0.3139637762          3.387101933           3.42943519                    0                    0                    0                    0         -2.825186892       9.93179195e-05                    0                    0                    0                    0                    0                    0                    0                    0                    0                    0                    0                    0                    0                    0                    0                    0
  "DRIFT_160"                           404              "drift"            127.93409          5.872043548         0.1796635344          4.467144442         0.2413342721          3.395327144          3.440164088                    0                    0                    0                    0         -2.825156442       9.93179195e-05                    0                    0                    0                    0                    0                    0                    0                    0                    0                    0                    0                    0                    0                    0                    0                    0
  "BR3.DHZ14L1"                         405            "hkicker"            127.93409          5.872043548         0.1796635344          4.467144442         0.2413342721          3.395327144          3.440164088                    0                    0                    0                    0         -2.825156442       9.93179195e-05                    0                    0                    0                    0                    0                    0                    0                    0                    0                    0                    0                    0                    0                    0                    0                    0
  "BR3.DVT14L1"                         406            "vkicker"            127.93409          5.872043548         0.1796635344          4.467144442         0.2413342721          3.395327144          3.440164088                    0                    0                    0                    0         -2.825156442       9.93179195e-05                    0                    0                    0                    0                    0                    0                    0                    0                    0                    0                    0                    0                    0                    0                    0                    0
  "DRIFT_161"                           407              "drift"          128.1511955          5.802317752         0.1414973588          4.373520424         0.1899031595          3.401248153            3.4479846                    0                    0                    0                    0         -2.825134879       9.93179195e-05                    0                    0                    0                    0                    0                    0                    0                    0                    0                    0                    0                    0                    0                    0                    0                    0
  "BE3.KFA14L1"                         408            "hkicker"          130.1569845          5.941948778         -0.211111374          4.564780809        -0.2852573492          3.456732845          3.522078489                    0                    0                    0                    0         -2.824935669       9.93179195e-05                    0                    0                    0                    0                    0                    0                    0                    0                    0                    0                    0                    0                    0                    0                    0                    0
  "DRIFT_162"                           409              "drift"           130.281501          5.997248073        -0.2330008176          4.639492201        -0.3147546311          3.460052845          3.526385291                    0                    0                    0                    0         -2.824923302       9.93179195e-05                    0                    0                    0                    0                    0                    0                    0                    0                    0                    0                    0                    0                    0                    0                    0                    0
  "BR.BHZ141"                           410              "sbend"           131.899197          7.200427144        -0.5155607421          6.089111862        -0.5647900513           3.49938035          3.575606244                    0                    0                    0                    0         -3.129345579        -0.3788938305                    0                    0                    0                    0                    0                    0                    0                    0                    0                    0                    0                    0                    0                    0                    0                    0
  "DRIFT_163"                           411              "drift"          131.8991995          7.200429721        -0.5155611816          6.089114686        -0.5647905928          3.499380406           3.57560631                    0                    0                    0                    0         -3.129346527        -0.3788938305                    0                    0                    0                    0                    0                    0                    0                    0                    0                    0                    0                    0                    0                    0                    0                    0
  "BR.STSCRAP141"                       412         "collimator"          131.8991995          7.200429721        -0.5155611816          6.089114686        -0.5647905928          3.499380406           3.57560631                    0                    0                    0                    0         -3.129346527        -0.3788938305                    0                    0                    0                    0                    0                    0                    0                    0                    0                    0                    0                    0                    0                    0                    0                    0
  "DRIFT_164"                           413              "drift"                  132          7.306153584        -0.5332814585          6.205177994        -0.5866254076          3.501592345          3.578216355                    0                    0                    0                    0         -3.167539214        -0.3788938305                    0                    0                    0                    0                    0                    0                    0                    0                    0                    0                    0                    0                    0                    0                    0                    0
  "BR3.VVS14L2"                         414             "marker"                  132          7.306153584        -0.5332814585          6.205177994        -0.5866254076          3.501592345          3.578216355                    0                    0                    0                    0         -3.167539214        -0.3788938305                    0                    0                    0                    0                    0                    0                    0                    0                    0                    0                    0                    0                    0                    0                    0                    0
  "DRIFT_165"                           415              "drift"           132.265512          7.601731828        -0.5799572803          6.531960731        -0.6441390643          3.507263813          3.584855794                    0                    0                    0                    0         -3.268140073        -0.3788938305                    0                    0                    0                    0                    0                    0                    0                    0                    0                    0                    0                    0                    0                    0                    0                    0
  "BR.QFO141"                           416         "quadrupole"           132.769082           6.83886002           2.00045647          8.604408728         -3.721658079          3.518048646          3.595887222                    0                    0                    0                    0         -3.155956164         0.8175699132                    0                    0                    0                    0                    0                    0         0.3667420801                    0                    0                    0                    0                    0                    0                    0                    0                    0
  "DRIFT_166"                           417              "drift"           133.095339          5.611385231           1.76183764          11.21655861         -4.284759817           3.52643463          3.601173738                    0                    0                    0                    0         -2.889218257         0.8175699132                    0                    0                    0                    0                    0                    0                    0                    0                    0                    0                    0                    0                    0                    0                    0                    0
  "BR3.BPM14L3"                         418            "monitor"           133.095339          5.611385231           1.76183764          11.21655861         -4.284759817           3.52643463          3.601173738                    0                    0                    0                    0         -2.889218257         0.8175699132                    0                    0                    0                    0                    0                    0                    0                    0                    0                    0                    0                    0                    0                    0                    0                    0
  "BR3.ONOH0.14L3"                      419          "multipole"           133.095339          5.611385231           1.76183764          11.21655861         -4.284759817           3.52643463          3.601173738                    0                    0                    0                    0         -2.889218257         0.8175699132                    0                    0                    0                    0                    0                    0                    0                    0                    0                    0                    0                    0                    0                    0                    0                    0
  "BR3.QSK14L3"                         420          "multipole"           133.095339          5.611385231           1.76183764          11.21655861         -4.284759817           3.52643463          3.601173738                    0                    0                    0                    0         -2.889218257         0.8175699132                    0                    0                    0                    0                    0                    0                    0                    0                    0                    0                    0                    0                    0                    0                    0                    0
  "BR3.XNOH0.14L3"                      421          "multipole"           133.095339          5.611385231           1.76183764          11.21655861         -4.284759817           3.52643463          3.601173738                    0                    0                    0                    0         -2.889218257         0.8175699132                    0                    0                    0                    0                    0                    0                    0                    0                    0                    0                    0                    0                    0                    0                    0                    0
  "DRIFT_167"                           422              "drift"           133.422827          4.535863512          1.522318478          14.20807831         -4.849986194          3.536773093          3.605302946                    0                    0                    0                    0         -2.621473922         0.8175699132                    0                    0                    0                    0                    0                    0                    0                    0                    0                    0                    0                    0                    0                    0                    0                    0
  "BR.QDE14"                            423         "quadrupole"           134.301767          4.536045622         -1.522563893          14.20929788          4.848875024          3.570911712          3.614237228                    0                    0                    0                    0         -2.621547313        -0.8177448302                    0                    0                    0                    0                    0                    0        -0.6533776556                    0                    0                    0                    0                    0                    0                    0                    0                    0
  "DRIFT_168"                           424              "drift"            134.42124          4.910297719          -1.60996059          13.07530144          4.642779473          3.574941143          3.615632258                    0                    0                    0                    0         -2.719245741        -0.8177448302                    0                    0                    0                    0                    0                    0                    0                    0                    0                    0                    0                    0                    0                    0                    0                    0
  "BR3.BPP14L4"                         425            "monitor"            134.42124          4.910297719          -1.60996059          13.07530144          4.642779473          3.574941143          3.615632258                    0                    0                    0                    0         -2.719245741        -0.8177448302                    0                    0                    0                    0                    0                    0                    0                    0                    0                    0                    0                    0                    0                    0                    0                    0
  "DRIFT_169"                           426              "drift"            134.45724           5.02716293         -1.636295252          12.74325697          4.580678079           3.57609436          3.616076129                    0                    0                    0                    0         -2.748684555        -0.8177448302                    0                    0                    0                    0                    0                    0                    0                    0                    0                    0                    0                    0                    0                    0                    0                    0
  "BE3.BSW14L4"                         427            "hkicker"            134.92724           6.72687288         -1.980108898          8.818480628          3.769909882          3.588971631          3.623134805                    0                    0                    0                    0         -3.133024625        -0.8177448302                    0                    0                    0                    0                    0                    0                    0                    0                    0                    0                    0                    0                    0                    0                    0                    0
  "DRIFT_170"                           428              "drift"           134.956512          6.843423177         -2.001521904          8.599253123          3.719414548          3.589658273          3.623669796                    0                    0                    0                    0         -3.156961652        -0.8177448302                    0                    0                    0                    0                    0                    0                    0                    0                    0                    0                    0                    0                    0                    0                    0                    0
  "BR.QFO142"                           429         "quadrupole"           135.460082          7.606480867          0.580676594          6.528096714          0.643661749          3.600436133          3.634707806                    0                    0                    0                    0          -3.26913953          0.379092327                    0                    0                    0                    0                    0                    0         0.3667420801                    0                    0                    0                    0                    0                    0                    0                    0                    0
  "DRIFT_171"                           430              "drift"           135.827299          7.203717966         0.5161214882          6.084584289         0.5641048444          3.608334748          3.643986358                    0                    0                    0                    0         -3.129930383          0.379092327                    0                    0                    0                    0                    0                    0                    0                    0                    0                    0                    0                    0                    0                    0                    0                    0
  "BR.SPSCRAP142"                       431         "collimator"           135.827299          7.203717966         0.5161214882          6.084584289         0.5641048444          3.608334748          3.643986358                    0                    0                    0                    0         -3.129930383          0.379092327                    0                    0                    0                    0                    0                    0                    0                    0                    0                    0                    0                    0                    0                    0                    0                    0
  "DRIFT_172"                           432              "drift"           135.827304          7.203712805         0.5161206093          6.084578648         0.5641037612          3.608334858          3.643986489                    0                    0                    0                    0         -3.129928488          0.379092327                    0                    0                    0                    0                    0                    0                    0                    0                    0                    0                    0                    0                    0                    0                    0                    0
  "BR.BHZ142"                           433              "sbend"              137.445          5.998733961         0.2335606848          4.637393466         0.3139638212          3.647648235          3.693237894                    0                    0                    0                    0         -2.825187163        9.9178581e-05                    0                    0                    0                    0                    0                    0                    0                    0                    0                    0                    0                    0                    0                    0                    0                    0
  "DRIFT_173"                           434              "drift"           137.670173          5.902464181         0.1939762787          4.508012351         0.2606215626          3.653672356          3.701079096                    0                    0                    0                    0          -2.82516483        9.9178581e-05                    0                    0                    0                    0                    0                    0                    0                    0                    0                    0                    0                    0                    0                    0                    0                    0
  "BE3.BTV10"                           435         "instrument"           137.670173          5.902464181         0.1939762787          4.508012351         0.2606215626          3.653672356          3.701079096                    0                    0                    0                    0          -2.82516483        9.9178581e-05                    0                    0                    0                    0                    0                    0                    0                    0                    0                    0                    0                    0                    0                    0                    0                    0
  "DRIFT_174"                           436              "drift"           137.715573          5.885213477         0.1859951619          4.484836191         0.2498665496          3.654898334          3.702686102                    0                    0                    0                    0         -2.825160328        9.9178581e-05                    0                    0                    0                    0                    0                    0                    0                    0                    0                    0                    0                    0                    0                    0                    0                    0
  "BR3.BTV15L1"                         437         "instrument"           137.715573          5.885213477         0.1859951619          4.484836191         0.2498665496          3.654898334          3.702686102                    0                    0                    0                    0         -2.825160328        9.9178581e-05                    0                    0                    0                    0                    0                    0                    0                    0                    0                    0                    0                    0                    0                    0                    0                    0
  "DRIFT_175"                           438              "drift"           137.996102            5.7946939         0.1366794187          4.363289341         0.1834107558          3.662546701          3.712785817                    0                    0                    0                    0         -2.825132505        9.9178581e-05                    0                    0                    0                    0                    0                    0                    0                    0                    0                    0                    0                    0                    0                    0                    0                    0
  "BE3.SMH15L1"                         439            "hkicker"           138.946102          5.693658467       -0.03032633124          4.228606245       -0.04163907547          3.688991052          3.748278915                    0                    0                    0                    0         -2.825038286        9.9178581e-05                    0                    0                    0                    0                    0                    0                    0                    0                    0                    0                    0                    0                    0                    0                    0                    0
  "DRIFT_176"                           440              "drift"           139.287652          5.734882057       -0.09036929323          4.284685165        -0.1225504122          3.698509703          3.761063407                    0                    0                    0                    0         -2.825004411        9.9178581e-05                    0                    0                    0                    0                    0                    0                    0                    0                    0                    0                    0                    0                    0                    0                    0                    0
  "BR3.DHZ15L1"                         441            "hkicker"           139.287652          5.734882057       -0.09036929323          4.284685165        -0.1225504122          3.698509703          3.761063407                    0                    0                    0                    0         -2.825004411        9.9178581e-05                    0                    0                    0                    0                    0                    0                    0                    0                    0                    0                    0                    0                    0                    0                    0                    0
  "BR3.DVT15L1"                         442            "vkicker"           139.287652          5.734882057       -0.09036929323          4.284685165        -0.1225504122          3.698509703          3.761063407                    0                    0                    0                    0         -2.825004411        9.9178581e-05                    0                    0                    0                    0                    0                    0                    0                    0                    0                    0                    0                    0                    0                    0                    0                    0
  "DRIFT_177"                           443              "drift"            139.63066          5.817559971        -0.1506685651          4.396628416        -0.2038071412           3.70796657          3.773654347                    0                    0                    0                    0         -2.824970392        9.9178581e-05                    0                    0                    0                    0                    0                    0                    0                    0                    0                    0                    0                    0                    0                    0                    0                    0
  "BE3.BSW15L1"                         444            "hkicker"            139.99666          5.951398226        -0.2150097277          4.577548691        -0.2905105498          3.717872647          3.786653283                    0                    0                    0                    0         -2.824934093        9.9178581e-05                    0                    0                    0                    0                    0                    0                    0                    0                    0                    0                    0                    0                    0                    0                    0                    0
  "DRIFT_178"                           445              "drift"           140.099001          5.997248073        -0.2330008176          4.639492129        -0.3147545759          3.720599147          3.790187993                    0                    0                    0                    0         -2.824923943        9.9178581e-05                    0                    0                    0                    0                    0                    0                    0                    0                    0                    0                    0                    0                    0                    0                    0                    0
  "BR.BHZ151"                           446              "sbend"           141.716697          7.200427144        -0.5155607421          6.089111608        -0.5647899956          3.759926653          3.839408948                    0                    0                    0                    0         -3.129346444        -0.3788939699                    0                    0                    0                    0                    0                    0                    0                    0                    0                    0                    0                    0                    0                    0                    0                    0
  "DRIFT_179"                           447              "drift"          141.7166995          7.200429721        -0.5155611816          6.089114432        -0.5647905371          3.759926708          3.839409014                    0                    0                    0                    0         -3.129347391        -0.3788939699                    0                    0                    0                    0                    0                    0                    0                    0                    0                    0                    0                    0                    0                    0                    0                    0
  "BR.SPSCRAP151"                       448         "collimator"          141.7166995          7.200429721        -0.5155611816          6.089114432        -0.5647905371          3.759926708          3.839409014                    0                    0                    0                    0         -3.129347391        -0.3788939699                    0                    0                    0                    0                    0                    0                    0                    0                    0                    0                    0                    0                    0                    0                    0                    0
  "DRIFT_180"                           449              "drift"           142.083012          7.601731828        -0.5799572803          6.531960436        -0.6441390082          3.767810116          3.848658498                    0                    0                    0                    0         -3.268140989        -0.3788939699                    0                    0                    0                    0                    0                    0                    0                    0                    0                    0                    0                    0                    0                    0                    0                    0
  "BR.QFO151"                           450         "quadrupole"           142.586582           6.83886002           2.00045647          8.604408311         -3.721657878          3.778594948          3.859689927                    0                    0                    0                    0         -3.155957065         0.8175701121                    0                    0                    0                    0                    0                    0         0.3667420801                    0                    0                    0                    0                    0                    0                    0                    0                    0
  "DRIFT_181"                           451              "drift"           142.912834          5.611402849          1.761841297          11.21651521         -4.284750957          3.786980791          3.864976372                    0                    0                    0                    0         -2.889223181         0.8175701121                    0                    0                    0                    0                    0                    0                    0                    0                    0                    0                    0                    0                    0                    0                    0                    0
  "BR3.BPM15L3"                         452            "monitor"           142.912834          5.611402849          1.761841297          11.21651521         -4.284750957          3.786980791          3.864976372                    0                    0                    0                    0         -2.889223181         0.8175701121                    0                    0                    0                    0                    0                    0                    0                    0                    0                    0                    0                    0                    0                    0                    0                    0
  "BR3.ONOH0.15L3"                      453          "multipole"           142.912834          5.611402849          1.761841297          11.21651521         -4.284750957          3.786980791          3.864976372                    0                    0                    0                    0         -2.889223181         0.8175701121                    0                    0                    0                    0                    0                    0                    0                    0                    0                    0                    0                    0                    0                    0                    0                    0
  "BR3.QSKH0.15L3"                      454          "multipole"           142.912834          5.611402849          1.761841297          11.21651521         -4.284750957          3.786980791          3.864976372                    0                    0                    0                    0         -2.889223181         0.8175701121                    0                    0                    0                    0                    0                    0                    0                    0                    0                    0                    0                    0                    0                    0                    0                    0
  "BR3.XNOH0.15L3"                      455          "multipole"           142.912834          5.611402849          1.761841297          11.21651521         -4.284750957          3.786980791          3.864976372                    0                    0                    0                    0         -2.889223181         0.8175701121                    0                    0                    0                    0                    0                    0                    0                    0                    0                    0                    0                    0                    0                    0                    0                    0
  "DRIFT_182"                           456              "drift"           143.240327          4.535863512          1.522318478           14.2080776         -4.849985934          3.797319395          3.869105651                    0                    0                    0                    0         -2.621474692         0.8175701121                    0                    0                    0                    0                    0                    0                    0                    0                    0                    0                    0                    0                    0                    0                    0                    0
  "BR.QDE15"                            457         "quadrupole"           144.119267          4.536045622         -1.522563893          14.20929714          4.848874781          3.831458015          3.878039934                    0                    0                    0                    0         -2.621548124        -0.8177451243                    0                    0                    0                    0                    0                    0        -0.6533776556                    0                    0                    0                    0                    0                    0                    0                    0                    0
  "DRIFT_183"                           458              "drift"           144.221834          4.856070809          -1.59759354          13.23277545          4.671942743          3.834936428          3.879230409                    0                    0                    0                    0         -2.705421788        -0.8177451243                    0                    0                    0                    0                    0                    0                    0                    0                    0                    0                    0                    0                    0                    0                    0                    0
  "BE3.BSW15L4"                         459            "hkicker"           144.691834           6.51940115         -1.941407185          9.222210309          3.861174581          3.848246425          3.886003799                    0                    0                    0                    0         -3.089761996        -0.8177451243                    0                    0                    0                    0                    0                    0                    0                    0                    0                    0                    0                    0                    0                    0                    0                    0
  "DRIFT_184"                           460              "drift"           144.774012          6.843423177         -2.001521904          8.599252671          3.719414356          3.850204576          3.887472502                    0                    0                    0                    0         -3.156962655        -0.8177451243                    0                    0                    0                    0                    0                    0                    0                    0                    0                    0                    0                    0                    0                    0                    0                    0
  "BR.QFO152"                           461         "quadrupole"           145.277582          7.606480867          0.580676594          6.528096371         0.6436617107          3.860982435          3.898510513                    0                    0                    0                    0         -3.269140586         0.3790924163                    0                    0                    0                    0                    0                    0         0.3667420801                    0                    0                    0                    0                    0                    0                    0                    0                    0
  "DRIFT_185"                           462              "drift"           145.644799          7.203717966         0.5161214882          6.084583975         0.5641048047           3.86888105          3.907789066                    0                    0                    0                    0         -3.129931406         0.3790924163                    0                    0                    0                    0                    0                    0                    0                    0                    0                    0                    0                    0                    0                    0                    0                    0
  "BR.STSCRAP152"                       463         "collimator"           145.644799          7.203717966         0.5161214882          6.084583975         0.5641048047           3.86888105          3.907789066                    0                    0                    0                    0         -3.129931406         0.3790924163                    0                    0                    0                    0                    0                    0                    0                    0                    0                    0                    0                    0                    0                    0                    0                    0
  "DRIFT_186"                           464              "drift"           145.644804          7.203712805         0.5161206093          6.084578334         0.5641037215          3.868881161          3.907789197                    0                    0                    0                    0          -3.12992951         0.3790924163                    0                    0                    0                    0                    0                    0                    0                    0                    0                    0                    0                    0                    0                    0                    0                    0
  "BR.BHZ152"                           465              "sbend"             147.2625          5.998733961         0.2335606848          4.637393299         0.3139637714          3.908194538          3.957040604                    0                    0                    0                    0         -2.825188042      9.926781389e-05                    0                    0                    0                    0                    0                    0                    0                    0                    0                    0                    0                    0                    0                    0                    0                    0
  "DRIFT_187"                           466              "drift"             147.6255          5.852333305         0.1697469088          4.440670961         0.2279710457          3.917951272          3.969785307                    0                    0                    0                    0         -2.825152008      9.926781389e-05                    0                    0                    0                    0                    0                    0                    0                    0                    0                    0                    0                    0                    0                    0                    0                    0
  "BR3.ONO16L1"                         467          "multipole"             147.6255          5.852333305         0.1697469088          4.440670961         0.2279710457          3.917951272          3.969785307                    0                    0                    0                    0         -2.825152008      9.926781389e-05                    0                    0                    0                    0                    0                    0                    0                    0                    0                    0                    0                    0                    0                    0                    0                    0
  "BR3.QNO16L1"                         468          "multipole"             147.6255          5.852333305         0.1697469088          4.440670961         0.2279710457          3.917951272          3.969785307                    0                    0                    0                    0         -2.825152008      9.926781389e-05                    0                    0                    0                    0                    0                    0                    0                    0                    0                    0                    0                    0                    0                    0                    0                    0
  "BR3.XNO16L1"                         469          "multipole"             147.6255          5.852333305         0.1697469088          4.440670961         0.2279710457          3.917951272          3.969785307                    0                    0                    0                    0         -2.825152008      9.926781389e-05                    0                    0                    0                    0                    0                    0                    0                    0                    0                    0                    0                    0                    0                    0                    0                    0
  "DRIFT_188"                           470              "drift"              148.038          5.742204813        0.09723125418          4.292903938         0.1302520393          3.929285904          3.984844178                    0                    0                    0                    0          -2.82511106      9.926781389e-05                    0                    0                    0                    0                    0                    0                    0                    0                    0                    0                    0                    0                    0                    0                    0                    0
  "BI3.KSW16L1"                         471            "hkicker"              148.408          5.694320092        0.03218690948          4.228948295        0.04260105177           3.93959131          3.998682308                    0                    0                    0                    0         -2.825074331      9.926781389e-05                    0                    0                    0                    0                    0                    0                    0                    0                    0                    0                    0                    0                    0                    0                    0                    0
  "DRIFT_189"                           472              "drift"            149.25851          5.766734244        -0.1173289435          4.327844823        -0.1588801413          3.963300743          4.030535336                    0                    0                    0                    0         -2.824989902      9.926781389e-05                    0                    0                    0                    0                    0                    0                    0                    0                    0                    0                    0                    0                    0                    0                    0                    0
  "BR3.DHZ16L1"                         473            "hkicker"            149.25851          5.766734244        -0.1173289435          4.327844823        -0.1588801413          3.963300743          4.030535336                    0                    0                    0                    0         -2.824989902      9.926781389e-05                    0                    0                    0                    0                    0                    0                    0                    0                    0                    0                    0                    0                    0                    0                    0                    0
  "BR3.DVT16L1"                         474            "vkicker"            149.25851          5.766734244        -0.1173289435          4.327844823        -0.1588801413          3.963300743          4.030535336                    0                    0                    0                    0         -2.824989902      9.926781389e-05                    0                    0                    0                    0                    0                    0                    0                    0                    0                    0                    0                    0                    0                    0                    0                    0
  "DRIFT_190"                           475              "drift"          149.9165015          5.997248306        -0.2330009055          4.639492555        -0.3147547488          3.981145463          4.053990721                    0                    0                    0                    0         -2.824924585      9.926781389e-05                    0                    0                    0                    0                    0                    0                    0                    0                    0                    0                    0                    0                    0                    0                    0                    0
  "BR.BHZ161"                           476              "sbend"          151.5341975          7.200427659          -0.51556083          6.089112571        -0.5647901491          4.020472966           4.10321167                    0                    0                    0                    0         -3.129346943        -0.3788938806                    0                    0                    0                    0                    0                    0                    0                    0                    0                    0                    0                    0                    0                    0                    0                    0
  "DRIFT_191"                           477              "drift"             151.5342          7.200430237        -0.5155612695          6.089115395        -0.5647906907          4.020473022          4.103211735                    0                    0                    0                    0          -3.12934789        -0.3788938806                    0                    0                    0                    0                    0                    0                    0                    0                    0                    0                    0                    0                    0                    0                    0                    0
  "BR.STSCRAP161"                       478         "collimator"             151.5342          7.200430237        -0.5155612695          6.089115395        -0.5647906907          4.020473022          4.103211735                    0                    0                    0                    0          -3.12934789        -0.3788938806                    0                    0                    0                    0                    0                    0                    0                    0                    0                    0                    0                    0                    0                    0                    0                    0
  "DRIFT_192"                           479              "drift"           151.900512          7.601731828        -0.5799572803          6.531960867        -0.6441390513          4.028356418          4.112461206                    0                    0                    0                    0         -3.268141265        -0.3788938806                    0                    0                    0                    0                    0                    0                    0                    0                    0                    0                    0                    0                    0                    0                    0                    0
  "BR.QFO161"                           480         "quadrupole"           152.404082           6.83886002           2.00045647          8.604408874         -3.721658113          4.039141251          4.123492634                    0                    0                    0                    0         -3.155957273         0.8175702917                    0                    0                    0                    0                    0                    0         0.3667420801                    0                    0                    0                    0                    0                    0                    0                    0                    0
  "DRIFT_193"                           481              "drift"           152.730339          5.611385231           1.76183764          11.21655878         -4.284759851          4.047527235          4.128779149                    0                    0                    0                    0         -2.889219242         0.8175702917                    0                    0                    0                    0                    0                    0                    0                    0                    0                    0                    0                    0                    0                    0                    0                    0
  "BR3.BPM16L3"                         482            "monitor"           152.730339          5.611385231           1.76183764          11.21655878         -4.284759851          4.047527235          4.128779149                    0                    0                    0                    0         -2.889219242         0.8175702917                    0                    0                    0                    0                    0                    0                    0                    0                    0                    0                    0                    0                    0                    0                    0                    0
  "BR3.ONOH0.16L3"                      483          "multipole"           152.730339          5.611385231           1.76183764          11.21655878         -4.284759851          4.047527235          4.128779149                    0                    0                    0                    0         -2.889219242         0.8175702917                    0                    0                    0                    0                    0                    0                    0                    0                    0                    0                    0                    0                    0                    0                    0                    0
  "BR3.QNO16L3"                         484          "multipole"           152.730339          5.611385231           1.76183764          11.21655878         -4.284759851          4.047527235          4.128779149                    0                    0                    0                    0         -2.889219242         0.8175702917                    0                    0                    0                    0                    0                    0                    0                    0                    0                    0                    0                    0                    0                    0                    0                    0
  "BR3.XNOH0.16L3"                      485          "multipole"           152.730339          5.611385231           1.76183764          11.21655878         -4.284759851          4.047527235          4.128779149                    0                    0                    0                    0         -2.889219242         0.8175702917                    0                    0                    0                    0                    0                    0                    0                    0                    0                    0                    0                    0                    0                    0                    0                    0
  "DRIFT_194"                           486              "drift"           153.057827          4.535863512          1.522318478           14.2080785         -4.849986228          4.057865698          4.132908357                    0                    0                    0                    0         -2.621474783         0.8175702917                    0                    0                    0                    0                    0                    0                    0                    0                    0                    0                    0                    0                    0                    0                    0                    0
  "BR.QDE16"                            487         "quadrupole"           153.936767          4.536045622         -1.522563893          14.20929802          4.848875104          4.092004317           4.14184264                    0                    0                    0                    0         -2.621548068        -0.8177449558                    0                    0                    0                    0                    0                    0        -0.6533776556                    0                    0                    0                    0                    0                    0                    0                    0                    0
  "DRIFT_195"                           488              "drift"           154.079339           4.98506499         -1.626857934          12.86173485          4.602932878          4.096776811          4.143521159                    0                    0                    0                    0         -2.738135602        -0.8177449558                    0                    0                    0                    0                    0                    0                    0                    0                    0                    0                    0                    0                    0                    0                    0                    0
  "BI3.KSW16L4"                         489            "hkicker"           154.449339          6.289084729         -1.897519739          9.691722327          3.964668539            4.1073015          4.148796507                    0                    0                    0                    0         -3.040701236        -0.8177449558                    0                    0                    0                    0                    0                    0                    0                    0                    0                    0                    0                    0                    0                    0                    0                    0
  "DRIFT_196"                           490              "drift"           154.591512          6.843423177         -2.001521904          8.599253175          3.719414604          4.110750878          4.151275207                    0                    0                    0                    0         -3.156962489        -0.8177449558                    0                    0                    0                    0                    0                    0                    0                    0                    0                    0                    0                    0                    0                    0                    0                    0
  "BR.QFO162"                           491         "quadrupole"           155.095082          7.606480867          0.580676594          6.528096723         0.6436617835          4.121528738          4.162313218                    0                    0                    0                    0         -3.269140353         0.3790925106                    0                    0                    0                    0                    0                    0         0.3667420801                    0                    0                    0                    0                    0                    0                    0                    0                    0
  "DRIFT_197"                           492              "drift"           155.218397          7.465941849         0.5589983687          6.372644897         0.6169458091          4.124133219           4.16535627                    0                    0                    0                    0          -3.22239256         0.3790925106                    0                    0                    0                    0                    0                    0                    0                    0                    0                    0                    0                    0                    0                    0                    0                    0
  "BR3.VVS16L5"                         493             "marker"           155.218397          7.465941849         0.5589983687          6.372644897         0.6169458091          4.124133219           4.16535627                    0                    0                    0                    0          -3.22239256         0.3790925106                    0                    0                    0                    0                    0                    0                    0                    0                    0                    0                    0                    0                    0                    0                    0                    0
  "DRIFT_198"                           494              "drift"           155.462299          7.203717966         0.5161214882          6.084584273         0.5641048765          4.129427353           4.17159177                    0                    0                    0                    0         -3.129931138         0.3790925106                    0                    0                    0                    0                    0                    0                    0                    0                    0                    0                    0                    0                    0                    0                    0                    0
  "BR.STSCRAP162"                       495         "collimator"           155.462299          7.203717966         0.5161214882          6.084584273         0.5641048765          4.129427353           4.17159177                    0                    0                    0                    0         -3.129931138         0.3790925106                    0                    0                    0                    0                    0                    0                    0                    0                    0                    0                    0                    0                    0                    0                    0                    0
  "DRIFT_199"                           496              "drift"           155.462304          7.203712805         0.5161206093          6.084578632         0.5641037933          4.129427463          4.171591901                    0                    0                    0                    0         -3.129929243         0.3790925106                    0                    0                    0                    0                    0                    0                    0                    0                    0                    0                    0                    0                    0                    0                    0                    0
  "BR.BHZ162"                           497              "sbend"               157.08          5.998733961         0.2335606848          4.637393366         0.3139638403          4.168740841          4.220843306                    0                    0                    0                    0         -2.825187623      9.936209558e-05                    0                    0                    0                    0                    0                    0                    0                    0                    0                    0                    0                    0                    0                    0                    0                    0
