@ NAME                 %s               "PSB3"
@ TYPE                 %s              "twiss"
@ TITLE                %n                  nil
@ ORIGIN               %s "MAD 1.1.15 Linux 64"
@ DATE                 %s           "14/09/26"
@ TIME                 %s           "11:34:38"
@ REFCOL               %s               "name"
@ DIRECTION            %le                    1
@ OBSERVE              %le                    0
@ ENERGY               %le          1.098272088
@ DELTAP               %le                    0
@ LENGTH               %le               157.08
@ ALFAP                %le        0.06333430634
@ Q1                   %le          4.229346043
@ Q2                   %le          4.119964606
@ Q3                   %le                    0
@ DQ1                  %le          -6.48906078
@ DQ2                  %le         -12.77366706
@ DQ3                  %le                    0
* NAME                                INDEX                 KIND                    S                 BETX                 ALFX                 BETY                 ALFY                  MUX                  MUY                    X                   PX                    Y                   PY                   DX                  DPX                   DY                  DPY                  R11                  R12                  R21                  R22                  K1L                  K2L                  K3L                  K4L                  K5L                 K1SL                 K2SL                 K3SL                 K4SL                 K5SL
$ %s                                     %d                   %s                  %le                  %le                  %le                  %le                  %le                  %le                  %le                  %le                  %le                  %le                  %le                  %le                  %le                  %le                  %le                  %le                  %le                  %le                  %le                  %le                  %le                  %le                  %le                  %le                  %le                  %le                  %le                  %le                  %le
  "DRIFT_0"                               1              "drift"               0.1795           5.80519737         0.2063628109          4.689004876         0.2610038112       0.004888421288        0.00602945897                    0                    0                    0                    0         -2.735893071      9.605782148e-05                    0                    0                    0                    0                    0                    0                    0                    0                    0                    0                    0                    0                    0                    0                    0                    0
  "BI3.BSW1L1.1"                          2              "rbend"               0.4925          5.693609013         0.1501495118          4.547933153         0.1897045687        0.01355757956        0.01682514335                    0                    0                    0                    0         -2.735863005      9.605782148e-05                    0                    0                    0                    0                    0                    0                    0                    0                    0                    0                    0                    0                    0                    0                    0                    0
  "DRIFT_1"                               3              "drift"               0.8695          5.605921968        0.08244211966          4.437271914         0.1038265674        0.02418595729        0.03019748701                    0                    0                    0                    0         -2.735826792      9.605782148e-05                    0                    0                    0                    0                    0                    0                    0                    0                    0                    0                    0                    0                    0                    0                    0                    0
  "BI3.BSW1L1.2"                          4              "rbend"               1.1945          5.571304334        0.02407367815          4.393845292        0.02979380757        0.03344671714        0.04192257228                    0                    0                    0                    0         -2.735795573      9.605782148e-05                    0                    0                    0                    0                    0                    0                    0                    0                    0                    0                    0                    0                    0                    0                    0                    0
  "DRIFT_2"                               5              "drift"             1.327628           5.56807755      0.0001645277476          4.389949704     -0.0005318331835        0.03725123671        0.04674764559                    0                    0                    0                    0         -2.735782785      9.605782148e-05                    0                    0                    0                    0                    0                    0                    0                    0                    0                    0                    0                    0                    0                    0                    0                    0
  "BI3.BTV1L1"                            6         "instrument"             1.327628           5.56807755      0.0001645277476          4.389949704     -0.0005318331835        0.03725123671        0.04674764559                    0                    0                    0                    0         -2.735782785      9.605782148e-05                    0                    0                    0                    0                    0                    0                    0                    0                    0                    0                    0                    0                    0                    0                    0                    0
  "DRIFT_3"                               7              "drift"                1.334          5.568082745     -0.0009798528964          4.389965731      -0.001983330861         0.0374333705        0.04697865821                    0                    0                    0                    0         -2.735782173      9.605782148e-05                    0                    0                    0                    0                    0                    0                    0                    0                    0                    0                    0                    0                    0                    0                    0                    0
  "BI3.BCSF1L1"                           8         "instrument"                1.334          5.568082745     -0.0009798528964          4.389965731      -0.001983330861         0.0374333705        0.04697865821                    0                    0                    0                    0         -2.735782173      9.605782148e-05                    0                    0                    0                    0                    0                    0                    0                    0                    0                    0                    0                    0                    0                    0                    0                    0
  "BI3.TSTR1L1"                           9         "instrument"                1.334          5.568082745     -0.0009798528964          4.389965731      -0.001983330861         0.0374333705        0.04697865821                    0                    0                    0                    0         -2.735782173      9.605782148e-05                    0                    0                    0                    0                    0                    0                    0                    0                    0                    0                    0                    0                    0                    0                    0                    0
  "DRIFT_4"                              10              "drift"               1.3975          5.568931359       -0.01238414839          4.391136133       -0.01644819316         0.0392483198        0.04928057692                    0                    0                    0                    0         -2.735776073      9.605782148e-05                    0                    0                    0                    0                    0                    0                    0                    0                    0                    0                    0                    0                    0                    0                    0                    0
  "BI3.BSW1L1.3"                         11              "rbend"               1.7225          5.595950799        -0.0707525899          4.425888105       -0.09048095294        0.04851931281        0.06102438655                    0                    0                    0                    0         -2.735744854      9.605782148e-05                    0                    0                    0                    0                    0                    0                    0                    0                    0                    0                    0                    0                    0                    0                    0                    0
  "DRIFT_5"                              12              "drift"               2.0935          5.673168884        -0.1373824108          4.524378643        -0.1749921956        0.05900648894        0.07423470071                    0                    0                    0                    0         -2.735709217      9.605782148e-05                    0                    0                    0                    0                    0                    0                    0                    0                    0                    0                    0                    0                    0                    0                    0                    0
  "BI3.BSW1L1.4"                         13              "rbend"               2.4185          5.781437195        -0.1957508523          4.662184217        -0.2490249554        0.06804311069        0.08550647869                    0                    0                    0                    0         -2.735677998      9.605782148e-05                    0                    0                    0                    0                    0                    0                    0                    0                    0                    0                    0                    0                    0                    0                    0                    0
  "DRIFT_6"                              14              "drift"                2.456          5.796371065        -0.2024856725          4.681181423        -0.2575671969        0.06907411015        0.08678404547                    0                    0                    0                    0         -2.735674396      9.605782148e-05                    0                    0                    0                    0                    0                    0                    0                    0                    0                    0                    0                    0                    0                    0                    0                    0
  "BI3.TDI1L1"                           15         "collimator"                2.526          5.825599075        -0.2150573368          4.718357017        -0.2735127144        0.07099136697        0.08915466084                    0                    0                    0                    0         -2.735667672      9.605782148e-05                    0                    0                    0                    0                    0                    0                    0                    0                    0                    0                    0                    0                    0                    0                    0                    0
  "DRIFT_7"                              16              "drift"             2.654001          5.883596717        -0.2380457026          4.792109039        -0.3026704599        0.07447134382        0.09343942786                    0                    0                    0                    0         -2.735655376      9.605782148e-05                    0                    0                    0                    0                    0                    0                    0                    0                    0                    0                    0                    0                    0                    0                    0                    0
  "BR.BHZ11"                             17              "sbend"             4.271697          7.112809694        -0.5267129318          6.173948556        -0.5357491831         0.1144339675         0.1415004388                    0                    0                    0                    0         -3.040082894        -0.3788970906                    0                    0                    0                    0                    0                    0                    0                    0                    0                    0                    0                    0                    0                    0                    0                    0
  "DRIFT_8"                              18              "drift"               4.2717          7.112812854        -0.5267134706          6.173951771        -0.5357498085         0.1144340347         0.1415005161                    0                    0                    0                    0          -3.04008403        -0.3788970906                    0                    0                    0                    0                    0                    0                    0                    0                    0                    0                    0                    0                    0                    0                    0                    0
  "BR.SPSCRAP11"                         19         "collimator"               4.2717          7.112812854        -0.5267134706          6.173951771        -0.5357498085         0.1144340347         0.1415005161                    0                    0                    0                    0          -3.04008403        -0.3788970906                    0                    0                    0                    0                    0                    0                    0                    0                    0                    0                    0                    0                    0                    0                    0                    0
  "DRIFT_9"                              20              "drift"             4.514819          7.379536265        -0.5703764772          6.446775156        -0.5864306264         0.1197758067         0.1476352214                    0                    0                    0                    0         -3.132201112        -0.3788970906                    0                    0                    0                    0                    0                    0                    0                    0                    0                    0                    0                    0                    0                    0                    0                    0
  "BR3.VVS1L2"                           21             "marker"             4.514819          7.379536265        -0.5703764772          6.446775156        -0.5864306264         0.1197758067         0.1476352214                    0                    0                    0                    0         -3.132201112        -0.3788970906                    0                    0                    0                    0                    0                    0                    0                    0                    0                    0                    0                    0                    0                    0                    0                    0
  "DRIFT_10"                             22              "drift"             4.638012          7.522794673        -0.5925013492          6.594427163        -0.6121115564         0.1224074184         0.1506424899                    0                    0                    0                    0         -3.178878581        -0.3788970906                    0                    0                    0                    0                    0                    0                    0                    0                    0                    0                    0                    0                    0                    0                    0                    0
  "BR.QFO11"                             23         "quadrupole"             5.141582          6.777003897          1.980569549          8.650325497         -3.720463112         0.1332959402         0.1615944696                    0                    0                    0                    0         -3.072870418         0.7933803571                    0                    0                    0                    0                    0                    0         0.3691955154                    0                    0                    0                    0                    0                    0                    0                    0                    0
  "DRIFT_11"                             24              "drift"             5.467797          5.562119141           1.74361467           11.2602515         -4.280168376          0.141756315         0.1668560099                    0                    0                    0                    0         -2.814057845         0.7933803571                    0                    0                    0                    0                    0                    0                    0                    0                    0                    0                    0                    0                    0                    0                    0                    0
  "BR3.BPM1L3"                           25            "monitor"             5.467797          5.562119141           1.74361467           11.2602515         -4.280168376          0.141756315         0.1668560099                    0                    0                    0                    0         -2.814057845         0.7933803571                    0                    0                    0                    0                    0                    0                    0                    0                    0                    0                    0                    0                    0                    0                    0                    0
  "BR3.ONOH0.1L3"                        26          "multipole"             5.467797          5.562119141           1.74361467           11.2602515         -4.280168376          0.141756315         0.1668560099                    0                    0                    0                    0         -2.814057845         0.7933803571                    0                    0                    0                    0                    0                    0                    0                    0                    0                    0                    0                    0                    0                    0                    0                    0
  "BR3.QSKH0.1L3"                        27          "multipole"             5.467797          5.562119141           1.74361467           11.2602515         -4.280168376          0.141756315         0.1668560099                    0                    0                    0                    0         -2.814057845         0.7933803571                    0                    0                    0                    0                    0                    0                    0                    0                    0                    0                    0                    0                    0                    0                    0                    0
  "BR3.XNOH0.1L3"                        28          "multipole"             5.467797          5.562119141           1.74361467           11.2602515         -4.280168376          0.141756315         0.1668560099                    0                    0                    0                    0         -2.814057845         0.7933803571                    0                    0                    0                    0                    0                    0                    0                    0                    0                    0                    0                    0                    0                    0                    0                    0
  "DRIFT_12"                             29              "drift"             5.795327          4.497869599          1.505704605          14.24807784         -4.842129858         0.1521856954         0.1709719348                    0                    0                    0                    0         -2.554201976         0.7933803571                    0                    0                    0                    0                    0                    0                    0                    0                    0                    0                    0                    0                    0                    0                    0                    0
  "BR.QDE1"                              30         "quadrupole"             6.674267           4.49805885         -1.505959483          14.24930893          4.841006959         0.1866036243         0.1798848502                    0                    0                    0                    0         -2.554275545        -0.7935556641                    0                    0                    0                    0                    0                    0         -0.650624507                    0                    0                    0                    0                    0                    0                    0                    0                    0
  "DRIFT_13"                             31              "drift"             6.816797          4.942106699         -1.609509879          12.90416821          4.596590179         0.1914156059         0.1815577599                    0                    0                    0                    0         -2.667381034        -0.7935556641                    0                    0                    0                    0                    0                    0                    0                    0                    0                    0                    0                    0                    0                    0                    0                    0
  "BI3.KSW1L4"                           32            "hkicker"             7.186797          6.232604118         -1.878320983          9.737453687          3.962097732         0.2020338634         0.1868120378                    0                    0                    0                    0          -2.96099663        -0.7935556641                    0                    0                    0                    0                    0                    0                    0                    0                    0                    0                    0                    0                    0                    0                    0                    0
  "DRIFT_14"                             33              "drift"             7.329012          6.781548828         -1.981642527           8.64519714          3.718221128         0.2055156405         0.1892790584                    0                    0                    0                    0         -3.073852149        -0.7935556641                    0                    0                    0                    0                    0                    0                    0                    0                    0                    0                    0                    0                    0                    0                    0                    0
  "BR.QFO12"                             34         "quadrupole"             7.832582          7.527530684         0.5932186895          6.590587468         0.6116378285         0.2163970773          0.200237487                    0                    0                    0                    0         -3.179856027         0.3790891526                    0                    0                    0                    0                    0                    0         0.3691955154                    0                    0                    0                    0                    0                    0                    0                    0                    0
  "DRIFT_15"                             35              "drift"             7.997852          7.336353672         0.5635369901          6.394111554         0.5771799526         0.2199369167         0.2042898554                    0                    0                    0                    0         -3.117203963         0.3790891526                    0                    0                    0                    0                    0                    0                    0                    0                    0                    0                    0                    0                    0                    0                    0                    0
  "BR3.BPP1L5"                           36            "monitor"             7.997852          7.336353672         0.5635369901          6.394111554         0.5771799526         0.2199369167         0.2042898554                    0                    0                    0                    0         -3.117203963         0.3790891526                    0                    0                    0                    0                    0                    0                    0                    0                    0                    0                    0                    0                    0                    0                    0                    0
  "DRIFT_16"                             37              "drift"             8.199799          7.116068821         0.5272682773          6.169494977         0.5350751263         0.2243858296         0.2094080581                    0                    0                    0                    0         -3.040648046         0.3790891526                    0                    0                    0                    0                    0                    0                    0                    0                    0                    0                    0                    0                    0                    0                    0                    0
  "BR.STSCRAP12"                         38         "collimator"             8.199799          7.116068821         0.5272682773          6.169494977         0.5350751263         0.2243858296         0.2094080581                    0                    0                    0                    0         -3.040648046         0.3790891526                    0                    0                    0                    0                    0                    0                    0                    0                    0                    0                    0                    0                    0                    0                    0                    0
  "DRIFT_17"                             39              "drift"             8.199804          7.116063548         0.5272673793          6.169489626         0.5350740838         0.2243859414         0.2094081871                    0                    0                    0                    0          -3.04064615         0.3790891526                    0                    0                    0                    0                    0                    0                    0                    0                    0                    0                    0                    0                    0                    0                    0                    0
  "BR.BHZ12"                             40              "sbend"               9.8175          5.885068222         0.2386001501          4.790044847         0.3018925725         0.2643341277         0.2574977962                    0                    0                    0                    0         -2.735909928       9.60041646e-05                    0                    0                    0                    0                    0                    0                    0                    0                    0                    0                    0                    0                    0                    0                    0                    0
  "DRIFT_18"                             41              "drift"              10.7355          5.598347535        0.07373175224          4.427736789        0.09277851422         0.2898979727         0.2894367748                    0                    0                    0                    0         -2.735821796       9.60041646e-05                    0                    0                    0                    0                    0                    0                    0                    0                    0                    0                    0                    0                    0                    0                    0                    0
  "BR3.BWS.2L1.V_ROT"                    42            "monitor"              10.7355          5.598347535        0.07373175224          4.427736789        0.09277851422         0.2898979727         0.2894367748                    0                    0                    0                    0         -2.735821796       9.60041646e-05                    0                    0                    0                    0                    0                    0                    0                    0                    0                    0                    0                    0                    0                    0                    0                    0
  "DRIFT_19"                             43              "drift"              10.8335          5.585620944        0.05613142218          4.411739925        0.07045479122         0.2926873213         0.2929660535                    0                    0                    0                    0         -2.735812387       9.60041646e-05                    0                    0                    0                    0                    0                    0                    0                    0                    0                    0                    0                    0                    0                    0                    0                    0
  "BR3.BWS.2L1.H_ROT"                    44            "monitor"              10.8335          5.585620944        0.05613142218          4.411739925        0.07045479122         0.2926873213         0.2929660535                    0                    0                    0                    0         -2.735812387       9.60041646e-05                    0                    0                    0                    0                    0                    0                    0                    0                    0                    0                    0                    0                    0                    0                    0                    0
  "DRIFT_20"                             45              "drift"              11.3695          5.577045043       -0.04013160751          4.401656433       -0.05164230596         0.3079952679         0.3123726165                    0                    0                    0                    0         -2.735760929       9.60041646e-05                    0                    0                    0                    0                    0                    0                    0                    0                    0                    0                    0                    0                    0                    0                    0                    0
  "BI3.KSW2L1"                           46            "hkicker"              11.7395          5.631329017        -0.1065818332          4.471056614        -0.1359257499         0.3185107781         0.3256622652                    0                    0                    0                    0         -2.735725408       9.60041646e-05                    0                    0                    0                    0                    0                    0                    0                    0                    0                    0                    0                    0                    0                    0                    0                    0
  "DRIFT_21"                             47              "drift"            12.471501          5.883596717        -0.2380457026          4.792109523        -0.3026705209         0.3388054715         0.3509372182                    0                    0                    0                    0         -2.735655132       9.60041646e-05                    0                    0                    0                    0                    0                    0                    0                    0                    0                    0                    0                    0                    0                    0                    0                    0
  "BR.BHZ21"                             48              "sbend"            14.089197          7.112809694        -0.5267129318          6.173949175        -0.5357492046         0.3787680952         0.3989982241                    0                    0                    0                    0         -3.040082736        -0.3788971443                    0                    0                    0                    0                    0                    0                    0                    0                    0                    0                    0                    0                    0                    0                    0                    0
  "DRIFT_22"                             49              "drift"           14.0891995          7.112812327        -0.5267133808          6.173951854        -0.5357497258         0.3787681511         0.3989982885                    0                    0                    0                    0         -3.040083683        -0.3788971443                    0                    0                    0                    0                    0                    0                    0                    0                    0                    0                    0                    0                    0                    0                    0                    0
  "BR.STSCRAP21"                         50         "collimator"           14.0891995          7.112812327        -0.5267133808          6.173951854        -0.5357497258         0.3787681511         0.3989982885                    0                    0                    0                    0         -3.040083683        -0.3788971443                    0                    0                    0                    0                    0                    0                    0                    0                    0                    0                    0                    0                    0                    0                    0                    0
  "DRIFT_23"                             51              "drift"            14.455512          7.522794673        -0.5925013492          6.594427795        -0.6121115716         0.3867415461         0.4081402743                    0                    0                    0                    0         -3.178878443        -0.3788971443                    0                    0                    0                    0                    0                    0                    0                    0                    0                    0                    0                    0                    0                    0                    0                    0
  "BR.QFO21"                             52         "quadrupole"            14.959082          6.777003897          1.980569549          8.650326267         -3.720463387         0.3976300678          0.419092253                    0                    0                    0                    0         -3.072870319          0.793380259                    0                    0                    0                    0                    0                    0         0.3691955154                    0                    0                    0                    0                    0                    0                    0                    0                    0
  "DRIFT_24"                             53              "drift"            15.285302          5.562101705          1.743611038          11.26029526         -4.280177257         0.4060905857         0.4243538635                    0                    0                    0                    0         -2.814053811          0.793380259                    0                    0                    0                    0                    0                    0                    0                    0                    0                    0                    0                    0                    0                    0                    0                    0
  "BR3.BPM2L3"                           54            "monitor"            15.285302          5.562101705          1.743611038          11.26029526         -4.280177257         0.4060905857         0.4243538635                    0                    0                    0                    0         -2.814053811          0.793380259                    0                    0                    0                    0                    0                    0                    0                    0                    0                    0                    0                    0                    0                    0                    0                    0
  "BR3.ONOH0.2L3"                        55          "multipole"            15.285302          5.562101705          1.743611038          11.26029526         -4.280177257         0.4060905857         0.4243538635                    0                    0                    0                    0         -2.814053811          0.793380259                    0                    0                    0                    0                    0                    0                    0                    0                    0                    0                    0                    0                    0                    0                    0                    0
  "BR3.QSK2L3"                           56          "multipole"            15.285302          5.562101705          1.743611038          11.26029526         -4.280177257         0.4060905857         0.4243538635                    0                    0                    0                    0         -2.814053811          0.793380259                    0                    0                    0                    0                    0                    0                    0                    0                    0                    0                    0                    0                    0                    0                    0                    0
  "BR3.XNOH0.2L3"                        57          "multipole"            15.285302          5.562101705          1.743611038          11.26029526         -4.280177257         0.4060905857         0.4243538635                    0                    0                    0                    0         -2.814053811          0.793380259                    0                    0                    0                    0                    0                    0                    0                    0                    0                    0                    0                    0                    0                    0                    0                    0
  "DRIFT_25"                             58              "drift"            15.612827          4.497869599          1.505704605            14.248079         -4.842130188         0.4165198231         0.4284697174                    0                    0                    0                    0         -2.554201941          0.793380259                    0                    0                    0                    0                    0                    0                    0                    0                    0                    0                    0                    0                    0                    0                    0                    0
  "BR.QDE2"                              59         "quadrupole"            16.491767           4.49805885         -1.505959483          14.24930999          4.841007392          0.450937752         0.4373826321                    0                    0                    0                    0         -2.554275595        -0.7935557666                    0                    0                    0                    0                    0                    0         -0.650624507                    0                    0                    0                    0                    0                    0                    0                    0                    0
  "DRIFT_26"                             60              "drift"            16.819302           5.56250782         -1.743919064          11.26207839          4.279335759         0.4613667072          0.441498108                    0                    0                    0                    0         -2.814192883        -0.7935557666                    0                    0                    0                    0                    0                    0                    0                    0                    0                    0                    0                    0                    0                    0                    0                    0
  "BR3.DHZ2L4"                           61            "hkicker"            16.819302           5.56250782         -1.743919064          11.26207839          4.279335759         0.4613667072          0.441498108                    0                    0                    0                    0         -2.814192883        -0.7935557666                    0                    0                    0                    0                    0                    0                    0                    0                    0                    0                    0                    0                    0                    0                    0                    0
  "BR3.DVT2L4"                           62            "vkicker"            16.819302           5.56250782         -1.743919064          11.26207839          4.279335759         0.4613667072          0.441498108                    0                    0                    0                    0         -2.814192883        -0.7935557666                    0                    0                    0                    0                    0                    0                    0                    0                    0                    0                    0                    0                    0                    0                    0                    0
  "BR3.OSK2L4"                           63          "multipole"            16.819302           5.56250782         -1.743919064          11.26207839          4.279335759         0.4613667072          0.441498108                    0                    0                    0                    0         -2.814192883        -0.7935557666                    0                    0                    0                    0                    0                    0                    0                    0                    0                    0                    0                    0                    0                    0                    0                    0
  "BR3.XSK2L4"                           64          "multipole"            16.819302           5.56250782         -1.743919064          11.26207839          4.279335759         0.4613667072          0.441498108                    0                    0                    0                    0         -2.814192883        -0.7935557666                    0                    0                    0                    0                    0                    0                    0                    0                    0                    0                    0                    0                    0                    0                    0                    0
  "DRIFT_27"                             65              "drift"            17.146512          6.781548828         -1.981642527          8.645197698          3.718221451         0.4698497682         0.4467768397                    0                    0                    0                    0         -3.073852265        -0.7935557666                    0                    0                    0                    0                    0                    0                    0                    0                    0                    0                    0                    0                    0                    0                    0                    0
  "BR.QFO22"                             66         "quadrupole"            17.650082          7.527530684         0.5932186895          6.590587814         0.6116379519         0.4807312049         0.4577352676                    0                    0                    0                    0         -3.179856183         0.3790891011                    0                    0                    0                    0                    0                    0         0.3691955154                    0                    0                    0                    0                    0                    0                    0                    0                    0
  "DRIFT_28"                             67              "drift"            18.017299          7.116068821         0.5272682773          6.169495234         0.5350752453         0.4887199573         0.4669058383                    0                    0                    0                    0          -3.04064822         0.3790891011                    0                    0                    0                    0                    0                    0                    0                    0                    0                    0                    0                    0                    0                    0                    0                    0
  "BR.STSCRAP22"                         68         "collimator"            18.017299          7.116068821         0.5272682773          6.169495234         0.5350752453         0.4887199573         0.4669058383                    0                    0                    0                    0          -3.04064822         0.3790891011                    0                    0                    0                    0                    0                    0                    0                    0                    0                    0                    0                    0                    0                    0                    0                    0
  "DRIFT_29"                             69              "drift"            18.017304          7.116063548         0.5272673793          6.169489883         0.5350742028         0.4887200691         0.4669059673                    0                    0                    0                    0         -3.040646325         0.3790891011                    0                    0                    0                    0                    0                    0                    0                    0                    0                    0                    0                    0                    0                    0                    0                    0
  "BR.BHZ22"                             70              "sbend"               19.635          5.885068222         0.2386001501          4.790044748         0.3018926695         0.5286682554         0.5149955759                    0                    0                    0                    0         -2.735910185      9.595264019e-05                    0                    0                    0                    0                    0                    0                    0                    0                    0                    0                    0                    0                    0                    0                    0                    0
  "DRIFT_30"                             71              "drift"               20.159          5.684327797         0.1444922629          4.536207751         0.1825290805         0.5431070857         0.5329244947                    0                    0                    0                    0         -2.735859906      9.595264019e-05                    0                    0                    0                    0                    0                    0                    0                    0                    0                    0                    0                    0                    0                    0                    0                    0
  "BR3.DES3L1"                           72            "hkicker"               20.724          5.578382819        0.04302097224          4.402667145        0.05382597409         0.5591028966          0.553100166                    0                    0                    0                    0         -2.735805693      9.595264019e-05                    0                    0                    0                    0                    0                    0                    0                    0                    0                    0                    0                    0                    0                    0                    0                    0
  "HACMAP"                               73             "marker"               20.724          5.578382819        0.04302097224          4.402667145        0.05382597409         0.5591028966          0.553100166                    0                    0                    0                    0         -2.735805693      9.595264019e-05                    0                    0                    0                    0                    0                    0                    0                    0                    0                    0                    0                    0                    0                    0                    0                    0
  "VACMAP"                               74             "marker"               20.724          5.578382819        0.04302097224          4.402667145        0.05382597409         0.5591028966          0.553100166                    0                    0                    0                    0         -2.735805693      9.595264019e-05                    0                    0                    0                    0                    0                    0                    0                    0                    0                    0                    0                    0                    0                    0                    0                    0
  "DRIFT_31"                             75              "drift"               21.098          5.571324191        -0.0241476343          4.394268105       -0.03136864856         0.5697881461         0.5666494159                    0                    0                    0                    0         -2.735769806      9.595264019e-05                    0                    0                    0                    0                    0                    0                    0                    0                    0                    0                    0                    0                    0                    0                    0                    0
  "BR3.ONO3L1"                           76          "multipole"               21.098          5.571324191        -0.0241476343          4.394268105       -0.03136864856         0.5697881461         0.5666494159                    0                    0                    0                    0         -2.735769806      9.595264019e-05                    0                    0                    0                    0                    0                    0                    0                    0                    0                    0                    0                    0                    0                    0                    0                    0
  "BR3.QNO3L1"                           77          "multipole"               21.098          5.571324191        -0.0241476343          4.394268105       -0.03136864856         0.5697881461         0.5666494159                    0                    0                    0                    0         -2.735769806      9.595264019e-05                    0                    0                    0                    0                    0                    0                    0                    0                    0                    0                    0                    0                    0                    0                    0                    0
  "BR3.XNO3L1"                           78          "multipole"               21.098          5.571324191        -0.0241476343          4.394268105       -0.03136864856         0.5697881461         0.5666494159                    0                    0                    0                    0         -2.735769806      9.595264019e-05                    0                    0                    0                    0                    0                    0                    0                    0                    0                    0                    0                    0                    0                    0                    0                    0
  "DRIFT_32"                             79              "drift"               21.678          5.659751274         -0.128312853          4.507285339        -0.1634886516         0.5862563214         0.5874504265                    0                    0                    0                    0         -2.735714154      9.595264019e-05                    0                    0                    0                    0                    0                    0                    0                    0                    0                    0                    0                    0                    0                    0                    0                    0
  "BR3.BPMT3L1"                          80            "monitor"               21.678          5.659751274         -0.128312853          4.507285339        -0.1634886516         0.5862563214         0.5874504265                    0                    0                    0                    0         -2.735714154      9.595264019e-05                    0                    0                    0                    0                    0                    0                    0                    0                    0                    0                    0                    0                    0                    0                    0                    0
  "DRIFT_33"                             81              "drift"           22.2890015          5.883596955        -0.2380457924          4.792109331        -0.3026705827         0.6031396127          0.608435021                    0                    0                    0                    0         -2.735655527      9.595264019e-05                    0                    0                    0                    0                    0                    0                    0                    0                    0                    0                    0                    0                    0                    0                    0                    0
  "BR.BHZ31"                             82              "sbend"           23.9066975           7.11281022        -0.5267130216          6.173949231        -0.5357492931         0.6431022341         0.6564960277                    0                    0                    0                    0         -3.040083213        -0.3788971958                    0                    0                    0                    0                    0                    0                    0                    0                    0                    0                    0                    0                    0                    0                    0                    0
  "DRIFT_34"                             83              "drift"              23.9067          7.112812854        -0.5267134706           6.17395191        -0.5357498142           0.64310229         0.6564960922                    0                    0                    0                    0          -3.04008416        -0.3788971958                    0                    0                    0                    0                    0                    0                    0                    0                    0                    0                    0                    0                    0                    0                    0                    0
  "BR.STSCRAP31"                         84         "collimator"              23.9067          7.112812854        -0.5267134706           6.17395191        -0.5357498142           0.64310229         0.6564960922                    0                    0                    0                    0          -3.04008416        -0.3788971958                    0                    0                    0                    0                    0                    0                    0                    0                    0                    0                    0                    0                    0                    0                    0                    0
  "DRIFT_35"                             85              "drift"            24.273012          7.522794673        -0.5925013492          6.594427306        -0.6121115608         0.6510756737         0.6656380657                    0                    0                    0                    0          -3.17887875        -0.3788971958                    0                    0                    0                    0                    0                    0                    0                    0                    0                    0                    0                    0                    0                    0                    0                    0
  "BR.QFO31"                             86         "quadrupole"            24.776582          6.777003897          1.980569549          8.650325672         -3.720463175         0.6619641955         0.6765900452                    0                    0                    0                    0         -3.072870622         0.7933803218                    0                    0                    0                    0                    0                    0         0.3691955154                    0                    0                    0                    0                    0                    0                    0                    0                    0
  "DRIFT_36"                             87              "drift"            25.102807          5.562084269          1.743607406          11.26033732         -4.280185603         0.6704248565         0.6818517267                    0                    0                    0                    0         -2.814050127         0.7933803218                    0                    0                    0                    0                    0                    0                    0                    0                    0                    0                    0                    0                    0                    0                    0                    0
  "BR3.BPM3L3"                           88            "monitor"            25.102807          5.562084269          1.743607406          11.26033732         -4.280185603         0.6704248565         0.6818517267                    0                    0                    0                    0         -2.814050127         0.7933803218                    0                    0                    0                    0                    0                    0                    0                    0                    0                    0                    0                    0                    0                    0                    0                    0
  "BR3.ONOH0.3L3"                        89          "multipole"            25.102807          5.562084269          1.743607406          11.26033732         -4.280185603         0.6704248565         0.6818517267                    0                    0                    0                    0         -2.814050127         0.7933803218                    0                    0                    0                    0                    0                    0                    0                    0                    0                    0                    0                    0                    0                    0                    0                    0
  "BR3.QSKH0.3L3"                        90          "multipole"            25.102807          5.562084269          1.743607406          11.26033732         -4.280185603         0.6704248565         0.6818517267                    0                    0                    0                    0         -2.814050127         0.7933803218                    0                    0                    0                    0                    0                    0                    0                    0                    0                    0                    0                    0                    0                    0                    0                    0
  "BR3.XNOH0.3L3"                        91          "multipole"            25.102807          5.562084269          1.743607406          11.26033732         -4.280185603         0.6704248565         0.6818517267                    0                    0                    0                    0         -2.814050127         0.7933803218                    0                    0                    0                    0                    0                    0                    0                    0                    0                    0                    0                    0                    0                    0                    0                    0
  "DRIFT_37"                             92              "drift"            25.430327          4.497869599          1.505704605           14.2480781         -4.842129935         0.6808539507         0.6859675102                    0                    0                    0                    0         -2.554202204         0.7933803218                    0                    0                    0                    0                    0                    0                    0                    0                    0                    0                    0                    0                    0                    0                    0                    0
  "BR.QDE3"                              93         "quadrupole"            26.309267           4.49805885         -1.505959483          14.24930918          4.841007058         0.7152718796         0.6948804255                    0                    0                    0                    0         -2.554275875        -0.7935558724                    0                    0                    0                    0                    0                    0         -0.650624507                    0                    0                    0                    0                    0                    0                    0                    0                    0
  "DRIFT_38"                             94              "drift"            26.636807          5.562525259         -1.743922696          11.26203499          4.279326893         0.7257009779         0.6989959722                    0                    0                    0                    0         -2.814197166        -0.7935558724                    0                    0                    0                    0                    0                    0                    0                    0                    0                    0                    0                    0                    0                    0                    0                    0
  "BR3.DHZ3L4"                           95            "hkicker"            26.636807          5.562525259         -1.743922696          11.26203499          4.279326893         0.7257009779         0.6989959722                    0                    0                    0                    0         -2.814197166        -0.7935558724                    0                    0                    0                    0                    0                    0                    0                    0                    0                    0                    0                    0                    0                    0                    0                    0
  "BR3.DVT3L4"                           96            "vkicker"            26.636807          5.562525259         -1.743922696          11.26203499          4.279326893         0.7257009779         0.6989959722                    0                    0                    0                    0         -2.814197166        -0.7935558724                    0                    0                    0                    0                    0                    0                    0                    0                    0                    0                    0                    0                    0                    0                    0                    0
  "DRIFT_39"                             97              "drift"            26.964012          6.781548828         -1.981642527           8.64519727          3.718221202         0.7341838959         0.7042746335                    0                    0                    0                    0         -3.073852615        -0.7935558724                    0                    0                    0                    0                    0                    0                    0                    0                    0                    0                    0                    0                    0                    0                    0                    0
  "BR.QFO32"                             98         "quadrupole"            27.467582          7.527530684         0.5932186895           6.59058755         0.6116378559         0.7450653326          0.715233062                    0                    0                    0                    0         -3.179856552         0.3790891301                    0                    0                    0                    0                    0                    0         0.3691955154                    0                    0                    0                    0                    0                    0                    0                    0                    0
  "DRIFT_40"                             99              "drift"            27.834799          7.116068821         0.5272682773          6.169495039         0.5350751528         0.7530540849          0.724403633                    0                    0                    0                    0         -3.040648579         0.3790891301                    0                    0                    0                    0                    0                    0                    0                    0                    0                    0                    0                    0                    0                    0                    0                    0
  "BR.STSCRAP32"                        100         "collimator"            27.834799          7.116068821         0.5272682773          6.169495039         0.5350751528         0.7530540849          0.724403633                    0                    0                    0                    0         -3.040648579         0.3790891301                    0                    0                    0                    0                    0                    0                    0                    0                    0                    0                    0                    0                    0                    0                    0                    0
  "DRIFT_41"                            101              "drift"            27.834804          7.116063548         0.5272673793          6.169489688         0.5350741103         0.7530541968          0.724403762                    0                    0                    0                    0         -3.040646684         0.3790891301                    0                    0                    0                    0                    0                    0                    0                    0                    0                    0                    0                    0                    0                    0                    0                    0
  "BR.BHZ32"                            102              "sbend"              29.4525          5.885068222         0.2386001501          4.790044829         0.3018925944          0.793002383          0.772493371                    0                    0                    0                    0         -2.735910497      9.598167077e-05                    0                    0                    0                    0                    0                    0                    0                    0                    0                    0                    0                    0                    0                    0                    0                    0
  "DRIFT_42"                            103              "drift"              29.8225          5.733090694         0.1721499244          4.597829184         0.2176091491         0.8031472377         0.7850544402                    0                    0                    0                    0         -2.735874984      9.598167077e-05                    0                    0                    0                    0                    0                    0                    0                    0                    0                    0                    0                    0                    0                    0                    0                    0
  "BR3.ONO4L1"                          104          "multipole"              29.8225          5.733090694         0.1721499244          4.597829184         0.2176091491         0.8031472377         0.7850544402                    0                    0                    0                    0         -2.735874984      9.598167077e-05                    0                    0                    0                    0                    0                    0                    0                    0                    0                    0                    0                    0                    0                    0                    0                    0
  "BR3.OSK4L1"                          105          "multipole"              29.8225          5.733090694         0.1721499244          4.597829184         0.2176091491         0.8031472377         0.7850544402                    0                    0                    0                    0         -2.735874984      9.598167077e-05                    0                    0                    0                    0                    0                    0                    0                    0                    0                    0                    0                    0                    0                    0                    0                    0
  "BR3.XNO4L1"                          106          "multipole"              29.8225          5.733090694         0.1721499244          4.597829184         0.2176091491         0.8031472377         0.7850544402                    0                    0                    0                    0         -2.735874984      9.598167077e-05                    0                    0                    0                    0                    0                    0                    0                    0                    0                    0                    0                    0                    0                    0                    0                    0
  "BR3.XSK4L1"                          107          "multipole"              29.8225          5.733090694         0.1721499244          4.597829184         0.2176091491         0.8031472377         0.7850544402                    0                    0                    0                    0         -2.735874984      9.598167077e-05                    0                    0                    0                    0                    0                    0                    0                    0                    0                    0                    0                    0                    0                    0                    0                    0
  "DRIFT_43"                            108              "drift"              30.3565          5.600447225         0.0762460851           4.43037918        0.09596763619         0.8181682975         0.8039292692                    0                    0                    0                    0          -2.73582373      9.598167077e-05                    0                    0                    0                    0                    0                    0                    0                    0                    0                    0                    0                    0                    0                    0                    0                    0
  "BE3.DHZ4L1"                          109            "hkicker"              30.3565          5.600447225         0.0762460851           4.43037918        0.09596763619         0.8181682975         0.8039292692                    0                    0                    0                    0          -2.73582373      9.598167077e-05                    0                    0                    0                    0                    0                    0                    0                    0                    0                    0                    0                    0                    0                    0                    0                    0
  "BE3.DVT4L1"                          110            "vkicker"              30.3565          5.600447225         0.0762460851           4.43037918        0.09596763619         0.8181682975         0.8039292692                    0                    0                    0                    0          -2.73582373      9.598167077e-05                    0                    0                    0                    0                    0                    0                    0                    0                    0                    0                    0                    0                    0                    0                    0                    0
  "DRIFT_44"                            111              "drift"              30.7885          5.568087383      -0.001339043306          4.389974801      -0.002438981014         0.8304929204         0.8195445362                    0                    0                    0                    0         -2.735782265      9.598167077e-05                    0                    0                    0                    0                    0                    0                    0                    0                    0                    0                    0                    0                    0                    0                    0                    0
  "BR3.BSGHV4L1"                        112            "monitor"              30.7885          5.568087383      -0.001339043306          4.389974801      -0.002438981014         0.8304929204         0.8195445362                    0                    0                    0                    0         -2.735782265      9.598167077e-05                    0                    0                    0                    0                    0                    0                    0                    0                    0                    0                    0                    0                    0                    0                    0                    0
  "DRIFT_45"                            113              "drift"              31.5865          5.684591441        -0.1446560166          4.538926969        -0.1842178711         0.8531439255         0.8481504788                    0                    0                    0                    0         -2.735705672      9.598167077e-05                    0                    0                    0                    0                    0                    0                    0                    0                    0                    0                    0                    0                    0                    0                    0                    0
  "BR3.BWSH4L1"                         114            "monitor"              31.5865          5.684591441        -0.1446560166          4.538926969        -0.1842178711         0.8531439255         0.8481504788                    0                    0                    0                    0         -2.735705672      9.598167077e-05                    0                    0                    0                    0                    0                    0                    0                    0                    0                    0                    0                    0                    0                    0                    0                    0
  "DRIFT_46"                            115              "drift"            32.106501          5.883596717        -0.2380457026          4.792109414        -0.3026705085         0.8674737269         0.8659327943                    0                    0                    0                    0         -2.735655762      9.598167077e-05                    0                    0                    0                    0                    0                    0                    0                    0                    0                    0                    0                    0                    0                    0                    0                    0
  "BR.BHZ41"                            116              "sbend"            33.724197          7.112809694        -0.5267129318          6.173949041        -0.5357492013         0.9074363506         0.9139938013                    0                    0                    0                    0         -3.040083401        -0.3788971668                    0                    0                    0                    0                    0                    0                    0                    0                    0                    0                    0                    0                    0                    0                    0                    0
  "DRIFT_47"                            117              "drift"           33.7241995          7.112812327        -0.5267133808          6.173951719        -0.5357497225         0.9074364065         0.9139938658                    0                    0                    0                    0         -3.040084349        -0.3788971668                    0                    0                    0                    0                    0                    0                    0                    0                    0                    0                    0                    0                    0                    0                    0                    0
  "BR.STSCRAP41"                        118         "collimator"           33.7241995          7.112812327        -0.5267133808          6.173951719        -0.5357497225         0.9074364065         0.9139938658                    0                    0                    0                    0         -3.040084349        -0.3788971668                    0                    0                    0                    0                    0                    0                    0                    0                    0                    0                    0                    0                    0                    0                    0                    0
  "DRIFT_48"                            119              "drift"            34.090512          7.522794673        -0.5925013492          6.594427659        -0.6121115697         0.9154098014         0.9231358517                    0                    0                    0                    0         -3.178879117        -0.3788971668                    0                    0                    0                    0                    0                    0                    0                    0                    0                    0                    0                    0                    0                    0                    0                    0
  "BR.QFO41"                            120         "quadrupole"            34.594082          6.777003897          1.980569549          8.650326103         -3.720463329         0.9262983232         0.9340878307                    0                    0                    0                    0         -3.072870942         0.7933804796                    0                    0                    0                    0                    0                    0         0.3691955154                    0                    0                    0                    0                    0                    0                    0                    0                    0
  "DRIFT_49"                            121              "drift"            34.920312          5.562066833          1.743603774          11.26038066         -4.280194352         0.9347591272         0.9393495826                    0                    0                    0                    0         -2.814046428         0.7933804796                    0                    0                    0                    0                    0                    0                    0                    0                    0                    0                    0                    0                    0                    0                    0                    0
  "BR3.BPM4L3"                          122            "monitor"            34.920312          5.562066833          1.743603774          11.26038066         -4.280194352         0.9347591272         0.9393495826                    0                    0                    0                    0         -2.814046428         0.7933804796                    0                    0                    0                    0                    0                    0                    0                    0                    0                    0                    0                    0                    0                    0                    0                    0
  "BR3.ONOH0.4L3"                       123          "multipole"            34.920312          5.562066833          1.743603774          11.26038066         -4.280194352         0.9347591272         0.9393495826                    0                    0                    0                    0         -2.814046428         0.7933804796                    0                    0                    0                    0                    0                    0                    0                    0                    0                    0                    0                    0                    0                    0                    0                    0
  "BR3.QNO4L3"                          124          "multipole"            34.920312          5.562066833          1.743603774          11.26038066         -4.280194352         0.9347591272         0.9393495826                    0                    0                    0                    0         -2.814046428         0.7933804796                    0                    0                    0                    0                    0                    0                    0                    0                    0                    0                    0                    0                    0                    0                    0                    0
  "BR3.XNOH0.4L3"                       125          "multipole"            34.920312          5.562066833          1.743603774          11.26038066         -4.280194352         0.9347591272         0.9393495826                    0                    0                    0                    0         -2.814046428         0.7933804796                    0                    0                    0                    0                    0                    0                    0                    0                    0                    0                    0                    0                    0                    0                    0                    0
  "DRIFT_50"                            126              "drift"            35.247827          4.497869599          1.505704605          14.24807876          -4.84213012         0.9451880784         0.9434652952                    0                    0                    0                    0          -2.55420242         0.7933804796                    0                    0                    0                    0                    0                    0                    0                    0                    0                    0                    0                    0                    0                    0                    0                    0
  "BR.QDE4"                             127         "quadrupole"            36.126767           4.49805885         -1.505959483          14.24930977            4.8410073         0.9796060073         0.9523782101                    0                    0                    0                    0         -2.554276004        -0.7935558218                    0                    0                    0                    0                    0                    0         -0.650624507                    0                    0                    0                    0                    0                    0                    0                    0                    0
  "DRIFT_51"                            128              "drift"            36.454312          5.562542699         -1.743926329          11.26199264           4.27931853         0.9900352487         0.9564938273                    0                    0                    0                    0         -2.814201246        -0.7935558218                    0                    0                    0                    0                    0                    0                    0                    0                    0                    0                    0                    0                    0                    0                    0                    0
  "BR3.DHZ4L4"                          129            "hkicker"            36.454312          5.562542699         -1.743926329          11.26199264           4.27931853         0.9900352487         0.9564938273                    0                    0                    0                    0         -2.814201246        -0.7935558218                    0                    0                    0                    0                    0                    0                    0                    0                    0                    0                    0                    0                    0                    0                    0                    0
  "BR3.DVT4L4"                          130            "vkicker"            36.454312          5.562542699         -1.743926329          11.26199264           4.27931853         0.9900352487         0.9564938273                    0                    0                    0                    0         -2.814201246        -0.7935558218                    0                    0                    0                    0                    0                    0                    0                    0                    0                    0                    0                    0                    0                    0                    0                    0
  "DRIFT_52"                            131              "drift"            36.781512          6.781548828         -1.981642527          8.645197583          3.718221383         0.9985180235         0.9617724178                    0                    0                    0                    0          -3.07385271        -0.7935558218                    0                    0                    0                    0                    0                    0                    0                    0                    0                    0                    0                    0                    0                    0                    0                    0
  "BR.QFO42"                            132         "quadrupole"            37.285082          7.527530684         0.5932186895          6.590587745         0.6116379246           1.00939946         0.9727308459                    0                    0                    0                    0         -3.179856614         0.3790892103                    0                    0                    0                    0                    0                    0         0.3691955154                    0                    0                    0                    0                    0                    0                    0                    0                    0
  "DRIFT_53"                            133              "drift"             37.45044          7.336254491         0.5635211857          6.394010217         0.5771616997          1.012941209         0.9767854045                    0                    0                    0                    0         -3.117171181         0.3790892103                    0                    0                    0                    0                    0                    0                    0                    0                    0                    0                    0                    0                    0                    0                    0                    0
  "BR3.BPTF4L5"                         134            "monitor"             37.45044          7.336254491         0.5635211857          6.394010217         0.5771616997          1.012941209         0.9767854045                    0                    0                    0                    0         -3.117171181         0.3790892103                    0                    0                    0                    0                    0                    0                    0                    0                    0                    0                    0                    0                    0                    0                    0                    0
  "DRIFT_54"                            135              "drift"            37.652299          7.116068821         0.5272682773          6.169495185          0.535075219          1.017388213         0.9819014166                    0                    0                    0                    0         -3.040648612         0.3790892103                    0                    0                    0                    0                    0                    0                    0                    0                    0                    0                    0                    0                    0                    0                    0                    0
  "BR.STSCRAP42"                        136         "collimator"            37.652299          7.116068821         0.5272682773          6.169495185          0.535075219          1.017388213         0.9819014166                    0                    0                    0                    0         -3.040648612         0.3790892103                    0                    0                    0                    0                    0                    0                    0                    0                    0                    0                    0                    0                    0                    0                    0                    0
  "DRIFT_55"                            137              "drift"            37.652304          7.116063548         0.5272673793          6.169489834         0.5350741766          1.017388324         0.9819015456                    0                    0                    0                    0         -3.040646716         0.3790892103                    0                    0                    0                    0                    0                    0                    0                    0                    0                    0                    0                    0                    0                    0                    0                    0
  "BR.BHZ42"                            138              "sbend"                39.27          5.885068222         0.2386001501          4.790044776         0.3018926486          1.057336511          1.029991154                    0                    0                    0                    0         -2.735910401      9.606186777e-05                    0                    0                    0                    0                    0                    0                    0                    0                    0                    0                    0                    0                    0                    0                    0                    0
  "DRIFT_56"                            139              "drift"            39.521261          5.776504618         0.1934748794          4.652718133         0.2446571253          1.064197258          1.038465912                    0                    0                    0                    0         -2.735886264      9.606186777e-05                    0                    0                    0                    0                    0                    0                    0                    0                    0                    0                    0                    0                    0                    0                    0                    0
  "BR3.ACWF5L1.1"                       140           "rfcavity"            40.464261          5.571315851        0.02411660141          4.393859585        0.02984822756            1.0907764          1.071905069                    0                    0                    0                    0         -2.735795678      9.606186777e-05                    0                    0                    0                    0                    0                    0                    0                    0                    0                    0                    0                    0                    0                    0                    0                    0
  "DRIFT_57"                            141              "drift"            40.575761          5.568170622       0.004091736088          4.390035411       0.004449296383          1.093962716          1.075946029                    0                    0                    0                    0         -2.735784967      9.606186777e-05                    0                    0                    0                    0                    0                    0                    0                    0                    0                    0                    0                    0                    0                    0                    0                    0
  "BR3.ACWF5L1.2"                       142           "rfcavity"            41.518761          5.720158463        -0.1652665419          4.584208829        -0.2103596014          1.120681298          1.109652794                    0                    0                    0                    0         -2.735694381      9.606186777e-05                    0                    0                    0                    0                    0                    0                    0                    0                    0                    0                    0                    0                    0                    0                    0                    0
  "DRIFT_58"                            143              "drift"            41.924001          5.883596717        -0.2380457026          4.792109139        -0.3026704791          1.131807855          1.123430581                    0                    0                    0                    0         -2.735655453      9.606186777e-05                    0                    0                    0                    0                    0                    0                    0                    0                    0                    0                    0                    0                    0                    0                    0                    0
  "BR.BHZ51"                            144              "sbend"            43.541697          7.112809694        -0.5267129318          6.173948707        -0.5357491951          1.171770478          1.171491591                    0                    0                    0                    0         -3.040082963        -0.3788970866                    0                    0                    0                    0                    0                    0                    0                    0                    0                    0                    0                    0                    0                    0                    0                    0
  "DRIFT_59"                            145              "drift"           43.5416995          7.112812327        -0.5267133808          6.173951386        -0.5357497162          1.171770534          1.171491655                    0                    0                    0                    0         -3.040083911        -0.3788970866                    0                    0                    0                    0                    0                    0                    0                    0                    0                    0                    0                    0                    0                    0                    0                    0
  "BR.STSCRAP51"                        146         "collimator"           43.5416995          7.112812327        -0.5267133808          6.173951386        -0.5357497162          1.171770534          1.171491655                    0                    0                    0                    0         -3.040083911        -0.3788970866                    0                    0                    0                    0                    0                    0                    0                    0                    0                    0                    0                    0                    0                    0                    0                    0
  "DRIFT_60"                            147              "drift"            43.908012          7.522794673        -0.5925013492          6.594427322        -0.6121115672          1.179743929          1.180633642                    0                    0                    0                    0          -3.17887865        -0.3788970866                    0                    0                    0                    0                    0                    0                    0                    0                    0                    0                    0                    0                    0                    0                    0                    0
  "BR.QFO51"                            148         "quadrupole"            44.411582          6.777003897          1.980569549          8.650325699         -3.720463191          1.190632451          1.191585621                    0                    0                    0                    0         -3.072870478         0.7933803853                    0                    0                    0                    0                    0                    0         0.3691955154                    0                    0                    0                    0                    0                    0                    0                    0                    0
  "DRIFT_61"                            149              "drift"            44.737806          5.562087756          1.743608133           11.2603288         -4.280183906          1.199093083          1.196847289                    0                    0                    0                    0         -2.814050755         0.7933803853                    0                    0                    0                    0                    0                    0                    0                    0                    0                    0                    0                    0                    0                    0                    0                    0
  "BR3.BPM5L3"                          150            "monitor"            44.737806          5.562087756          1.743608133           11.2603288         -4.280183906          1.199093083          1.196847289                    0                    0                    0                    0         -2.814050755         0.7933803853                    0                    0                    0                    0                    0                    0                    0                    0                    0                    0                    0                    0                    0                    0                    0                    0
  "BR3.ONOH0.5L3"                       151          "multipole"            44.737806          5.562087756          1.743608133           11.2603288         -4.280183906          1.199093083          1.196847289                    0                    0                    0                    0         -2.814050755         0.7933803853                    0                    0                    0                    0                    0                    0                    0                    0                    0                    0                    0                    0                    0                    0                    0                    0
  "BR3.QSKH0.5L3"                       152          "multipole"            44.737806          5.562087756          1.743608133           11.2603288         -4.280183906          1.199093083          1.196847289                    0                    0                    0                    0         -2.814050755         0.7933803853                    0                    0                    0                    0                    0                    0                    0                    0                    0                    0                    0                    0                    0                    0                    0                    0
  "BR3.XNOH0.5L3"                       153          "multipole"            44.737806          5.562087756          1.743608133           11.2603288         -4.280183906          1.199093083          1.196847289                    0                    0                    0                    0         -2.814050755         0.7933803853                    0                    0                    0                    0                    0                    0                    0                    0                    0                    0                    0                    0                    0                    0                    0                    0
  "DRIFT_62"                            154              "drift"            45.065327          4.497869599          1.505704605          14.24807816         -4.842129957          1.209522206          1.200963086                    0                    0                    0                    0         -2.554202018         0.7933803853                    0                    0                    0                    0                    0                    0                    0                    0                    0                    0                    0                    0                    0                    0                    0                    0
  "BR.QDE5"                             155         "quadrupole"            45.944267           4.49805885         -1.505959483          14.24930923          4.841007074          1.243940135          1.209876002                    0                    0                    0                    0         -2.554275573        -0.7935556573                    0                    0                    0                    0                    0                    0         -0.650624507                    0                    0                    0                    0                    0                    0                    0                    0                    0
  "DRIFT_63"                            156              "drift"            46.110806          5.019810931         -1.626952814           12.6844379          4.555418586          1.249519295          1.211847583                    0                    0                    0                    0         -2.686433538        -0.7935556573                    0                    0                    0                    0                    0                    0                    0                    0                    0                    0                    0                    0                    0                    0                    0                    0
  "BR3.DHZ5L4"                          157            "hkicker"            46.110806          5.019810931         -1.626952814           12.6844379          4.555418586          1.249519295          1.211847583                    0                    0                    0                    0         -2.686433538        -0.7935556573                    0                    0                    0                    0                    0                    0                    0                    0                    0                    0                    0                    0                    0                    0                    0                    0
  "BR3.DVT5L4"                          158            "vkicker"            46.110806          5.019810931         -1.626952814           12.6844379          4.555418586          1.249519295          1.211847583                    0                    0                    0                    0         -2.686433538        -0.7935556573                    0                    0                    0                    0                    0                    0                    0                    0                    0                    0                    0                    0                    0                    0                    0                    0
  "DRIFT_64"                            159              "drift"            46.599012          6.781548828         -1.981642527          8.645197308          3.718221215          1.262852151           1.21927021                    0                    0                    0                    0         -3.073852171        -0.7935556573                    0                    0                    0                    0                    0                    0                    0                    0                    0                    0                    0                    0                    0                    0                    0                    0
  "BR.QFO52"                            160         "quadrupole"            47.102582          7.527530684         0.5932186895          6.590587582         0.6116378563          1.273733588          1.230228638                    0                    0                    0                    0         -3.179856044         0.3790891669                    0                    0                    0                    0                    0                    0         0.3691955154                    0                    0                    0                    0                    0                    0                    0                    0                    0
  "DRIFT_65"                            161              "drift"            47.469799          7.116068821         0.5272682773          6.169495071         0.5350751535           1.28172234          1.239399209                    0                    0                    0                    0         -3.040648058         0.3790891669                    0                    0                    0                    0                    0                    0                    0                    0                    0                    0                    0                    0                    0                    0                    0                    0
  "BR.STSCRAP52"                        162         "collimator"            47.469799          7.116068821         0.5272682773          6.169495071         0.5350751535           1.28172234          1.239399209                    0                    0                    0                    0         -3.040648058         0.3790891669                    0                    0                    0                    0                    0                    0                    0                    0                    0                    0                    0                    0                    0                    0                    0                    0
  "DRIFT_66"                            163              "drift"            47.469804          7.116063548         0.5272673793           6.16948972         0.5350741111          1.281722452          1.239399338                    0                    0                    0                    0         -3.040646162         0.3790891669                    0                    0                    0                    0                    0                    0                    0                    0                    0                    0                    0                    0                    0                    0                    0                    0
  "BR.BHZ52"                            164              "sbend"              49.0875          5.885068222         0.2386001501          4.790044855         0.3018925973          1.321670638          1.287488947                    0                    0                    0                    0         -2.735909917      9.601841099e-05                    0                    0                    0                    0                    0                    0                    0                    0                    0                    0                    0                    0                    0                    0                    0                    0
  "DRIFT_67"                            165              "drift"              49.4575          5.733090694         0.1721499244          4.597829207         0.2176091524          1.331815493          1.300050016                    0                    0                    0                    0          -2.73587439      9.601841099e-05                    0                    0                    0                    0                    0                    0                    0                    0                    0                    0                    0                    0                    0                    0                    0                    0
  "BR3.ONO6L1"                          166          "multipole"              49.4575          5.733090694         0.1721499244          4.597829207         0.2176091524          1.331815493          1.300050016                    0                    0                    0                    0          -2.73587439      9.601841099e-05                    0                    0                    0                    0                    0                    0                    0                    0                    0                    0                    0                    0                    0                    0                    0                    0
  "BR3.OSK6L1"                          167          "multipole"              49.4575          5.733090694         0.1721499244          4.597829207         0.2176091524          1.331815493          1.300050016                    0                    0                    0                    0          -2.73587439      9.601841099e-05                    0                    0                    0                    0                    0                    0                    0                    0                    0                    0                    0                    0                    0                    0                    0                    0
  "BR3.XNO6L1"                          168          "multipole"              49.4575          5.733090694         0.1721499244          4.597829207         0.2176091524          1.331815493          1.300050016                    0                    0                    0                    0          -2.73587439      9.601841099e-05                    0                    0                    0                    0                    0                    0                    0                    0                    0                    0                    0                    0                    0                    0                    0                    0
  "BR3.XSK6L1"                          169          "multipole"              49.4575          5.733090694         0.1721499244          4.597829207         0.2176091524          1.331815493          1.300050016                    0                    0                    0                    0          -2.73587439      9.601841099e-05                    0                    0                    0                    0                    0                    0                    0                    0                    0                    0                    0                    0                    0                    0                    0                    0
  "DRIFT_68"                            170              "drift"           51.7415015          5.883596955        -0.2380457924          4.792109721        -0.3026706172          1.396141996          1.380928386                    0                    0                    0                    0         -2.735655084      9.601841099e-05                    0                    0                    0                    0                    0                    0                    0                    0                    0                    0                    0                    0                    0                    0                    0                    0
  "BR.BHZ61"                            171              "sbend"           53.3591975           7.11281022        -0.5267130216          6.173949679        -0.5357492939          1.436104617          1.428989389                    0                    0                    0                    0         -3.040082664        -0.3788971301                    0                    0                    0                    0                    0                    0                    0                    0                    0                    0                    0                    0                    0                    0                    0                    0
  "DRIFT_69"                            172              "drift"              53.3592          7.112812854        -0.5267134706          6.173952358         -0.535749815          1.436104673          1.428989454                    0                    0                    0                    0         -3.040083612        -0.3788971301                    0                    0                    0                    0                    0                    0                    0                    0                    0                    0                    0                    0                    0                    0                    0                    0
  "BR.STSCRAP61"                        173         "collimator"              53.3592          7.112812854        -0.5267134706          6.173952358         -0.535749815          1.436104673          1.428989454                    0                    0                    0                    0         -3.040083612        -0.3788971301                    0                    0                    0                    0                    0                    0                    0                    0                    0                    0                    0                    0                    0                    0                    0                    0
  "DRIFT_70"                            174              "drift"            53.725512          7.522794673        -0.5925013492          6.594427752        -0.6121115561          1.444078057          1.438131427                    0                    0                    0                    0         -3.178878177        -0.3788971301                    0                    0                    0                    0                    0                    0                    0                    0                    0                    0                    0                    0                    0                    0                    0                    0
  "BR.QFO61"                            175         "quadrupole"            54.229082          6.777003897          1.980569549          8.650326198         -3.720463346          1.454966579          1.449083405                    0                    0                    0                    0          -3.07287007         0.7933801766                    0                    0                    0                    0                    0                    0         0.3691955154                    0                    0                    0                    0                    0                    0                    0                    0                    0
  "DRIFT_71"                            176              "drift"            54.555311           5.56207032          1.743604501           11.2603722         -4.280192651          1.463427354          1.454345143                    0                    0                    0                    0         -2.814046448         0.7933801766                    0                    0                    0                    0                    0                    0                    0                    0                    0                    0                    0                    0                    0                    0                    0                    0
  "BR3.BPM6L3"                          177            "monitor"            54.555311           5.56207032          1.743604501           11.2603722         -4.280192651          1.463427354          1.454345143                    0                    0                    0                    0         -2.814046448         0.7933801766                    0                    0                    0                    0                    0                    0                    0                    0                    0                    0                    0                    0                    0                    0                    0                    0
  "BR3.ONOH0.6L3"                       178          "multipole"            54.555311           5.56207032          1.743604501           11.2603722         -4.280192651          1.463427354          1.454345143                    0                    0                    0                    0         -2.814046448         0.7933801766                    0                    0                    0                    0                    0                    0                    0                    0                    0                    0                    0                    0                    0                    0                    0                    0
  "BR3.QSK6L3"                          179          "multipole"            54.555311           5.56207032          1.743604501           11.2603722         -4.280192651          1.463427354          1.454345143                    0                    0                    0                    0         -2.814046448         0.7933801766                    0                    0                    0                    0                    0                    0                    0                    0                    0                    0                    0                    0                    0                    0                    0                    0
  "BR3.XNOH0.6L3"                       180          "multipole"            54.555311           5.56207032          1.743604501           11.2603722         -4.280192651          1.463427354          1.454345143                    0                    0                    0                    0         -2.814046448         0.7933801766                    0                    0                    0                    0                    0                    0                    0                    0                    0                    0                    0                    0                    0                    0                    0                    0
  "DRIFT_72"                            181              "drift"            54.882827          4.497869599          1.505704605          14.24807887         -4.842130134          1.473856334           1.45846087                    0                    0                    0                    0         -2.554201746         0.7933801766                    0                    0                    0                    0                    0                    0                    0                    0                    0                    0                    0                    0                    0                    0                    0                    0
  "BR.QDE6"                             182         "quadrupole"            55.761767           4.49805885         -1.505959483          14.24930984          4.841007351          1.508274263          1.467373785                    0                    0                    0                    0         -2.554275421        -0.7935557343                    0                    0                    0                    0                    0                    0         -0.650624507                    0                    0                    0                    0                    0                    0                    0                    0                    0
  "DRIFT_73"                            183              "drift"            56.089311          5.562539211         -1.743925602          11.26200124          4.279320288          1.518703475          1.471489388                    0                    0                    0                    0          -2.81419984        -0.7935557343                    0                    0                    0                    0                    0                    0                    0                    0                    0                    0                    0                    0                    0                    0                    0                    0
  "BR3.DHZ6L4"                          184            "hkicker"            56.089311          5.562539211         -1.743925602          11.26200124          4.279320288          1.518703475          1.471489388                    0                    0                    0                    0          -2.81419984        -0.7935557343                    0                    0                    0                    0                    0                    0                    0                    0                    0                    0                    0                    0                    0                    0                    0                    0
  "BR3.DVT6L4"                          185            "vkicker"            56.089311          5.562539211         -1.743925602          11.26200124          4.279320288          1.518703475          1.471489388                    0                    0                    0                    0          -2.81419984        -0.7935557343                    0                    0                    0                    0                    0                    0                    0                    0                    0                    0                    0                    0                    0                    0                    0                    0
  "BR3.OSK6L4"                          186          "multipole"            56.089311          5.562539211         -1.743925602          11.26200124          4.279320288          1.518703475          1.471489388                    0                    0                    0                    0          -2.81419984        -0.7935557343                    0                    0                    0                    0                    0                    0                    0                    0                    0                    0                    0                    0                    0                    0                    0                    0
  "BR3.XSK6L4"                          187          "multipole"            56.089311          5.562539211         -1.743925602          11.26200124          4.279320288          1.518703475          1.471489388                    0                    0                    0                    0          -2.81419984        -0.7935557343                    0                    0                    0                    0                    0                    0                    0                    0                    0                    0                    0                    0                    0                    0                    0                    0
  "DRIFT_74"                            188              "drift"            56.416512          6.781548828         -1.981642527          8.645197601          3.718221417          1.527186279          1.476767992                    0                    0                    0                    0          -3.07385207        -0.7935557343                    0                    0                    0                    0                    0                    0                    0                    0                    0                    0                    0                    0                    0                    0                    0                    0
  "BR.QFO62"                            189         "quadrupole"            56.920082          7.527530684         0.5932186895          6.590587735         0.6116379501          1.538067716           1.48772642                    0                    0                    0                    0          -3.17985599         0.3790890606                    0                    0                    0                    0                    0                    0         0.3691955154                    0                    0                    0                    0                    0                    0                    0                    0                    0
  "DRIFT_75"                            190              "drift"              57.2873          7.116067767         0.5272680977          6.169494086         0.5350750342           1.54605649          1.496897017                    0                    0                    0                    0         -3.040647663         0.3790890606                    0                    0                    0                    0                    0                    0                    0                    0                    0                    0                    0                    0                    0                    0                    0                    0
  "BR.STSCRAP62"                        191         "collimator"              57.2873          7.116067767         0.5272680977          6.169494086         0.5350750342           1.54605649          1.496897017                    0                    0                    0                    0         -3.040647663         0.3790890606                    0                    0                    0                    0                    0                    0                    0                    0                    0                    0                    0                    0                    0                    0                    0                    0
  "DRIFT_76"                            192              "drift"           57.2873045          7.116063021         0.5272672895          6.169489271          0.535074096          1.546056591          1.496897133                    0                    0                    0                    0         -3.040645957         0.3790890606                    0                    0                    0                    0                    0                    0                    0                    0                    0                    0                    0                    0                    0                    0                    0                    0
  "BR.BHZ62"                            193              "sbend"           58.9050005          5.885067983         0.2386000603          4.790044502         0.3018925534           1.58600478          1.544986745                    0                    0                    0                    0         -2.735909882      9.591213645e-05                    0                    0                    0                    0                    0                    0                    0                    0                    0                    0                    0                    0                    0                    0                    0                    0
  "DRIFT_77"                            194              "drift"            59.156261          5.776504618         0.1934748794          4.652718152         0.2446571437          1.592865513          1.553461487                    0                    0                    0                    0         -2.735885783      9.591213645e-05                    0                    0                    0                    0                    0                    0                    0                    0                    0                    0                    0                    0                    0                    0                    0                    0
  "BR3.ACWF7L1.1"                       195           "rfcavity"            60.099261          5.571315851        0.02411660141          4.393859571        0.02984824504          1.619444656          1.586900644                    0                    0                    0                    0         -2.735795338      9.591213645e-05                    0                    0                    0                    0                    0                    0                    0                    0                    0                    0                    0                    0                    0                    0                    0                    0
  "DRIFT_78"                            196              "drift"            60.210761          5.568170622       0.004091736088          4.390035393       0.004449313751          1.622630972          1.590941604                    0                    0                    0                    0         -2.735784644      9.591213645e-05                    0                    0                    0                    0                    0                    0                    0                    0                    0                    0                    0                    0                    0                    0                    0                    0
  "BR3.ACWF7L1.2"                       197           "rfcavity"            61.153761          5.720158463        -0.1652665419          4.584208779         -0.210359585          1.649349553          1.624648369                    0                    0                    0                    0         -2.735694199      9.591213645e-05                    0                    0                    0                    0                    0                    0                    0                    0                    0                    0                    0                    0                    0                    0                    0                    0
  "DRIFT_79"                            198              "drift"           61.5590015          5.883596955        -0.2380457924          4.792109378         -0.302670577          1.660476123          1.638426173                    0                    0                    0                    0         -2.735655331      9.591213645e-05                    0                    0                    0                    0                    0                    0                    0                    0                    0                    0                    0                    0                    0                    0                    0                    0
  "BR.BHZ71"                            199              "sbend"           63.1766975           7.11281022        -0.5267130216          6.173949251         -0.535749282          1.700438745          1.686487179                    0                    0                    0                    0         -3.040083083        -0.3788972363                    0                    0                    0                    0                    0                    0                    0                    0                    0                    0                    0                    0                    0                    0                    0                    0
  "DRIFT_80"                            200              "drift"              63.1767          7.112812854        -0.5267134706          6.173951929        -0.5357498032          1.700438801          1.686487244                    0                    0                    0                    0          -3.04008403        -0.3788972363                    0                    0                    0                    0                    0                    0                    0                    0                    0                    0                    0                    0                    0                    0                    0                    0
  "BR.STSCRAP71"                        201         "collimator"              63.1767          7.112812854        -0.5267134706          6.173951929        -0.5357498032          1.700438801          1.686487244                    0                    0                    0                    0          -3.04008403        -0.3788972363                    0                    0                    0                    0                    0                    0                    0                    0                    0                    0                    0                    0                    0                    0                    0                    0
  "DRIFT_81"                            202              "drift"            63.543012          7.522794673        -0.5925013492          6.594427317        -0.6121115488          1.708412184          1.695629217                    0                    0                    0                    0         -3.178878635        -0.3788972363                    0                    0                    0                    0                    0                    0                    0                    0                    0                    0                    0                    0                    0                    0                    0                    0
  "BR.QFO71"                            203         "quadrupole"            64.046582          6.777003897          1.980569549          8.650325671         -3.720463162          1.719300706          1.706581197                    0                    0                    0                    0         -3.072870537         0.7933802438                    0                    0                    0                    0                    0                    0         0.3691955154                    0                    0                    0                    0                    0                    0                    0                    0                    0
  "DRIFT_82"                            204              "drift"            64.372816          5.562052884          1.743600869          11.26041435         -4.280201028          1.727761625          1.711843005                    0                    0                    0                    0         -2.814042927         0.7933802438                    0                    0                    0                    0                    0                    0                    0                    0                    0                    0                    0                    0                    0                    0                    0                    0
  "BR3.BPM7L3"                          205            "monitor"            64.372816          5.562052884          1.743600869          11.26041435         -4.280201028          1.727761625          1.711843005                    0                    0                    0                    0         -2.814042927         0.7933802438                    0                    0                    0                    0                    0                    0                    0                    0                    0                    0                    0                    0                    0                    0                    0                    0
  "BR3.ONOH0.7L3"                       206          "multipole"            64.372816          5.562052884          1.743600869          11.26041435         -4.280201028          1.727761625          1.711843005                    0                    0                    0                    0         -2.814042927         0.7933802438                    0                    0                    0                    0                    0                    0                    0                    0                    0                    0                    0                    0                    0                    0                    0                    0
  "BR3.QSKH0.7L3"                       207          "multipole"            64.372816          5.562052884          1.743600869          11.26041435         -4.280201028          1.727761625          1.711843005                    0                    0                    0                    0         -2.814042927         0.7933802438                    0                    0                    0                    0                    0                    0                    0                    0                    0                    0                    0                    0                    0                    0                    0                    0
  "BR3.XNOH0.7L3"                       208          "multipole"            64.372816          5.562052884          1.743600869          11.26041435         -4.280201028          1.727761625          1.711843005                    0                    0                    0                    0         -2.814042927         0.7933802438                    0                    0                    0                    0                    0                    0                    0                    0                    0                    0                    0                    0                    0                    0                    0                    0
  "DRIFT_83"                            209              "drift"            64.700327          4.497869599          1.505704605          14.24807808         -4.842129914          1.738190461          1.715958662                    0                    0                    0                    0          -2.55420217         0.7933802438                    0                    0                    0                    0                    0                    0                    0                    0                    0                    0                    0                    0                    0                    0                    0                    0
  "BR.QDE7"                             210         "quadrupole"            65.579267           4.49805885         -1.505959483          14.24930913          4.841007055           1.77260839          1.724871577                    0                    0                    0                    0         -2.554275906        -0.7935559496                    0                    0                    0                    0                    0                    0         -0.650624507                    0                    0                    0                    0                    0                    0                    0                    0                    0
  "DRIFT_84"                            211              "drift"            65.906816           5.56255665         -1.743929235          11.26195792          4.279311456          1.783037746          1.728987251                    0                    0                    0                    0         -2.814204364        -0.7935559496                    0                    0                    0                    0                    0                    0                    0                    0                    0                    0                    0                    0                    0                    0                    0                    0
  "BR3.DSHAH7L4"                        212            "hkicker"            65.906816           5.56255665         -1.743929235          11.26195792          4.279311456          1.783037746          1.728987251                    0                    0                    0                    0         -2.814204364        -0.7935559496                    0                    0                    0                    0                    0                    0                    0                    0                    0                    0                    0                    0                    0                    0                    0                    0
  "BR3.DSHAV7L4"                        213            "vkicker"            65.906816           5.56255665         -1.743929235          11.26195792          4.279311456          1.783037746          1.728987251                    0                    0                    0                    0         -2.814204364        -0.7935559496                    0                    0                    0                    0                    0                    0                    0                    0                    0                    0                    0                    0                    0                    0                    0                    0
  "DRIFT_85"                            214              "drift"            66.234012          6.781548828         -1.981642527           8.64519723          3.718221197          1.791520407          1.734265785                    0                    0                    0                    0         -3.073852697        -0.7935559496                    0                    0                    0                    0                    0                    0                    0                    0                    0                    0                    0                    0                    0                    0                    0                    0
  "BR.QFO72"                            215         "quadrupole"            66.737582          7.527530684         0.5932186895          6.590587509         0.6116378637          1.802401843          1.745224213                    0                    0                    0                    0         -3.179856664         0.3790890893                    0                    0                    0                    0                    0                    0         0.3691955154                    0                    0                    0                    0                    0                    0                    0                    0                    0
  "DRIFT_86"                            216              "drift"              67.1048          7.116067767         0.5272680977          6.169493923          0.535074951          1.810390618           1.75439481                    0                    0                    0                    0         -3.040648327         0.3790890893                    0                    0                    0                    0                    0                    0                    0                    0                    0                    0                    0                    0                    0                    0                    0                    0
  "BR.STSCRAP72"                        217         "collimator"              67.1048          7.116067767         0.5272680977          6.169493923          0.535074951          1.810390618           1.75439481                    0                    0                    0                    0         -3.040648327         0.3790890893                    0                    0                    0                    0                    0                    0                    0                    0                    0                    0                    0                    0                    0                    0                    0                    0
  "DRIFT_87"                            218              "drift"           67.1048045          7.116063021         0.5272672895          6.169489107         0.5350740128          1.810390719          1.754394926                    0                    0                    0                    0         -3.040646621         0.3790890893                    0                    0                    0                    0                    0                    0                    0                    0                    0                    0                    0                    0                    0                    0                    0                    0
  "BR.BHZ72"                            219              "sbend"           68.7225005          5.885067983         0.2386000603          4.790044585         0.3018924868          1.850338907          1.802484539                    0                    0                    0                    0           -2.7359105      9.594081564e-05                    0                    0                    0                    0                    0                    0                    0                    0                    0                    0                    0                    0                    0                    0                    0                    0
  "DRIFT_88"                            220              "drift"             69.08625          5.735249583         0.1732723944           4.60055825          0.219032863          1.860310276           1.81482931                    0                    0                    0                    0         -2.735875602      9.594081564e-05                    0                    0                    0                    0                    0                    0                    0                    0                    0                    0                    0                    0                    0                    0                    0                    0
  "BR3.ONO8L1"                          221          "multipole"             69.08625          5.735249583         0.1732723944           4.60055825          0.219032863          1.860310276           1.81482931                    0                    0                    0                    0         -2.735875602      9.594081564e-05                    0                    0                    0                    0                    0                    0                    0                    0                    0                    0                    0                    0                    0                    0                    0                    0
  "BR3.QNO8L1"                          222          "multipole"             69.08625          5.735249583         0.1732723944           4.60055825          0.219032863          1.860310276           1.81482931                    0                    0                    0                    0         -2.735875602      9.594081564e-05                    0                    0                    0                    0                    0                    0                    0                    0                    0                    0                    0                    0                    0                    0                    0                    0
  "BR3.XNO8L1"                          223          "multipole"             69.08625          5.735249583         0.1732723944           4.60055825          0.219032863          1.860310276           1.81482931                    0                    0                    0                    0         -2.735875602      9.594081564e-05                    0                    0                    0                    0                    0                    0                    0                    0                    0                    0                    0                    0                    0                    0                    0                    0
  "DRIFT_89"                            224              "drift"             69.59625          5.605224454        0.08167884004          4.436393713         0.1028583854          1.874645518          1.832834461                    0                    0                    0                    0         -2.735826672      9.594081564e-05                    0                    0                    0                    0                    0                    0                    0                    0                    0                    0                    0                    0                    0                    0                    0                    0
  "BR3.DHZ8L1"                          225            "hkicker"             69.59625          5.605224454        0.08167884004          4.436393713         0.1028583854          1.874645518          1.832834461                    0                    0                    0                    0         -2.735826672      9.594081564e-05                    0                    0                    0                    0                    0                    0                    0                    0                    0                    0                    0                    0                    0                    0                    0                    0
  "BR3.DVT8L1"                          226            "vkicker"             69.59625          5.605224454        0.08167884004          4.436393713         0.1028583854          1.874645518          1.832834461                    0                    0                    0                    0         -2.735826672      9.594081564e-05                    0                    0                    0                    0                    0                    0                    0                    0                    0                    0                    0                    0                    0                    0                    0                    0
  "DRIFT_90"                            227              "drift"             69.94025           5.57028199        0.01989808964          4.392583268        0.02449756122          1.884449854          1.845249385                    0                    0                    0                    0         -2.735793668      9.594081564e-05                    0                    0                    0                    0                    0                    0                    0                    0                    0                    0                    0                    0                    0                    0                    0                    0
  "BR3.BCTI8L1"                         228            "monitor"             70.46955          5.599532994       -0.07516165218          4.430468318       -0.09607332311          1.899556214          1.864391272                    0                    0                    0                    0         -2.735742887      9.594081564e-05                    0                    0                    0                    0                    0                    0                    0                    0                    0                    0                    0                    0                    0                    0                    0                    0
  "DRIFT_91"                            229              "drift"            70.565273          5.615568003       -0.09235304395          4.450948415        -0.1178783614          1.902273184          1.867822258                    0                    0                    0                    0         -2.735733703      9.594081564e-05                    0                    0                    0                    0                    0                    0                    0                    0                    0                    0                    0                    0                    0                    0                    0                    0
  "BR3.BCW8L1"                          230            "monitor"            70.905773          5.699282739        -0.1535052111          4.557633968        -0.1954419097            1.9118582          1.879865844                    0                    0                    0                    0         -2.735701035      9.594081564e-05                    0                    0                    0                    0                    0                    0                    0                    0                    0                    0                    0                    0                    0                    0                    0                    0
  "DRIFT_92"                            231              "drift"            71.041223           5.74416228        -0.1778313816          4.614758433        -0.2262964842          1.915626247          1.884567145                    0                    0                    0                    0          -2.73568804      9.594081564e-05                    0                    0                    0                    0                    0                    0                    0                    0                    0                    0                    0                    0                    0                    0                    0                    0
  "BR3.VVS8L1"                          232             "marker"            71.041223           5.74416228        -0.1778313816          4.614758433        -0.2262964842          1.915626247          1.884567145                    0                    0                    0                    0          -2.73568804      9.594081564e-05                    0                    0                    0                    0                    0                    0                    0                    0                    0                    0                    0                    0                    0                    0                    0                    0
  "DRIFT_93"                            233              "drift"            71.188223          5.800325579        -0.2042318767          4.686211981        -0.2597820689          1.919679884          1.889598957                    0                    0                    0                    0         -2.735673937      9.594081564e-05                    0                    0                    0                    0                    0                    0                    0                    0                    0                    0                    0                    0                    0                    0                    0                    0
  "BR3.BPP8L1"                          234            "monitor"            71.188223          5.800325579        -0.2042318767          4.686211981        -0.2597820689          1.919679884          1.889598957                    0                    0                    0                    0         -2.735673937      9.594081564e-05                    0                    0                    0                    0                    0                    0                    0                    0                    0                    0                    0                    0                    0                    0                    0                    0
  "DRIFT_94"                            235              "drift"            71.376501          5.883596717        -0.2380457026          4.792109425        -0.3026704969          1.924810238          1.895923945                    0                    0                    0                    0         -2.735655873      9.594081564e-05                    0                    0                    0                    0                    0                    0                    0                    0                    0                    0                    0                    0                    0                    0                    0                    0
  "BR.BHZ81"                            236              "sbend"            72.994197          7.112809694        -0.5267129318          6.173949009        -0.5357491872          1.964772861          1.943984952                    0                    0                    0                    0         -3.040083579        -0.3788972076                    0                    0                    0                    0                    0                    0                    0                    0                    0                    0                    0                    0                    0                    0                    0                    0
  "DRIFT_95"                            237              "drift"           72.9941995          7.112812327        -0.5267133808          6.173951688        -0.5357497084          1.964772917          1.943985016                    0                    0                    0                    0         -3.040084526        -0.3788972076                    0                    0                    0                    0                    0                    0                    0                    0                    0                    0                    0                    0                    0                    0                    0                    0
  "BR.STSCRAP81"                        238         "collimator"           72.9941995          7.112812327        -0.5267133808          6.173951688        -0.5357497084          1.964772917          1.943985016                    0                    0                    0                    0         -3.040084526        -0.3788972076                    0                    0                    0                    0                    0                    0                    0                    0                    0                    0                    0                    0                    0                    0                    0                    0
  "DRIFT_96"                            239              "drift"            73.360512          7.522794673        -0.5925013492          6.594427617        -0.6121115551          1.972746312          1.953127002                    0                    0                    0                    0         -3.178879309        -0.3788972076                    0                    0                    0                    0                    0                    0                    0                    0                    0                    0                    0                    0                    0                    0                    0                    0
  "BR.QFO81"                            240         "quadrupole"            73.864082          6.777003897          1.980569549          8.650326036         -3.720463291          1.983634834          1.964078981                    0                    0                    0                    0         -3.072871136         0.7933805113                    0                    0                    0                    0                    0                    0         0.3691955154                    0                    0                    0                    0                    0                    0                    0                    0                    0
  "DRIFT_97"                            241              "drift"            74.190321          5.562035448          1.743597237          11.26045761         -4.280209748          1.992095895          1.969340861                    0                    0                    0                    0         -2.814039472         0.7933805113                    0                    0                    0                    0                    0                    0                    0                    0                    0                    0                    0                    0                    0                    0                    0                    0
  "BR3.BPM8L3"                          242            "monitor"            74.190321          5.562035448          1.743597237          11.26045761         -4.280209748          1.992095895          1.969340861                    0                    0                    0                    0         -2.814039472         0.7933805113                    0                    0                    0                    0                    0                    0                    0                    0                    0                    0                    0                    0                    0                    0                    0                    0
  "BR3.ONOH0.8L3"                       243          "multipole"            74.190321          5.562035448          1.743597237          11.26045761         -4.280209748          1.992095895          1.969340861                    0                    0                    0                    0         -2.814039472         0.7933805113                    0                    0                    0                    0                    0                    0                    0                    0                    0                    0                    0                    0                    0                    0                    0                    0
  "BR3.QNO8L3"                          244          "multipole"            74.190321          5.562035448          1.743597237          11.26045761         -4.280209748          1.992095895          1.969340861                    0                    0                    0                    0         -2.814039472         0.7933805113                    0                    0                    0                    0                    0                    0                    0                    0                    0                    0                    0                    0                    0                    0                    0                    0
  "BR3.XNOH0.8L3"                       245          "multipole"            74.190321          5.562035448          1.743597237          11.26045761         -4.280209748          1.992095895          1.969340861                    0                    0                    0                    0         -2.814039472         0.7933805113                    0                    0                    0                    0                    0                    0                    0                    0                    0                    0                    0                    0                    0                    0                    0                    0
  "DRIFT_98"                            246              "drift"            74.517827          4.497869599          1.505704605          14.24807863         -4.842130068          2.002524589          1.973456446                    0                    0                    0                    0         -2.554202594         0.7933805113                    0                    0                    0                    0                    0                    0                    0                    0                    0                    0                    0                    0                    0                    0                    0                    0
  "BR.QDE8"                             247         "quadrupole"            75.396767           4.49805885         -1.505959483          14.24930963           4.84100726          2.036942518          1.982369361                    0                    0                    0                    0         -2.554276199        -0.7935559049                    0                    0                    0                    0                    0                    0         -0.650624507                    0                    0                    0                    0                    0                    0                    0                    0                    0
  "DRIFT_99"                            248              "drift"            75.693797          5.456787382         -1.721756678          11.52475614          4.331646976          2.046490243          1.986058683                    0                    0                    0                    0          -2.78998611        -0.7935559049                    0                    0                    0                    0                    0                    0                    0                    0                    0                    0                    0                    0                    0                    0                    0                    0
  "BR3.TSAA8L4"                         249         "collimator"            75.693797          5.456787382         -1.721756678          11.52475614          4.331646976          2.046490243          1.986058683                    0                    0                    0                    0          -2.78998611        -0.7935559049                    0                    0                    0                    0                    0                    0                    0                    0                    0                    0                    0                    0                    0                    0                    0                    0
  "DRIFT_100"                           250              "drift"            75.865797          6.070564943         -1.846717516          10.08540154           4.03669371           2.05124721          1.988597928                    0                    0                    0                    0         -2.926477725        -0.7935559049                    0                    0                    0                    0                    0                    0                    0                    0                    0                    0                    0                    0                    0                    0                    0                    0
  "BR3.TSAB8L4"                         251         "collimator"            75.865797          6.070564943         -1.846717516          10.08540154           4.03669371           2.05124721          1.988597928                    0                    0                    0                    0         -2.926477725        -0.7935559049                    0                    0                    0                    0                    0                    0                    0                    0                    0                    0                    0                    0                    0                    0                    0                    0
  "DRIFT_101"                           252              "drift"            76.051512          6.781548828         -1.981642527          8.645197491           3.71822135          2.055854534          1.991763569                    0                    0                    0                    0          -3.07385296        -0.7935559049                    0                    0                    0                    0                    0                    0                    0                    0                    0                    0                    0                    0                    0                    0                    0                    0
  "BR.QFO82"                            253         "quadrupole"            76.555082          7.527530684         0.5932186895           6.59058767         0.6116379226          2.066735971          2.002721997                    0                    0                    0                    0         -3.179856882         0.3790892243                    0                    0                    0                    0                    0                    0         0.3691955154                    0                    0                    0                    0                    0                    0                    0                    0                    0
  "DRIFT_102"                           254              "drift"              76.9223          7.116067767         0.5272680977          6.169494041         0.5350750078          2.074724746          2.011892594                    0                    0                    0                    0         -3.040648495         0.3790892243                    0                    0                    0                    0                    0                    0                    0                    0                    0                    0                    0                    0                    0                    0                    0                    0
  "BR.STSCRAP82"                        255         "collimator"              76.9223          7.116067767         0.5272680977          6.169494041         0.5350750078          2.074724746          2.011892594                    0                    0                    0                    0         -3.040648495         0.3790892243                    0                    0                    0                    0                    0                    0                    0                    0                    0                    0                    0                    0                    0                    0                    0                    0
  "DRIFT_103"                           256              "drift"           76.9223045          7.116063021         0.5272672895          6.169489225         0.5350740696          2.074724846           2.01189271                    0                    0                    0                    0         -3.040646789         0.3790892243                    0                    0                    0                    0                    0                    0                    0                    0                    0                    0                    0                    0                    0                    0                    0                    0
  "BR.BHZ82"                            257              "sbend"           78.5400005          5.885067983         0.2386000603          4.790044534         0.3018925328          2.114673035          2.059982322                    0                    0                    0                    0         -2.735910451      9.607582598e-05                    0                    0                    0                    0                    0                    0                    0                    0                    0                    0                    0                    0                    0                    0                    0                    0
  "DRIFT_104"                           258              "drift"               78.924          5.728305697         0.1696355915          4.591780743         0.2144200957          2.125206689          2.073028308                    0                    0                    0                    0         -2.735873558      9.607582598e-05                    0                    0                    0                    0                    0                    0                    0                    0                    0                    0                    0                    0                    0                    0                    0                    0
  "BR3.DHZ9L1"                          259            "hkicker"               78.924          5.728305697         0.1696355915          4.591780743         0.2144200957          2.125206689          2.073028308                    0                    0                    0                    0         -2.735873558      9.607582598e-05                    0                    0                    0                    0                    0                    0                    0                    0                    0                    0                    0                    0                    0                    0                    0                    0
  "BR3.DVT9L1"                          260            "vkicker"               78.924          5.728305697         0.1696355915          4.591780743         0.2144200957          2.125206689          2.073028308                    0                    0                    0                    0         -2.735873558      9.607582598e-05                    0                    0                    0                    0                    0                    0                    0                    0                    0                    0                    0                    0                    0                    0                    0                    0
  "DRIFT_105"                           261              "drift"              79.4089          5.606020963        0.08254987679          4.437396673         0.1039632207          2.138841945          2.090158272                    0                    0                    0                    0         -2.735826971      9.607582598e-05                    0                    0                    0                    0                    0                    0                    0                    0                    0                    0                    0                    0                    0                    0                    0                    0
  "BR3.BCTDC9L1"                        262            "monitor"              79.7289          5.571579591         0.0250794113          4.394186225        0.03106942816          2.147959768           2.10170204                    0                    0                    0                    0         -2.735796227      9.607582598e-05                    0                    0                    0                    0                    0                    0                    0                    0                    0                    0                    0                    0                    0                    0                    0                    0
  "DRIFT_106"                           263              "drift"               80.634          5.673306312        -0.1374722084          4.524553824        -0.1751061081          2.173693537          2.134234593                    0                    0                    0                    0         -2.735709269      9.607582598e-05                    0                    0                    0                    0                    0                    0                    0                    0                    0                    0                    0                    0                    0                    0                    0                    0
  "BR3.ONO9L1"                          264          "multipole"               80.634          5.673306312        -0.1374722084          4.524553824        -0.1751061081          2.173693537          2.134234593                    0                    0                    0                    0         -2.735709269      9.607582598e-05                    0                    0                    0                    0                    0                    0                    0                    0                    0                    0                    0                    0                    0                    0                    0                    0
  "BR3.OSK9L1"                          265          "multipole"               80.634          5.673306312        -0.1374722084          4.524553824        -0.1751061081          2.173693537          2.134234593                    0                    0                    0                    0         -2.735709269      9.607582598e-05                    0                    0                    0                    0                    0                    0                    0                    0                    0                    0                    0                    0                    0                    0                    0                    0
  "BR3.XNO9L1"                          266          "multipole"               80.634          5.673306312        -0.1374722084          4.524553824        -0.1751061081          2.173693537          2.134234593                    0                    0                    0                    0         -2.735709269      9.607582598e-05                    0                    0                    0                    0                    0                    0                    0                    0                    0                    0                    0                    0                    0                    0                    0                    0
  "BR3.XSK9L1"                          267          "multipole"               80.634          5.673306312        -0.1374722084          4.524553824        -0.1751061081          2.173693537          2.134234593                    0                    0                    0                    0         -2.735709269      9.607582598e-05                    0                    0                    0                    0                    0                    0                    0                    0                    0                    0                    0                    0                    0                    0                    0                    0
  "DRIFT_107"                           268              "drift"            81.194001          5.883596717        -0.2380457026          4.792109188        -0.3026704728          2.189144365          2.153421731                    0                    0                    0                    0         -2.735655466      9.607582598e-05                    0                    0                    0                    0                    0                    0                    0                    0                    0                    0                    0                    0                    0                    0                    0                    0
  "BR.BHZ91"                            269              "sbend"            82.811697          7.112809694        -0.5267129318          6.173948726        -0.5357491831          2.229106989          2.201482741                    0                    0                    0                    0         -3.040082954        -0.3788970726                    0                    0                    0                    0                    0                    0                    0                    0                    0                    0                    0                    0                    0                    0                    0                    0
  "DRIFT_108"                           270              "drift"           82.8116995          7.112812327        -0.5267133808          6.173951404        -0.5357497043          2.229107045          2.201482805                    0                    0                    0                    0         -3.040083902        -0.3788970726                    0                    0                    0                    0                    0                    0                    0                    0                    0                    0                    0                    0                    0                    0                    0                    0
  "BR.STSCRAP91"                        271         "collimator"           82.8116995          7.112812327        -0.5267133808          6.173951404        -0.5357497043          2.229107045          2.201482805                    0                    0                    0                    0         -3.040083902        -0.3788970726                    0                    0                    0                    0                    0                    0                    0                    0                    0                    0                    0                    0                    0                    0                    0                    0
  "DRIFT_109"                           272              "drift"            83.178012          7.522794673        -0.5925013492          6.594427332        -0.6121115543           2.23708044          2.210624792                    0                    0                    0                    0         -3.178878636        -0.3788970726                    0                    0                    0                    0                    0                    0                    0                    0                    0                    0                    0                    0                    0                    0                    0                    0
  "BR.QFO91"                            273         "quadrupole"            83.681582          6.777003897          1.980569549          8.650325695         -3.720463176          2.247968962          2.221576771                    0                    0                    0                    0         -3.072870458         0.7933803929                    0                    0                    0                    0                    0                    0         0.3691955154                    0                    0                    0                    0                    0                    0                    0                    0                    0
  "DRIFT_110"                           274              "drift"            84.007826          5.562018012          1.743593605          11.26049999         -4.280218202          2.256430166          2.226838721                    0                    0                    0                    0         -2.814034865         0.7933803929                    0                    0                    0                    0                    0                    0                    0                    0                    0                    0                    0                    0                    0                    0                    0                    0
  "BR3.BPM9L3"                          275            "monitor"            84.007826          5.562018012          1.743593605          11.26049999         -4.280218202          2.256430166          2.226838721                    0                    0                    0                    0         -2.814034865         0.7933803929                    0                    0                    0                    0                    0                    0                    0                    0                    0                    0                    0                    0                    0                    0                    0                    0
  "BR3.ONOH0.9L3"                       276          "multipole"            84.007826          5.562018012          1.743593605          11.26049999         -4.280218202          2.256430166          2.226838721                    0                    0                    0                    0         -2.814034865         0.7933803929                    0                    0                    0                    0                    0                    0                    0                    0                    0                    0                    0                    0                    0                    0                    0                    0
  "BR3.QSKH0.9L3"                       277          "multipole"            84.007826          5.562018012          1.743593605          11.26049999         -4.280218202          2.256430166          2.226838721                    0                    0                    0                    0         -2.814034865         0.7933803929                    0                    0                    0                    0                    0                    0                    0                    0                    0                    0                    0                    0                    0                    0                    0                    0
  "BR3.XNOH0.9L3"                       278          "multipole"            84.007826          5.562018012          1.743593605          11.26049999         -4.280218202          2.256430166          2.226838721                    0                    0                    0                    0         -2.814034865         0.7933803929                    0                    0                    0                    0                    0                    0                    0                    0                    0                    0                    0                    0                    0                    0                    0                    0
  "DRIFT_111"                           279              "drift"            84.335327          4.497869599          1.505704605          14.24807813         -4.842129933          2.266858717          2.230954236                    0                    0                    0                    0         -2.554201993         0.7933803929                    0                    0                    0                    0                    0                    0                    0                    0                    0                    0                    0                    0                    0                    0                    0                    0
  "BR.QDE9"                             280         "quadrupole"            85.214267           4.49805885         -1.505959483          14.24930918           4.84100707          2.301276646          2.239867151                    0                    0                    0                    0         -2.554275533        -0.7935556298                    0                    0                    0                    0                    0                    0         -0.650624507                    0                    0                    0                    0                    0                    0                    0                    0                    0
  "DRIFT_112"                           281              "drift"            85.541826          5.562591529           -1.7439365          11.26187238          4.279294321          2.311706288          2.243982967                    0                    0                    0                    0         -2.814211822        -0.7935556298                    0                    0                    0                    0                    0                    0                    0                    0                    0                    0                    0                    0                    0                    0                    0                    0
  "BR3.DSHAH9L4"                        282            "hkicker"            85.541826          5.562591529           -1.7439365          11.26187238          4.279294321          2.311706288          2.243982967                    0                    0                    0                    0         -2.814211822        -0.7935556298                    0                    0                    0                    0                    0                    0                    0                    0                    0                    0                    0                    0                    0                    0                    0                    0
  "BR3.DSHAV9L4"                        283            "vkicker"            85.541826          5.562591529           -1.7439365          11.26187238          4.279294321          2.311706288          2.243982967                    0                    0                    0                    0         -2.814211822        -0.7935556298                    0                    0                    0                    0                    0                    0                    0                    0                    0                    0                    0                    0                    0                    0                    0                    0
  "DRIFT_113"                           284              "drift"            85.869012          6.781548828         -1.981642527          8.645197264          3.718221209          2.320188662          2.249261359                    0                    0                    0                    0         -3.073852114        -0.7935556298                    0                    0                    0                    0                    0                    0                    0                    0                    0                    0                    0                    0                    0                    0                    0                    0
  "BR.QFO92"                            285         "quadrupole"            86.372582          7.527530684         0.5932186895          6.590587537         0.6116378642          2.331070099          2.260219788                    0                    0                    0                    0         -3.179855979         0.3790891713                    0                    0                    0                    0                    0                    0         0.3691955154                    0                    0                    0                    0                    0                    0                    0                    0                    0
  "DRIFT_114"                           286              "drift"            86.739799          7.116068821         0.5272682773           6.16949502         0.5350751603          2.339058851          2.269390359                    0                    0                    0                    0         -3.040647991         0.3790891713                    0                    0                    0                    0                    0                    0                    0                    0                    0                    0                    0                    0                    0                    0                    0                    0
  "BR.STSCRAP92"                        287         "collimator"            86.739799          7.116068821         0.5272682773           6.16949502         0.5350751603          2.339058851          2.269390359                    0                    0                    0                    0         -3.040647991         0.3790891713                    0                    0                    0                    0                    0                    0                    0                    0                    0                    0                    0                    0                    0                    0                    0                    0
  "DRIFT_115"                           288              "drift"            86.739804          7.116063548         0.5272673793           6.16948967         0.5350741179          2.339058963          2.269390488                    0                    0                    0                    0         -3.040646095         0.3790891713                    0                    0                    0                    0                    0                    0                    0                    0                    0                    0                    0                    0                    0                    0                    0                    0
  "BR.BHZ92"                            289              "sbend"              88.3575          5.885068222         0.2386001501          4.790044792         0.3018925979          2.379007149          2.317480097                    0                    0                    0                    0         -2.735909842      9.602286051e-05                    0                    0                    0                    0                    0                    0                    0                    0                    0                    0                    0                    0                    0                    0                    0                    0
  "DRIFT_116"                           290              "drift"            91.011501          5.883596717        -0.2380457026          4.792109374        -0.3026705109          2.453478493          2.410919521                    0                    0                    0                    0         -2.735654998      9.602286051e-05                    0                    0                    0                    0                    0                    0                    0                    0                    0                    0                    0                    0                    0                    0                    0                    0
  "BR.BHZ101"                           291              "sbend"            92.629197          7.112809694        -0.5267129318          6.173949015        -0.5357492079          2.493441117          2.458980529                    0                    0                    0                    0         -3.040082571        -0.3788971256                    0                    0                    0                    0                    0                    0                    0                    0                    0                    0                    0                    0                    0                    0                    0                    0
  "DRIFT_117"                           292              "drift"           92.6291995          7.112812327        -0.5267133808          6.173951694         -0.535749729          2.493441173          2.458980593                    0                    0                    0                    0         -3.040083518        -0.3788971256                    0                    0                    0                    0                    0                    0                    0                    0                    0                    0                    0                    0                    0                    0                    0                    0
  "BR.STSCRAP101"                       293         "collimator"           92.6291995          7.112812327        -0.5267133808          6.173951694         -0.535749729          2.493441173          2.458980593                    0                    0                    0                    0         -3.040083518        -0.3788971256                    0                    0                    0                    0                    0                    0                    0                    0                    0                    0                    0                    0                    0                    0                    0                    0
  "DRIFT_118"                           294              "drift"            92.995512          7.522794673        -0.5925013492          6.594427639         -0.612111577          2.501414567          2.468122579                    0                    0                    0                    0         -3.178878272        -0.3788971256                    0                    0                    0                    0                    0                    0                    0                    0                    0                    0                    0                    0                    0                    0                    0                    0
  "BR.QFO101"                           295         "quadrupole"            93.499082          6.777003897          1.980569549          8.650326087         -3.720463332          2.512303089          2.479074558                    0                    0                    0                    0         -3.072870154         0.7933802145                    0                    0                    0                    0                    0                    0         0.3691955154                    0                    0                    0                    0                    0                    0                    0                    0                    0
  "DRIFT_119"                           296              "drift"             93.82532          5.562038936          1.743597963          11.26044913         -4.280208082          2.520764122          2.484336423                    0                    0                    0                    0         -2.814039379         0.7933802145                    0                    0                    0                    0                    0                    0                    0                    0                    0                    0                    0                    0                    0                    0                    0                    0
  "BR3.BPM10L3"                         297            "monitor"             93.82532          5.562038936          1.743597963          11.26044913         -4.280208082          2.520764122          2.484336423                    0                    0                    0                    0         -2.814039379         0.7933802145                    0                    0                    0                    0                    0                    0                    0                    0                    0                    0                    0                    0                    0                    0                    0                    0
  "BR3.ONOH0.10L3"                      298          "multipole"             93.82532          5.562038936          1.743597963          11.26044913         -4.280208082          2.520764122          2.484336423                    0                    0                    0                    0         -2.814039379         0.7933802145                    0                    0                    0                    0                    0                    0                    0                    0                    0                    0                    0                    0                    0                    0                    0                    0
  "BR3.QSK10L3"                         299          "multipole"             93.82532          5.562038936          1.743597963          11.26044913         -4.280208082          2.520764122          2.484336423                    0                    0                    0                    0         -2.814039379         0.7933802145                    0                    0                    0                    0                    0                    0                    0                    0                    0                    0                    0                    0                    0                    0                    0                    0
  "BR3.XNOH0.10L3"                      300          "multipole"             93.82532          5.562038936          1.743597963          11.26044913         -4.280208082          2.520764122          2.484336423                    0                    0                    0                    0         -2.814039379         0.7933802145                    0                    0                    0                    0                    0                    0                    0                    0                    0                    0                    0                    0                    0                    0                    0                    0
  "DRIFT_120"                           301              "drift"            94.152827          4.497869599          1.505704605          14.24807875         -4.842130127          2.531192844          2.488452023                    0                    0                    0                    0         -2.554201805         0.7933802145                    0                    0                    0                    0                    0                    0                    0                    0                    0                    0                    0                    0                    0                    0                    0                    0
  "BR.QDE10"                            302         "quadrupole"            95.031767           4.49805885         -1.505959483          14.24930977          4.841007292          2.565610773          2.497364937                    0                    0                    0                    0         -2.554275461        -0.7935557272                    0                    0                    0                    0                    0                    0         -0.650624507                    0                    0                    0                    0                    0                    0                    0                    0                    0
  "DRIFT_121"                           303              "drift"             95.35932          5.562570601         -1.743932141          11.26192418          4.279304806          2.576040244          2.501480668                    0                    0                    0                    0          -2.81420702        -0.7935557272                    0                    0                    0                    0                    0                    0                    0                    0                    0                    0                    0                    0                    0                    0                    0                    0
  "BR3.DHZ10L4"                         304            "hkicker"             95.35932          5.562570601         -1.743932141          11.26192418          4.279304806          2.576040244          2.501480668                    0                    0                    0                    0          -2.81420702        -0.7935557272                    0                    0                    0                    0                    0                    0                    0                    0                    0                    0                    0                    0                    0                    0                    0                    0
  "BR3.DVT10L4"                         305            "vkicker"             95.35932          5.562570601         -1.743932141          11.26192418          4.279304806          2.576040244          2.501480668                    0                    0                    0                    0          -2.81420702        -0.7935557272                    0                    0                    0                    0                    0                    0                    0                    0                    0                    0                    0                    0                    0                    0                    0                    0
  "DRIFT_122"                           306              "drift"            95.686512          6.781548828         -1.981642527          8.645197597          3.718221379           2.58452279          2.506759145                    0                    0                    0                    0         -3.073852105        -0.7935557272                    0                    0                    0                    0                    0                    0                    0                    0                    0                    0                    0                    0                    0                    0                    0                    0
  "BR.QFO102"                           307         "quadrupole"            96.190082          7.527530684         0.5932186895          6.590587764         0.6116379171          2.595404226          2.517717573                    0                    0                    0                    0         -3.179856018         0.3790890797                    0                    0                    0                    0                    0                    0         0.3691955154                    0                    0                    0                    0                    0                    0                    0                    0                    0
  "DRIFT_123"                           308              "drift"              96.5573          7.116067767         0.5272680977          6.169494139         0.5350750038          2.603393001           2.52688817                    0                    0                    0                    0         -3.040647685         0.3790890797                    0                    0                    0                    0                    0                    0                    0                    0                    0                    0                    0                    0                    0                    0                    0                    0
  "BR.STSCRAP102"                       309         "collimator"              96.5573          7.116067767         0.5272680977          6.169494139         0.5350750038          2.603393001           2.52688817                    0                    0                    0                    0         -3.040647685         0.3790890797                    0                    0                    0                    0                    0                    0                    0                    0                    0                    0                    0                    0                    0                    0                    0                    0
  "DRIFT_124"                           310              "drift"           96.5573045          7.116063021         0.5272672895          6.169489323         0.5350740655          2.603393102          2.526888286                    0                    0                    0                    0         -3.040645979         0.3790890797                    0                    0                    0                    0                    0                    0                    0                    0                    0                    0                    0                    0                    0                    0                    0                    0
  "BR.BHZ102"                           311              "sbend"           98.1750005          5.885067983         0.2386000603          4.790044631         0.3018925375           2.64334129          2.574977897                    0                    0                    0                    0         -2.735909873      9.593127259e-05                    0                    0                    0                    0                    0                    0                    0                    0                    0                    0                    0                    0                    0                    0                    0                    0
  "DRIFT_125"                           312              "drift"               98.471          5.759552346         0.1854399695          4.631282803         0.2344658945          2.651436503          2.584986581                    0                    0                    0                    0         -2.735881478      9.593127259e-05                    0                    0                    0                    0                    0                    0                    0                    0                    0                    0                    0                    0                    0                    0                    0                    0
  "BE3.DHZ11L1"                         313            "hkicker"               98.471          5.759552346         0.1854399695          4.631282803         0.2344658945          2.651436503          2.584986581                    0                    0                    0                    0         -2.735881478      9.593127259e-05                    0                    0                    0                    0                    0                    0                    0                    0                    0                    0                    0                    0                    0                    0                    0                    0
  "BE3.DVT11L1"                         314            "vkicker"               98.471          5.759552346         0.1854399695          4.631282803         0.2344658945          2.651436503          2.584986581                    0                    0                    0                    0         -2.735881478      9.593127259e-05                    0                    0                    0                    0                    0                    0                    0                    0                    0                    0                    0                    0                    0                    0                    0                    0
  "DRIFT_126"                           315              "drift"               99.638          5.571324191        -0.0241476343          4.394268319        -0.0313686504          2.684461168          2.626631718                    0                    0                    0                    0         -2.735769526      9.593127259e-05                    0                    0                    0                    0                    0                    0                    0                    0                    0                    0                    0                    0                    0                    0                    0                    0
  "BR3.ONO11L1"                         316          "multipole"               99.638          5.571324191        -0.0241476343          4.394268319        -0.0313686504          2.684461168          2.626631718                    0                    0                    0                    0         -2.735769526      9.593127259e-05                    0                    0                    0                    0                    0                    0                    0                    0                    0                    0                    0                    0                    0                    0                    0                    0
  "BR3.QNO11L1"                         317          "multipole"               99.638          5.571324191        -0.0241476343          4.394268319        -0.0313686504          2.684461168          2.626631718                    0                    0                    0                    0         -2.735769526      9.593127259e-05                    0                    0                    0                    0                    0                    0                    0                    0                    0                    0                    0                    0                    0                    0                    0                    0
  "BR3.XNO11L1"                         318          "multipole"               99.638          5.571324191        -0.0241476343          4.394268319        -0.0313686504          2.684461168          2.626631718                    0                    0                    0                    0         -2.735769526      9.593127259e-05                    0                    0                    0                    0                    0                    0                    0                    0                    0                    0                    0                    0                    0                    0                    0                    0
  "DRIFT_127"                           319              "drift"           100.338677          5.693335528        -0.1499858635          4.550061528        -0.1909780347           2.70431307           2.65167433                    0                    0                    0                    0         -2.735702309      9.593127259e-05                    0                    0                    0                    0                    0                    0                    0                    0                    0                    0                    0                    0                    0                    0                    0                    0
  "BR3.BWSV11L1"                        320            "monitor"           100.338677          5.693335528        -0.1499858635          4.550061528        -0.1909780347           2.70431307           2.65167433                    0                    0                    0                    0         -2.735702309      9.593127259e-05                    0                    0                    0                    0                    0                    0                    0                    0                    0                    0                    0                    0                    0                    0                    0                    0
  "DRIFT_128"                           321              "drift"           100.829001          5.883596717        -0.2380457026          4.792109231        -0.3026704575          2.717812621          2.668417305                    0                    0                    0                    0         -2.735655272      9.593127259e-05                    0                    0                    0                    0                    0                    0                    0                    0                    0                    0                    0                    0                    0                    0                    0                    0
  "BR.BHZ111"                           322              "sbend"           102.446697          7.112809694        -0.5267129318          6.173948708        -0.5357491616          2.757775244          2.716478314                    0                    0                    0                    0         -3.040082992        -0.3788972172                    0                    0                    0                    0                    0                    0                    0                    0                    0                    0                    0                    0                    0                    0                    0                    0
  "DRIFT_129"                           323              "drift"          102.4466995          7.112812327        -0.5267133808          6.173951387        -0.5357496828            2.7577753          2.716478379                    0                    0                    0                    0          -3.04008394        -0.3788972172                    0                    0                    0                    0                    0                    0                    0                    0                    0                    0                    0                    0                    0                    0                    0                    0
  "BR.STSCRAP111"                       324         "collimator"          102.4466995          7.112812327        -0.5267133808          6.173951387        -0.5357496828            2.7577753          2.716478379                    0                    0                    0                    0          -3.04008394        -0.3788972172                    0                    0                    0                    0                    0                    0                    0                    0                    0                    0                    0                    0                    0                    0                    0                    0
  "DRIFT_130"                           325              "drift"             102.4787          7.146706421        -0.5324605172          6.208453373        -0.5424205372           2.75848964          2.717301011                    0                    0                    0                    0          -3.05220884        -0.3788972172                    0                    0                    0                    0                    0                    0                    0                    0                    0                    0                    0                    0                    0                    0                    0                    0
  "BR3.BPP11L2"                         326            "monitor"             102.4787          7.146706421        -0.5324605172          6.208453373        -0.5424205372           2.75848964          2.717301011                    0                    0                    0                    0          -3.05220884        -0.3788972172                    0                    0                    0                    0                    0                    0                    0                    0                    0                    0                    0                    0                    0                    0                    0                    0
  "DRIFT_131"                           327              "drift"           102.813012          7.522794673        -0.5925013492          6.594427298        -0.6121115316          2.765748695          2.725620365                    0                    0                    0                    0         -3.178878726        -0.3788972172                    0                    0                    0                    0                    0                    0                    0                    0                    0                    0                    0                    0                    0                    0                    0                    0
  "BR.QFO111"                           328         "quadrupole"           103.316582          6.777003897          1.980569549          8.650325628         -3.720463128          2.776637217          2.736572345                    0                    0                    0                    0         -3.072870611         0.7933802941                    0                    0                    0                    0                    0                    0         0.3691955154                    0                    0                    0                    0                    0                    0                    0                    0                    0
  "DRIFT_132"                           329              "drift"           103.642825            5.5620215          1.743594331          11.26049133          -4.28021643          2.785098393          2.741834281                    0                    0                    0                    0         -2.814035844         0.7933802941                    0                    0                    0                    0                    0                    0                    0                    0                    0                    0                    0                    0                    0                    0                    0                    0
  "BR3.BPM11L3"                         330            "monitor"           103.642825            5.5620215          1.743594331          11.26049133          -4.28021643          2.785098393          2.741834281                    0                    0                    0                    0         -2.814035844         0.7933802941                    0                    0                    0                    0                    0                    0                    0                    0                    0                    0                    0                    0                    0                    0                    0                    0
  "BR3.ONOH0.11L3"                      331          "multipole"           103.642825            5.5620215          1.743594331          11.26049133          -4.28021643          2.785098393          2.741834281                    0                    0                    0                    0         -2.814035844         0.7933802941                    0                    0                    0                    0                    0                    0                    0                    0                    0                    0                    0                    0                    0                    0                    0                    0
  "BR3.QSKH0.11L3"                      332          "multipole"           103.642825            5.5620215          1.743594331          11.26049133          -4.28021643          2.785098393          2.741834281                    0                    0                    0                    0         -2.814035844         0.7933802941                    0                    0                    0                    0                    0                    0                    0                    0                    0                    0                    0                    0                    0                    0                    0                    0
  "BR3.XNOH0.11L3"                      333          "multipole"           103.642825            5.5620215          1.743594331          11.26049133          -4.28021643          2.785098393          2.741834281                    0                    0                    0                    0         -2.814035844         0.7933802941                    0                    0                    0                    0                    0                    0                    0                    0                    0                    0                    0                    0                    0                    0                    0                    0
  "DRIFT_133"                           334              "drift"           103.970327          4.497869599          1.505704605          14.24807799         -4.842129867          2.795526972           2.74594981                    0                    0                    0                    0         -2.554202211         0.7933802941                    0                    0                    0                    0                    0                    0                    0                    0                    0                    0                    0                    0                    0                    0                    0                    0
  "BR.QDE11"                            335         "quadrupole"           104.849267           4.49805885         -1.505959483          14.24930902          4.841007029          2.829944901          2.754862725                    0                    0                    0                    0         -2.554275912        -0.7935559138                    0                    0                    0                    0                    0                    0         -0.650624507                    0                    0                    0                    0                    0                    0                    0                    0                    0
  "DRIFT_134"                           336              "drift"           105.176825          5.562588041         -1.743935774           11.2618808          4.279295997          2.840374514          2.758978526                    0                    0                    0                    0           -2.8142115        -0.7935559138                    0                    0                    0                    0                    0                    0                    0                    0                    0                    0                    0                    0                    0                    0                    0                    0
  "BR3.DHZ11L4"                         337            "hkicker"           105.176825          5.562588041         -1.743935774           11.2618808          4.279295997          2.840374514          2.758978526                    0                    0                    0                    0           -2.8142115        -0.7935559138                    0                    0                    0                    0                    0                    0                    0                    0                    0                    0                    0                    0                    0                    0                    0                    0
  "BR3.DVT11L4"                         338            "vkicker"           105.176825          5.562588041         -1.743935774           11.2618808          4.279295997          2.840374514          2.758978526                    0                    0                    0                    0           -2.8142115        -0.7935559138                    0                    0                    0                    0                    0                    0                    0                    0                    0                    0                    0                    0                    0                    0                    0                    0
  "BR3.OSK11L4"                         339          "multipole"           105.176825          5.562588041         -1.743935774           11.2618808          4.279295997          2.840374514          2.758978526                    0                    0                    0                    0           -2.8142115        -0.7935559138                    0                    0                    0                    0                    0                    0                    0                    0                    0                    0                    0                    0                    0                    0                    0                    0
  "BR3.XSK11L4"                         340          "multipole"           105.176825          5.562588041         -1.743935774           11.2618808          4.279295997          2.840374514          2.758978526                    0                    0                    0                    0           -2.8142115        -0.7935559138                    0                    0                    0                    0                    0                    0                    0                    0                    0                    0                    0                    0                    0                    0                    0                    0
  "DRIFT_135"                           341              "drift"           105.504012          6.781548828         -1.981642527          8.645197146          3.718221173          2.848856917          2.764256933                    0                    0                    0                    0         -3.073852678        -0.7935559138                    0                    0                    0                    0                    0                    0                    0                    0                    0                    0                    0                    0                    0                    0                    0                    0
  "BR.QFO112"                           342         "quadrupole"           106.007582          7.527530684         0.5932186895          6.590587435         0.6116378675          2.859738354          2.775215362                    0                    0                    0                    0          -3.17985663         0.3790891153                    0                    0                    0                    0                    0                    0         0.3691955154                    0                    0                    0                    0                    0                    0                    0                    0                    0
  "DRIFT_136"                           343              "drift"             106.3748          7.116067767         0.5272680977          6.169493846         0.5350749538          2.867727129          2.784385959                    0                    0                    0                    0         -3.040648283         0.3790891153                    0                    0                    0                    0                    0                    0                    0                    0                    0                    0                    0                    0                    0                    0                    0                    0
  "BR.STSCRAP112"                       344         "collimator"             106.3748          7.116067767         0.5272680977          6.169493846         0.5350749538          2.867727129          2.784385959                    0                    0                    0                    0         -3.040648283         0.3790891153                    0                    0                    0                    0                    0                    0                    0                    0                    0                    0                    0                    0                    0                    0                    0                    0
  "DRIFT_137"                           345              "drift"           106.374804          7.116063548         0.5272673793          6.169489565         0.5350741198          2.867727218          2.784386062                    0                    0                    0                    0         -3.040646767         0.3790891153                    0                    0                    0                    0                    0                    0                    0                    0                    0                    0                    0                    0                    0                    0                    0                    0
  "BR.BHZ112"                           346              "sbend"             107.9925          5.885068222         0.2386001501          4.790044695         0.3018925912          2.907675404          2.832475672                    0                    0                    0                    0         -2.735910604      9.596681856e-05                    0                    0                    0                    0                    0                    0                    0                    0                    0                    0                    0                    0                    0                    0                    0                    0
  "DRIFT_138"                           347              "drift"             108.2915          5.758441323         0.1849011839          4.629877857         0.2337824539          2.915853539          2.842587484                    0                    0                    0                    0          -2.73588191      9.596681856e-05                    0                    0                    0                    0                    0                    0                    0                    0                    0                    0                    0                    0                    0                    0                    0                    0
  "BR3.KQM12L1"                         348             "kicker"             109.5215          5.575293995        -0.0360009178          4.399401203        -0.0464030607          2.950680077          2.886518644                    0                    0                    0                    0         -2.735763871      9.596681856e-05                    0                    0                    0                    0                    0                    0                    0                    0                    0                    0                    0                    0                    0                    0                    0                    0
  "DRIFT_139"                           349              "drift"             110.0865          5.673306312        -0.1374722084          4.524553914         -0.175106163           2.96669592           2.90672796                    0                    0                    0                    0          -2.73570965      9.596681856e-05                    0                    0                    0                    0                    0                    0                    0                    0                    0                    0                    0                    0                    0                    0                    0                    0
  "BR3.ONO12L1"                         350          "multipole"             110.0865          5.673306312        -0.1374722084          4.524553914         -0.175106163           2.96669592           2.90672796                    0                    0                    0                    0          -2.73570965      9.596681856e-05                    0                    0                    0                    0                    0                    0                    0                    0                    0                    0                    0                    0                    0                    0                    0                    0
  "BR3.OSK12L1"                         351          "multipole"             110.0865          5.673306312        -0.1374722084          4.524553914         -0.175106163           2.96669592           2.90672796                    0                    0                    0                    0          -2.73570965      9.596681856e-05                    0                    0                    0                    0                    0                    0                    0                    0                    0                    0                    0                    0                    0                    0                    0                    0
  "BR3.XNO12L1"                         352          "multipole"             110.0865          5.673306312        -0.1374722084          4.524553914         -0.175106163           2.96669592           2.90672796                    0                    0                    0                    0          -2.73570965      9.596681856e-05                    0                    0                    0                    0                    0                    0                    0                    0                    0                    0                    0                    0                    0                    0                    0                    0
  "BR3.XSK12L1"                         353          "multipole"             110.0865          5.673306312        -0.1374722084          4.524553914         -0.175106163           2.96669592           2.90672796                    0                    0                    0                    0          -2.73570965      9.596681856e-05                    0                    0                    0                    0                    0                    0                    0                    0                    0                    0                    0                    0                    0                    0                    0                    0
  "DRIFT_140"                           354              "drift"           110.646501          5.883596717        -0.2380457026          4.792109339        -0.3026705275          2.982146748          2.925915098                    0                    0                    0                    0         -2.735655908      9.596681856e-05                    0                    0                    0                    0                    0                    0                    0                    0                    0                    0                    0                    0                    0                    0                    0                    0
  "BR.BHZ121"                           355              "sbend"           112.264197          7.112809694        -0.5267129318          6.173949044        -0.5357492301          3.022109372          2.973976105                    0                    0                    0                    0         -3.040083572        -0.3788971816                    0                    0                    0                    0                    0                    0                    0                    0                    0                    0                    0                    0                    0                    0                    0                    0
  "DRIFT_141"                           356              "drift"          112.2641995          7.112812327        -0.5267133808          6.173951723        -0.5357497512          3.022109428           2.97397617                    0                    0                    0                    0         -3.040084519        -0.3788971816                    0                    0                    0                    0                    0                    0                    0                    0                    0                    0                    0                    0                    0                    0                    0                    0
  "BR.STSCRAP121"                       357         "collimator"          112.2641995          7.112812327        -0.5267133808          6.173951723        -0.5357497512          3.022109428           2.97397617                    0                    0                    0                    0         -3.040084519        -0.3788971816                    0                    0                    0                    0                    0                    0                    0                    0                    0                    0                    0                    0                    0                    0                    0                    0
  "DRIFT_142"                           358              "drift"           112.630512          7.522794673        -0.5925013492          6.594427684        -0.6121116003          3.030082823          2.983118156                    0                    0                    0                    0         -3.178879293        -0.3788971816                    0                    0                    0                    0                    0                    0                    0                    0                    0                    0                    0                    0                    0                    0                    0                    0
  "BR.QFO121"                           359         "quadrupole"           113.134082          6.777003897          1.980569549          8.650326169         -3.720463385          3.040971345          2.994070135                    0                    0                    0                    0         -3.072871109         0.7933805291                    0                    0                    0                    0                    0                    0         0.3691955154                    0                    0                    0                    0                    0                    0                    0                    0                    0
  "DRIFT_143"                           360              "drift"            113.46033          5.562004064          1.743590699          11.26053485         -4.280225302          3.049432664          2.999332141                    0                    0                    0                    0         -2.814032298         0.7933805291                    0                    0                    0                    0                    0                    0                    0                    0                    0                    0                    0                    0                    0                    0                    0                    0
  "BR3.BPM12L3"                         361            "monitor"            113.46033          5.562004064          1.743590699          11.26053485         -4.280225302          3.049432664          2.999332141                    0                    0                    0                    0         -2.814032298         0.7933805291                    0                    0                    0                    0                    0                    0                    0                    0                    0                    0                    0                    0                    0                    0                    0                    0
  "BR3.ONOH0.12L3"                      362          "multipole"            113.46033          5.562004064          1.743590699          11.26053485         -4.280225302          3.049432664          2.999332141                    0                    0                    0                    0         -2.814032298         0.7933805291                    0                    0                    0                    0                    0                    0                    0                    0                    0                    0                    0                    0                    0                    0                    0                    0
  "BR3.QNO12L3"                         363          "multipole"            113.46033          5.562004064          1.743590699          11.26053485         -4.280225302          3.049432664          2.999332141                    0                    0                    0                    0         -2.814032298         0.7933805291                    0                    0                    0                    0                    0                    0                    0                    0                    0                    0                    0                    0                    0                    0                    0                    0
  "BR3.XNOH0.12L3"                      364          "multipole"            113.46033          5.562004064          1.743590699          11.26053485         -4.280225302          3.049432664          2.999332141                    0                    0                    0                    0         -2.814032298         0.7933805291                    0                    0                    0                    0                    0                    0                    0                    0                    0                    0                    0                    0                    0                    0                    0                    0
  "DRIFT_144"                           365              "drift"           113.787827          4.497869599          1.505704605          14.24807891         -4.842130199            3.0598611          3.003447599                    0                    0                    0                    0         -2.554202555         0.7933805291                    0                    0                    0                    0                    0                    0                    0                    0                    0                    0                    0                    0                    0                    0                    0                    0
  "BR.QDE12"                            366         "quadrupole"           114.666767           4.49805885         -1.505959483          14.24930996          4.841007341          3.094279029          3.012360514                    0                    0                    0                    0         -2.554276131        -0.7935558538                    0                    0                    0                    0                    0                    0         -0.650624507                    0                    0                    0                    0                    0                    0                    0                    0                    0
  "DRIFT_145"                           367              "drift"            114.99433           5.56260548         -1.743939406          11.26183876          4.279287703          3.104708785          3.016476385                    0                    0                    0                    0         -2.814215667        -0.7935558538                    0                    0                    0                    0                    0                    0                    0                    0                    0                    0                    0                    0                    0                    0                    0                    0
  "BR3.DHZ12L4"                         368            "hkicker"            114.99433           5.56260548         -1.743939406          11.26183876          4.279287703          3.104708785          3.016476385                    0                    0                    0                    0         -2.814215667        -0.7935558538                    0                    0                    0                    0                    0                    0                    0                    0                    0                    0                    0                    0                    0                    0                    0                    0
  "BR3.DVT12L4"                         369            "vkicker"            114.99433           5.56260548         -1.743939406          11.26183876          4.279287703          3.104708785          3.016476385                    0                    0                    0                    0         -2.814215667        -0.7935558538                    0                    0                    0                    0                    0                    0                    0                    0                    0                    0                    0                    0                    0                    0                    0                    0
  "BR3.OSK12L4"                         370          "multipole"            114.99433           5.56260548         -1.743939406          11.26183876          4.279287703          3.104708785          3.016476385                    0                    0                    0                    0         -2.814215667        -0.7935558538                    0                    0                    0                    0                    0                    0                    0                    0                    0                    0                    0                    0                    0                    0                    0                    0
  "BR3.XSK12L4"                         371          "multipole"            114.99433           5.56260548         -1.743939406          11.26183876          4.279287703          3.104708785          3.016476385                    0                    0                    0                    0         -2.814215667        -0.7935558538                    0                    0                    0                    0                    0                    0                    0                    0                    0                    0                    0                    0                    0                    0                    0                    0
  "DRIFT_146"                           372              "drift"           115.321512          6.781548828         -1.981642527          8.645197726          3.718221421          3.113191045          3.021754721                    0                    0                    0                    0         -3.073852859        -0.7935558538                    0                    0                    0                    0                    0                    0                    0                    0                    0                    0                    0                    0                    0                    0                    0                    0
  "BR.QFO122"                           373         "quadrupole"           115.825082          7.527530684         0.5932186895          6.590587874         0.6116379159          3.124072482          3.032713149                    0                    0                    0                    0         -3.179856765         0.3790892344                    0                    0                    0                    0                    0                    0         0.3691955154                    0                    0                    0                    0                    0                    0                    0                    0                    0
  "DRIFT_147"                           374              "drift"           116.192299          7.116068821         0.5272682773          6.169495319         0.5350752125          3.132061234           3.04188372                    0                    0                    0                    0         -3.040648753         0.3790892344                    0                    0                    0                    0                    0                    0                    0                    0                    0                    0                    0                    0                    0                    0                    0                    0
  "BR.STSCRAP122"                       375         "collimator"           116.192299          7.116068821         0.5272682773          6.169495319         0.5350752125          3.132061234           3.04188372                    0                    0                    0                    0         -3.040648753         0.3790892344                    0                    0                    0                    0                    0                    0                    0                    0                    0                    0                    0                    0                    0                    0                    0                    0
  "DRIFT_148"                           376              "drift"           116.192304          7.116063548         0.5272673793          6.169489968           0.53507417          3.132061346          3.041883849                    0                    0                    0                    0         -3.040646858         0.3790892344                    0                    0                    0                    0                    0                    0                    0                    0                    0                    0                    0                    0                    0                    0                    0                    0
  "BR.BHZ122"                           377              "sbend"               117.81          5.885068222         0.2386001501          4.790044911         0.3018926545          3.172009532          3.089973456                    0                    0                    0                    0         -2.735910504      9.608590706e-05                    0                    0                    0                    0                    0                    0                    0                    0                    0                    0                    0                    0                    0                    0                    0                    0
  "DRIFT_149"                           378              "drift"           118.061261          5.776504618         0.1934748794          4.652718265         0.2446571327          3.178870279          3.098448214                    0                    0                    0                    0         -2.735886361      9.608590706e-05                    0                    0                    0                    0                    0                    0                    0                    0                    0                    0                    0                    0                    0                    0                    0                    0
  "BR3.ACWF13L1.1"                      379           "rfcavity"           119.004261          5.571315851        0.02411660141          4.393859699        0.02984824029          3.205449422           3.13188737                    0                    0                    0                    0         -2.735795752      9.608590706e-05                    0                    0                    0                    0                    0                    0                    0                    0                    0                    0                    0                    0                    0                    0                    0                    0
  "DRIFT_150"                           380              "drift"           119.115761          5.568170622       0.004091736088          4.390035522       0.004449309752          3.208635738           3.13592833                    0                    0                    0                    0         -2.735785039      9.608590706e-05                    0                    0                    0                    0                    0                    0                    0                    0                    0                    0                    0                    0                    0                    0                    0                    0
  "BR3.ACWF13L1.2"                      381           "rfcavity"           120.058761          5.720158463        -0.1652665419          4.584208909        -0.2103595826          3.235354319          3.169635094                    0                    0                    0                    0          -2.73569443      9.608590706e-05                    0                    0                    0                    0                    0                    0                    0                    0                    0                    0                    0                    0                    0                    0                    0                    0
  "DRIFT_151"                           382              "drift"           120.464001          5.883596717        -0.2380457026          4.792109203        -0.3026704581          3.246480876          3.183412881                    0                    0                    0                    0         -2.735655492      9.608590706e-05                    0                    0                    0                    0                    0                    0                    0                    0                    0                    0                    0                    0                    0                    0                    0                    0
  "BR.BHZ131"                           383              "sbend"           122.081697          7.112809694        -0.5267129318          6.173948687        -0.5357491651            3.2864435           3.23147389                    0                    0                    0                    0         -3.040082964        -0.3788970626                    0                    0                    0                    0                    0                    0                    0                    0                    0                    0                    0                    0                    0                    0                    0                    0
  "DRIFT_152"                           384              "drift"          122.0816995          7.112812327        -0.5267133808          6.173951365        -0.5357496862          3.286443556          3.231473955                    0                    0                    0                    0         -3.040083911        -0.3788970626                    0                    0                    0                    0                    0                    0                    0                    0                    0                    0                    0                    0                    0                    0                    0                    0
  "BR.STSCRAP131"                       385         "collimator"          122.0816995          7.112812327        -0.5267133808          6.173951365        -0.5357496862          3.286443556          3.231473955                    0                    0                    0                    0         -3.040083911        -0.3788970626                    0                    0                    0                    0                    0                    0                    0                    0                    0                    0                    0                    0                    0                    0                    0                    0
  "DRIFT_153"                           386              "drift"           122.448012          7.522794673        -0.5925013492          6.594427279        -0.6121115356          3.294416951          3.240615941                    0                    0                    0                    0         -3.178878641        -0.3788970626                    0                    0                    0                    0                    0                    0                    0                    0                    0                    0                    0                    0                    0                    0                    0                    0
  "BR.QFO131"                           387         "quadrupole"           122.951582          6.777003897          1.980569549          8.650325611         -3.720463127          3.305305472          3.251567921                    0                    0                    0                    0         -3.072870459         0.7933804041                    0                    0                    0                    0                    0                    0         0.3691955154                    0                    0                    0                    0                    0                    0                    0                    0                    0
  "DRIFT_154"                           388              "drift"           123.277835          5.561986628          1.743587068          11.26057692         -4.280233586          3.313766934          3.256829998                    0                    0                    0                    0         -2.814027722         0.7933804041                    0                    0                    0                    0                    0                    0                    0                    0                    0                    0                    0                    0                    0                    0                    0                    0
  "BR3.BPM13L3"                         389            "monitor"           123.277835          5.561986628          1.743587068          11.26057692         -4.280233586          3.313766934          3.256829998                    0                    0                    0                    0         -2.814027722         0.7933804041                    0                    0                    0                    0                    0                    0                    0                    0                    0                    0                    0                    0                    0                    0                    0                    0
  "BR3.ONOH0.13L3"                      390          "multipole"           123.277835          5.561986628          1.743587068          11.26057692         -4.280233586          3.313766934          3.256829998                    0                    0                    0                    0         -2.814027722         0.7933804041                    0                    0                    0                    0                    0                    0                    0                    0                    0                    0                    0                    0                    0                    0                    0                    0
  "BR3.QSKH0.13L3"                      391          "multipole"           123.277835          5.561986628          1.743587068          11.26057692         -4.280233586          3.313766934          3.256829998                    0                    0                    0                    0         -2.814027722         0.7933804041                    0                    0                    0                    0                    0                    0                    0                    0                    0                    0                    0                    0                    0                    0                    0                    0
  "BR3.XNOH0.13L3"                      392          "multipole"           123.277835          5.561986628          1.743587068          11.26057692         -4.280233586          3.313766934          3.256829998                    0                    0                    0                    0         -2.814027722         0.7933804041                    0                    0                    0                    0                    0                    0                    0                    0                    0                    0                    0                    0                    0                    0                    0                    0
  "DRIFT_155"                           393              "drift"           123.605327          4.497869599          1.505704605          14.24807797         -4.842129867          3.324195228          3.260945386                    0                    0                    0                    0         -2.554201986         0.7933804041                    0                    0                    0                    0                    0                    0                    0                    0                    0                    0                    0                    0                    0                    0                    0                    0
  "BR.QDE13"                            394         "quadrupole"           124.484267           4.49805885         -1.505959483          14.24930901           4.84100702          3.358613156          3.269858301                    0                    0                    0                    0         -2.554275513        -0.7935556102                    0                    0                    0                    0                    0                    0         -0.650624507                    0                    0                    0                    0                    0                    0                    0                    0                    0
  "DRIFT_156"                           395              "drift"           124.811835           5.56262292         -1.743943039          11.26179521          4.279278842          3.369043056          3.273974244                    0                    0                    0                    0         -2.814218937        -0.7935556102                    0                    0                    0                    0                    0                    0                    0                    0                    0                    0                    0                    0                    0                    0                    0                    0
  "BR3.DHZ13L4"                         396            "hkicker"           124.811835           5.56262292         -1.743943039          11.26179521          4.279278842          3.369043056          3.273974244                    0                    0                    0                    0         -2.814218937        -0.7935556102                    0                    0                    0                    0                    0                    0                    0                    0                    0                    0                    0                    0                    0                    0                    0                    0
  "BR3.DVT13L4"                         397            "vkicker"           124.811835           5.56262292         -1.743943039          11.26179521          4.279278842          3.369043056          3.273974244                    0                    0                    0                    0         -2.814218937        -0.7935556102                    0                    0                    0                    0                    0                    0                    0                    0                    0                    0                    0                    0                    0                    0                    0                    0
  "DRIFT_157"                           398              "drift"           125.139012          6.781548828         -1.981642527          8.645197147          3.718221167          3.377525173           3.27925251                    0                    0                    0                    0         -3.073852081        -0.7935556102                    0                    0                    0                    0                    0                    0                    0                    0                    0                    0                    0                    0                    0                    0                    0                    0
  "BR.QFO132"                           399         "quadrupole"           125.642582          7.527530684         0.5932186895          6.590587441         0.6116378619          3.388406609          3.290210938                    0                    0                    0                    0         -3.179855939         0.3790891774                    0                    0                    0                    0                    0                    0         0.3691955154                    0                    0                    0                    0                    0                    0                    0                    0                    0
  "DRIFT_158"                           400              "drift"           126.009799          7.116068821         0.5272682773          6.169494926         0.5350751571          3.396395362          3.299381509                    0                    0                    0                    0         -3.040647949         0.3790891774                    0                    0                    0                    0                    0                    0                    0                    0                    0                    0                    0                    0                    0                    0                    0                    0
  "BR.STSCRAP132"                       401         "collimator"           126.009799          7.116068821         0.5272682773          6.169494926         0.5350751571          3.396395362          3.299381509                    0                    0                    0                    0         -3.040647949         0.3790891774                    0                    0                    0                    0                    0                    0                    0                    0                    0                    0                    0                    0                    0                    0                    0                    0
  "DRIFT_159"                           402              "drift"           126.009804          7.116063548         0.5272673793          6.169489576         0.5350741146          3.396395474          3.299381638                    0                    0                    0                    0         -3.040646054         0.3790891774                    0                    0                    0                    0                    0                    0                    0                    0                    0                    0                    0                    0                    0                    0                    0                    0
  "BR.BHZ132"                           403              "sbend"             127.6275          5.885068222         0.2386001501          4.790044718         0.3018925887           3.43634366          3.347471248                    0                    0                    0                    0         -2.735909791       9.60289389e-05                    0                    0                    0                    0                    0                    0                    0                    0                    0                    0                    0                    0                    0                    0                    0                    0
  "DRIFT_160"                           404              "drift"            127.93409          5.755644869         0.1835380563          4.626342186         0.2320535022          3.444731622          3.357844071                    0                    0                    0                    0         -2.735880349       9.60289389e-05                    0                    0                    0                    0                    0                    0                    0                    0                    0                    0                    0                    0                    0                    0                    0                    0
  "BR3.DHZ14L1"                         405            "hkicker"            127.93409          5.755644869         0.1835380563          4.626342186         0.2320535022          3.444731622          3.357844071                    0                    0                    0                    0         -2.735880349       9.60289389e-05                    0                    0                    0                    0                    0                    0                    0                    0                    0                    0                    0                    0                    0                    0                    0                    0
  "BR3.DVT14L1"                         406            "vkicker"            127.93409          5.755644869         0.1835380563          4.626342186         0.2320535022          3.444731622          3.357844071                    0                    0                    0                    0         -2.735880349       9.60289389e-05                    0                    0                    0                    0                    0                    0                    0                    0                    0                    0                    0                    0                    0                    0                    0                    0
  "DRIFT_161"                           407              "drift"          128.1511955           5.68441581         0.1445469496          4.536318985         0.1825983673          3.450773965          3.365389484                    0                    0                    0                    0         -2.735859501       9.60289389e-05                    0                    0                    0                    0                    0                    0                    0                    0                    0                    0                    0                    0                    0                    0                    0                    0
  "BE3.KFA14L1"                         408            "hkicker"          130.1569845           5.82709999        -0.2156831363          4.720266202        -0.2743065267          3.507430211          3.436743419                    0                    0                    0                    0         -2.735666887       9.60289389e-05                    0                    0                    0                    0                    0                    0                    0                    0                    0                    0                    0                    0                    0                    0                    0                    0
  "DRIFT_162"                           409              "drift"           130.281501          5.883596717        -0.2380457026          4.792109366        -0.3026705263          3.510815004          3.440910673                    0                    0                    0                    0          -2.73565493       9.60289389e-05                    0                    0                    0                    0                    0                    0                    0                    0                    0                    0                    0                    0                    0                    0                    0                    0
  "BR.BHZ141"                           410              "sbend"           131.899197          7.112809694        -0.5267129318          6.173949062         -0.535749226          3.550777627          3.488971681                    0                    0                    0                    0         -3.040082494        -0.3788971195                    0                    0                    0                    0                    0                    0                    0                    0                    0                    0                    0                    0                    0                    0                    0                    0
  "DRIFT_163"                           411              "drift"          131.8991995          7.112812327        -0.5267133808          6.173951741        -0.5357497472          3.550777683          3.488971745                    0                    0                    0                    0         -3.040083441        -0.3788971195                    0                    0                    0                    0                    0                    0                    0                    0                    0                    0                    0                    0                    0                    0                    0                    0
  "BR.STSCRAP141"                       412         "collimator"          131.8991995          7.112812327        -0.5267133808          6.173951741        -0.5357497472          3.550777683          3.488971745                    0                    0                    0                    0         -3.040083441        -0.3788971195                    0                    0                    0                    0                    0                    0                    0                    0                    0                    0                    0                    0                    0                    0                    0                    0
  "DRIFT_164"                           413              "drift"                  132          7.220823092        -0.5448166672          6.284077543        -0.5567627143          3.553016317          3.491547469                    0                    0                    0                    0          -3.07827646        -0.3788971195                    0                    0                    0                    0                    0                    0                    0                    0                    0                    0                    0                    0                    0                    0                    0                    0
  "BR3.VVS14L2"                         414             "marker"                  132          7.220823092        -0.5448166672          6.284077543        -0.5567627143          3.553016317          3.491547469                    0                    0                    0                    0          -3.07827646        -0.3788971195                    0                    0                    0                    0                    0                    0                    0                    0                    0                    0                    0                    0                    0                    0                    0                    0
  "DRIFT_165"                           415              "drift"           132.265512          7.522794673        -0.5925013492          6.594427699        -0.6121115958          3.558751078          3.498113731                    0                    0                    0                    0         -3.178878192        -0.3788971195                    0                    0                    0                    0                    0                    0                    0                    0                    0                    0                    0                    0                    0                    0                    0                    0
  "BR.QFO141"                           416         "quadrupole"           132.769082          6.777003897          1.980569549          8.650326181         -3.720463384            3.5696396           3.50906571                    0                    0                    0                    0         -3.072870078         0.7933801916                    0                    0                    0                    0                    0                    0         0.3691955154                    0                    0                    0                    0                    0                    0                    0                    0                    0
  "DRIFT_166"                           417              "drift"           133.095339          5.561972679          1.743584162          11.26061191         -4.280240742          3.578101177          3.514327843                    0                    0                    0                    0         -2.814024237         0.7933801916                    0                    0                    0                    0                    0                    0                    0                    0                    0                    0                    0                    0                    0                    0                    0                    0
  "BR3.BPM14L3"                         418            "monitor"           133.095339          5.561972679          1.743584162          11.26061191         -4.280240742          3.578101177          3.514327843                    0                    0                    0                    0         -2.814024237         0.7933801916                    0                    0                    0                    0                    0                    0                    0                    0                    0                    0                    0                    0                    0                    0                    0                    0
  "BR3.ONOH0.14L3"                      419          "multipole"           133.095339          5.561972679          1.743584162          11.26061191         -4.280240742          3.578101177          3.514327843                    0                    0                    0                    0         -2.814024237         0.7933801916                    0                    0                    0                    0                    0                    0                    0                    0                    0                    0                    0                    0                    0                    0                    0                    0
  "BR3.QSK14L3"                         420          "multipole"           133.095339          5.561972679          1.743584162          11.26061191         -4.280240742          3.578101177          3.514327843                    0                    0                    0                    0         -2.814024237         0.7933801916                    0                    0                    0                    0                    0                    0                    0                    0                    0                    0                    0                    0                    0                    0                    0                    0
  "BR3.XNOH0.14L3"                      421          "multipole"           133.095339          5.561972679          1.743584162          11.26061191         -4.280240742          3.578101177          3.514327843                    0                    0                    0                    0         -2.814024237         0.7933801916                    0                    0                    0                    0                    0                    0                    0                    0                    0                    0                    0                    0                    0                    0                    0                    0
  "DRIFT_167"                           422              "drift"           133.422827          4.497869599          1.505704605          14.24807892         -4.842130196          3.588529355          3.518443174                    0                    0                    0                    0         -2.554201745         0.7933801916                    0                    0                    0                    0                    0                    0                    0                    0                    0                    0                    0                    0                    0                    0                    0                    0
  "BR.QDE14"                            423         "quadrupole"           134.301767           4.49805885         -1.505959483          14.24930996          4.841007347          3.622947284          3.527356089                    0                    0                    0                    0         -2.554275405         -0.793555714                    0                    0                    0                    0                    0                    0         -0.650624507                    0                    0                    0                    0                    0                    0                    0                    0                    0
  "DRIFT_168"                           424              "drift"            134.42124          4.868271994         -1.592758588          13.11704797          4.636129719          3.627011129           3.52874694                    0                    0                    0                    0         -2.649083886         -0.793555714                    0                    0                    0                    0                    0                    0                    0                    0                    0                    0                    0                    0                    0                    0                    0                    0
  "BR3.BPP14L4"                         425            "monitor"            134.42124          4.868271994         -1.592758588          13.11704797          4.636129719          3.627011129           3.52874694                    0                    0                    0                    0         -2.649083886         -0.793555714                    0                    0                    0                    0                    0                    0                    0                    0                    0                    0                    0                    0                    0                    0                    0                    0
  "DRIFT_169"                           426              "drift"            134.45724          4.983892178         -1.618913182          12.78546906          4.574395314           3.62817433          3.529189372                    0                    0                    0                    0         -2.677651892         -0.793555714                    0                    0                    0                    0                    0                    0                    0                    0                    0                    0                    0                    0                    0                    0                    0                    0
  "BE3.BSW14L4"                         427            "hkicker"            134.92724          6.666158064         -1.960375936          8.864346639          3.768418356          3.641166399          3.536218112                    0                    0                    0                    0         -3.050623078         -0.793555714                    0                    0                    0                    0                    0                    0                    0                    0                    0                    0                    0                    0                    0                    0                    0                    0
  "DRIFT_170"                           428              "drift"           134.956512          6.781548828         -1.981642527           8.64519772          3.718221425            3.6418593          3.536750297                    0                    0                    0                    0         -3.073852041         -0.793555714                    0                    0                    0                    0                    0                    0                    0                    0                    0                    0                    0                    0                    0                    0                    0                    0
  "BR.QFO142"                           429         "quadrupole"           135.460082          7.527530684         0.5932186895          6.590587864         0.6116379211          3.652740737          3.547708724                    0                    0                    0                    0         -3.179855953         0.3790890686                    0                    0                    0                    0                    0                    0         0.3691955154                    0                    0                    0                    0                    0                    0                    0                    0                    0
  "DRIFT_171"                           430              "drift"           135.827299          7.116068821         0.5272682773          6.169495305         0.5350752171          3.660729489          3.556879295                    0                    0                    0                    0         -3.040648003         0.3790890686                    0                    0                    0                    0                    0                    0                    0                    0                    0                    0                    0                    0                    0                    0                    0                    0
  "BR.SPSCRAP142"                       431         "collimator"           135.827299          7.116068821         0.5272682773          6.169495305         0.5350752171          3.660729489          3.556879295                    0                    0                    0                    0         -3.040648003         0.3790890686                    0                    0                    0                    0                    0                    0                    0                    0                    0                    0                    0                    0                    0                    0                    0                    0
  "DRIFT_172"                           432              "drift"           135.827304          7.116063548         0.5272673793          6.169489954         0.5350741747          3.660729601          3.556879424                    0                    0                    0                    0         -3.040646107         0.3790890686                    0                    0                    0                    0                    0                    0                    0                    0                    0                    0                    0                    0                    0                    0                    0                    0
  "BR.BHZ142"                           433              "sbend"              137.445          5.885068222         0.2386001501          4.790044886         0.3018926565          3.700677788          3.604969032                    0                    0                    0                    0          -2.73591002      9.592009808e-05                    0                    0                    0                    0                    0                    0                    0                    0                    0                    0                    0                    0                    0                    0                    0                    0
  "DRIFT_173"                           434              "drift"           137.670173          5.786721592         0.1981601591          4.665638502         0.2505998007          3.706820387          3.612552632                    0                    0                    0                    0         -2.735888421      9.592009808e-05                    0                    0                    0                    0                    0                    0                    0                    0                    0                    0                    0                    0                    0                    0                    0                    0
  "BE3.BTV10"                           435         "instrument"           137.670173          5.786721592         0.1981601591          4.665638502         0.2505998007          3.706820387          3.612552632                    0                    0                    0                    0         -2.735888421      9.592009808e-05                    0                    0                    0                    0                    0                    0                    0                    0                    0                    0                    0                    0                    0                    0                    0                    0
  "DRIFT_174"                           436              "drift"           137.715573          5.769098824         0.1900065368          4.643353558         0.2402579939          3.708070964           3.61410506                    0                    0                    0                    0         -2.735884066      9.592009808e-05                    0                    0                    0                    0                    0                    0                    0                    0                    0                    0                    0                    0                    0                    0                    0                    0
  "BR3.BTV15L1"                         437         "instrument"           137.715573          5.769098824         0.1900065368          4.643353558         0.2402579939          3.708070964           3.61410506                    0                    0                    0                    0         -2.735884066      9.592009808e-05                    0                    0                    0                    0                    0                    0                    0                    0                    0                    0                    0                    0                    0                    0                    0                    0
  "DRIFT_175"                           438              "drift"           137.996102          5.676627655         0.1396248736          4.526481413         0.1763554233          3.715875962          3.623849863                    0                    0                    0                    0         -2.735857158      9.592009808e-05                    0                    0                    0                    0                    0                    0                    0                    0                    0                    0                    0                    0                    0                    0                    0                    0
  "BE3.SMH15L1"                         439            "hkicker"           138.946102          5.573425067       -0.03099057078          4.396989382       -0.04004802219          3.742885934          3.658002467                    0                    0                    0                    0         -2.735766034      9.592009808e-05                    0                    0                    0                    0                    0                    0                    0                    0                    0                    0                    0                    0                    0                    0                    0                    0
  "DRIFT_176"                           440              "drift"           139.287652          5.615545656       -0.09233131293           4.45091971        -0.1178507557          3.752608648          3.670302442                    0                    0                    0                    0         -2.735733272      9.592009808e-05                    0                    0                    0                    0                    0                    0                    0                    0                    0                    0                    0                    0                    0                    0                    0                    0
  "BR3.DHZ15L1"                         441            "hkicker"           139.287652          5.615545656       -0.09233131293           4.45091971        -0.1178507557          3.752608648          3.670302442                    0                    0                    0                    0         -2.735733272      9.592009808e-05                    0                    0                    0                    0                    0                    0                    0                    0                    0                    0                    0                    0                    0                    0                    0                    0
  "BR3.DVT15L1"                         442            "vkicker"           139.287652          5.615545656       -0.09233131293           4.45091971        -0.1178507557          3.752608648          3.670302442                    0                    0                    0                    0         -2.735733272      9.592009808e-05                    0                    0                    0                    0                    0                    0                    0                    0                    0                    0                    0                    0                    0                    0                    0                    0
  "DRIFT_177"                           443              "drift"            139.63066          5.700016596        -0.1539339049          4.558568094        -0.1959856115          3.762263748          3.682433702                    0                    0                    0                    0         -2.735700371      9.592009808e-05                    0                    0                    0                    0                    0                    0                    0                    0                    0                    0                    0                    0                    0                    0                    0                    0
  "BE3.BSW15L1"                         444            "hkicker"            139.99666           5.83675407        -0.2196657498          4.732543814        -0.2793578862          3.772369516          3.694987934                    0                    0                    0                    0         -2.735665264      9.592009808e-05                    0                    0                    0                    0                    0                    0                    0                    0                    0                    0                    0                    0                    0                    0                    0                    0
  "DRIFT_178"                           445              "drift"           140.099001          5.883596717        -0.2380457026          4.792109177        -0.3026704599          3.775149131          3.698408457                    0                    0                    0                    0         -2.735655448      9.592009808e-05                    0                    0                    0                    0                    0                    0                    0                    0                    0                    0                    0                    0                    0                    0                    0                    0
  "BR.BHZ151"                           446              "sbend"           141.716697          7.112809694        -0.5267129318          6.173948672        -0.5357491696          3.815111755          3.746469467                    0                    0                    0                    0         -3.040083186        -0.3788972284                    0                    0                    0                    0                    0                    0                    0                    0                    0                    0                    0                    0                    0                    0                    0                    0
  "DRIFT_179"                           447              "drift"          141.7166995          7.112812327        -0.5267133808          6.173951351        -0.5357496908          3.815111811          3.746469531                    0                    0                    0                    0         -3.040084134        -0.3788972284                    0                    0                    0                    0                    0                    0                    0                    0                    0                    0                    0                    0                    0                    0                    0                    0
  "BR.SPSCRAP151"                       448         "collimator"          141.7166995          7.112812327        -0.5267133808          6.173951351        -0.5357496908          3.815111811          3.746469531                    0                    0                    0                    0         -3.040084134        -0.3788972284                    0                    0                    0                    0                    0                    0                    0                    0                    0                    0                    0                    0                    0                    0                    0                    0
  "DRIFT_180"                           449              "drift"           142.083012          7.522794673        -0.5925013492          6.594427268        -0.6121115406          3.823085206          3.755611518                    0                    0                    0                    0         -3.178878924        -0.3788972284                    0                    0                    0                    0                    0                    0                    0                    0                    0                    0                    0                    0                    0                    0                    0                    0
  "BR.QFO151"                           450         "quadrupole"           142.586582          6.777003897          1.980569549          8.650325603          -3.72046313          3.833973728          3.766563497                    0                    0                    0                    0         -3.072870797         0.7933803548                    0                    0                    0                    0                    0                    0         0.3691955154                    0                    0                    0                    0                    0                    0                    0                    0                    0
  "DRIFT_181"                           451              "drift"           142.912834          5.561990115          1.743587794          11.26056835         -4.280231875          3.842435161           3.77182556                    0                    0                    0                    0         -2.814028869         0.7933803548                    0                    0                    0                    0                    0                    0                    0                    0                    0                    0                    0                    0                    0                    0                    0                    0
  "BR3.BPM15L3"                         452            "monitor"           142.912834          5.561990115          1.743587794          11.26056835         -4.280231875          3.842435161           3.77182556                    0                    0                    0                    0         -2.814028869         0.7933803548                    0                    0                    0                    0                    0                    0                    0                    0                    0                    0                    0                    0                    0                    0                    0                    0
  "BR3.ONOH0.15L3"                      453          "multipole"           142.912834          5.561990115          1.743587794          11.26056835         -4.280231875          3.842435161           3.77182556                    0                    0                    0                    0         -2.814028869         0.7933803548                    0                    0                    0                    0                    0                    0                    0                    0                    0                    0                    0                    0                    0                    0                    0                    0
  "BR3.QSKH0.15L3"                      454          "multipole"           142.912834          5.561990115          1.743587794          11.26056835         -4.280231875          3.842435161           3.77182556                    0                    0                    0                    0         -2.814028869         0.7933803548                    0                    0                    0                    0                    0                    0                    0                    0                    0                    0                    0                    0                    0                    0                    0                    0
  "BR3.XNOH0.15L3"                      455          "multipole"           142.912834          5.561990115          1.743587794          11.26056835         -4.280231875          3.842435161           3.77182556                    0                    0                    0                    0         -2.814028869         0.7933803548                    0                    0                    0                    0                    0                    0                    0                    0                    0                    0                    0                    0                    0                    0                    0                    0
  "DRIFT_182"                           456              "drift"           143.240327          4.497869599          1.505704605          14.24807797         -4.842129873          3.852863483          3.775940962                    0                    0                    0                    0         -2.554202357         0.7933803548                    0                    0                    0                    0                    0                    0                    0                    0                    0                    0                    0                    0                    0                    0                    0                    0
  "BR.QDE15"                            457         "quadrupole"           144.119267           4.49805885         -1.505959483          14.24930902          4.841007016          3.887281412          3.784853878                    0                    0                    0                    0         -2.554276042        -0.7935559389                    0                    0                    0                    0                    0                    0         -0.650624507                    0                    0                    0                    0                    0                    0                    0                    0                    0
  "DRIFT_183"                           458              "drift"           144.221834          4.814625289           -1.5804761          13.27429403          4.665120562          3.890789489          3.786040819                    0                    0                    0                    0         -2.635668694        -0.7935559389                    0                    0                    0                    0                    0                    0                    0                    0                    0                    0                    0                    0                    0                    0                    0                    0
  "BE3.BSW15L4"                         459            "hkicker"           144.691834          6.460760317         -1.921938854          9.267889845          3.859143656          3.904217457          3.792786905                    0                    0                    0                    0         -3.008639986        -0.7935559389                    0                    0                    0                    0                    0                    0                    0                    0                    0                    0                    0                    0                    0                    0                    0                    0
  "DRIFT_184"                           460              "drift"           144.774012          6.781548828         -1.981642527          8.645197159          3.718221166          3.906193428          3.794248086                    0                    0                    0                    0         -3.073852825        -0.7935559389                    0                    0                    0                    0                    0                    0                    0                    0                    0                    0                    0                    0                    0                    0                    0                    0
  "BR.QFO152"                           461         "quadrupole"           145.277582          7.527530684         0.5932186895          6.590587455         0.6116378573          3.917074865          3.805206514                    0                    0                    0                    0         -3.179856776         0.3790891451                    0                    0                    0                    0                    0                    0         0.3691955154                    0                    0                    0                    0                    0                    0                    0                    0                    0
  "DRIFT_185"                           462              "drift"           145.644799          7.116068821         0.5272682773          6.169494944          0.535075153          3.925063617          3.814377086                    0                    0                    0                    0         -3.040648797         0.3790891451                    0                    0                    0                    0                    0                    0                    0                    0                    0                    0                    0                    0                    0                    0                    0                    0
  "BR.STSCRAP152"                       463         "collimator"           145.644799          7.116068821         0.5272682773          6.169494944          0.535075153          3.925063617          3.814377086                    0                    0                    0                    0         -3.040648797         0.3790891451                    0                    0                    0                    0                    0                    0                    0                    0                    0                    0                    0                    0                    0                    0                    0                    0
  "DRIFT_186"                           464              "drift"           145.644804          7.116063548         0.5272673793          6.169489593         0.5350741105          3.925063729          3.814377215                    0                    0                    0                    0         -3.040646902         0.3790891451                    0                    0                    0                    0                    0                    0                    0                    0                    0                    0                    0                    0                    0                    0                    0                    0
  "BR.BHZ152"                           465              "sbend"             147.2625          5.885068222         0.2386001501          4.790044745         0.3018925873          3.965011915          3.862466824                    0                    0                    0                    0         -2.735910691      9.599664502e-05                    0                    0                    0                    0                    0                    0                    0                    0                    0                    0                    0                    0                    0                    0                    0                    0
  "DRIFT_187"                           466              "drift"             147.6255          5.735509593         0.1734070908          4.600886795         0.2192036926          3.974962486          3.874785668                    0                    0                    0                    0         -2.735875845      9.599664502e-05                    0                    0                    0                    0                    0                    0                    0                    0                    0                    0                    0                    0                    0                    0                    0                    0
  "BR3.ONO16L1"                         467          "multipole"             147.6255          5.735509593         0.1734070908          4.600886795         0.2192036926          3.974962486          3.874785668                    0                    0                    0                    0         -2.735875845      9.599664502e-05                    0                    0                    0                    0                    0                    0                    0                    0                    0                    0                    0                    0                    0                    0                    0                    0
  "BR3.QNO16L1"                         468          "multipole"             147.6255          5.735509593         0.1734070908          4.600886795         0.2192036926          3.974962486          3.874785668                    0                    0                    0                    0         -2.735875845      9.599664502e-05                    0                    0                    0                    0                    0                    0                    0                    0                    0                    0                    0                    0                    0                    0                    0                    0
  "BR3.XNO16L1"                         469          "multipole"             147.6255          5.735509593         0.1734070908          4.600886795         0.2192036926          3.974962486          3.874785668                    0                    0                    0                    0         -2.735875845      9.599664502e-05                    0                    0                    0                    0                    0                    0                    0                    0                    0                    0                    0                    0                    0                    0                    0                    0
  "DRIFT_188"                           470              "drift"              148.038           5.62300799         0.0993240689          4.458804168         0.1252390395          3.986533098          3.889300643                    0                    0                    0                    0         -2.735836246      9.599664502e-05                    0                    0                    0                    0                    0                    0                    0                    0                    0                    0                    0                    0                    0                    0                    0                    0
  "BI3.KSW16L1"                         471            "hkicker"              148.408          5.574094762        0.03287384318          4.397312154        0.04095559302          3.997059186          3.902615169                    0                    0                    0                    0         -2.735800727      9.599664502e-05                    0                    0                    0                    0                    0                    0                    0                    0                    0                    0                    0                    0                    0                    0                    0                    0
  "DRIFT_189"                           472              "drift"            149.25851          5.648088989        -0.1198736743          4.492423941        -0.1527847152          4.021277221          3.933259655                    0                    0                    0                    0         -2.735719081      9.599664502e-05                    0                    0                    0                    0                    0                    0                    0                    0                    0                    0                    0                    0                    0                    0                    0                    0
  "BR3.DHZ16L1"                         473            "hkicker"            149.25851          5.648088989        -0.1198736743          4.492423941        -0.1527847152          4.021277221          3.933259655                    0                    0                    0                    0         -2.735719081      9.599664502e-05                    0                    0                    0                    0                    0                    0                    0                    0                    0                    0                    0                    0                    0                    0                    0                    0
  "BR3.DVT16L1"                         474            "vkicker"            149.25851          5.648088989        -0.1198736743          4.492423941        -0.1527847152          4.021277221          3.933259655                    0                    0                    0                    0         -2.735719081      9.599664502e-05                    0                    0                    0                    0                    0                    0                    0                    0                    0                    0                    0                    0                    0                    0                    0                    0
  "DRIFT_190"                           475              "drift"          149.9165015          5.883596955        -0.2380457924          4.792109692        -0.3026706377          4.039483273          3.955906266                    0                    0                    0                    0         -2.735655916      9.599664502e-05                    0                    0                    0                    0                    0                    0                    0                    0                    0                    0                    0                    0                    0                    0                    0                    0
  "BR.BHZ161"                           476              "sbend"          151.5341975           7.11281022        -0.5267130216          6.173949727        -0.5357493198          4.079445894          4.003967268                    0                    0                    0                    0         -3.040083532        -0.3788971518                    0                    0                    0                    0                    0                    0                    0                    0                    0                    0                    0                    0                    0                    0                    0                    0
  "DRIFT_191"                           477              "drift"             151.5342          7.112812854        -0.5267134706          6.173952406         -0.535749841           4.07944595          4.003967333                    0                    0                    0                    0         -3.040084479        -0.3788971518                    0                    0                    0                    0                    0                    0                    0                    0                    0                    0                    0                    0                    0                    0                    0                    0
  "BR.STSCRAP161"                       478         "collimator"             151.5342          7.112812854        -0.5267134706          6.173952406         -0.535749841           4.07944595          4.003967333                    0                    0                    0                    0         -3.040084479        -0.3788971518                    0                    0                    0                    0                    0                    0                    0                    0                    0                    0                    0                    0                    0                    0                    0                    0
  "DRIFT_192"                           479              "drift"           151.900512          7.522794673        -0.5925013492           6.59442782         -0.612111583          4.087419334          4.013109306                    0                    0                    0                    0         -3.178879052        -0.3788971518                    0                    0                    0                    0                    0                    0                    0                    0                    0                    0                    0                    0                    0                    0                    0                    0
  "BR.QFO161"                           480         "quadrupole"           152.404082          6.777003897          1.980569549           8.65032631         -3.720463413          4.098307855          4.024061284                    0                    0                    0                    0         -3.072870876         0.7933804701                    0                    0                    0                    0                    0                    0         0.3691955154                    0                    0                    0                    0                    0                    0                    0                    0                    0
  "DRIFT_193"                           481              "drift"           152.730339          5.561972679          1.743584162          11.26061205         -4.280240771          4.106769432          4.029323418                    0                    0                    0                    0         -2.814024944         0.7933804701                    0                    0                    0                    0                    0                    0                    0                    0                    0                    0                    0                    0                    0                    0                    0                    0
  "BR3.BPM16L3"                         482            "monitor"           152.730339          5.561972679          1.743584162          11.26061205         -4.280240771          4.106769432          4.029323418                    0                    0                    0                    0         -2.814024944         0.7933804701                    0                    0                    0                    0                    0                    0                    0                    0                    0                    0                    0                    0                    0                    0                    0                    0
  "BR3.ONOH0.16L3"                      483          "multipole"           152.730339          5.561972679          1.743584162          11.26061205         -4.280240771          4.106769432          4.029323418                    0                    0                    0                    0         -2.814024944         0.7933804701                    0                    0                    0                    0                    0                    0                    0                    0                    0                    0                    0                    0                    0                    0                    0                    0
  "BR3.QNO16L3"                         484          "multipole"           152.730339          5.561972679          1.743584162          11.26061205         -4.280240771          4.106769432          4.029323418                    0                    0                    0                    0         -2.814024944         0.7933804701                    0                    0                    0                    0                    0                    0                    0                    0                    0                    0                    0                    0                    0                    0                    0                    0
  "BR3.XNOH0.16L3"                      485          "multipole"           152.730339          5.561972679          1.743584162          11.26061205         -4.280240771          4.106769432          4.029323418                    0                    0                    0                    0         -2.814024944         0.7933804701                    0                    0                    0                    0                    0                    0                    0                    0                    0                    0                    0                    0                    0                    0                    0                    0
  "DRIFT_194"                           486              "drift"           153.057827          4.497869599          1.505704605          14.24807909         -4.842130225          4.117197611          4.033438749                    0                    0                    0                    0          -2.55420236         0.7933804701                    0                    0                    0                    0                    0                    0                    0                    0                    0                    0                    0                    0                    0                    0                    0                    0
  "BR.QDE16"                            487         "quadrupole"           153.936767           4.49805885         -1.505959483          14.24931008          4.841007417          4.151615539          4.042351663                    0                    0                    0                    0         -2.554275935        -0.7935557915                    0                    0                    0                    0                    0                    0         -0.650624507                    0                    0                    0                    0                    0                    0                    0                    0                    0
  "DRIFT_195"                           488              "drift"           154.079339          4.942241899         -1.609540393          12.90378312          4.596518589          4.156428874          4.044025091                    0                    0                    0                    0         -2.667414772        -0.7935557915                    0                    0                    0                    0                    0                    0                    0                    0                    0                    0                    0                    0                    0                    0                    0                    0
  "BI3.KSW16L4"                         489            "hkicker"           154.449339          6.232761898         -1.878351497          9.737121598          3.962026078          4.167046851          4.049279537                    0                    0                    0                    0         -2.961030415        -0.7935557915                    0                    0                    0                    0                    0                    0                    0                    0                    0                    0                    0                    0                    0                    0                    0                    0
  "DRIFT_196"                           490              "drift"           154.591512          6.781548828         -1.981642527          8.645197763          3.718221473          4.170527556          4.051745871                    0                    0                    0                    0         -3.073852622        -0.7935557915                    0                    0                    0                    0                    0                    0                    0                    0                    0                    0                    0                    0                    0                    0                    0                    0
  "BR.QFO162"                           491         "quadrupole"           155.095082          7.527530684         0.5932186895          6.590587869         0.6116379517          4.181408992          4.062704299                    0                    0                    0                    0         -3.179856519         0.3790892063                    0                    0                    0                    0                    0                    0         0.3691955154                    0                    0                    0                    0                    0                    0                    0                    0                    0
  "DRIFT_197"                           492              "drift"           155.218397          7.383956189         0.5710719069          6.442910091         0.5859274587          4.184041593          4.065716326                    0                    0                    0                    0         -3.133109134         0.3790892063                    0                    0                    0                    0                    0                    0                    0                    0                    0                    0                    0                    0                    0                    0                    0                    0
  "BR3.VVS16L5"                         493             "marker"           155.218397          7.383956189         0.5710719069          6.442910091         0.5859274587          4.184041593          4.065716326                    0                    0                    0                    0         -3.133109134         0.3790892063                    0                    0                    0                    0                    0                    0                    0                    0                    0                    0                    0                    0                    0                    0                    0                    0
  "DRIFT_198"                           494              "drift"           155.462299          7.116068821         0.5272682773          6.169495289         0.5350752457          4.189397745          4.071874869                    0                    0                    0                    0         -3.040648518         0.3790892063                    0                    0                    0                    0                    0                    0                    0                    0                    0                    0                    0                    0                    0                    0                    0                    0
  "BR.STSCRAP162"                       495         "collimator"           155.462299          7.116068821         0.5272682773          6.169495289         0.5350752457          4.189397745          4.071874869                    0                    0                    0                    0         -3.040648518         0.3790892063                    0                    0                    0                    0                    0                    0                    0                    0                    0                    0                    0                    0                    0                    0                    0                    0
  "DRIFT_199"                           496              "drift"           155.462304          7.116063548         0.5272673793          6.169489938         0.5350742032          4.189397857          4.071874998                    0                    0                    0                    0         -3.040646623         0.3790892063                    0                    0                    0                    0                    0                    0                    0                    0                    0                    0                    0                    0                    0                    0                    0                    0
  "BR.BHZ162"                           497              "sbend"               157.08          5.885068222         0.2386001501          4.790044795         0.3018926739          4.229346043          4.119964606                    0                    0                    0                    0         -2.735910314      9.605782148e-05                    0                    0                    0                    0                    0                    0                    0                    0                    0                    0                    0                    0                    0                    0                    0                    0
