INFO pymadng_utils.io.utils: Reading knobs from /afs/cern.ch/work/j/jmgray/private/psb_md/data/p17_p23_final_strengths.txt
INFO psb_md.acd_config: Read 2 p17-p23-final-qde14-qde3 strengths from p17_p23_final_strengths.txt
INFO psb_md.modelling: Reusing existing model at /afs/cern.ch/work/j/jmgray/private/psb_md/models/reference/model_qx0.173146_qy0.228893_driven_qx0.169600_qy0.232400_state_tunematch
INFO aba_optimiser.mad.optimising_mad_interface: Counted 16 BPMs in observation range: full cycled sequence ($start/$end)
INFO aba_optimiser.mad.optimising_mad_interface: Replaced 16 monitor BPMs with thin observation markers in range: full cycled sequence ($start/$end)
INFO aba_optimiser.mad.optimising_mad_interface: Skipping corrector strengths (not provided)

 Constraints                Type        Kind        Weight     Expr. Value
------------------------------------------------------------------------------
 1 q1                       equality     .          1         -2.69018e-03 >
 2 q2                       equality     .          1          2.09657e-03 >

 Variables                  Curr. Value  Curr. Step   Lower Limit  Upper Limit
--------------------------------------------------------------------------------
 1 kBRQF                    7.28900e-01  0.00000e+00   .            .         
 2 kBRQD                   -7.44277e-01  0.00000e+00   .            .         

ncall=1 [0.0s], fval=2.41171e-03, fstp=-inf, ccnt=2.


 Constraints                Type        Kind        Weight     Expr. Value
------------------------------------------------------------------------------
 1 q1                       equality     .          1         -5.62199e-07 >
 2 q2                       equality     .          1         -1.35307e-07 >

 Variables                  Curr. Value  Curr. Step   Lower Limit  Upper Limit
--------------------------------------------------------------------------------
 1 kBRQF                    7.29202e-01  3.02056e-04   .            .         
 2 kBRQD                   -7.44318e-01 -4.17613e-05   .            .         

ncall=4 [0.1s], fval=4.08886e-07, fstp=-2.41130e-03, ccnt=2.


 Constraints                Type        Kind        Weight     Expr. Value
------------------------------------------------------------------------------
 1 q1                       equality     .          1          1.68754e-14
 2 q2                       equality     .          1          2.04281e-14

 Variables                  Curr. Value  Curr. Step   Lower Limit  Upper Limit
--------------------------------------------------------------------------------
 1 kBRQF                    7.29202e-01  8.42852e-08   .            .         
 2 kBRQD                   -7.44318e-01 -5.26544e-08   .            .         

ncall=7 [0.2s], fval=1.87361e-14, fstp=-4.08886e-07, ccnt=0.


 Constraints                Type        Kind        Weight     Penalty Value
------------------------------------------------------------------------------
 1 q1                       equality     .          1          1.68754e-14
 2 q2                       equality     .          1          2.04281e-14

 Variables                  Final Value  Init. Value  Lower Limit  Upper Limit
--------------------------------------------------------------------------------
 1 kBRQF                    7.29202e-01  7.28900e-01   .            .         
 2 kBRQD                   -7.44318e-01 -7.44277e-01   .            .         

ncall=7 [0.2s], fbst[7]=1.87361e-14, fstp=-4.08886e-07, status=FMIN.

INFO psb_md.modelling: Tune match for p17-p23-final-qde14-qde3 orbit 0: (0.170456, 0.230989) -> (0.173146, 0.228893), target (0.173146, 0.228893)
INFO psb_md.modelling: Matched 2 strengths for p17-p23-final-qde14-qde3 orbit 0 (dpp=0.000000e+00, ke=1.600000e-01)
INFO loco_common.model: Quadrupole circuits from the normal_qde14_qde3_err machine, not a tune match: kbrqd -0.7442765967 (matched -0.7443184106, +0.006 %), kbrqf +0.7289003149 (matched +0.7292024552, -0.041 %)
INFO loco_common.model: Whatever this model twisses to is not matched to the machine's measured tune, by design (scripts/measured_optics.py reads that tune live from /afs/cern.ch/work/j/jmgray/private/psb_md/chroma/p17_p23_final_qde14_qde3_2026_08_29.txt)
INFO loco_common.model: Using the scan's own corrector settings; largest disagreement with psb_md's campaign file is 6.027e-05 rad on kbr3dhz11l4
INFO loco_common.model: Ring-3 model from /afs/cern.ch/work/j/jmgray/private/psb_loco/models/model_qx0.165000_qy0.227500/psb3_saved.seq: 6 tune knobs, 12 corrector knobs
INFO aba_optimiser.mad.optimising_mad_interface: Counted 16 BPMs in observation range: full cycled sequence ($start/$end)
INFO aba_optimiser.mad.optimising_mad_interface: Replaced 16 monitor BPMs with thin observation markers in range: full cycled sequence ($start/$end)
INFO aba_optimiser.mad.optimising_mad_interface: Set 12 corrector knobs
INFO aba_optimiser.mad.optimising_mad_interface: Created 32 knobs from 5.983511999999999 to 153.057827
INFO __main__: Freeing 32 cell-grouped quadrupole dk1l knobs
INFO __main__: Response grid: 32 BPM channels x 12 correctors, 384 usable points

 Constraints                Type        Kind        Weight     Expr. Value
------------------------------------------------------------------------------
 1 R_BR3.BPM1L3.x_BR3.DHZ11L4 equality     .          254.66     7.02259e-02 >
 2 R_BR3.BPM1L3.x_BR3.DHZ12L4 equality     .          253.14     6.40942e-01 >
 3 R_BR3.BPM1L3.x_BR3.DHZ13L4 equality     .          247.69     1.33804e+00 >
 4 R_BR3.BPM1L3.x_BR3.DHZ14L1 equality     .          252.82     1.11945e+00 >
 5 R_BR3.BPM1L3.x_BR3.DHZ8L1 equality     .          254.13    -4.31419e-01 >
 6 R_BR3.BPM1L3.x_BR3.DHZ9L1 equality     .          249.92     5.62108e-01 >
 7 R_BR3.BPM1L3.x_BR3.DVT12L4 equality     .          253.72     1.81037e-01 >
 8 R_BR3.BPM1L3.x_BR3.DVT13L4 equality     .          258.5      1.48860e-01 >
 9 R_BR3.BPM1L3.x_BR3.DVT2L4 equality     .          259.45    -1.31612e-01 >
10 R_BR3.BPM1L3.x_BR3.DVT6L4 equality     .          255.36    -8.39518e-03 >
11 R_BR3.BPM1L3.x_BR3.DVT8L1 equality     .          251.55    -3.62897e-02 >
12 R_BR3.BPM1L3.x_BR3.DVT9L1 equality     .          254.26     1.54365e-01 >
13 R_BR3.BPM2L3.x_BR3.DHZ11L4 equality     .          155.27     1.00485e-02 >
14 R_BR3.BPM2L3.x_BR3.DHZ12L4 equality     .          156.88     1.67508e-01 >
15 R_BR3.BPM2L3.x_BR3.DHZ13L4 equality     .          155.84     1.29186e+00 >
16 R_BR3.BPM2L3.x_BR3.DHZ14L1 equality     .          155.85     1.87498e+00 >
17 R_BR3.BPM2L3.x_BR3.DHZ8L1 equality     .          157.76    -4.82495e-01 >
18 R_BR3.BPM2L3.x_BR3.DHZ9L1 equality     .          156.58    -5.96427e-01 >
19 R_BR3.BPM2L3.x_BR3.DVT12L4 equality     .          157.29     5.43978e-02 >
20 R_BR3.BPM2L3.x_BR3.DVT13L4 equality     .          156.68     3.20466e-02 >
21 R_BR3.BPM2L3.x_BR3.DVT2L4 equality     .          156.36     1.70435e-02 >
22 R_BR3.BPM2L3.x_BR3.DVT6L4 equality     .          157.45     1.25056e-01 >
23 R_BR3.BPM2L3.x_BR3.DVT8L1 equality     .          155.43    -2.55384e-03 >
24 R_BR3.BPM2L3.x_BR3.DVT9L1 equality     .          154.89     7.96785e-03 >
25 R_BR3.BPM3L3.x_BR3.DHZ11L4 equality     .          303.95     1.09863e+00 >
26 R_BR3.BPM3L3.x_BR3.DHZ12L4 equality     .          302.28    -1.64550e-01 >
27 R_BR3.BPM3L3.x_BR3.DHZ13L4 equality     .          296.52    -5.70809e-01 >
28 R_BR3.BPM3L3.x_BR3.DHZ14L1 equality     .          301.62    -5.36226e-01 >
29 R_BR3.BPM3L3.x_BR3.DHZ8L1 equality     .          307.07     1.36732e+00 >
30 R_BR3.BPM3L3.x_BR3.DHZ9L1 equality     .          304.26    -1.01325e+00 >
31 R_BR3.BPM3L3.x_BR3.DVT12L4 equality     .          303.71     3.12094e-03 >
32 R_BR3.BPM3L3.x_BR3.DVT13L4 equality     .          308.93    -2.67567e-01 >
33 R_BR3.BPM3L3.x_BR3.DVT2L4 equality     .          308.62     6.01420e-02 >
34 R_BR3.BPM3L3.x_BR3.DVT6L4 equality     .          301.48     1.59438e-01 >
35 R_BR3.BPM3L3.x_BR3.DVT8L1 equality     .          307.83     1.31794e-01 >
36 R_BR3.BPM3L3.x_BR3.DVT9L1 equality     .          306.9     -3.88015e-02 >
37 R_BR3.BPM4L3.x_BR3.DHZ11L4 equality     .          197.62     2.72118e-01 >
38 R_BR3.BPM4L3.x_BR3.DHZ12L4 equality     .          201.32     4.98947e-01 >
39 R_BR3.BPM4L3.x_BR3.DHZ13L4 equality     .          197.32     4.48349e-01 >
40 R_BR3.BPM4L3.x_BR3.DHZ14L1 equality     .          201.26    -4.67461e-01 >
41 R_BR3.BPM4L3.x_BR3.DHZ8L1 equality     .          200.39     5.84066e-01 >
42 R_BR3.BPM4L3.x_BR3.DHZ9L1 equality     .          202.61     4.69357e-01 >
43 R_BR3.BPM4L3.x_BR3.DVT12L4 equality     .          195.76     1.09594e-01 >
44 R_BR3.BPM4L3.x_BR3.DVT13L4 equality     .          197.42    -1.92279e-01 >
45 R_BR3.BPM4L3.x_BR3.DVT2L4 equality     .          199.38    -2.04047e-01 >
46 R_BR3.BPM4L3.x_BR3.DVT6L4 equality     .          198.44     3.53691e-02 >
47 R_BR3.BPM4L3.x_BR3.DVT8L1 equality     .          195.82     1.16227e-01 >
48 R_BR3.BPM4L3.x_BR3.DVT9L1 equality     .          196.53     3.75120e-02 >
49 R_BR3.BPM5L3.x_BR3.DHZ11L4 equality     .          321.86     7.08182e-02 >
50 R_BR3.BPM5L3.x_BR3.DHZ12L4 equality     .          324        5.60329e-01 >
51 R_BR3.BPM5L3.x_BR3.DHZ13L4 equality     .          320.22     1.45725e+00 >
52 R_BR3.BPM5L3.x_BR3.DHZ14L1 equality     .          315.57     1.44688e+00 >
53 R_BR3.BPM5L3.x_BR3.DHZ8L1 equality     .          334.56    -5.38726e-01 >
54 R_BR3.BPM5L3.x_BR3.DHZ9L1 equality     .          333.04     4.26367e-01 >
55 R_BR3.BPM5L3.x_BR3.DVT12L4 equality     .          328.02     1.29437e-01 >
56 R_BR3.BPM5L3.x_BR3.DVT13L4 equality     .          338.46     1.27123e-01 >
57 R_BR3.BPM5L3.x_BR3.DVT2L4 equality     .          333.03    -1.98635e-01 >
58 R_BR3.BPM5L3.x_BR3.DVT6L4 equality     .          328.88     3.82431e-03 >
59 R_BR3.BPM5L3.x_BR3.DVT8L1 equality     .          328.84    -6.27361e-02 >
60 R_BR3.BPM5L3.x_BR3.DVT9L1 equality     .          333.2      1.08396e-01 >
61 R_BR3.BPM6L3.x_BR3.DHZ11L4 equality     .          199.4      1.53080e-01 >
62 R_BR3.BPM6L3.x_BR3.DHZ12L4 equality     .          197.81     1.34489e-01 >
63 R_BR3.BPM6L3.x_BR3.DHZ13L4 equality     .          198.97     1.10294e+00 >
64 R_BR3.BPM6L3.x_BR3.DHZ14L1 equality     .          195.6      1.61527e+00 >
65 R_BR3.BPM6L3.x_BR3.DHZ8L1 equality     .          198.79    -1.74196e-01 >
66 R_BR3.BPM6L3.x_BR3.DHZ9L1 equality     .          199.44    -7.43030e-01 >
67 R_BR3.BPM6L3.x_BR3.DVT12L4 equality     .          200.97     6.72371e-03 >
68 R_BR3.BPM6L3.x_BR3.DVT13L4 equality     .          201.13    -3.27941e-02 >
69 R_BR3.BPM6L3.x_BR3.DVT2L4 equality     .          203.01     1.82911e-02 >
70 R_BR3.BPM6L3.x_BR3.DVT6L4 equality     .          200.9      1.30524e-01 >
71 R_BR3.BPM6L3.x_BR3.DVT8L1 equality     .          200.31     1.05520e-02 >
72 R_BR3.BPM6L3.x_BR3.DVT9L1 equality     .          200.46    -3.10332e-02 >
73 R_BR3.BPM7L3.x_BR3.DHZ11L4 equality     .          222.8      5.47229e-01 >
74 R_BR3.BPM7L3.x_BR3.DHZ12L4 equality     .          225.34     2.17714e-01 >
75 R_BR3.BPM7L3.x_BR3.DHZ13L4 equality     .          220.25    -2.77694e-02 >
76 R_BR3.BPM7L3.x_BR3.DHZ14L1 equality     .          225.48    -4.07781e-01 >
77 R_BR3.BPM7L3.x_BR3.DHZ8L1 equality     .          225.4      1.06121e+00 >
78 R_BR3.BPM7L3.x_BR3.DHZ9L1 equality     .          222.1     -4.77497e-01 >
79 R_BR3.BPM7L3.x_BR3.DVT12L4 equality     .          225.86    -2.07404e-02 >
80 R_BR3.BPM7L3.x_BR3.DVT13L4 equality     .          221.49    -2.91229e-01 >
81 R_BR3.BPM7L3.x_BR3.DVT2L4 equality     .          225.42    -1.68322e-03 >
82 R_BR3.BPM7L3.x_BR3.DVT6L4 equality     .          226.6      2.43007e-01 >
83 R_BR3.BPM7L3.x_BR3.DVT8L1 equality     .          225.55     1.48572e-01 >
84 R_BR3.BPM7L3.x_BR3.DVT9L1 equality     .          222.35    -3.80305e-02 >
85 R_BR3.BPM8L3.x_BR3.DHZ11L4 equality     .          330.8      2.91262e-01 >
86 R_BR3.BPM8L3.x_BR3.DHZ12L4 equality     .          333.31     6.60182e-01 >
87 R_BR3.BPM8L3.x_BR3.DHZ13L4 equality     .          330.27     5.84186e-01 >
88 R_BR3.BPM8L3.x_BR3.DHZ14L1 equality     .          326.41    -2.64598e-01 >
89 R_BR3.BPM8L3.x_BR3.DHZ8L1 equality     .          338.18     9.98951e-01 >
90 R_BR3.BPM8L3.x_BR3.DHZ9L1 equality     .          333.86     6.65349e-01 >
91 R_BR3.BPM8L3.x_BR3.DVT12L4 equality     .          329.82     1.00612e-01 >
92 R_BR3.BPM8L3.x_BR3.DVT13L4 equality     .          332.74    -1.58137e-01 >
93 R_BR3.BPM8L3.x_BR3.DVT2L4 equality     .          335.17    -1.57385e-01 >
94 R_BR3.BPM8L3.x_BR3.DVT6L4 equality     .          330.59     6.84089e-02 >
95 R_BR3.BPM8L3.x_BR3.DVT8L1 equality     .          329.77     1.96821e-01 >
96 R_BR3.BPM8L3.x_BR3.DVT9L1 equality     .          333.4      6.79843e-02 >
97 R_BR3.BPM9L3.x_BR3.DHZ11L4 equality     .          297.95    -1.10695e-01 >
98 R_BR3.BPM9L3.x_BR3.DHZ12L4 equality     .          272.29     5.02615e-01 >
99 R_BR3.BPM9L3.x_BR3.DHZ13L4 equality     .          292.4      1.53841e+00 >
100 R_BR3.BPM9L3.x_BR3.DHZ14L1 equality     .          288.77     1.65876e+00 >
101 R_BR3.BPM9L3.x_BR3.DHZ8L1 equality     .          281.34     4.10107e-02 >
102 R_BR3.BPM9L3.x_BR3.DHZ9L1 equality     .          299.8      7.76840e-01 >
103 R_BR3.BPM9L3.x_BR3.DVT12L4 equality     .          268.81     7.03390e-02 >
104 R_BR3.BPM9L3.x_BR3.DVT13L4 equality     .          281.73     9.40930e-02 >
105 R_BR3.BPM9L3.x_BR3.DVT2L4 equality     .          278.17    -1.55976e-01 >
106 R_BR3.BPM9L3.x_BR3.DVT6L4 equality     .          276.41    -4.03691e-02 >
107 R_BR3.BPM9L3.x_BR3.DVT8L1 equality     .          274.35     3.75869e-02 >
108 R_BR3.BPM9L3.x_BR3.DVT9L1 equality     .          275.55     1.83182e-01 >
109 R_BR3.BPM10L3.x_BR3.DHZ11L4 equality     .          315.77     2.10240e-01 >
110 R_BR3.BPM10L3.x_BR3.DHZ12L4 equality     .          318.58     1.56566e-02 >
111 R_BR3.BPM10L3.x_BR3.DHZ13L4 equality     .          309.41     8.85202e-01 >
112 R_BR3.BPM10L3.x_BR3.DHZ14L1 equality     .          313.99     1.39708e+00 >
113 R_BR3.BPM10L3.x_BR3.DHZ8L1 equality     .          329.56    -7.00335e-01 >
114 R_BR3.BPM10L3.x_BR3.DHZ9L1 equality     .          324.29    -3.15322e-01 >
115 R_BR3.BPM10L3.x_BR3.DVT12L4 equality     .          320.67     2.35197e-02 >
116 R_BR3.BPM10L3.x_BR3.DVT13L4 equality     .          326.05    -6.53891e-02 >
117 R_BR3.BPM10L3.x_BR3.DVT2L4 equality     .          321.72    -1.68558e-02 >
118 R_BR3.BPM10L3.x_BR3.DVT6L4 equality     .          316.33     1.70713e-01 >
119 R_BR3.BPM10L3.x_BR3.DVT8L1 equality     .          321.28    -1.13981e-01 >
120 R_BR3.BPM10L3.x_BR3.DVT9L1 equality     .          322.27    -1.84895e-03 >
121 R_BR3.BPM11L3.x_BR3.DHZ11L4 equality     .          318.4      2.53326e-01 >
122 R_BR3.BPM11L3.x_BR3.DHZ12L4 equality     .          316.84     3.09377e-01 >
123 R_BR3.BPM11L3.x_BR3.DHZ13L4 equality     .          313.46     2.34462e-01 >
124 R_BR3.BPM11L3.x_BR3.DHZ14L1 equality     .          316.5     -4.12730e-01 >
125 R_BR3.BPM11L3.x_BR3.DHZ8L1 equality     .          322.48     4.32589e-01 >
126 R_BR3.BPM11L3.x_BR3.DHZ9L1 equality     .          321.48    -6.47987e-01 >
127 R_BR3.BPM11L3.x_BR3.DVT12L4 equality     .          318.33     6.08693e-02 >
128 R_BR3.BPM11L3.x_BR3.DVT13L4 equality     .          322.38    -2.62518e-01 >
129 R_BR3.BPM11L3.x_BR3.DVT2L4 equality     .          327.17    -4.90649e-02 >
130 R_BR3.BPM11L3.x_BR3.DVT6L4 equality     .          321.19     1.87121e-01 >
131 R_BR3.BPM11L3.x_BR3.DVT8L1 equality     .          320.15     1.37584e-01 >
132 R_BR3.BPM11L3.x_BR3.DVT9L1 equality     .          320.39    -1.16491e-01 >
133 R_BR3.BPM12L3.x_BR3.DHZ11L4 equality     .          234.16     5.62748e-01 >
134 R_BR3.BPM12L3.x_BR3.DHZ12L4 equality     .          230.83     9.53191e-01 >
135 R_BR3.BPM12L3.x_BR3.DHZ13L4 equality     .          231.79     8.05332e-01 >
136 R_BR3.BPM12L3.x_BR3.DHZ14L1 equality     .          231.46    -7.02190e-02 >
137 R_BR3.BPM12L3.x_BR3.DHZ8L1 equality     .          232.67     1.15621e+00 >
138 R_BR3.BPM12L3.x_BR3.DHZ9L1 equality     .          233.71     4.20861e-01 >
139 R_BR3.BPM12L3.x_BR3.DVT12L4 equality     .          232.44     9.85509e-02 >
140 R_BR3.BPM12L3.x_BR3.DVT13L4 equality     .          233.15    -1.08504e-01 >
141 R_BR3.BPM12L3.x_BR3.DVT2L4 equality     .          236.74    -1.73735e-01 >
142 R_BR3.BPM12L3.x_BR3.DVT6L4 equality     .          234.59     1.55865e-02 >
143 R_BR3.BPM12L3.x_BR3.DVT8L1 equality     .          233.61     1.63375e-01 >
144 R_BR3.BPM12L3.x_BR3.DVT9L1 equality     .          233.78     5.11640e-02 >
145 R_BR3.BPM13L3.x_BR3.DHZ11L4 equality     .          287.77     3.48707e-01 >
146 R_BR3.BPM13L3.x_BR3.DHZ12L4 equality     .          285.96     4.61650e-01 >
147 R_BR3.BPM13L3.x_BR3.DHZ13L4 equality     .          283.18     1.35691e+00 >
148 R_BR3.BPM13L3.x_BR3.DHZ14L1 equality     .          282.28     1.70254e+00 >
149 R_BR3.BPM13L3.x_BR3.DHZ8L1 equality     .          295.99    -1.02163e-01 >
150 R_BR3.BPM13L3.x_BR3.DHZ9L1 equality     .          292.16     4.32970e-01 >
151 R_BR3.BPM13L3.x_BR3.DVT12L4 equality     .          290.89     1.82227e-01 >
152 R_BR3.BPM13L3.x_BR3.DVT13L4 equality     .          294.3      1.11958e-01 >
153 R_BR3.BPM13L3.x_BR3.DVT2L4 equality     .          292.97    -1.53363e-01 >
154 R_BR3.BPM13L3.x_BR3.DVT6L4 equality     .          287.15    -5.62342e-03 >
155 R_BR3.BPM13L3.x_BR3.DVT8L1 equality     .          285.69    -6.52971e-02 >
156 R_BR3.BPM13L3.x_BR3.DVT9L1 equality     .          292.76     1.86159e-01 >
157 R_BR3.BPM14L3.x_BR3.DHZ11L4 equality     .          212.11    -2.83520e-02 >
158 R_BR3.BPM14L3.x_BR3.DHZ12L4 equality     .          208.11     3.10480e-02 >
159 R_BR3.BPM14L3.x_BR3.DHZ13L4 equality     .          212.49     1.50172e+00 >
160 R_BR3.BPM14L3.x_BR3.DHZ14L1 equality     .          211.35     2.13377e+00 >
161 R_BR3.BPM14L3.x_BR3.DHZ8L1 equality     .          212.13    -6.86952e-01 >
162 R_BR3.BPM14L3.x_BR3.DHZ9L1 equality     .          214.15    -6.15423e-01 >
163 R_BR3.BPM14L3.x_BR3.DVT12L4 equality     .          213.12    -7.03845e-02 >
164 R_BR3.BPM14L3.x_BR3.DVT13L4 equality     .          213.96     9.74497e-02 >
165 R_BR3.BPM14L3.x_BR3.DVT2L4 equality     .          214.27     1.88387e-02 >
166 R_BR3.BPM14L3.x_BR3.DVT6L4 equality     .          212.55     1.74257e-01 >
167 R_BR3.BPM14L3.x_BR3.DVT8L1 equality     .          213.83    -7.28913e-02 >
168 R_BR3.BPM14L3.x_BR3.DVT9L1 equality     .          212.93    -1.14158e-02 >
169 R_BR3.BPM15L3.x_BR3.DHZ11L4 equality     .          314.12     4.69284e-01 >
170 R_BR3.BPM15L3.x_BR3.DHZ12L4 equality     .          311.28     1.86832e-01 >
171 R_BR3.BPM15L3.x_BR3.DHZ13L4 equality     .          309.37     2.09138e-01 >
172 R_BR3.BPM15L3.x_BR3.DHZ14L1 equality     .          310.85     1.86527e-01 >
173 R_BR3.BPM15L3.x_BR3.DHZ8L1 equality     .          315.11     7.91293e-01 >
174 R_BR3.BPM15L3.x_BR3.DHZ9L1 equality     .          314.91    -6.95079e-01 >
175 R_BR3.BPM15L3.x_BR3.DVT12L4 equality     .          315.91    -3.90545e-02 >
176 R_BR3.BPM15L3.x_BR3.DVT13L4 equality     .          319.03    -3.10614e-01 >
177 R_BR3.BPM15L3.x_BR3.DVT2L4 equality     .          321.11    -8.59088e-02 >
178 R_BR3.BPM15L3.x_BR3.DVT6L4 equality     .          317.53     1.29986e-01 >
179 R_BR3.BPM15L3.x_BR3.DVT8L1 equality     .          314.27     1.46296e-01 >
180 R_BR3.BPM15L3.x_BR3.DVT9L1 equality     .          315.87    -8.41367e-02 >
181 R_BR3.BPM16L3.x_BR3.DHZ11L4 equality     .          339.29     5.02936e-01 >
182 R_BR3.BPM16L3.x_BR3.DHZ12L4 equality     .          336.35     7.40541e-01 >
183 R_BR3.BPM16L3.x_BR3.DHZ13L4 equality     .          336.73     8.04479e-02 >
184 R_BR3.BPM16L3.x_BR3.DHZ14L1 equality     .          333.34    -8.39385e-01 >
185 R_BR3.BPM16L3.x_BR3.DHZ8L1 equality     .          339.6      9.84731e-01 >
186 R_BR3.BPM16L3.x_BR3.DHZ9L1 equality     .          335.27     5.66010e-01 >
187 R_BR3.BPM16L3.x_BR3.DVT12L4 equality     .          330.25     1.22093e-01 >
188 R_BR3.BPM16L3.x_BR3.DVT13L4 equality     .          328.68    -2.40760e-01 >
189 R_BR3.BPM16L3.x_BR3.DVT2L4 equality     .          330.96    -2.08264e-01 >
190 R_BR3.BPM16L3.x_BR3.DVT6L4 equality     .          334.9     -1.48861e-02 >
191 R_BR3.BPM16L3.x_BR3.DVT8L1 equality     .          331.05     1.26277e-01 >
192 R_BR3.BPM16L3.x_BR3.DVT9L1 equality     .          327.14     6.32243e-02 >
193 R_BR3.BPM1L3.y_BR3.DHZ11L4 equality     .          257.57    -1.54724e-01 >
194 R_BR3.BPM1L3.y_BR3.DHZ12L4 equality     .          257.44    -1.03686e-02 >
195 R_BR3.BPM1L3.y_BR3.DHZ13L4 equality     .          255.45     1.67732e-01 >
196 R_BR3.BPM1L3.y_BR3.DHZ14L1 equality     .          262.43     7.68666e-02 >
197 R_BR3.BPM1L3.y_BR3.DHZ8L1 equality     .          258.63    -1.72401e-01 >
198 R_BR3.BPM1L3.y_BR3.DHZ9L1 equality     .          259.44     3.80370e-02 >
199 R_BR3.BPM1L3.y_BR3.DVT12L4 equality     .          256.37    -1.13840e-01 >
200 R_BR3.BPM1L3.y_BR3.DVT13L4 equality     .          256.87     2.80205e-01 >
201 R_BR3.BPM1L3.y_BR3.DVT2L4 equality     .          256.8      1.29661e-03 >
202 R_BR3.BPM1L3.y_BR3.DVT6L4 equality     .          258.65     1.37714e-01 >
203 R_BR3.BPM1L3.y_BR3.DVT8L1 equality     .          254.6     -7.13009e-02 >
204 R_BR3.BPM1L3.y_BR3.DVT9L1 equality     .          253.14     1.77829e-01 >
205 R_BR3.BPM2L3.y_BR3.DHZ11L4 equality     .          193.57     1.48798e-02 >
206 R_BR3.BPM2L3.y_BR3.DHZ12L4 equality     .          196.23    -9.52258e-02 >
207 R_BR3.BPM2L3.y_BR3.DHZ13L4 equality     .          192.52    -4.30233e-02 >
208 R_BR3.BPM2L3.y_BR3.DHZ14L1 equality     .          193.77    -6.27603e-03 >
209 R_BR3.BPM2L3.y_BR3.DHZ8L1 equality     .          194.27    -3.40293e-02 >
210 R_BR3.BPM2L3.y_BR3.DHZ9L1 equality     .          193.68    -1.18857e-01 >
211 R_BR3.BPM2L3.y_BR3.DVT12L4 equality     .          194.6     -5.33123e-03 >
212 R_BR3.BPM2L3.y_BR3.DVT13L4 equality     .          196.01     2.43706e-01 >
213 R_BR3.BPM2L3.y_BR3.DVT2L4 equality     .          197.7      2.20302e-01 >
214 R_BR3.BPM2L3.y_BR3.DVT6L4 equality     .          195.05     1.20723e-01 >
215 R_BR3.BPM2L3.y_BR3.DVT8L1 equality     .          197.51    -6.32394e-02 >
216 R_BR3.BPM2L3.y_BR3.DVT9L1 equality     .          198.1     -4.18801e-01 >
217 R_BR3.BPM3L3.y_BR3.DHZ11L4 equality     .          311.27     1.74565e-01 >
218 R_BR3.BPM3L3.y_BR3.DHZ12L4 equality     .          309.09     2.19287e-02 >
219 R_BR3.BPM3L3.y_BR3.DHZ13L4 equality     .          310.15    -2.11576e-01 >
220 R_BR3.BPM3L3.y_BR3.DHZ14L1 equality     .          307.56    -1.56175e-01 >
221 R_BR3.BPM3L3.y_BR3.DHZ8L1 equality     .          306.36     1.98448e-01 >
222 R_BR3.BPM3L3.y_BR3.DHZ9L1 equality     .          309.1     -2.15683e-02 >
223 R_BR3.BPM3L3.y_BR3.DVT12L4 equality     .          303.15    -5.67713e-02 >
224 R_BR3.BPM3L3.y_BR3.DVT13L4 equality     .          307.44    -4.97323e-01 >
225 R_BR3.BPM3L3.y_BR3.DVT2L4 equality     .          309.57     2.75228e-01 >
226 R_BR3.BPM3L3.y_BR3.DVT6L4 equality     .          307.66    -1.09546e-01 >
227 R_BR3.BPM3L3.y_BR3.DVT8L1 equality     .          304.37     2.34684e-01 >
228 R_BR3.BPM3L3.y_BR3.DVT9L1 equality     .          304.89    -2.04453e-01 >
229 R_BR3.BPM4L3.y_BR3.DHZ11L4 equality     .          209.22    -6.45015e-02 >
230 R_BR3.BPM4L3.y_BR3.DHZ12L4 equality     .          208.96     5.01739e-02 >
231 R_BR3.BPM4L3.y_BR3.DHZ13L4 equality     .          209.79     3.96849e-02 >
232 R_BR3.BPM4L3.y_BR3.DHZ14L1 equality     .          208.88     5.89252e-04 >
233 R_BR3.BPM4L3.y_BR3.DHZ8L1 equality     .          207.13     2.14992e-03 >
234 R_BR3.BPM4L3.y_BR3.DHZ9L1 equality     .          210.25     1.00262e-01 >
235 R_BR3.BPM4L3.y_BR3.DVT12L4 equality     .          208.84    -7.46739e-01 >
236 R_BR3.BPM4L3.y_BR3.DVT13L4 equality     .          206.29    -1.09427e-01 >
237 R_BR3.BPM4L3.y_BR3.DVT2L4 equality     .          210.84     4.34245e-01 >
238 R_BR3.BPM4L3.y_BR3.DVT6L4 equality     .          211.58     5.53089e-01 >
239 R_BR3.BPM4L3.y_BR3.DVT8L1 equality     .          206.33    -6.00143e-02 >
240 R_BR3.BPM4L3.y_BR3.DVT9L1 equality     .          204.78     6.69892e-03 >
241 R_BR3.BPM5L3.y_BR3.DHZ11L4 equality     .          300.85    -1.78597e-01 >
242 R_BR3.BPM5L3.y_BR3.DHZ12L4 equality     .          297.48    -2.60310e-02 >
243 R_BR3.BPM5L3.y_BR3.DHZ13L4 equality     .          298.35     2.04660e-01 >
244 R_BR3.BPM5L3.y_BR3.DHZ14L1 equality     .          298.9      1.43300e-01 >
245 R_BR3.BPM5L3.y_BR3.DHZ8L1 equality     .          299.5     -1.96954e-01 >
246 R_BR3.BPM5L3.y_BR3.DHZ9L1 equality     .          299.47     4.25367e-02 >
247 R_BR3.BPM5L3.y_BR3.DVT12L4 equality     .          297.94     7.60651e-02 >
248 R_BR3.BPM5L3.y_BR3.DVT13L4 equality     .          294.97     5.04982e-01 >
249 R_BR3.BPM5L3.y_BR3.DVT2L4 equality     .          296.96    -2.73095e-01 >
250 R_BR3.BPM5L3.y_BR3.DVT6L4 equality     .          297.72     1.05195e-01 >
251 R_BR3.BPM5L3.y_BR3.DVT8L1 equality     .          297.17    -2.24569e-01 >
252 R_BR3.BPM5L3.y_BR3.DVT9L1 equality     .          298.36     1.29728e-01 >
253 R_BR3.BPM6L3.y_BR3.DHZ11L4 equality     .          204.29     4.24338e-02 >
254 R_BR3.BPM6L3.y_BR3.DHZ12L4 equality     .          204.08    -7.17348e-02 >
255 R_BR3.BPM6L3.y_BR3.DHZ13L4 equality     .          204.5     -1.17996e-01 >
256 R_BR3.BPM6L3.y_BR3.DHZ14L1 equality     .          202.92    -1.17508e-01 >
257 R_BR3.BPM6L3.y_BR3.DHZ8L1 equality     .          202.96     6.74979e-02 >
258 R_BR3.BPM6L3.y_BR3.DHZ9L1 equality     .          205.1     -1.28239e-01 >
259 R_BR3.BPM6L3.y_BR3.DVT12L4 equality     .          201.2      6.26025e-01 >
260 R_BR3.BPM6L3.y_BR3.DVT13L4 equality     .          203.75     1.41903e-01 >
261 R_BR3.BPM6L3.y_BR3.DVT2L4 equality     .          205.04    -3.32152e-01 >
262 R_BR3.BPM6L3.y_BR3.DVT6L4 equality     .          202.29    -3.71260e-01 >
263 R_BR3.BPM6L3.y_BR3.DVT8L1 equality     .          204.73     8.23802e-02 >
264 R_BR3.BPM6L3.y_BR3.DVT9L1 equality     .          199.77    -1.02722e-01 >
265 R_BR3.BPM7L3.y_BR3.DHZ11L4 equality     .          245.73     1.94121e-01 >
266 R_BR3.BPM7L3.y_BR3.DHZ12L4 equality     .          247.94     4.93303e-02 >
267 R_BR3.BPM7L3.y_BR3.DHZ13L4 equality     .          242.87    -2.38051e-01 >
268 R_BR3.BPM7L3.y_BR3.DHZ14L1 equality     .          244.89    -1.76015e-01 >
269 R_BR3.BPM7L3.y_BR3.DHZ8L1 equality     .          247.74     2.13442e-01 >
270 R_BR3.BPM7L3.y_BR3.DHZ9L1 equality     .          245.22     1.74992e-04 >
271 R_BR3.BPM7L3.y_BR3.DVT12L4 equality     .          249.3     -7.57293e-02 >
272 R_BR3.BPM7L3.y_BR3.DVT13L4 equality     .          249.52    -2.30765e-01 >
273 R_BR3.BPM7L3.y_BR3.DVT2L4 equality     .          254.12     6.35170e-02 >
274 R_BR3.BPM7L3.y_BR3.DVT6L4 equality     .          253.72    -1.49237e-01 >
275 R_BR3.BPM7L3.y_BR3.DVT8L1 equality     .          251.66     8.51272e-02 >
276 R_BR3.BPM7L3.y_BR3.DVT9L1 equality     .          244.08     2.01506e-02 >
277 R_BR3.BPM8L3.y_BR3.DHZ11L4 equality     .          306.65     3.82030e-02 >
278 R_BR3.BPM8L3.y_BR3.DHZ12L4 equality     .          306.08     8.96821e-02 >
279 R_BR3.BPM8L3.y_BR3.DHZ13L4 equality     .          306.21    -2.11067e-02 >
280 R_BR3.BPM8L3.y_BR3.DHZ14L1 equality     .          304.82    -6.94853e-02 >
281 R_BR3.BPM8L3.y_BR3.DHZ8L1 equality     .          307.87     6.69884e-02 >
282 R_BR3.BPM8L3.y_BR3.DHZ9L1 equality     .          305.8      1.10872e-01 >
283 R_BR3.BPM8L3.y_BR3.DVT12L4 equality     .          305.08     6.29201e-03 >
284 R_BR3.BPM8L3.y_BR3.DVT13L4 equality     .          308.56     6.24491e-02 >
285 R_BR3.BPM8L3.y_BR3.DVT2L4 equality     .          308.7     -2.83822e-01 >
286 R_BR3.BPM8L3.y_BR3.DVT6L4 equality     .          299.1     -1.47010e-01 >
287 R_BR3.BPM8L3.y_BR3.DVT8L1 equality     .          308.1      3.19849e-01 >
288 R_BR3.BPM8L3.y_BR3.DVT9L1 equality     .          305.72     4.89361e-01 >
289 R_BR3.BPM9L3.y_BR3.DHZ11L4 equality     .          336.88    -1.86406e-01 >
290 R_BR3.BPM9L3.y_BR3.DHZ12L4 equality     .          333.83    -3.14816e-02 >
291 R_BR3.BPM9L3.y_BR3.DHZ13L4 equality     .          336.37     1.80206e-01 >
292 R_BR3.BPM9L3.y_BR3.DHZ14L1 equality     .          336.76     1.42082e-01 >
293 R_BR3.BPM9L3.y_BR3.DHZ8L1 equality     .          331.88    -1.07864e-01 >
294 R_BR3.BPM9L3.y_BR3.DHZ9L1 equality     .          334.24     4.44085e-03 >
295 R_BR3.BPM9L3.y_BR3.DVT12L4 equality     .          327.37    -1.29606e-01 >
296 R_BR3.BPM9L3.y_BR3.DVT13L4 equality     .          338.18     5.86367e-01 >
297 R_BR3.BPM9L3.y_BR3.DVT2L4 equality     .          336.5     -1.53335e-01 >
298 R_BR3.BPM9L3.y_BR3.DVT6L4 equality     .          335.05    -5.31329e-02 >
299 R_BR3.BPM9L3.y_BR3.DVT8L1 equality     .          335.16    -7.40881e-02 >
300 R_BR3.BPM9L3.y_BR3.DVT9L1 equality     .          333.29     5.26386e-01 >
301 R_BR3.BPM10L3.y_BR3.DHZ11L4 equality     .          365.38     9.91130e-02 >
302 R_BR3.BPM10L3.y_BR3.DHZ12L4 equality     .          361.1     -8.12825e-02 >
303 R_BR3.BPM10L3.y_BR3.DHZ13L4 equality     .          365.06    -9.21834e-02 >
304 R_BR3.BPM10L3.y_BR3.DHZ14L1 equality     .          360.05    -5.98241e-03 >
305 R_BR3.BPM10L3.y_BR3.DHZ8L1 equality     .          362.18    -4.08403e-02 >
306 R_BR3.BPM10L3.y_BR3.DHZ9L1 equality     .          360.3     -1.42596e-01 >
307 R_BR3.BPM10L3.y_BR3.DVT12L4 equality     .          353.68    -9.03232e-02 >
308 R_BR3.BPM10L3.y_BR3.DVT13L4 equality     .          361.01    -2.03820e-01 >
309 R_BR3.BPM10L3.y_BR3.DVT2L4 equality     .          359.21     3.56942e-01 >
310 R_BR3.BPM10L3.y_BR3.DVT6L4 equality     .          357.42     1.90280e-01 >
311 R_BR3.BPM10L3.y_BR3.DVT8L1 equality     .          358.72    -3.81112e-01 >
312 R_BR3.BPM10L3.y_BR3.DVT9L1 equality     .          358.93    -6.04738e-02 >
313 R_BR3.BPM11L3.y_BR3.DHZ11L4 equality     .          314.76     2.00756e-01 >
314 R_BR3.BPM11L3.y_BR3.DHZ12L4 equality     .          315.18     1.02101e-01 >
315 R_BR3.BPM11L3.y_BR3.DHZ13L4 equality     .          316.42    -1.91931e-01 >
316 R_BR3.BPM11L3.y_BR3.DHZ14L1 equality     .          314.28    -1.71135e-01 >
317 R_BR3.BPM11L3.y_BR3.DHZ8L1 equality     .          316.55     1.72952e-01 >
318 R_BR3.BPM11L3.y_BR3.DHZ9L1 equality     .          316.05     1.57728e-02 >
319 R_BR3.BPM11L3.y_BR3.DVT12L4 equality     .          316.6     -2.64313e-02 >
320 R_BR3.BPM11L3.y_BR3.DVT13L4 equality     .          318.64    -3.28592e-01 >
321 R_BR3.BPM11L3.y_BR3.DVT2L4 equality     .          315.94     3.00722e-02 >
322 R_BR3.BPM11L3.y_BR3.DVT6L4 equality     .          320.03    -1.24656e-01 >
323 R_BR3.BPM11L3.y_BR3.DVT8L1 equality     .          315.62     3.01318e-02 >
324 R_BR3.BPM11L3.y_BR3.DVT9L1 equality     .          314.61    -3.49309e-01 >
325 R_BR3.BPM12L3.y_BR3.DHZ11L4 equality     .          228.8      2.07814e-02 >
326 R_BR3.BPM12L3.y_BR3.DHZ12L4 equality     .          228.91     1.08981e-01 >
327 R_BR3.BPM12L3.y_BR3.DHZ13L4 equality     .          230.97     1.61354e-02 >
328 R_BR3.BPM12L3.y_BR3.DHZ14L1 equality     .          230.37    -1.39147e-02 >
329 R_BR3.BPM12L3.y_BR3.DHZ8L1 equality     .          229.93     6.24297e-02 >
330 R_BR3.BPM12L3.y_BR3.DHZ9L1 equality     .          229.83     6.66118e-02 >
331 R_BR3.BPM12L3.y_BR3.DVT12L4 equality     .          231.68    -3.65164e-01 >
332 R_BR3.BPM12L3.y_BR3.DVT13L4 equality     .          233.07     1.41696e-01 >
333 R_BR3.BPM12L3.y_BR3.DVT2L4 equality     .          235.5      4.57522e-02 >
334 R_BR3.BPM12L3.y_BR3.DVT6L4 equality     .          233.25     1.72029e-01 >
335 R_BR3.BPM12L3.y_BR3.DVT8L1 equality     .          234.35     5.57825e-02 >
336 R_BR3.BPM12L3.y_BR3.DVT9L1 equality     .          229.28     3.24444e-02 >
337 R_BR3.BPM13L3.y_BR3.DHZ11L4 equality     .          314.55    -1.13538e-01 >
338 R_BR3.BPM13L3.y_BR3.DHZ12L4 equality     .          314.09    -2.70187e-02 >
339 R_BR3.BPM13L3.y_BR3.DHZ13L4 equality     .          315.96     2.00520e-01 >
340 R_BR3.BPM13L3.y_BR3.DHZ14L1 equality     .          314.14     1.65921e-01 >
341 R_BR3.BPM13L3.y_BR3.DHZ8L1 equality     .          315.03    -1.30424e-01 >
342 R_BR3.BPM13L3.y_BR3.DHZ9L1 equality     .          315.1      7.92221e-03 >
343 R_BR3.BPM13L3.y_BR3.DVT12L4 equality     .          317.15     4.68001e-02 >
344 R_BR3.BPM13L3.y_BR3.DVT13L4 equality     .          316.65     4.20981e-01 >
345 R_BR3.BPM13L3.y_BR3.DVT2L4 equality     .          317.63    -3.03190e-02 >
346 R_BR3.BPM13L3.y_BR3.DVT6L4 equality     .          315.62     6.33130e-02 >
347 R_BR3.BPM13L3.y_BR3.DVT8L1 equality     .          316.73    -9.38115e-02 >
348 R_BR3.BPM13L3.y_BR3.DVT9L1 equality     .          321.44     3.75762e-01 >
349 R_BR3.BPM14L3.y_BR3.DHZ11L4 equality     .          244.66     1.38398e-02 >
350 R_BR3.BPM14L3.y_BR3.DHZ12L4 equality     .          243.67    -6.48925e-02 >
351 R_BR3.BPM14L3.y_BR3.DHZ13L4 equality     .          244.53     1.30992e-02 >
352 R_BR3.BPM14L3.y_BR3.DHZ14L1 equality     .          242.81     2.67234e-02 >
353 R_BR3.BPM14L3.y_BR3.DHZ8L1 equality     .          243.28    -4.25984e-02 >
354 R_BR3.BPM14L3.y_BR3.DHZ9L1 equality     .          245.34    -1.09119e-01 >
355 R_BR3.BPM14L3.y_BR3.DVT12L4 equality     .          242.94     1.69423e-01 >
356 R_BR3.BPM14L3.y_BR3.DVT13L4 equality     .          243.07     4.91412e-01 >
357 R_BR3.BPM14L3.y_BR3.DVT2L4 equality     .          245.05     2.01913e-01 >
358 R_BR3.BPM14L3.y_BR3.DVT6L4 equality     .          242.43     5.23505e-02 >
359 R_BR3.BPM14L3.y_BR3.DVT8L1 equality     .          244.61    -1.93987e-01 >
360 R_BR3.BPM14L3.y_BR3.DVT9L1 equality     .          244.38    -1.97249e-01 >
361 R_BR3.BPM15L3.y_BR3.DHZ11L4 equality     .          334.51     1.37521e-01 >
362 R_BR3.BPM15L3.y_BR3.DHZ12L4 equality     .          333.44     8.57478e-02 >
363 R_BR3.BPM15L3.y_BR3.DHZ13L4 equality     .          334.64    -1.94586e-01 >
364 R_BR3.BPM15L3.y_BR3.DHZ14L1 equality     .          335.39    -1.50193e-01 >
365 R_BR3.BPM15L3.y_BR3.DHZ8L1 equality     .          335.75     1.64085e-01 >
366 R_BR3.BPM15L3.y_BR3.DHZ9L1 equality     .          333.43     4.57911e-02 >
367 R_BR3.BPM15L3.y_BR3.DVT12L4 equality     .          333.67    -2.27081e-01 >
368 R_BR3.BPM15L3.y_BR3.DVT13L4 equality     .          332.45    -4.28174e-01 >
369 R_BR3.BPM15L3.y_BR3.DVT2L4 equality     .          339.53     8.08109e-03 >
370 R_BR3.BPM15L3.y_BR3.DVT6L4 equality     .          337.55     2.60939e-02 >
371 R_BR3.BPM15L3.y_BR3.DVT8L1 equality     .          338.21     1.96679e-01 >
372 R_BR3.BPM15L3.y_BR3.DVT9L1 equality     .          337.47    -4.56506e-01 >
373 R_BR3.BPM16L3.y_BR3.DHZ11L4 equality     .          367.37     4.70525e-02 >
374 R_BR3.BPM16L3.y_BR3.DHZ12L4 equality     .          367.91     7.47819e-02 >
375 R_BR3.BPM16L3.y_BR3.DHZ13L4 equality     .          368.33    -1.98064e-02 >
376 R_BR3.BPM16L3.y_BR3.DHZ14L1 equality     .          367.79    -2.26321e-02 >
377 R_BR3.BPM16L3.y_BR3.DHZ8L1 equality     .          369.47     6.53914e-02 >
378 R_BR3.BPM16L3.y_BR3.DHZ9L1 equality     .          365.49     1.05873e-01 >
379 R_BR3.BPM16L3.y_BR3.DVT12L4 equality     .          363.83    -1.99628e-02 >
380 R_BR3.BPM16L3.y_BR3.DVT13L4 equality     .          364.82    -3.73201e-01 >
381 R_BR3.BPM16L3.y_BR3.DVT2L4 equality     .          370.96    -2.52893e-01 >
382 R_BR3.BPM16L3.y_BR3.DVT6L4 equality     .          368.48    -1.60646e-01 >
383 R_BR3.BPM16L3.y_BR3.DVT8L1 equality     .          369.37     1.29401e-01 >
384 R_BR3.BPM16L3.y_BR3.DVT9L1 equality     .          364.81     3.50148e-01 >

 Variables                  Curr. Value  Curr. Step   Lower Limit  Upper Limit
--------------------------------------------------------------------------------
 1 BR.QFOCELL1.dk1l         0.00000e+00  0.00000e+00   .            .         
 2 BR.QDE1.dk1l             0.00000e+00  0.00000e+00   .            .         
 3 BR.QFOCELL2.dk1l         0.00000e+00  0.00000e+00   .            .         
 4 BR.QDE2.dk1l             0.00000e+00  0.00000e+00   .            .         
 5 BR.QFOCELL3.dk1l         0.00000e+00  0.00000e+00   .            .         
 6 BR.QDE3.dk1l             0.00000e+00  0.00000e+00   .            .         
 7 BR.QFOCELL4.dk1l         0.00000e+00  0.00000e+00   .            .         
 8 BR.QDE4.dk1l             0.00000e+00  0.00000e+00   .            .         
 9 BR.QFOCELL5.dk1l         0.00000e+00  0.00000e+00   .            .         
10 BR.QDE5.dk1l             0.00000e+00  0.00000e+00   .            .         
11 BR.QFOCELL6.dk1l         0.00000e+00  0.00000e+00   .            .         
12 BR.QDE6.dk1l             0.00000e+00  0.00000e+00   .            .         
13 BR.QFOCELL7.dk1l         0.00000e+00  0.00000e+00   .            .         
14 BR.QDE7.dk1l             0.00000e+00  0.00000e+00   .            .         
15 BR.QFOCELL8.dk1l         0.00000e+00  0.00000e+00   .            .         
16 BR.QDE8.dk1l             0.00000e+00  0.00000e+00   .            .         
17 BR.QFOCELL9.dk1l         0.00000e+00  0.00000e+00   .            .         
18 BR.QDE9.dk1l             0.00000e+00  0.00000e+00   .            .         
19 BR.QFOCELL10.dk1l        0.00000e+00  0.00000e+00   .            .         
20 BR.QDE10.dk1l            0.00000e+00  0.00000e+00   .            .         
21 BR.QFOCELL11.dk1l        0.00000e+00  0.00000e+00   .            .         
22 BR.QDE11.dk1l            0.00000e+00  0.00000e+00   .            .         
23 BR.QFOCELL12.dk1l        0.00000e+00  0.00000e+00   .            .         
24 BR.QDE12.dk1l            0.00000e+00  0.00000e+00   .            .         
25 BR.QFOCELL13.dk1l        0.00000e+00  0.00000e+00   .            .         
26 BR.QDE13.dk1l            0.00000e+00  0.00000e+00   .            .         
27 BR.QFOCELL14.dk1l        0.00000e+00  0.00000e+00   .            .         
28 BR.QDE14.dk1l            0.00000e+00  0.00000e+00   .            .         
29 BR.QFOCELL15.dk1l        0.00000e+00  0.00000e+00   .            .         
30 BR.QDE15.dk1l            0.00000e+00  0.00000e+00   .            .         
31 BR.QFOCELL16.dk1l        0.00000e+00  0.00000e+00   .            .         
32 BR.QDE16.dk1l            0.00000e+00  0.00000e+00   .            .         

ncall=1 [0.1s], fval=4.07386e-01, fstp=-inf, ccnt=384.


 Constraints                Type        Kind        Weight     Expr. Value
------------------------------------------------------------------------------
 1 R_BR3.BPM1L3.x_BR3.DHZ11L4 equality     .          254.66     5.23057e-01 >
 2 R_BR3.BPM1L3.x_BR3.DHZ12L4 equality     .          253.14     3.05108e-01 >
 3 R_BR3.BPM1L3.x_BR3.DHZ13L4 equality     .          247.69     7.08091e-01 >
 4 R_BR3.BPM1L3.x_BR3.DHZ14L1 equality     .          252.82     4.27733e-01 >
 5 R_BR3.BPM1L3.x_BR3.DHZ8L1 equality     .          254.13    -1.73302e-01 >
 6 R_BR3.BPM1L3.x_BR3.DHZ9L1 equality     .          249.92    -2.45760e-02 >
 7 R_BR3.BPM1L3.x_BR3.DVT12L4 equality     .          253.72     1.81018e-01 >
 8 R_BR3.BPM1L3.x_BR3.DVT13L4 equality     .          258.5      1.49023e-01 >
 9 R_BR3.BPM1L3.x_BR3.DVT2L4 equality     .          259.45    -1.31584e-01 >
10 R_BR3.BPM1L3.x_BR3.DVT6L4 equality     .          255.36    -8.34033e-03 >
11 R_BR3.BPM1L3.x_BR3.DVT8L1 equality     .          251.55    -3.64018e-02 >
12 R_BR3.BPM1L3.x_BR3.DVT9L1 equality     .          254.26     1.54385e-01 >
13 R_BR3.BPM2L3.x_BR3.DHZ11L4 equality     .          155.27     2.64982e-01 >
14 R_BR3.BPM2L3.x_BR3.DHZ12L4 equality     .          156.88     5.96454e-01 >
15 R_BR3.BPM2L3.x_BR3.DHZ13L4 equality     .          155.84     1.00377e+00 >
16 R_BR3.BPM2L3.x_BR3.DHZ14L1 equality     .          155.85     1.31372e+00 >
17 R_BR3.BPM2L3.x_BR3.DHZ8L1 equality     .          157.76     7.58773e-02 >
18 R_BR3.BPM2L3.x_BR3.DHZ9L1 equality     .          156.58    -9.29405e-02 >
19 R_BR3.BPM2L3.x_BR3.DVT12L4 equality     .          157.29     5.43349e-02 >
20 R_BR3.BPM2L3.x_BR3.DVT13L4 equality     .          156.68     3.20952e-02 >
21 R_BR3.BPM2L3.x_BR3.DVT2L4 equality     .          156.36     1.71023e-02 >
22 R_BR3.BPM2L3.x_BR3.DVT6L4 equality     .          157.45     1.25084e-01 >
23 R_BR3.BPM2L3.x_BR3.DVT8L1 equality     .          155.43    -2.55495e-03 >
24 R_BR3.BPM2L3.x_BR3.DVT9L1 equality     .          154.89     7.95236e-03 >
25 R_BR3.BPM3L3.x_BR3.DHZ11L4 equality     .          303.95     6.64321e-01 >
26 R_BR3.BPM3L3.x_BR3.DHZ12L4 equality     .          302.28     1.20254e-01 >
27 R_BR3.BPM3L3.x_BR3.DHZ13L4 equality     .          296.52     4.61173e-02 >
28 R_BR3.BPM3L3.x_BR3.DHZ14L1 equality     .          301.62     1.85482e-01 >
29 R_BR3.BPM3L3.x_BR3.DHZ8L1 equality     .          307.07     1.08800e+00 >
30 R_BR3.BPM3L3.x_BR3.DHZ9L1 equality     .          304.26    -4.98474e-01 >
31 R_BR3.BPM3L3.x_BR3.DVT12L4 equality     .          303.71     3.15553e-03 >
32 R_BR3.BPM3L3.x_BR3.DVT13L4 equality     .          308.93    -2.67669e-01 >
33 R_BR3.BPM3L3.x_BR3.DVT2L4 equality     .          308.62     6.01097e-02 >
34 R_BR3.BPM3L3.x_BR3.DVT6L4 equality     .          301.48     1.59397e-01 >
35 R_BR3.BPM3L3.x_BR3.DVT8L1 equality     .          307.83     1.31866e-01 >
36 R_BR3.BPM3L3.x_BR3.DVT9L1 equality     .          306.9     -3.87954e-02 >
37 R_BR3.BPM4L3.x_BR3.DHZ11L4 equality     .          197.62     4.25425e-01 >
38 R_BR3.BPM4L3.x_BR3.DHZ12L4 equality     .          201.32    -5.07804e-02 >
39 R_BR3.BPM4L3.x_BR3.DHZ13L4 equality     .          197.32     3.29825e-01 >
40 R_BR3.BPM4L3.x_BR3.DHZ14L1 equality     .          201.26    -2.27762e-01 >
41 R_BR3.BPM4L3.x_BR3.DHZ8L1 equality     .          200.39     3.85604e-01 >
42 R_BR3.BPM4L3.x_BR3.DHZ9L1 equality     .          202.61    -2.52266e-01 >
43 R_BR3.BPM4L3.x_BR3.DVT12L4 equality     .          195.76     1.09669e-01 >
44 R_BR3.BPM4L3.x_BR3.DVT13L4 equality     .          197.42    -1.92362e-01 >
45 R_BR3.BPM4L3.x_BR3.DVT2L4 equality     .          199.38    -2.04100e-01 >
46 R_BR3.BPM4L3.x_BR3.DVT6L4 equality     .          198.44     3.53024e-02 >
47 R_BR3.BPM4L3.x_BR3.DVT8L1 equality     .          195.82     1.16257e-01 >
48 R_BR3.BPM4L3.x_BR3.DVT9L1 equality     .          196.53     3.75335e-02 >
49 R_BR3.BPM5L3.x_BR3.DHZ11L4 equality     .          321.86     5.90127e-01 >
50 R_BR3.BPM5L3.x_BR3.DHZ12L4 equality     .          324        2.81841e-01 >
51 R_BR3.BPM5L3.x_BR3.DHZ13L4 equality     .          320.22     7.65224e-01 >
52 R_BR3.BPM5L3.x_BR3.DHZ14L1 equality     .          315.57     6.51029e-01 >
53 R_BR3.BPM5L3.x_BR3.DHZ8L1 equality     .          334.56    -1.46492e-01 >
54 R_BR3.BPM5L3.x_BR3.DHZ9L1 equality     .          333.04    -7.67009e-02 >
55 R_BR3.BPM5L3.x_BR3.DVT12L4 equality     .          328.02     1.29417e-01 >
56 R_BR3.BPM5L3.x_BR3.DVT13L4 equality     .          338.46     1.27325e-01 >
57 R_BR3.BPM5L3.x_BR3.DVT2L4 equality     .          333.03    -1.98646e-01 >
58 R_BR3.BPM5L3.x_BR3.DVT6L4 equality     .          328.88     3.88191e-03 >
59 R_BR3.BPM5L3.x_BR3.DVT8L1 equality     .          328.84    -6.28632e-02 >
60 R_BR3.BPM5L3.x_BR3.DVT9L1 equality     .          333.2      1.08432e-01 >
61 R_BR3.BPM6L3.x_BR3.DHZ11L4 equality     .          199.4      4.29238e-01 >
62 R_BR3.BPM6L3.x_BR3.DHZ12L4 equality     .          197.81     6.47657e-01 >
63 R_BR3.BPM6L3.x_BR3.DHZ13L4 equality     .          198.97     8.45415e-01 >
64 R_BR3.BPM6L3.x_BR3.DHZ14L1 equality     .          195.6      1.13484e+00 >
65 R_BR3.BPM6L3.x_BR3.DHZ8L1 equality     .          198.79     4.42849e-01 >
66 R_BR3.BPM6L3.x_BR3.DHZ9L1 equality     .          199.44    -1.25191e-01 >
67 R_BR3.BPM6L3.x_BR3.DVT12L4 equality     .          200.97     6.64087e-03 >
68 R_BR3.BPM6L3.x_BR3.DVT13L4 equality     .          201.13    -3.27283e-02 >
69 R_BR3.BPM6L3.x_BR3.DVT2L4 equality     .          203.01     1.83468e-02 >
70 R_BR3.BPM6L3.x_BR3.DVT6L4 equality     .          200.9      1.30584e-01 >
71 R_BR3.BPM6L3.x_BR3.DVT8L1 equality     .          200.31     1.05441e-02 >
72 R_BR3.BPM6L3.x_BR3.DVT9L1 equality     .          200.46    -3.10568e-02 >
73 R_BR3.BPM7L3.x_BR3.DHZ11L4 equality     .          222.8      1.24698e-01 >
74 R_BR3.BPM7L3.x_BR3.DHZ12L4 equality     .          225.34     2.72586e-01 >
75 R_BR3.BPM7L3.x_BR3.DHZ13L4 equality     .          220.25     5.94291e-01 >
76 R_BR3.BPM7L3.x_BR3.DHZ14L1 equality     .          225.48     4.41194e-01 >
77 R_BR3.BPM7L3.x_BR3.DHZ8L1 equality     .          225.4      6.77734e-01 >
78 R_BR3.BPM7L3.x_BR3.DHZ9L1 equality     .          222.1     -2.30571e-01 >
79 R_BR3.BPM7L3.x_BR3.DVT12L4 equality     .          225.86    -2.07183e-02 >
80 R_BR3.BPM7L3.x_BR3.DVT13L4 equality     .          221.49    -2.91356e-01 >
81 R_BR3.BPM7L3.x_BR3.DVT2L4 equality     .          225.42    -1.70503e-03 >
82 R_BR3.BPM7L3.x_BR3.DVT6L4 equality     .          226.6      2.42949e-01 >
83 R_BR3.BPM7L3.x_BR3.DVT8L1 equality     .          225.55     1.48647e-01 >
84 R_BR3.BPM7L3.x_BR3.DVT9L1 equality     .          222.35    -3.80484e-02 >
85 R_BR3.BPM8L3.x_BR3.DHZ11L4 equality     .          330.8      1.20791e-01 >
86 R_BR3.BPM8L3.x_BR3.DHZ12L4 equality     .          333.31     5.45981e-02 >
87 R_BR3.BPM8L3.x_BR3.DHZ13L4 equality     .          330.27     7.24338e-01 >
88 R_BR3.BPM8L3.x_BR3.DHZ14L1 equality     .          326.41     1.14826e-01 >
89 R_BR3.BPM8L3.x_BR3.DHZ8L1 equality     .          338.18     4.31920e-01 >
90 R_BR3.BPM8L3.x_BR3.DHZ9L1 equality     .          333.86    -7.59772e-02 >
91 R_BR3.BPM8L3.x_BR3.DVT12L4 equality     .          329.82     1.00707e-01 >
92 R_BR3.BPM8L3.x_BR3.DVT13L4 equality     .          332.74    -1.58212e-01 >
93 R_BR3.BPM8L3.x_BR3.DVT2L4 equality     .          335.17    -1.57446e-01 >
94 R_BR3.BPM8L3.x_BR3.DVT6L4 equality     .          330.59     6.83288e-02 >
95 R_BR3.BPM8L3.x_BR3.DVT8L1 equality     .          329.77     1.96847e-01 >
96 R_BR3.BPM8L3.x_BR3.DVT9L1 equality     .          333.4      6.80212e-02 >
97 R_BR3.BPM9L3.x_BR3.DHZ11L4 equality     .          297.95     4.77346e-01 >
98 R_BR3.BPM9L3.x_BR3.DHZ12L4 equality     .          272.29    -3.80580e-02 >
99 R_BR3.BPM9L3.x_BR3.DHZ13L4 equality     .          292.4      8.48683e-01 >
100 R_BR3.BPM9L3.x_BR3.DHZ14L1 equality     .          288.77     9.89740e-01 >
101 R_BR3.BPM9L3.x_BR3.DHZ8L1 equality     .          281.34    -3.79654e-02 >
102 R_BR3.BPM9L3.x_BR3.DHZ9L1 equality     .          299.8      4.58202e-02 >
103 R_BR3.BPM9L3.x_BR3.DVT12L4 equality     .          268.81     7.03700e-02 >
104 R_BR3.BPM9L3.x_BR3.DVT13L4 equality     .          281.73     9.42346e-02 >
105 R_BR3.BPM9L3.x_BR3.DVT2L4 equality     .          278.17    -1.56023e-01 >
106 R_BR3.BPM9L3.x_BR3.DVT6L4 equality     .          276.41    -4.03782e-02 >
107 R_BR3.BPM9L3.x_BR3.DVT8L1 equality     .          274.35     3.75025e-02 >
108 R_BR3.BPM9L3.x_BR3.DVT9L1 equality     .          275.55     1.83246e-01 >
109 R_BR3.BPM10L3.x_BR3.DHZ11L4 equality     .          315.77     7.23890e-01 >
110 R_BR3.BPM10L3.x_BR3.DHZ12L4 equality     .          318.58     6.32700e-01 >
111 R_BR3.BPM10L3.x_BR3.DHZ13L4 equality     .          309.41     4.40833e-01 >
112 R_BR3.BPM10L3.x_BR3.DHZ14L1 equality     .          313.99     8.12583e-01 >
113 R_BR3.BPM10L3.x_BR3.DHZ8L1 equality     .          329.56    -9.70340e-02 >
114 R_BR3.BPM10L3.x_BR3.DHZ9L1 equality     .          324.29     6.09434e-02 >
115 R_BR3.BPM10L3.x_BR3.DVT12L4 equality     .          320.67     2.34475e-02 >
116 R_BR3.BPM10L3.x_BR3.DVT13L4 equality     .          326.05    -6.53383e-02 >
117 R_BR3.BPM10L3.x_BR3.DVT2L4 equality     .          321.72    -1.68151e-02 >
118 R_BR3.BPM10L3.x_BR3.DVT6L4 equality     .          316.33     1.70757e-01 >
119 R_BR3.BPM10L3.x_BR3.DVT8L1 equality     .          321.28    -1.13998e-01 >
120 R_BR3.BPM10L3.x_BR3.DVT9L1 equality     .          322.27    -1.88496e-03 >
121 R_BR3.BPM11L3.x_BR3.DHZ11L4 equality     .          318.4     -1.89937e-01 >
122 R_BR3.BPM11L3.x_BR3.DHZ12L4 equality     .          316.84     4.99360e-01 >
123 R_BR3.BPM11L3.x_BR3.DHZ13L4 equality     .          313.46     8.20098e-01 >
124 R_BR3.BPM11L3.x_BR3.DHZ14L1 equality     .          316.5      3.29168e-01 >
125 R_BR3.BPM11L3.x_BR3.DHZ8L1 equality     .          322.48     2.04750e-01 >
126 R_BR3.BPM11L3.x_BR3.DHZ9L1 equality     .          321.48    -1.91799e-01 >
127 R_BR3.BPM11L3.x_BR3.DVT12L4 equality     .          318.33     6.08890e-02 >
128 R_BR3.BPM11L3.x_BR3.DVT13L4 equality     .          322.38    -2.62615e-01 >
129 R_BR3.BPM11L3.x_BR3.DVT2L4 equality     .          327.17    -4.90874e-02 >
130 R_BR3.BPM11L3.x_BR3.DVT6L4 equality     .          321.19     1.87047e-01 >
131 R_BR3.BPM11L3.x_BR3.DVT8L1 equality     .          320.15     1.37668e-01 >
132 R_BR3.BPM11L3.x_BR3.DVT9L1 equality     .          320.39    -1.16481e-01 >
133 R_BR3.BPM12L3.x_BR3.DHZ11L4 equality     .          234.16     3.33500e-01 >
134 R_BR3.BPM12L3.x_BR3.DHZ12L4 equality     .          230.83     2.95022e-01 >
135 R_BR3.BPM12L3.x_BR3.DHZ13L4 equality     .          231.79     9.62756e-01 >
136 R_BR3.BPM12L3.x_BR3.DHZ14L1 equality     .          231.46     2.52147e-01 >
137 R_BR3.BPM12L3.x_BR3.DHZ8L1 equality     .          232.67     6.12878e-01 >
138 R_BR3.BPM12L3.x_BR3.DHZ9L1 equality     .          233.71    -2.27952e-01 >
139 R_BR3.BPM12L3.x_BR3.DVT12L4 equality     .          232.44     9.86311e-02 >
140 R_BR3.BPM12L3.x_BR3.DVT13L4 equality     .          233.15    -1.08552e-01 >
141 R_BR3.BPM12L3.x_BR3.DVT2L4 equality     .          236.74    -1.73783e-01 >
142 R_BR3.BPM12L3.x_BR3.DVT6L4 equality     .          234.59     1.55449e-02 >
143 R_BR3.BPM12L3.x_BR3.DVT8L1 equality     .          233.61     1.63381e-01 >
144 R_BR3.BPM12L3.x_BR3.DVT9L1 equality     .          233.78     5.11924e-02 >
145 R_BR3.BPM13L3.x_BR3.DHZ11L4 equality     .          287.77     8.68031e-01 >
146 R_BR3.BPM13L3.x_BR3.DHZ12L4 equality     .          285.96     2.99477e-01 >
147 R_BR3.BPM13L3.x_BR3.DHZ13L4 equality     .          283.18     6.53105e-01 >
148 R_BR3.BPM13L3.x_BR3.DHZ14L1 equality     .          282.28     8.38165e-01 >
149 R_BR3.BPM13L3.x_BR3.DHZ8L1 equality     .          295.99     2.19471e-01 >
150 R_BR3.BPM13L3.x_BR3.DHZ9L1 equality     .          292.16    -3.33413e-02 >
151 R_BR3.BPM13L3.x_BR3.DVT12L4 equality     .          290.89     1.82210e-01 >
152 R_BR3.BPM13L3.x_BR3.DVT13L4 equality     .          294.3      1.12111e-01 >
153 R_BR3.BPM13L3.x_BR3.DVT2L4 equality     .          292.97    -1.53337e-01 >
154 R_BR3.BPM13L3.x_BR3.DVT6L4 equality     .          287.15    -5.55943e-03 >
155 R_BR3.BPM13L3.x_BR3.DVT8L1 equality     .          285.69    -6.54031e-02 >
156 R_BR3.BPM13L3.x_BR3.DVT9L1 equality     .          292.76     1.86182e-01 >
157 R_BR3.BPM14L3.x_BR3.DHZ11L4 equality     .          212.11     7.97782e-01 >
158 R_BR3.BPM14L3.x_BR3.DHZ12L4 equality     .          208.11     1.93495e-01 >
159 R_BR3.BPM14L3.x_BR3.DHZ13L4 equality     .          212.49     6.39794e-01 >
160 R_BR3.BPM14L3.x_BR3.DHZ14L1 equality     .          211.35     1.14416e+00 >
161 R_BR3.BPM14L3.x_BR3.DHZ8L1 equality     .          212.13     3.33565e-01 >
162 R_BR3.BPM14L3.x_BR3.DHZ9L1 equality     .          214.15    -5.29455e-01 >
163 R_BR3.BPM14L3.x_BR3.DVT12L4 equality     .          213.12    -7.04514e-02 >
164 R_BR3.BPM14L3.x_BR3.DVT13L4 equality     .          213.96     9.75155e-02 >
165 R_BR3.BPM14L3.x_BR3.DVT2L4 equality     .          214.27     1.88959e-02 >
166 R_BR3.BPM14L3.x_BR3.DVT6L4 equality     .          212.55     1.74273e-01 >
167 R_BR3.BPM14L3.x_BR3.DVT8L1 equality     .          213.83    -7.29087e-02 >
168 R_BR3.BPM14L3.x_BR3.DVT9L1 equality     .          212.93    -1.14377e-02 >
169 R_BR3.BPM15L3.x_BR3.DHZ11L4 equality     .          314.12     2.14561e-01 >
170 R_BR3.BPM15L3.x_BR3.DHZ12L4 equality     .          311.28     5.73836e-01 >
171 R_BR3.BPM15L3.x_BR3.DHZ13L4 equality     .          309.37     6.39360e-01 >
172 R_BR3.BPM15L3.x_BR3.DHZ14L1 equality     .          310.85     6.68548e-01 >
173 R_BR3.BPM15L3.x_BR3.DHZ8L1 equality     .          315.11     7.65762e-01 >
174 R_BR3.BPM15L3.x_BR3.DHZ9L1 equality     .          314.91    -8.32433e-02 >
175 R_BR3.BPM15L3.x_BR3.DVT12L4 equality     .          315.91    -3.90149e-02 >
176 R_BR3.BPM15L3.x_BR3.DVT13L4 equality     .          319.03    -3.10710e-01 >
177 R_BR3.BPM15L3.x_BR3.DVT2L4 equality     .          321.11    -8.59010e-02 >
178 R_BR3.BPM15L3.x_BR3.DVT6L4 equality     .          317.53     1.29934e-01 >
179 R_BR3.BPM15L3.x_BR3.DVT8L1 equality     .          314.27     1.46374e-01 >
180 R_BR3.BPM15L3.x_BR3.DVT9L1 equality     .          315.87    -8.41303e-02 >
181 R_BR3.BPM16L3.x_BR3.DHZ11L4 equality     .          339.29     3.06968e-01 >
182 R_BR3.BPM16L3.x_BR3.DHZ12L4 equality     .          336.35     3.21541e-01 >
183 R_BR3.BPM16L3.x_BR3.DHZ13L4 equality     .          336.73     3.43176e-01 >
184 R_BR3.BPM16L3.x_BR3.DHZ14L1 equality     .          333.34    -2.58389e-01 >
185 R_BR3.BPM16L3.x_BR3.DHZ8L1 equality     .          339.6      5.00163e-01 >
186 R_BR3.BPM16L3.x_BR3.DHZ9L1 equality     .          335.27     8.36223e-02 >
187 R_BR3.BPM16L3.x_BR3.DVT12L4 equality     .          330.25     1.22157e-01 >
188 R_BR3.BPM16L3.x_BR3.DVT13L4 equality     .          328.68    -2.40839e-01 >
189 R_BR3.BPM16L3.x_BR3.DVT2L4 equality     .          330.96    -2.08343e-01 >
190 R_BR3.BPM16L3.x_BR3.DVT6L4 equality     .          334.9     -1.49215e-02 >
191 R_BR3.BPM16L3.x_BR3.DVT8L1 equality     .          331.05     1.26307e-01 >
192 R_BR3.BPM16L3.x_BR3.DVT9L1 equality     .          327.14     6.32359e-02 >
193 R_BR3.BPM1L3.y_BR3.DHZ11L4 equality     .          257.57    -1.54833e-01 >
194 R_BR3.BPM1L3.y_BR3.DHZ12L4 equality     .          257.44    -1.04299e-02 >
195 R_BR3.BPM1L3.y_BR3.DHZ13L4 equality     .          255.45     1.67919e-01 >
196 R_BR3.BPM1L3.y_BR3.DHZ14L1 equality     .          262.43     7.70588e-02 >
197 R_BR3.BPM1L3.y_BR3.DHZ8L1 equality     .          258.63    -1.72586e-01 >
198 R_BR3.BPM1L3.y_BR3.DHZ9L1 equality     .          259.44     3.80254e-02 >
199 R_BR3.BPM1L3.y_BR3.DVT12L4 equality     .          256.37    -9.80060e-02 >
200 R_BR3.BPM1L3.y_BR3.DVT13L4 equality     .          256.87    -1.34678e-01 >
201 R_BR3.BPM1L3.y_BR3.DVT2L4 equality     .          256.8      4.14912e-02 >
202 R_BR3.BPM1L3.y_BR3.DVT6L4 equality     .          258.65     3.93331e-02 >
203 R_BR3.BPM1L3.y_BR3.DVT8L1 equality     .          254.6      1.27379e-01 >
204 R_BR3.BPM1L3.y_BR3.DVT9L1 equality     .          253.14    -9.25930e-02 >
205 R_BR3.BPM2L3.y_BR3.DHZ11L4 equality     .          193.57     1.48232e-02 >
206 R_BR3.BPM2L3.y_BR3.DHZ12L4 equality     .          196.23    -9.52677e-02 >
207 R_BR3.BPM2L3.y_BR3.DHZ13L4 equality     .          192.52    -4.29531e-02 >
208 R_BR3.BPM2L3.y_BR3.DHZ14L1 equality     .          193.77    -6.18025e-03 >
209 R_BR3.BPM2L3.y_BR3.DHZ8L1 equality     .          194.27    -3.41043e-02 >
210 R_BR3.BPM2L3.y_BR3.DHZ9L1 equality     .          193.68    -1.18917e-01 >
211 R_BR3.BPM2L3.y_BR3.DVT12L4 equality     .          194.6      5.31913e-02 >
212 R_BR3.BPM2L3.y_BR3.DVT13L4 equality     .          196.01     2.63883e-01 >
213 R_BR3.BPM2L3.y_BR3.DVT2L4 equality     .          197.7      7.91220e-02 >
214 R_BR3.BPM2L3.y_BR3.DVT6L4 equality     .          195.05     1.33389e-01 >
215 R_BR3.BPM2L3.y_BR3.DVT8L1 equality     .          197.51    -6.79756e-04 >
216 R_BR3.BPM2L3.y_BR3.DVT9L1 equality     .          198.1     -3.44188e-01 >
217 R_BR3.BPM3L3.y_BR3.DHZ11L4 equality     .          311.27     1.74702e-01 >
218 R_BR3.BPM3L3.y_BR3.DHZ12L4 equality     .          309.09     2.19196e-02 >
219 R_BR3.BPM3L3.y_BR3.DHZ13L4 equality     .          310.15    -2.11800e-01 >
220 R_BR3.BPM3L3.y_BR3.DHZ14L1 equality     .          307.56    -1.56376e-01 >
221 R_BR3.BPM3L3.y_BR3.DHZ8L1 equality     .          306.36     1.98621e-01 >
222 R_BR3.BPM3L3.y_BR3.DHZ9L1 equality     .          309.1     -2.16507e-02 >
223 R_BR3.BPM3L3.y_BR3.DVT12L4 equality     .          303.15    -1.95512e-02 >
224 R_BR3.BPM3L3.y_BR3.DVT13L4 equality     .          307.44    -6.73333e-02 >
225 R_BR3.BPM3L3.y_BR3.DVT2L4 equality     .          309.57     2.12273e-01 >
226 R_BR3.BPM3L3.y_BR3.DVT6L4 equality     .          307.66    -5.47996e-02 >
227 R_BR3.BPM3L3.y_BR3.DVT8L1 equality     .          304.37     1.75641e-02 >
228 R_BR3.BPM3L3.y_BR3.DVT9L1 equality     .          304.89     9.32077e-02 >
229 R_BR3.BPM4L3.y_BR3.DHZ11L4 equality     .          209.22    -6.43893e-02 >
230 R_BR3.BPM4L3.y_BR3.DHZ12L4 equality     .          208.96     5.01322e-02 >
231 R_BR3.BPM4L3.y_BR3.DHZ13L4 equality     .          209.79     3.95652e-02 >
232 R_BR3.BPM4L3.y_BR3.DHZ14L1 equality     .          208.88     4.89849e-04 >
233 R_BR3.BPM4L3.y_BR3.DHZ8L1 equality     .          207.13     2.23679e-03 >
234 R_BR3.BPM4L3.y_BR3.DHZ9L1 equality     .          210.25     1.00216e-01 >
235 R_BR3.BPM4L3.y_BR3.DVT12L4 equality     .          208.84    -7.79038e-01 >
236 R_BR3.BPM4L3.y_BR3.DVT13L4 equality     .          206.29    -3.44366e-02 >
237 R_BR3.BPM4L3.y_BR3.DVT2L4 equality     .          210.84     4.62277e-01 >
238 R_BR3.BPM4L3.y_BR3.DVT6L4 equality     .          211.58     5.96896e-01 >
239 R_BR3.BPM4L3.y_BR3.DVT8L1 equality     .          206.33    -1.86087e-01 >
240 R_BR3.BPM4L3.y_BR3.DVT9L1 equality     .          204.78    -8.51487e-02 >
241 R_BR3.BPM5L3.y_BR3.DHZ11L4 equality     .          300.85    -1.78671e-01 >
242 R_BR3.BPM5L3.y_BR3.DHZ12L4 equality     .          297.48    -2.60713e-02 >
243 R_BR3.BPM5L3.y_BR3.DHZ13L4 equality     .          298.35     2.04809e-01 >
244 R_BR3.BPM5L3.y_BR3.DHZ14L1 equality     .          298.9      1.43444e-01 >
245 R_BR3.BPM5L3.y_BR3.DHZ8L1 equality     .          299.5     -1.97090e-01 >
246 R_BR3.BPM5L3.y_BR3.DHZ9L1 equality     .          299.47     4.25354e-02 >
247 R_BR3.BPM5L3.y_BR3.DVT12L4 equality     .          297.94    -2.12406e-02 >
248 R_BR3.BPM5L3.y_BR3.DVT13L4 equality     .          294.97     1.44256e-01 >
249 R_BR3.BPM5L3.y_BR3.DVT2L4 equality     .          296.96    -2.00819e-01 >
250 R_BR3.BPM5L3.y_BR3.DVT6L4 equality     .          297.72     1.40283e-01 >
251 R_BR3.BPM5L3.y_BR3.DVT8L1 equality     .          297.17    -3.93574e-02 >
252 R_BR3.BPM5L3.y_BR3.DVT9L1 equality     .          298.36    -1.83736e-01 >
253 R_BR3.BPM6L3.y_BR3.DHZ11L4 equality     .          204.29     4.23319e-02 >
254 R_BR3.BPM6L3.y_BR3.DHZ12L4 equality     .          204.08    -7.17550e-02 >
255 R_BR3.BPM6L3.y_BR3.DHZ13L4 equality     .          204.5     -1.17902e-01 >
256 R_BR3.BPM6L3.y_BR3.DHZ14L1 equality     .          202.92    -1.17415e-01 >
257 R_BR3.BPM6L3.y_BR3.DHZ8L1 equality     .          202.96     6.73820e-02 >
258 R_BR3.BPM6L3.y_BR3.DHZ9L1 equality     .          205.1     -1.28283e-01 >
259 R_BR3.BPM6L3.y_BR3.DVT12L4 equality     .          201.2      7.02796e-01 >
260 R_BR3.BPM6L3.y_BR3.DVT13L4 equality     .          203.75    -2.50918e-02 >
261 R_BR3.BPM6L3.y_BR3.DVT2L4 equality     .          205.04    -3.11701e-01 >
262 R_BR3.BPM6L3.y_BR3.DVT6L4 equality     .          202.29    -5.27699e-01 >
263 R_BR3.BPM6L3.y_BR3.DVT8L1 equality     .          204.73     2.72208e-01 >
264 R_BR3.BPM6L3.y_BR3.DVT9L1 equality     .          199.77     4.73122e-02 >
265 R_BR3.BPM7L3.y_BR3.DHZ11L4 equality     .          245.73     1.94243e-01 >
266 R_BR3.BPM7L3.y_BR3.DHZ12L4 equality     .          247.94     4.92995e-02 >
267 R_BR3.BPM7L3.y_BR3.DHZ13L4 equality     .          242.87    -2.38254e-01 >
268 R_BR3.BPM7L3.y_BR3.DHZ14L1 equality     .          244.89    -1.76192e-01 >
269 R_BR3.BPM7L3.y_BR3.DHZ8L1 equality     .          247.74     2.13588e-01 >
270 R_BR3.BPM7L3.y_BR3.DHZ9L1 equality     .          245.22     8.86029e-05 >
271 R_BR3.BPM7L3.y_BR3.DVT12L4 equality     .          249.3     -1.63624e-01 >
272 R_BR3.BPM7L3.y_BR3.DVT13L4 equality     .          249.52     1.87198e-01 >
273 R_BR3.BPM7L3.y_BR3.DVT2L4 equality     .          254.12     1.27552e-01 >
274 R_BR3.BPM7L3.y_BR3.DVT6L4 equality     .          253.72    -3.20490e-02 >
275 R_BR3.BPM7L3.y_BR3.DVT8L1 equality     .          251.66    -1.62422e-01 >
276 R_BR3.BPM7L3.y_BR3.DVT9L1 equality     .          244.08     2.04170e-01 >
277 R_BR3.BPM8L3.y_BR3.DHZ11L4 equality     .          306.65     3.83014e-02 >
278 R_BR3.BPM8L3.y_BR3.DHZ12L4 equality     .          306.08     8.96833e-02 >
279 R_BR3.BPM8L3.y_BR3.DHZ13L4 equality     .          306.21    -2.11900e-02 >
280 R_BR3.BPM8L3.y_BR3.DHZ14L1 equality     .          304.82    -6.95828e-02 >
281 R_BR3.BPM8L3.y_BR3.DHZ8L1 equality     .          307.87     6.70654e-02 >
282 R_BR3.BPM8L3.y_BR3.DHZ9L1 equality     .          305.8      1.10889e-01 >
283 R_BR3.BPM8L3.y_BR3.DVT12L4 equality     .          305.08     4.30536e-02 >
284 R_BR3.BPM8L3.y_BR3.DVT13L4 equality     .          308.56    -2.63944e-02 >
285 R_BR3.BPM8L3.y_BR3.DVT2L4 equality     .          308.7     -3.05809e-01 >
286 R_BR3.BPM8L3.y_BR3.DVT6L4 equality     .          299.1      7.66586e-02 >
287 R_BR3.BPM8L3.y_BR3.DVT8L1 equality     .          308.1      3.20336e-01 >
288 R_BR3.BPM8L3.y_BR3.DVT9L1 equality     .          305.72     3.48516e-01 >
289 R_BR3.BPM9L3.y_BR3.DHZ11L4 equality     .          336.88    -1.86471e-01 >
290 R_BR3.BPM9L3.y_BR3.DHZ12L4 equality     .          333.83    -3.14544e-02 >
291 R_BR3.BPM9L3.y_BR3.DHZ13L4 equality     .          336.37     1.80345e-01 >
292 R_BR3.BPM9L3.y_BR3.DHZ14L1 equality     .          336.76     1.42181e-01 >
293 R_BR3.BPM9L3.y_BR3.DHZ8L1 equality     .          331.88    -1.07979e-01 >
294 R_BR3.BPM9L3.y_BR3.DHZ9L1 equality     .          334.24     4.51381e-03 >
295 R_BR3.BPM9L3.y_BR3.DVT12L4 equality     .          327.37    -3.61938e-01 >
296 R_BR3.BPM9L3.y_BR3.DVT13L4 equality     .          338.18     1.42664e-01 >
297 R_BR3.BPM9L3.y_BR3.DVT2L4 equality     .          336.5      9.26512e-02 >
298 R_BR3.BPM9L3.y_BR3.DVT6L4 equality     .          335.05     3.08975e-02 >
299 R_BR3.BPM9L3.y_BR3.DVT8L1 equality     .          335.16    -1.83062e-02 >
300 R_BR3.BPM9L3.y_BR3.DVT9L1 equality     .          333.29     1.92381e-01 >
301 R_BR3.BPM10L3.y_BR3.DHZ11L4 equality     .          365.38     9.90554e-02 >
302 R_BR3.BPM10L3.y_BR3.DHZ12L4 equality     .          361.1     -8.13118e-02 >
303 R_BR3.BPM10L3.y_BR3.DHZ13L4 equality     .          365.06    -9.21533e-02 >
304 R_BR3.BPM10L3.y_BR3.DHZ14L1 equality     .          360.05    -5.93111e-03 >
305 R_BR3.BPM10L3.y_BR3.DHZ8L1 equality     .          362.18    -4.09112e-02 >
306 R_BR3.BPM10L3.y_BR3.DHZ9L1 equality     .          360.3     -1.42659e-01 >
307 R_BR3.BPM10L3.y_BR3.DVT12L4 equality     .          353.68     4.71323e-02 >
308 R_BR3.BPM10L3.y_BR3.DVT13L4 equality     .          361.01    -1.77554e-01 >
309 R_BR3.BPM10L3.y_BR3.DVT2L4 equality     .          359.21     2.92993e-01 >
310 R_BR3.BPM10L3.y_BR3.DVT6L4 equality     .          357.42    -1.63204e-02 >
311 R_BR3.BPM10L3.y_BR3.DVT8L1 equality     .          358.72    -3.23209e-01 >
312 R_BR3.BPM10L3.y_BR3.DVT9L1 equality     .          358.93     5.75066e-02 >
313 R_BR3.BPM11L3.y_BR3.DHZ11L4 equality     .          314.76     2.00887e-01 >
314 R_BR3.BPM11L3.y_BR3.DHZ12L4 equality     .          315.18     1.02119e-01 >
315 R_BR3.BPM11L3.y_BR3.DHZ13L4 equality     .          316.42    -1.92129e-01 >
316 R_BR3.BPM11L3.y_BR3.DHZ14L1 equality     .          314.28    -1.71319e-01 >
317 R_BR3.BPM11L3.y_BR3.DHZ8L1 equality     .          316.55     1.73141e-01 >
318 R_BR3.BPM11L3.y_BR3.DHZ9L1 equality     .          316.05     1.57138e-02 >
319 R_BR3.BPM11L3.y_BR3.DVT12L4 equality     .          316.6     -2.27038e-02 >
320 R_BR3.BPM11L3.y_BR3.DVT13L4 equality     .          318.64     5.43352e-02 >
321 R_BR3.BPM11L3.y_BR3.DVT2L4 equality     .          315.94     1.02152e-02 >
322 R_BR3.BPM11L3.y_BR3.DVT6L4 equality     .          320.03     9.89071e-03 >
323 R_BR3.BPM11L3.y_BR3.DVT8L1 equality     .          315.62    -1.65736e-01 >
324 R_BR3.BPM11L3.y_BR3.DVT9L1 equality     .          314.61    -7.15325e-02 >
325 R_BR3.BPM12L3.y_BR3.DHZ11L4 equality     .          228.8      2.08414e-02 >
326 R_BR3.BPM12L3.y_BR3.DHZ12L4 equality     .          228.91     1.09047e-01 >
327 R_BR3.BPM12L3.y_BR3.DHZ13L4 equality     .          230.97     1.60764e-02 >
328 R_BR3.BPM12L3.y_BR3.DHZ14L1 equality     .          230.37    -1.40049e-02 >
329 R_BR3.BPM12L3.y_BR3.DHZ8L1 equality     .          229.93     6.25308e-02 >
330 R_BR3.BPM12L3.y_BR3.DHZ9L1 equality     .          229.83     6.66840e-02 >
331 R_BR3.BPM12L3.y_BR3.DVT12L4 equality     .          231.68    -6.03055e-01 >
332 R_BR3.BPM12L3.y_BR3.DVT13L4 equality     .          233.07     2.36233e-01 >
333 R_BR3.BPM12L3.y_BR3.DVT2L4 equality     .          235.5      9.97610e-02 >
334 R_BR3.BPM12L3.y_BR3.DVT6L4 equality     .          233.25     2.61472e-01 >
335 R_BR3.BPM12L3.y_BR3.DVT8L1 equality     .          234.35    -1.13360e-02 >
336 R_BR3.BPM12L3.y_BR3.DVT9L1 equality     .          229.28    -1.85428e-02 >
337 R_BR3.BPM13L3.y_BR3.DHZ11L4 equality     .          314.55    -1.13644e-01 >
338 R_BR3.BPM13L3.y_BR3.DHZ12L4 equality     .          314.09    -2.70196e-02 >
339 R_BR3.BPM13L3.y_BR3.DHZ13L4 equality     .          315.96     2.00680e-01 >
340 R_BR3.BPM13L3.y_BR3.DHZ14L1 equality     .          314.14     1.66061e-01 >
341 R_BR3.BPM13L3.y_BR3.DHZ8L1 equality     .          315.03    -1.30584e-01 >
342 R_BR3.BPM13L3.y_BR3.DHZ9L1 equality     .          315.1      7.97016e-03 >
343 R_BR3.BPM13L3.y_BR3.DVT12L4 equality     .          317.15     7.35519e-02 >
344 R_BR3.BPM13L3.y_BR3.DVT13L4 equality     .          316.65     5.42497e-02 >
345 R_BR3.BPM13L3.y_BR3.DVT2L4 equality     .          317.63     5.85748e-02 >
346 R_BR3.BPM13L3.y_BR3.DVT6L4 equality     .          315.62    -4.43456e-02 >
347 R_BR3.BPM13L3.y_BR3.DVT8L1 equality     .          316.73     5.13231e-02 >
348 R_BR3.BPM13L3.y_BR3.DVT9L1 equality     .          321.44     1.27660e-01 >
349 R_BR3.BPM14L3.y_BR3.DHZ11L4 equality     .          244.66     1.37350e-02 >
350 R_BR3.BPM14L3.y_BR3.DHZ12L4 equality     .          243.67    -6.49522e-02 >
351 R_BR3.BPM14L3.y_BR3.DHZ13L4 equality     .          244.53     1.32475e-02 >
352 R_BR3.BPM14L3.y_BR3.DHZ14L1 equality     .          242.81     2.68940e-02 >
353 R_BR3.BPM14L3.y_BR3.DHZ8L1 equality     .          243.28    -4.27477e-02 >
354 R_BR3.BPM14L3.y_BR3.DHZ9L1 equality     .          245.34    -1.09173e-01 >
355 R_BR3.BPM14L3.y_BR3.DVT12L4 equality     .          242.94     1.73288e-01 >
356 R_BR3.BPM14L3.y_BR3.DVT13L4 equality     .          243.07     3.40392e-01 >
357 R_BR3.BPM14L3.y_BR3.DVT2L4 equality     .          245.05     9.08379e-02 >
358 R_BR3.BPM14L3.y_BR3.DVT6L4 equality     .          242.43     6.44992e-02 >
359 R_BR3.BPM14L3.y_BR3.DVT8L1 equality     .          244.61    -5.28450e-02 >
360 R_BR3.BPM14L3.y_BR3.DVT9L1 equality     .          244.38    -2.59355e-01 >
361 R_BR3.BPM15L3.y_BR3.DHZ11L4 equality     .          334.51     1.37635e-01 >
362 R_BR3.BPM15L3.y_BR3.DHZ12L4 equality     .          333.44     8.57645e-02 >
363 R_BR3.BPM15L3.y_BR3.DHZ13L4 equality     .          334.64    -1.94773e-01 >
364 R_BR3.BPM15L3.y_BR3.DHZ14L1 equality     .          335.39    -1.50358e-01 >
365 R_BR3.BPM15L3.y_BR3.DHZ8L1 equality     .          335.75     1.64252e-01 >
366 R_BR3.BPM15L3.y_BR3.DHZ9L1 equality     .          333.43     4.57423e-02 >
367 R_BR3.BPM15L3.y_BR3.DVT12L4 equality     .          333.67    -7.48334e-02 >
368 R_BR3.BPM15L3.y_BR3.DVT13L4 equality     .          332.45    -6.22004e-02 >
369 R_BR3.BPM15L3.y_BR3.DVT2L4 equality     .          339.53    -1.69291e-01 >
370 R_BR3.BPM15L3.y_BR3.DVT6L4 equality     .          337.55    -2.41689e-02 >
371 R_BR3.BPM15L3.y_BR3.DVT8L1 equality     .          338.21     5.00772e-02 >
372 R_BR3.BPM15L3.y_BR3.DVT9L1 equality     .          337.47    -8.90856e-02 >
373 R_BR3.BPM16L3.y_BR3.DHZ11L4 equality     .          367.37     4.71236e-02 >
374 R_BR3.BPM16L3.y_BR3.DHZ12L4 equality     .          367.91     7.47912e-02 >
375 R_BR3.BPM16L3.y_BR3.DHZ13L4 equality     .          368.33    -1.99066e-02 >
376 R_BR3.BPM16L3.y_BR3.DHZ14L1 equality     .          367.79    -2.27249e-02 >
377 R_BR3.BPM16L3.y_BR3.DHZ8L1 equality     .          369.47     6.54713e-02 >
378 R_BR3.BPM16L3.y_BR3.DHZ9L1 equality     .          365.49     1.05880e-01 >
379 R_BR3.BPM16L3.y_BR3.DVT12L4 equality     .          363.83    -3.90652e-02 >
380 R_BR3.BPM16L3.y_BR3.DVT13L4 equality     .          364.82    -2.11170e-01 >
381 R_BR3.BPM16L3.y_BR3.DVT2L4 equality     .          370.96    -5.18385e-02 >
382 R_BR3.BPM16L3.y_BR3.DVT6L4 equality     .          368.48    -1.32123e-01 >
383 R_BR3.BPM16L3.y_BR3.DVT8L1 equality     .          369.37    -3.12942e-02 >
384 R_BR3.BPM16L3.y_BR3.DVT9L1 equality     .          364.81     3.60630e-01 >

 Variables                  Curr. Value  Curr. Step   Lower Limit  Upper Limit
--------------------------------------------------------------------------------
 1 BR.QFOCELL1.dk1l         2.08664e-03  2.08664e-03   .            .         
 2 BR.QDE1.dk1l            -9.74356e-04 -9.74356e-04   .            .         
 3 BR.QFOCELL2.dk1l         5.33997e-04  5.33997e-04   .            .         
 4 BR.QDE2.dk1l            -9.19885e-04 -9.19885e-04   .            .         
 5 BR.QFOCELL3.dk1l        -6.42322e-03 -6.42322e-03   .            .         
 6 BR.QDE3.dk1l             4.51247e-03  4.51247e-03   .            .         
 7 BR.QFOCELL4.dk1l         1.48022e-03  1.48022e-03   .            .         
 8 BR.QDE4.dk1l            -1.86454e-03 -1.86454e-03   .            .         
 9 BR.QFOCELL5.dk1l         1.03145e-02  1.03145e-02   .            .         
10 BR.QDE5.dk1l            -1.06928e-02 -1.06928e-02   .            .         
11 BR.QFOCELL6.dk1l        -4.19265e-03 -4.19265e-03   .            .         
12 BR.QDE6.dk1l             5.08743e-03  5.08743e-03   .            .         
13 BR.QFOCELL7.dk1l        -1.22642e-03 -1.22642e-03   .            .         
14 BR.QDE7.dk1l             2.65732e-03  2.65732e-03   .            .         
15 BR.QFOCELL8.dk1l         1.25379e-02  1.25379e-02   .            .         
16 BR.QDE8.dk1l            -1.38499e-02 -1.38499e-02   .            .         
17 BR.QFOCELL9.dk1l         7.63990e-03  7.63990e-03   .            .         
18 BR.QDE9.dk1l            -8.44582e-03 -8.44582e-03   .            .         
19 BR.QFOCELL10.dk1l       -7.39991e-03 -7.39991e-03   .            .         
20 BR.QDE10.dk1l            8.46299e-03  8.46299e-03   .            .         
21 BR.QFOCELL11.dk1l       -2.70313e-03 -2.70313e-03   .            .         
22 BR.QDE11.dk1l            9.35557e-04  9.35557e-04   .            .         
23 BR.QFOCELL12.dk1l        9.43202e-04  9.43202e-04   .            .         
24 BR.QDE12.dk1l           -1.38630e-03 -1.38630e-03   .            .         
25 BR.QFOCELL13.dk1l        1.69200e-02  1.69200e-02   .            .         
26 BR.QDE13.dk1l           -1.78259e-02 -1.78259e-02   .            .         
27 BR.QFOCELL14.dk1l        8.13909e-03  8.13909e-03   .            .         
28 BR.QDE14.dk1l           -8.70450e-03 -8.70450e-03   .            .         
29 BR.QFOCELL15.dk1l       -1.23505e-02 -1.23505e-02   .            .         
30 BR.QDE15.dk1l            1.08322e-02  1.08322e-02   .            .         
31 BR.QFOCELL16.dk1l       -1.04941e-03 -1.04941e-03   .            .         
32 BR.QDE16.dk1l            2.20928e-03  2.20928e-03   .            .         

ncall=34 [1.0s], fval=2.78055e-01, fstp=-1.29331e-01, ccnt=384.


 Constraints                Type        Kind        Weight     Expr. Value
------------------------------------------------------------------------------
 1 R_BR3.BPM1L3.x_BR3.DHZ11L4 equality     .          254.66     5.99595e-01 >
 2 R_BR3.BPM1L3.x_BR3.DHZ12L4 equality     .          253.14     3.26719e-01 >
 3 R_BR3.BPM1L3.x_BR3.DHZ13L4 equality     .          247.69     6.02571e-01 >
 4 R_BR3.BPM1L3.x_BR3.DHZ14L1 equality     .          252.82     3.20706e-01 >
 5 R_BR3.BPM1L3.x_BR3.DHZ8L1 equality     .          254.13    -1.05877e-01 >
 6 R_BR3.BPM1L3.x_BR3.DHZ9L1 equality     .          249.92    -1.04426e-01 >
 7 R_BR3.BPM1L3.x_BR3.DVT12L4 equality     .          253.72     1.81004e-01 >
 8 R_BR3.BPM1L3.x_BR3.DVT13L4 equality     .          258.5      1.49044e-01 >
 9 R_BR3.BPM1L3.x_BR3.DVT2L4 equality     .          259.45    -1.31579e-01 >
10 R_BR3.BPM1L3.x_BR3.DVT6L4 equality     .          255.36    -8.32755e-03 >
11 R_BR3.BPM1L3.x_BR3.DVT8L1 equality     .          251.55    -3.64170e-02 >
12 R_BR3.BPM1L3.x_BR3.DVT9L1 equality     .          254.26     1.54383e-01 >
13 R_BR3.BPM2L3.x_BR3.DHZ11L4 equality     .          155.27     3.78134e-01 >
14 R_BR3.BPM2L3.x_BR3.DHZ12L4 equality     .          156.88     6.13425e-01 >
15 R_BR3.BPM2L3.x_BR3.DHZ13L4 equality     .          155.84     9.42485e-01 >
16 R_BR3.BPM2L3.x_BR3.DHZ14L1 equality     .          155.85     1.25352e+00 >
17 R_BR3.BPM2L3.x_BR3.DHZ8L1 equality     .          157.76     2.01305e-01 >
18 R_BR3.BPM2L3.x_BR3.DHZ9L1 equality     .          156.58    -4.88645e-02 >
19 R_BR3.BPM2L3.x_BR3.DVT12L4 equality     .          157.29     5.43074e-02 >
20 R_BR3.BPM2L3.x_BR3.DVT13L4 equality     .          156.68     3.21144e-02 >
21 R_BR3.BPM2L3.x_BR3.DVT2L4 equality     .          156.36     1.71209e-02 >
22 R_BR3.BPM2L3.x_BR3.DVT6L4 equality     .          157.45     1.25094e-01 >
23 R_BR3.BPM2L3.x_BR3.DVT8L1 equality     .          155.43    -2.55533e-03 >
24 R_BR3.BPM2L3.x_BR3.DVT9L1 equality     .          154.89     7.93747e-03 >
25 R_BR3.BPM3L3.x_BR3.DHZ11L4 equality     .          303.95     5.72358e-01 >
26 R_BR3.BPM3L3.x_BR3.DHZ12L4 equality     .          302.28     5.52482e-02 >
27 R_BR3.BPM3L3.x_BR3.DHZ13L4 equality     .          296.52     1.66947e-01 >
28 R_BR3.BPM3L3.x_BR3.DHZ14L1 equality     .          301.62     3.26120e-01 >
29 R_BR3.BPM3L3.x_BR3.DHZ8L1 equality     .          307.07     9.93030e-01 >
30 R_BR3.BPM3L3.x_BR3.DHZ9L1 equality     .          304.26    -4.62196e-01 >
31 R_BR3.BPM3L3.x_BR3.DVT12L4 equality     .          303.71     3.17283e-03 >
32 R_BR3.BPM3L3.x_BR3.DVT13L4 equality     .          308.93    -2.67694e-01 >
33 R_BR3.BPM3L3.x_BR3.DVT2L4 equality     .          308.62     6.00991e-02 >
34 R_BR3.BPM3L3.x_BR3.DVT6L4 equality     .          301.48     1.59382e-01 >
35 R_BR3.BPM3L3.x_BR3.DVT8L1 equality     .          307.83     1.31882e-01 >
36 R_BR3.BPM3L3.x_BR3.DVT9L1 equality     .          306.9     -3.87911e-02 >
37 R_BR3.BPM4L3.x_BR3.DHZ11L4 equality     .          197.62     3.68188e-01 >
38 R_BR3.BPM4L3.x_BR3.DHZ12L4 equality     .          201.32    -9.33300e-02 >
39 R_BR3.BPM4L3.x_BR3.DHZ13L4 equality     .          197.32     3.39617e-01 >
40 R_BR3.BPM4L3.x_BR3.DHZ14L1 equality     .          201.26    -1.97932e-01 >
41 R_BR3.BPM4L3.x_BR3.DHZ8L1 equality     .          200.39     3.07732e-01 >
42 R_BR3.BPM4L3.x_BR3.DHZ9L1 equality     .          202.61    -3.36587e-01 >
43 R_BR3.BPM4L3.x_BR3.DVT12L4 equality     .          195.76     1.09694e-01 >
44 R_BR3.BPM4L3.x_BR3.DVT13L4 equality     .          197.42    -1.92385e-01 >
45 R_BR3.BPM4L3.x_BR3.DVT2L4 equality     .          199.38    -2.04113e-01 >
46 R_BR3.BPM4L3.x_BR3.DVT6L4 equality     .          198.44     3.52887e-02 >
47 R_BR3.BPM4L3.x_BR3.DVT8L1 equality     .          195.82     1.16259e-01 >
48 R_BR3.BPM4L3.x_BR3.DVT9L1 equality     .          196.53     3.75466e-02 >
49 R_BR3.BPM5L3.x_BR3.DHZ11L4 equality     .          321.86     6.90121e-01 >
50 R_BR3.BPM5L3.x_BR3.DHZ12L4 equality     .          324        2.52209e-01 >
51 R_BR3.BPM5L3.x_BR3.DHZ13L4 equality     .          320.22     6.60277e-01 >
52 R_BR3.BPM5L3.x_BR3.DHZ14L1 equality     .          315.57     5.68614e-01 >
53 R_BR3.BPM5L3.x_BR3.DHZ8L1 equality     .          334.56    -6.61245e-02 >
54 R_BR3.BPM5L3.x_BR3.DHZ9L1 equality     .          333.04    -1.92826e-01 >
55 R_BR3.BPM5L3.x_BR3.DVT12L4 equality     .          328.02     1.29417e-01 >
56 R_BR3.BPM5L3.x_BR3.DVT13L4 equality     .          338.46     1.27345e-01 >
57 R_BR3.BPM5L3.x_BR3.DVT2L4 equality     .          333.03    -1.98655e-01 >
58 R_BR3.BPM5L3.x_BR3.DVT6L4 equality     .          328.88     3.87556e-03 >
59 R_BR3.BPM5L3.x_BR3.DVT8L1 equality     .          328.84    -6.28738e-02 >
60 R_BR3.BPM5L3.x_BR3.DVT9L1 equality     .          333.2      1.08438e-01 >
61 R_BR3.BPM6L3.x_BR3.DHZ11L4 equality     .          199.4      5.76257e-01 >
62 R_BR3.BPM6L3.x_BR3.DHZ12L4 equality     .          197.81     6.56219e-01 >
63 R_BR3.BPM6L3.x_BR3.DHZ13L4 equality     .          198.97     7.57547e-01 >
64 R_BR3.BPM6L3.x_BR3.DHZ14L1 equality     .          195.6      1.06036e+00 >
65 R_BR3.BPM6L3.x_BR3.DHZ8L1 equality     .          198.79     6.02659e-01 >
66 R_BR3.BPM6L3.x_BR3.DHZ9L1 equality     .          199.44    -7.42278e-02 >
67 R_BR3.BPM6L3.x_BR3.DVT12L4 equality     .          200.97     6.61222e-03 >
68 R_BR3.BPM6L3.x_BR3.DVT13L4 equality     .          201.13    -3.27015e-02 >
69 R_BR3.BPM6L3.x_BR3.DVT2L4 equality     .          203.01     1.83607e-02 >
70 R_BR3.BPM6L3.x_BR3.DVT6L4 equality     .          200.9      1.30603e-01 >
71 R_BR3.BPM6L3.x_BR3.DVT8L1 equality     .          200.31     1.05388e-02 >
72 R_BR3.BPM6L3.x_BR3.DVT9L1 equality     .          200.46    -3.10727e-02 >
73 R_BR3.BPM7L3.x_BR3.DHZ11L4 equality     .          222.8      4.83631e-02 >
74 R_BR3.BPM7L3.x_BR3.DHZ12L4 equality     .          225.34     1.90366e-01 >
75 R_BR3.BPM7L3.x_BR3.DHZ13L4 equality     .          220.25     6.89578e-01 >
76 R_BR3.BPM7L3.x_BR3.DHZ14L1 equality     .          225.48     5.69443e-01 >
77 R_BR3.BPM7L3.x_BR3.DHZ8L1 equality     .          225.4      5.90858e-01 >
78 R_BR3.BPM7L3.x_BR3.DHZ9L1 equality     .          222.1     -2.28638e-01 >
79 R_BR3.BPM7L3.x_BR3.DVT12L4 equality     .          225.86    -2.07213e-02 >
80 R_BR3.BPM7L3.x_BR3.DVT13L4 equality     .          221.49    -2.91381e-01 >
81 R_BR3.BPM7L3.x_BR3.DVT2L4 equality     .          225.42    -1.69762e-03 >
82 R_BR3.BPM7L3.x_BR3.DVT6L4 equality     .          226.6      2.42954e-01 >
83 R_BR3.BPM7L3.x_BR3.DVT8L1 equality     .          225.55     1.48658e-01 >
84 R_BR3.BPM7L3.x_BR3.DVT9L1 equality     .          222.35    -3.80571e-02 >
85 R_BR3.BPM8L3.x_BR3.DHZ11L4 equality     .          330.8      8.88719e-02 >
86 R_BR3.BPM8L3.x_BR3.DHZ12L4 equality     .          333.31     1.48259e-02 >
87 R_BR3.BPM8L3.x_BR3.DHZ13L4 equality     .          330.27     7.06544e-01 >
88 R_BR3.BPM8L3.x_BR3.DHZ14L1 equality     .          326.41     1.16878e-01 >
89 R_BR3.BPM8L3.x_BR3.DHZ8L1 equality     .          338.18     3.67059e-01 >
90 R_BR3.BPM8L3.x_BR3.DHZ9L1 equality     .          333.86    -1.84828e-01 >
91 R_BR3.BPM8L3.x_BR3.DVT12L4 equality     .          329.82     1.00736e-01 >
92 R_BR3.BPM8L3.x_BR3.DVT13L4 equality     .          332.74    -1.58238e-01 >
93 R_BR3.BPM8L3.x_BR3.DVT2L4 equality     .          335.17    -1.57459e-01 >
94 R_BR3.BPM8L3.x_BR3.DVT6L4 equality     .          330.59     6.83055e-02 >
95 R_BR3.BPM8L3.x_BR3.DVT8L1 equality     .          329.77     1.96851e-01 >
96 R_BR3.BPM8L3.x_BR3.DVT9L1 equality     .          333.4      6.80376e-02 >
97 R_BR3.BPM9L3.x_BR3.DHZ11L4 equality     .          297.95     6.31272e-01 >
98 R_BR3.BPM9L3.x_BR3.DHZ12L4 equality     .          272.29    -1.49991e-01 >
99 R_BR3.BPM9L3.x_BR3.DHZ13L4 equality     .          292.4      7.24984e-01 >
100 R_BR3.BPM9L3.x_BR3.DHZ14L1 equality     .          288.77     9.32105e-01 >
101 R_BR3.BPM9L3.x_BR3.DHZ8L1 equality     .          281.34    -1.14663e-01 >
102 R_BR3.BPM9L3.x_BR3.DHZ9L1 equality     .          299.8     -1.37869e-01 >
103 R_BR3.BPM9L3.x_BR3.DVT12L4 equality     .          268.81     7.03922e-02 >
104 R_BR3.BPM9L3.x_BR3.DVT13L4 equality     .          281.73     9.42514e-02 >
105 R_BR3.BPM9L3.x_BR3.DVT2L4 equality     .          278.17    -1.56052e-01 >
106 R_BR3.BPM9L3.x_BR3.DVT6L4 equality     .          276.41    -4.03985e-02 >
107 R_BR3.BPM9L3.x_BR3.DVT8L1 equality     .          274.35     3.74955e-02 >
108 R_BR3.BPM9L3.x_BR3.DVT9L1 equality     .          275.55     1.83263e-01 >
109 R_BR3.BPM10L3.x_BR3.DHZ11L4 equality     .          315.77     8.88969e-01 >
110 R_BR3.BPM10L3.x_BR3.DHZ12L4 equality     .          318.58     6.80341e-01 >
111 R_BR3.BPM10L3.x_BR3.DHZ13L4 equality     .          309.41     3.29097e-01 >
112 R_BR3.BPM10L3.x_BR3.DHZ14L1 equality     .          313.99     7.03752e-01 >
113 R_BR3.BPM10L3.x_BR3.DHZ8L1 equality     .          329.56     2.57938e-03 >
114 R_BR3.BPM10L3.x_BR3.DHZ9L1 equality     .          324.29     3.23226e-02 >
115 R_BR3.BPM10L3.x_BR3.DVT12L4 equality     .          320.67     2.34217e-02 >
116 R_BR3.BPM10L3.x_BR3.DVT13L4 equality     .          326.05    -6.53127e-02 >
117 R_BR3.BPM10L3.x_BR3.DVT2L4 equality     .          321.72    -1.68023e-02 >
118 R_BR3.BPM10L3.x_BR3.DVT6L4 equality     .          316.33     1.70770e-01 >
119 R_BR3.BPM10L3.x_BR3.DVT8L1 equality     .          321.28    -1.14006e-01 >
120 R_BR3.BPM10L3.x_BR3.DVT9L1 equality     .          322.27    -1.89683e-03 >
121 R_BR3.BPM11L3.x_BR3.DHZ11L4 equality     .          318.4     -2.53133e-01 >
122 R_BR3.BPM11L3.x_BR3.DHZ12L4 equality     .          316.84     4.64345e-01 >
123 R_BR3.BPM11L3.x_BR3.DHZ13L4 equality     .          313.46     8.76728e-01 >
124 R_BR3.BPM11L3.x_BR3.DHZ14L1 equality     .          316.5      4.02443e-01 >
125 R_BR3.BPM11L3.x_BR3.DHZ8L1 equality     .          322.48     1.51251e-01 >
126 R_BR3.BPM11L3.x_BR3.DHZ9L1 equality     .          321.48    -1.10377e-01 >
127 R_BR3.BPM11L3.x_BR3.DVT12L4 equality     .          318.33     6.08977e-02 >
128 R_BR3.BPM11L3.x_BR3.DVT13L4 equality     .          322.38    -2.62633e-01 >
129 R_BR3.BPM11L3.x_BR3.DVT2L4 equality     .          327.17    -4.90923e-02 >
130 R_BR3.BPM11L3.x_BR3.DVT6L4 equality     .          321.19     1.87032e-01 >
131 R_BR3.BPM11L3.x_BR3.DVT8L1 equality     .          320.15     1.37683e-01 >
132 R_BR3.BPM11L3.x_BR3.DVT9L1 equality     .          320.39    -1.16481e-01 >
133 R_BR3.BPM12L3.x_BR3.DHZ11L4 equality     .          234.16     2.51371e-01 >
134 R_BR3.BPM12L3.x_BR3.DHZ12L4 equality     .          230.83     2.28523e-01 >
135 R_BR3.BPM12L3.x_BR3.DHZ13L4 equality     .          231.79     9.98647e-01 >
136 R_BR3.BPM12L3.x_BR3.DHZ14L1 equality     .          231.46     3.07375e-01 >
137 R_BR3.BPM12L3.x_BR3.DHZ8L1 equality     .          232.67     5.12231e-01 >
138 R_BR3.BPM12L3.x_BR3.DHZ9L1 equality     .          233.71    -2.80660e-01 >
139 R_BR3.BPM12L3.x_BR3.DVT12L4 equality     .          232.44     9.86642e-02 >
140 R_BR3.BPM12L3.x_BR3.DVT13L4 equality     .          233.15    -1.08579e-01 >
141 R_BR3.BPM12L3.x_BR3.DVT2L4 equality     .          236.74    -1.73801e-01 >
142 R_BR3.BPM12L3.x_BR3.DVT6L4 equality     .          234.59     1.55266e-02 >
143 R_BR3.BPM12L3.x_BR3.DVT8L1 equality     .          233.61     1.63386e-01 >
144 R_BR3.BPM12L3.x_BR3.DVT9L1 equality     .          233.78     5.12084e-02 >
145 R_BR3.BPM13L3.x_BR3.DHZ11L4 equality     .          287.77     9.16782e-01 >
146 R_BR3.BPM13L3.x_BR3.DHZ12L4 equality     .          285.96     2.94795e-01 >
147 R_BR3.BPM13L3.x_BR3.DHZ13L4 equality     .          283.18     5.63871e-01 >
148 R_BR3.BPM13L3.x_BR3.DHZ14L1 equality     .          282.28     7.55823e-01 >
149 R_BR3.BPM13L3.x_BR3.DHZ8L1 equality     .          295.99     2.50408e-01 >
150 R_BR3.BPM13L3.x_BR3.DHZ9L1 equality     .          292.16    -1.43650e-01 >
151 R_BR3.BPM13L3.x_BR3.DVT12L4 equality     .          290.89     1.82201e-01 >
152 R_BR3.BPM13L3.x_BR3.DVT13L4 equality     .          294.3      1.12129e-01 >
153 R_BR3.BPM13L3.x_BR3.DVT2L4 equality     .          292.97    -1.53333e-01 >
154 R_BR3.BPM13L3.x_BR3.DVT6L4 equality     .          287.15    -5.54637e-03 >
155 R_BR3.BPM13L3.x_BR3.DVT8L1 equality     .          285.69    -6.54203e-02 >
156 R_BR3.BPM13L3.x_BR3.DVT9L1 equality     .          292.76     1.86183e-01 >
157 R_BR3.BPM14L3.x_BR3.DHZ11L4 equality     .          212.11     8.77610e-01 >
158 R_BR3.BPM14L3.x_BR3.DHZ12L4 equality     .          208.11     2.29665e-01 >
159 R_BR3.BPM14L3.x_BR3.DHZ13L4 equality     .          212.49     6.00856e-01 >
160 R_BR3.BPM14L3.x_BR3.DHZ14L1 equality     .          211.35     1.09120e+00 >
161 R_BR3.BPM14L3.x_BR3.DHZ8L1 equality     .          212.13     4.28522e-01 >
162 R_BR3.BPM14L3.x_BR3.DHZ9L1 equality     .          214.15    -4.77240e-01 >
163 R_BR3.BPM14L3.x_BR3.DVT12L4 equality     .          213.12    -7.04802e-02 >
164 R_BR3.BPM14L3.x_BR3.DVT13L4 equality     .          213.96     9.75370e-02 >
165 R_BR3.BPM14L3.x_BR3.DVT2L4 equality     .          214.27     1.89139e-02 >
166 R_BR3.BPM14L3.x_BR3.DVT6L4 equality     .          212.55     1.74286e-01 >
167 R_BR3.BPM14L3.x_BR3.DVT8L1 equality     .          213.83    -7.29113e-02 >
168 R_BR3.BPM14L3.x_BR3.DVT9L1 equality     .          212.93    -1.14524e-02 >
169 R_BR3.BPM15L3.x_BR3.DHZ11L4 equality     .          314.12     1.35748e-01 >
170 R_BR3.BPM15L3.x_BR3.DHZ12L4 equality     .          311.28     5.34991e-01 >
171 R_BR3.BPM15L3.x_BR3.DHZ13L4 equality     .          309.37     7.56220e-01 >
172 R_BR3.BPM15L3.x_BR3.DHZ14L1 equality     .          310.85     7.92888e-01 >
173 R_BR3.BPM15L3.x_BR3.DHZ8L1 equality     .          315.11     6.92973e-01 >
174 R_BR3.BPM15L3.x_BR3.DHZ9L1 equality     .          314.91    -1.21429e-02 >
175 R_BR3.BPM15L3.x_BR3.DVT12L4 equality     .          315.91    -3.89980e-02 >
176 R_BR3.BPM15L3.x_BR3.DVT13L4 equality     .          319.03    -3.10731e-01 >
177 R_BR3.BPM15L3.x_BR3.DVT2L4 equality     .          321.11    -8.59106e-02 >
178 R_BR3.BPM15L3.x_BR3.DVT6L4 equality     .          317.53     1.29916e-01 >
179 R_BR3.BPM15L3.x_BR3.DVT8L1 equality     .          314.27     1.46391e-01 >
180 R_BR3.BPM15L3.x_BR3.DVT9L1 equality     .          315.87    -8.41261e-02 >
181 R_BR3.BPM16L3.x_BR3.DHZ11L4 equality     .          339.29     2.07691e-01 >
182 R_BR3.BPM16L3.x_BR3.DHZ12L4 equality     .          336.35     2.82460e-01 >
183 R_BR3.BPM16L3.x_BR3.DHZ13L4 equality     .          336.73     3.98964e-01 >
184 R_BR3.BPM16L3.x_BR3.DHZ14L1 equality     .          333.34    -1.90366e-01 >
185 R_BR3.BPM16L3.x_BR3.DHZ8L1 equality     .          339.6      3.84778e-01 >
186 R_BR3.BPM16L3.x_BR3.DHZ9L1 equality     .          335.27     2.94696e-02 >
187 R_BR3.BPM16L3.x_BR3.DVT12L4 equality     .          330.25     1.22183e-01 >
188 R_BR3.BPM16L3.x_BR3.DVT13L4 equality     .          328.68    -2.40860e-01 >
189 R_BR3.BPM16L3.x_BR3.DVT2L4 equality     .          330.96    -2.08358e-01 >
190 R_BR3.BPM16L3.x_BR3.DVT6L4 equality     .          334.9     -1.49322e-02 >
191 R_BR3.BPM16L3.x_BR3.DVT8L1 equality     .          331.05     1.26307e-01 >
192 R_BR3.BPM16L3.x_BR3.DVT9L1 equality     .          327.14     6.32491e-02 >
193 R_BR3.BPM1L3.y_BR3.DHZ11L4 equality     .          257.57    -1.54861e-01 >
194 R_BR3.BPM1L3.y_BR3.DHZ12L4 equality     .          257.44    -1.04471e-02 >
195 R_BR3.BPM1L3.y_BR3.DHZ13L4 equality     .          255.45     1.67947e-01 >
196 R_BR3.BPM1L3.y_BR3.DHZ14L1 equality     .          262.43     7.70905e-02 >
197 R_BR3.BPM1L3.y_BR3.DHZ8L1 equality     .          258.63    -1.72623e-01 >
198 R_BR3.BPM1L3.y_BR3.DHZ9L1 equality     .          259.44     3.80217e-02 >
199 R_BR3.BPM1L3.y_BR3.DVT12L4 equality     .          256.37    -7.80808e-02 >
200 R_BR3.BPM1L3.y_BR3.DVT13L4 equality     .          256.87    -1.27857e-01 >
201 R_BR3.BPM1L3.y_BR3.DVT2L4 equality     .          256.8      4.14191e-02 >
202 R_BR3.BPM1L3.y_BR3.DVT6L4 equality     .          258.65     2.92535e-02 >
203 R_BR3.BPM1L3.y_BR3.DVT8L1 equality     .          254.6      1.22494e-01 >
204 R_BR3.BPM1L3.y_BR3.DVT9L1 equality     .          253.14    -9.21089e-02 >
205 R_BR3.BPM2L3.y_BR3.DHZ11L4 equality     .          193.57     1.48078e-02 >
206 R_BR3.BPM2L3.y_BR3.DHZ12L4 equality     .          196.23    -9.52851e-02 >
207 R_BR3.BPM2L3.y_BR3.DHZ13L4 equality     .          192.52    -4.29392e-02 >
208 R_BR3.BPM2L3.y_BR3.DHZ14L1 equality     .          193.77    -6.15921e-03 >
209 R_BR3.BPM2L3.y_BR3.DHZ8L1 equality     .          194.27    -3.41142e-02 >
210 R_BR3.BPM2L3.y_BR3.DHZ9L1 equality     .          193.68    -1.18945e-01 >
211 R_BR3.BPM2L3.y_BR3.DVT12L4 equality     .          194.6      3.23520e-02 >
212 R_BR3.BPM2L3.y_BR3.DVT13L4 equality     .          196.01     2.74646e-01 >
213 R_BR3.BPM2L3.y_BR3.DVT2L4 equality     .          197.7      1.00372e-01 >
214 R_BR3.BPM2L3.y_BR3.DVT6L4 equality     .          195.05     1.46818e-01 >
215 R_BR3.BPM2L3.y_BR3.DVT8L1 equality     .          197.51    -1.33573e-02 >
216 R_BR3.BPM2L3.y_BR3.DVT9L1 equality     .          198.1     -3.51688e-01 >
217 R_BR3.BPM3L3.y_BR3.DHZ11L4 equality     .          311.27     1.74726e-01 >
218 R_BR3.BPM3L3.y_BR3.DHZ12L4 equality     .          309.09     2.19367e-02 >
219 R_BR3.BPM3L3.y_BR3.DHZ13L4 equality     .          310.15    -2.11830e-01 >
220 R_BR3.BPM3L3.y_BR3.DHZ14L1 equality     .          307.56    -1.56410e-01 >
221 R_BR3.BPM3L3.y_BR3.DHZ8L1 equality     .          306.36     1.98649e-01 >
222 R_BR3.BPM3L3.y_BR3.DHZ9L1 equality     .          309.1     -2.16536e-02 >
223 R_BR3.BPM3L3.y_BR3.DVT12L4 equality     .          303.15    -3.48977e-02 >
224 R_BR3.BPM3L3.y_BR3.DVT13L4 equality     .          307.44    -6.93058e-02 >
225 R_BR3.BPM3L3.y_BR3.DVT2L4 equality     .          309.57     2.04112e-01 >
226 R_BR3.BPM3L3.y_BR3.DVT6L4 equality     .          307.66    -4.40798e-02 >
227 R_BR3.BPM3L3.y_BR3.DVT8L1 equality     .          304.37     2.06890e-02 >
228 R_BR3.BPM3L3.y_BR3.DVT9L1 equality     .          304.89     9.51238e-02 >
229 R_BR3.BPM4L3.y_BR3.DHZ11L4 equality     .          209.22    -6.43761e-02 >
230 R_BR3.BPM4L3.y_BR3.DHZ12L4 equality     .          208.96     5.01447e-02 >
231 R_BR3.BPM4L3.y_BR3.DHZ13L4 equality     .          209.79     3.95480e-02 >
232 R_BR3.BPM4L3.y_BR3.DHZ14L1 equality     .          208.88     4.68735e-04 >
233 R_BR3.BPM4L3.y_BR3.DHZ8L1 equality     .          207.13     2.24278e-03 >
234 R_BR3.BPM4L3.y_BR3.DHZ9L1 equality     .          210.25     1.00233e-01 >
235 R_BR3.BPM4L3.y_BR3.DVT12L4 equality     .          208.84    -7.41208e-01 >
236 R_BR3.BPM4L3.y_BR3.DVT13L4 equality     .          206.29    -2.98926e-02 >
237 R_BR3.BPM4L3.y_BR3.DVT2L4 equality     .          210.84     4.22438e-01 >
238 R_BR3.BPM4L3.y_BR3.DVT6L4 equality     .          211.58     5.78109e-01 >
239 R_BR3.BPM4L3.y_BR3.DVT8L1 equality     .          206.33    -1.82160e-01 >
240 R_BR3.BPM4L3.y_BR3.DVT9L1 equality     .          204.78    -6.81608e-02 >
241 R_BR3.BPM5L3.y_BR3.DHZ11L4 equality     .          300.85    -1.78691e-01 >
242 R_BR3.BPM5L3.y_BR3.DHZ12L4 equality     .          297.48    -2.60766e-02 >
243 R_BR3.BPM5L3.y_BR3.DHZ13L4 equality     .          298.35     2.04828e-01 >
244 R_BR3.BPM5L3.y_BR3.DHZ14L1 equality     .          298.9      1.43463e-01 >
245 R_BR3.BPM5L3.y_BR3.DHZ8L1 equality     .          299.5     -1.97111e-01 >
246 R_BR3.BPM5L3.y_BR3.DHZ9L1 equality     .          299.47     4.25376e-02 >
247 R_BR3.BPM5L3.y_BR3.DVT12L4 equality     .          297.94    -1.84370e-02 >
248 R_BR3.BPM5L3.y_BR3.DVT13L4 equality     .          294.97     1.59323e-01 >
249 R_BR3.BPM5L3.y_BR3.DVT2L4 equality     .          296.96    -1.87619e-01 >
250 R_BR3.BPM5L3.y_BR3.DVT6L4 equality     .          297.72     1.44952e-01 >
251 R_BR3.BPM5L3.y_BR3.DVT8L1 equality     .          297.17    -5.20997e-02 >
252 R_BR3.BPM5L3.y_BR3.DVT9L1 equality     .          298.36    -1.90933e-01 >
253 R_BR3.BPM6L3.y_BR3.DHZ11L4 equality     .          204.29     4.23070e-02 >
254 R_BR3.BPM6L3.y_BR3.DHZ12L4 equality     .          204.08    -7.17674e-02 >
255 R_BR3.BPM6L3.y_BR3.DHZ13L4 equality     .          204.5     -1.17881e-01 >
256 R_BR3.BPM6L3.y_BR3.DHZ14L1 equality     .          202.92    -1.17391e-01 >
257 R_BR3.BPM6L3.y_BR3.DHZ8L1 equality     .          202.96     6.73638e-02 >
258 R_BR3.BPM6L3.y_BR3.DHZ9L1 equality     .          205.1     -1.28309e-01 >
259 R_BR3.BPM6L3.y_BR3.DVT12L4 equality     .          201.2      6.81178e-01 >
260 R_BR3.BPM6L3.y_BR3.DVT13L4 equality     .          203.75    -1.91210e-02 >
261 R_BR3.BPM6L3.y_BR3.DVT2L4 equality     .          205.04    -2.96998e-01 >
262 R_BR3.BPM6L3.y_BR3.DVT6L4 equality     .          202.29    -5.16072e-01 >
263 R_BR3.BPM6L3.y_BR3.DVT8L1 equality     .          204.73     2.63764e-01 >
264 R_BR3.BPM6L3.y_BR3.DVT9L1 equality     .          199.77     4.32655e-02 >
265 R_BR3.BPM7L3.y_BR3.DHZ11L4 equality     .          245.73     1.94264e-01 >
266 R_BR3.BPM7L3.y_BR3.DHZ12L4 equality     .          247.94     4.92892e-02 >
267 R_BR3.BPM7L3.y_BR3.DHZ13L4 equality     .          242.87    -2.38275e-01 >
268 R_BR3.BPM7L3.y_BR3.DHZ14L1 equality     .          244.89    -1.76206e-01 >
269 R_BR3.BPM7L3.y_BR3.DHZ8L1 equality     .          247.74     2.13603e-01 >
270 R_BR3.BPM7L3.y_BR3.DHZ9L1 equality     .          245.22     6.61813e-05 >
271 R_BR3.BPM7L3.y_BR3.DVT12L4 equality     .          249.3     -1.81862e-01 >
272 R_BR3.BPM7L3.y_BR3.DVT13L4 equality     .          249.52     1.86557e-01 >
273 R_BR3.BPM7L3.y_BR3.DVT2L4 equality     .          254.12     1.20799e-01 >
274 R_BR3.BPM7L3.y_BR3.DVT6L4 equality     .          253.72    -3.76640e-02 >
275 R_BR3.BPM7L3.y_BR3.DVT8L1 equality     .          251.66    -1.58964e-01 >
276 R_BR3.BPM7L3.y_BR3.DVT9L1 equality     .          244.08     2.01878e-01 >
277 R_BR3.BPM8L3.y_BR3.DHZ11L4 equality     .          306.65     3.83267e-02 >
278 R_BR3.BPM8L3.y_BR3.DHZ12L4 equality     .          306.08     8.97014e-02 >
279 R_BR3.BPM8L3.y_BR3.DHZ13L4 equality     .          306.21    -2.12148e-02 >
280 R_BR3.BPM8L3.y_BR3.DHZ14L1 equality     .          304.82    -6.96129e-02 >
281 R_BR3.BPM8L3.y_BR3.DHZ8L1 equality     .          307.87     6.70848e-02 >
282 R_BR3.BPM8L3.y_BR3.DHZ9L1 equality     .          305.8      1.10915e-01 >
283 R_BR3.BPM8L3.y_BR3.DVT12L4 equality     .          305.08     9.46981e-02 >
284 R_BR3.BPM8L3.y_BR3.DVT13L4 equality     .          308.56    -3.61873e-02 >
285 R_BR3.BPM8L3.y_BR3.DVT2L4 equality     .          308.7     -3.41800e-01 >
286 R_BR3.BPM8L3.y_BR3.DVT6L4 equality     .          299.1      5.23836e-02 >
287 R_BR3.BPM8L3.y_BR3.DVT8L1 equality     .          308.1      3.42651e-01 >
288 R_BR3.BPM8L3.y_BR3.DVT9L1 equality     .          305.72     3.69064e-01 >
289 R_BR3.BPM9L3.y_BR3.DHZ11L4 equality     .          336.88    -1.86487e-01 >
290 R_BR3.BPM9L3.y_BR3.DHZ12L4 equality     .          333.83    -3.14457e-02 >
291 R_BR3.BPM9L3.y_BR3.DHZ13L4 equality     .          336.37     1.80362e-01 >
292 R_BR3.BPM9L3.y_BR3.DHZ14L1 equality     .          336.76     1.42192e-01 >
293 R_BR3.BPM9L3.y_BR3.DHZ8L1 equality     .          331.88    -1.07993e-01 >
294 R_BR3.BPM9L3.y_BR3.DHZ9L1 equality     .          334.24     4.52763e-03 >
295 R_BR3.BPM9L3.y_BR3.DVT12L4 equality     .          327.37    -3.52835e-01 >
296 R_BR3.BPM9L3.y_BR3.DVT13L4 equality     .          338.18     1.64592e-01 >
297 R_BR3.BPM9L3.y_BR3.DVT2L4 equality     .          336.5      9.49599e-02 >
298 R_BR3.BPM9L3.y_BR3.DVT6L4 equality     .          335.05     2.44733e-02 >
299 R_BR3.BPM9L3.y_BR3.DVT8L1 equality     .          335.16    -2.60380e-02 >
300 R_BR3.BPM9L3.y_BR3.DVT9L1 equality     .          333.29     2.01141e-01 >
301 R_BR3.BPM10L3.y_BR3.DHZ11L4 equality     .          365.38     9.90372e-02 >
302 R_BR3.BPM10L3.y_BR3.DHZ12L4 equality     .          361.1     -8.13368e-02 >
303 R_BR3.BPM10L3.y_BR3.DHZ13L4 equality     .          365.06    -9.21349e-02 >
304 R_BR3.BPM10L3.y_BR3.DHZ14L1 equality     .          360.05    -5.90341e-03 >
305 R_BR3.BPM10L3.y_BR3.DHZ8L1 equality     .          362.18    -4.09325e-02 >
306 R_BR3.BPM10L3.y_BR3.DHZ9L1 equality     .          360.3     -1.42695e-01 >
307 R_BR3.BPM10L3.y_BR3.DVT12L4 equality     .          353.68     2.49309e-02 >
308 R_BR3.BPM10L3.y_BR3.DVT13L4 equality     .          361.01    -1.66002e-01 >
309 R_BR3.BPM10L3.y_BR3.DVT2L4 equality     .          359.21     2.96981e-01 >
310 R_BR3.BPM10L3.y_BR3.DVT6L4 equality     .          357.42    -1.64992e-02 >
311 R_BR3.BPM10L3.y_BR3.DVT8L1 equality     .          358.72    -3.24396e-01 >
312 R_BR3.BPM10L3.y_BR3.DVT9L1 equality     .          358.93     4.40155e-02 >
313 R_BR3.BPM11L3.y_BR3.DHZ11L4 equality     .          314.76     2.00910e-01 >
314 R_BR3.BPM11L3.y_BR3.DHZ12L4 equality     .          315.18     1.02129e-01 >
315 R_BR3.BPM11L3.y_BR3.DHZ13L4 equality     .          316.42    -1.92153e-01 >
316 R_BR3.BPM11L3.y_BR3.DHZ14L1 equality     .          314.28    -1.71345e-01 >
317 R_BR3.BPM11L3.y_BR3.DHZ8L1 equality     .          316.55     1.73175e-01 >
318 R_BR3.BPM11L3.y_BR3.DHZ9L1 equality     .          316.05     1.57075e-02 >
319 R_BR3.BPM11L3.y_BR3.DVT12L4 equality     .          316.6     -4.21111e-02 >
320 R_BR3.BPM11L3.y_BR3.DVT13L4 equality     .          318.64     4.10108e-02 >
321 R_BR3.BPM11L3.y_BR3.DVT2L4 equality     .          315.94     1.41140e-02 >
322 R_BR3.BPM11L3.y_BR3.DVT6L4 equality     .          320.03     1.67941e-02 >
323 R_BR3.BPM11L3.y_BR3.DVT8L1 equality     .          315.62    -1.65385e-01 >
324 R_BR3.BPM11L3.y_BR3.DVT9L1 equality     .          314.61    -7.18370e-02 >
325 R_BR3.BPM12L3.y_BR3.DHZ11L4 equality     .          228.8      2.08638e-02 >
326 R_BR3.BPM12L3.y_BR3.DHZ12L4 equality     .          228.91     1.09076e-01 >
327 R_BR3.BPM12L3.y_BR3.DHZ13L4 equality     .          230.97     1.60551e-02 >
328 R_BR3.BPM12L3.y_BR3.DHZ14L1 equality     .          230.37    -1.40363e-02 >
329 R_BR3.BPM12L3.y_BR3.DHZ8L1 equality     .          229.93     6.25554e-02 >
330 R_BR3.BPM12L3.y_BR3.DHZ9L1 equality     .          229.83     6.67178e-02 >
331 R_BR3.BPM12L3.y_BR3.DVT12L4 equality     .          231.68    -5.67605e-01 >
332 R_BR3.BPM12L3.y_BR3.DVT13L4 equality     .          233.07     2.45698e-01 >
333 R_BR3.BPM12L3.y_BR3.DVT2L4 equality     .          235.5      7.67305e-02 >
334 R_BR3.BPM12L3.y_BR3.DVT6L4 equality     .          233.25     2.38932e-01 >
335 R_BR3.BPM12L3.y_BR3.DVT8L1 equality     .          234.35    -3.04525e-03 >
336 R_BR3.BPM12L3.y_BR3.DVT9L1 equality     .          229.28     6.36317e-03 >
337 R_BR3.BPM13L3.y_BR3.DHZ11L4 equality     .          314.55    -1.13668e-01 >
338 R_BR3.BPM13L3.y_BR3.DHZ12L4 equality     .          314.09    -2.70362e-02 >
339 R_BR3.BPM13L3.y_BR3.DHZ13L4 equality     .          315.96     2.00702e-01 >
340 R_BR3.BPM13L3.y_BR3.DHZ14L1 equality     .          314.14     1.66088e-01 >
341 R_BR3.BPM13L3.y_BR3.DHZ8L1 equality     .          315.03    -1.30619e-01 >
342 R_BR3.BPM13L3.y_BR3.DHZ9L1 equality     .          315.1      7.96792e-03 >
343 R_BR3.BPM13L3.y_BR3.DVT12L4 equality     .          317.15     8.61105e-02 >
344 R_BR3.BPM13L3.y_BR3.DVT13L4 equality     .          316.65     6.69482e-02 >
345 R_BR3.BPM13L3.y_BR3.DVT2L4 equality     .          317.63     6.62295e-02 >
346 R_BR3.BPM13L3.y_BR3.DVT6L4 equality     .          315.62    -4.22177e-02 >
347 R_BR3.BPM13L3.y_BR3.DVT8L1 equality     .          316.73     4.42144e-02 >
348 R_BR3.BPM13L3.y_BR3.DVT9L1 equality     .          321.44     1.23834e-01 >
349 R_BR3.BPM14L3.y_BR3.DHZ11L4 equality     .          244.66     1.37125e-02 >
350 R_BR3.BPM14L3.y_BR3.DHZ12L4 equality     .          243.67    -6.49773e-02 >
351 R_BR3.BPM14L3.y_BR3.DHZ13L4 equality     .          244.53     1.32692e-02 >
352 R_BR3.BPM14L3.y_BR3.DHZ14L1 equality     .          242.81     2.69254e-02 >
353 R_BR3.BPM14L3.y_BR3.DHZ8L1 equality     .          243.28    -4.27680e-02 >
354 R_BR3.BPM14L3.y_BR3.DHZ9L1 equality     .          245.34    -1.09203e-01 >
355 R_BR3.BPM14L3.y_BR3.DVT12L4 equality     .          242.94     1.60762e-01 >
356 R_BR3.BPM14L3.y_BR3.DVT13L4 equality     .          243.07     3.54855e-01 >
357 R_BR3.BPM14L3.y_BR3.DVT2L4 equality     .          245.05     1.12424e-01 >
358 R_BR3.BPM14L3.y_BR3.DVT6L4 equality     .          242.43     7.42804e-02 >
359 R_BR3.BPM14L3.y_BR3.DVT8L1 equality     .          244.61    -6.78102e-02 >
360 R_BR3.BPM14L3.y_BR3.DVT9L1 equality     .          244.38    -2.65872e-01 >
361 R_BR3.BPM15L3.y_BR3.DHZ11L4 equality     .          334.51     1.37659e-01 >
362 R_BR3.BPM15L3.y_BR3.DHZ12L4 equality     .          333.44     8.57798e-02 >
363 R_BR3.BPM15L3.y_BR3.DHZ13L4 equality     .          334.64    -1.94798e-01 >
364 R_BR3.BPM15L3.y_BR3.DHZ14L1 equality     .          335.39    -1.50387e-01 >
365 R_BR3.BPM15L3.y_BR3.DHZ8L1 equality     .          335.75     1.64284e-01 >
366 R_BR3.BPM15L3.y_BR3.DHZ9L1 equality     .          333.43     4.57402e-02 >
367 R_BR3.BPM15L3.y_BR3.DVT12L4 equality     .          333.67    -8.77531e-02 >
368 R_BR3.BPM15L3.y_BR3.DVT13L4 equality     .          332.45    -7.34653e-02 >
369 R_BR3.BPM15L3.y_BR3.DVT2L4 equality     .          339.53    -1.76086e-01 >
370 R_BR3.BPM15L3.y_BR3.DVT6L4 equality     .          337.55    -2.35348e-02 >
371 R_BR3.BPM15L3.y_BR3.DVT8L1 equality     .          338.21     5.72954e-02 >
372 R_BR3.BPM15L3.y_BR3.DVT9L1 equality     .          337.47    -8.54593e-02 >
373 R_BR3.BPM16L3.y_BR3.DHZ11L4 equality     .          367.37     4.71340e-02 >
374 R_BR3.BPM16L3.y_BR3.DHZ12L4 equality     .          367.91     7.48104e-02 >
375 R_BR3.BPM16L3.y_BR3.DHZ13L4 equality     .          368.33    -1.99211e-02 >
376 R_BR3.BPM16L3.y_BR3.DHZ14L1 equality     .          367.79    -2.27469e-02 >
377 R_BR3.BPM16L3.y_BR3.DHZ8L1 equality     .          369.47     6.54775e-02 >
378 R_BR3.BPM16L3.y_BR3.DHZ9L1 equality     .          365.49     1.05905e-01 >
379 R_BR3.BPM16L3.y_BR3.DVT12L4 equality     .          363.83    -1.04903e-02 >
380 R_BR3.BPM16L3.y_BR3.DVT13L4 equality     .          364.82    -2.09672e-01 >
381 R_BR3.BPM16L3.y_BR3.DVT2L4 equality     .          370.96    -6.76219e-02 >
382 R_BR3.BPM16L3.y_BR3.DVT6L4 equality     .          368.48    -1.45590e-01 >
383 R_BR3.BPM16L3.y_BR3.DVT8L1 equality     .          369.37    -2.51928e-02 >
384 R_BR3.BPM16L3.y_BR3.DVT9L1 equality     .          364.81     3.76065e-01 >

 Variables                  Curr. Value  Curr. Step   Lower Limit  Upper Limit
--------------------------------------------------------------------------------
 1 BR.QFOCELL1.dk1l         2.62688e-03  5.40236e-04   .            .         
 2 BR.QDE1.dk1l            -1.33821e-03 -3.63857e-04   .            .         
 3 BR.QFOCELL2.dk1l        -2.72480e-04 -8.06477e-04   .            .         
 4 BR.QDE2.dk1l            -1.69331e-04  7.50554e-04   .            .         
 5 BR.QFOCELL3.dk1l        -7.43552e-03 -1.01231e-03   .            .         
 6 BR.QDE3.dk1l             5.31364e-03  8.01175e-04   .            .         
 7 BR.QFOCELL4.dk1l         3.51623e-03  2.03601e-03   .            .         
 8 BR.QDE4.dk1l            -3.77915e-03 -1.91462e-03   .            .         
 9 BR.QFOCELL5.dk1l         1.25132e-02  2.19873e-03   .            .         
10 BR.QDE5.dk1l            -1.25901e-02 -1.89737e-03   .            .         
11 BR.QFOCELL6.dk1l        -6.57749e-03 -2.38484e-03   .            .         
12 BR.QDE6.dk1l             7.42382e-03  2.33639e-03   .            .         
13 BR.QFOCELL7.dk1l        -3.12034e-03 -1.89392e-03   .            .         
14 BR.QDE7.dk1l             4.48318e-03  1.82586e-03   .            .         
15 BR.QFOCELL8.dk1l         1.68227e-02  4.28480e-03   .            .         
16 BR.QDE8.dk1l            -1.76498e-02 -3.79995e-03   .            .         
17 BR.QFOCELL9.dk1l         1.05886e-02  2.94873e-03   .            .         
18 BR.QDE9.dk1l            -1.11802e-02 -2.73443e-03   .            .         
19 BR.QFOCELL10.dk1l       -1.09988e-02 -3.59893e-03   .            .         
20 BR.QDE10.dk1l            1.18677e-02  3.40469e-03   .            .         
21 BR.QFOCELL11.dk1l       -3.63262e-03 -9.29485e-04   .            .         
22 BR.QDE11.dk1l            1.73394e-03  7.98380e-04   .            .         
23 BR.QFOCELL12.dk1l        2.08339e-03  1.14019e-03   .            .         
24 BR.QDE12.dk1l           -2.47918e-03 -1.09288e-03   .            .         
25 BR.QFOCELL13.dk1l        1.73393e-02  4.19222e-04   .            .         
26 BR.QDE13.dk1l           -1.79723e-02 -1.46336e-04   .            .         
27 BR.QFOCELL14.dk1l        7.36674e-03 -7.72351e-04   .            .         
28 BR.QDE14.dk1l           -7.96574e-03  7.38757e-04   .            .         
29 BR.QFOCELL15.dk1l       -1.19324e-02  4.18089e-04   .            .         
30 BR.QDE15.dk1l            1.02873e-02 -5.44895e-04   .            .         
31 BR.QFOCELL16.dk1l       -6.33086e-04  4.16328e-04   .            .         
32 BR.QDE16.dk1l            1.90977e-03 -2.99515e-04   .            .         

ncall=67 [1.8s], fval=2.74512e-01, fstp=-3.54267e-03, ccnt=384.


 Constraints                Type        Kind        Weight     Expr. Value
------------------------------------------------------------------------------
 1 R_BR3.BPM1L3.x_BR3.DHZ11L4 equality     .          254.66     6.03533e-01 >
 2 R_BR3.BPM1L3.x_BR3.DHZ12L4 equality     .          253.14     3.45812e-01 >
 3 R_BR3.BPM1L3.x_BR3.DHZ13L4 equality     .          247.69     5.95282e-01 >
 4 R_BR3.BPM1L3.x_BR3.DHZ14L1 equality     .          252.82     3.04953e-01 >
 5 R_BR3.BPM1L3.x_BR3.DHZ8L1 equality     .          254.13    -9.68312e-02 >
 6 R_BR3.BPM1L3.x_BR3.DHZ9L1 equality     .          249.92    -1.05970e-01 >
 7 R_BR3.BPM1L3.x_BR3.DVT12L4 equality     .          253.72     1.80996e-01 >
 8 R_BR3.BPM1L3.x_BR3.DVT13L4 equality     .          258.5      1.49054e-01 >
 9 R_BR3.BPM1L3.x_BR3.DVT2L4 equality     .          259.45    -1.31574e-01 >
10 R_BR3.BPM1L3.x_BR3.DVT6L4 equality     .          255.36    -8.31912e-03 >
11 R_BR3.BPM1L3.x_BR3.DVT8L1 equality     .          251.55    -3.64230e-02 >
12 R_BR3.BPM1L3.x_BR3.DVT9L1 equality     .          254.26     1.54381e-01 >
13 R_BR3.BPM2L3.x_BR3.DHZ11L4 equality     .          155.27     4.01252e-01 >
14 R_BR3.BPM2L3.x_BR3.DHZ12L4 equality     .          156.88     5.99796e-01 >
15 R_BR3.BPM2L3.x_BR3.DHZ13L4 equality     .          155.84     9.17034e-01 >
16 R_BR3.BPM2L3.x_BR3.DHZ14L1 equality     .          155.85     1.23891e+00 >
17 R_BR3.BPM2L3.x_BR3.DHZ8L1 equality     .          157.76     2.21731e-01 >
18 R_BR3.BPM2L3.x_BR3.DHZ9L1 equality     .          156.58    -5.07270e-02 >
19 R_BR3.BPM2L3.x_BR3.DVT12L4 equality     .          157.29     5.43115e-02 >
20 R_BR3.BPM2L3.x_BR3.DVT13L4 equality     .          156.68     3.21137e-02 >
21 R_BR3.BPM2L3.x_BR3.DVT2L4 equality     .          156.36     1.71169e-02 >
22 R_BR3.BPM2L3.x_BR3.DVT6L4 equality     .          157.45     1.25086e-01 >
23 R_BR3.BPM2L3.x_BR3.DVT8L1 equality     .          155.43    -2.55236e-03 >
24 R_BR3.BPM2L3.x_BR3.DVT9L1 equality     .          154.89     7.94013e-03 >
25 R_BR3.BPM3L3.x_BR3.DHZ11L4 equality     .          303.95     5.75580e-01 >
26 R_BR3.BPM3L3.x_BR3.DHZ12L4 equality     .          302.28     4.87636e-02 >
27 R_BR3.BPM3L3.x_BR3.DHZ13L4 equality     .          296.52     1.65988e-01 >
28 R_BR3.BPM3L3.x_BR3.DHZ14L1 equality     .          301.62     3.29204e-01 >
29 R_BR3.BPM3L3.x_BR3.DHZ8L1 equality     .          307.07     9.94101e-01 >
30 R_BR3.BPM3L3.x_BR3.DHZ9L1 equality     .          304.26    -4.52127e-01 >
31 R_BR3.BPM3L3.x_BR3.DVT12L4 equality     .          303.71     3.18043e-03 >
32 R_BR3.BPM3L3.x_BR3.DVT13L4 equality     .          308.93    -2.67704e-01 >
33 R_BR3.BPM3L3.x_BR3.DVT2L4 equality     .          308.62     6.00959e-02 >
34 R_BR3.BPM3L3.x_BR3.DVT6L4 equality     .          301.48     1.59375e-01 >
35 R_BR3.BPM3L3.x_BR3.DVT8L1 equality     .          307.83     1.31888e-01 >
36 R_BR3.BPM3L3.x_BR3.DVT9L1 equality     .          306.9     -3.87892e-02 >
37 R_BR3.BPM4L3.x_BR3.DHZ11L4 equality     .          197.62     3.70530e-01 >
38 R_BR3.BPM4L3.x_BR3.DHZ12L4 equality     .          201.32    -8.27300e-02 >
39 R_BR3.BPM4L3.x_BR3.DHZ13L4 equality     .          197.32     3.41089e-01 >
40 R_BR3.BPM4L3.x_BR3.DHZ14L1 equality     .          201.26    -2.01411e-01 >
41 R_BR3.BPM4L3.x_BR3.DHZ8L1 equality     .          200.39     3.11589e-01 >
42 R_BR3.BPM4L3.x_BR3.DHZ9L1 equality     .          202.61    -3.43426e-01 >
43 R_BR3.BPM4L3.x_BR3.DVT12L4 equality     .          195.76     1.09690e-01 >
44 R_BR3.BPM4L3.x_BR3.DVT13L4 equality     .          197.42    -1.92385e-01 >
45 R_BR3.BPM4L3.x_BR3.DVT2L4 equality     .          199.38    -2.04108e-01 >
46 R_BR3.BPM4L3.x_BR3.DVT6L4 equality     .          198.44     3.52948e-02 >
47 R_BR3.BPM4L3.x_BR3.DVT8L1 equality     .          195.82     1.16256e-01 >
48 R_BR3.BPM4L3.x_BR3.DVT9L1 equality     .          196.53     3.75439e-02 >
49 R_BR3.BPM5L3.x_BR3.DHZ11L4 equality     .          321.86     6.95978e-01 >
50 R_BR3.BPM5L3.x_BR3.DHZ12L4 equality     .          324        2.58476e-01 >
51 R_BR3.BPM5L3.x_BR3.DHZ13L4 equality     .          320.22     6.51710e-01 >
52 R_BR3.BPM5L3.x_BR3.DHZ14L1 equality     .          315.57     5.57849e-01 >
53 R_BR3.BPM5L3.x_BR3.DHZ8L1 equality     .          334.56    -5.81483e-02 >
54 R_BR3.BPM5L3.x_BR3.DHZ9L1 equality     .          333.04    -2.01757e-01 >
55 R_BR3.BPM5L3.x_BR3.DVT12L4 equality     .          328.02     1.29410e-01 >
56 R_BR3.BPM5L3.x_BR3.DVT13L4 equality     .          338.46     1.27355e-01 >
57 R_BR3.BPM5L3.x_BR3.DVT2L4 equality     .          333.03    -1.98652e-01 >
58 R_BR3.BPM5L3.x_BR3.DVT6L4 equality     .          328.88     3.88169e-03 >
59 R_BR3.BPM5L3.x_BR3.DVT8L1 equality     .          328.84    -6.28791e-02 >
60 R_BR3.BPM5L3.x_BR3.DVT9L1 equality     .          333.2      1.08436e-01 >
61 R_BR3.BPM6L3.x_BR3.DHZ11L4 equality     .          199.4      6.16800e-01 >
62 R_BR3.BPM6L3.x_BR3.DHZ12L4 equality     .          197.81     6.40248e-01 >
63 R_BR3.BPM6L3.x_BR3.DHZ13L4 equality     .          198.97     7.16266e-01 >
64 R_BR3.BPM6L3.x_BR3.DHZ14L1 equality     .          195.6      1.03424e+00 >
65 R_BR3.BPM6L3.x_BR3.DHZ8L1 equality     .          198.79     6.39450e-01 >
66 R_BR3.BPM6L3.x_BR3.DHZ9L1 equality     .          199.44    -7.71742e-02 >
67 R_BR3.BPM6L3.x_BR3.DVT12L4 equality     .          200.97     6.61629e-03 >
68 R_BR3.BPM6L3.x_BR3.DVT13L4 equality     .          201.13    -3.26993e-02 >
69 R_BR3.BPM6L3.x_BR3.DVT2L4 equality     .          203.01     1.83548e-02 >
70 R_BR3.BPM6L3.x_BR3.DVT6L4 equality     .          200.9      1.30597e-01 >
71 R_BR3.BPM6L3.x_BR3.DVT8L1 equality     .          200.31     1.05396e-02 >
72 R_BR3.BPM6L3.x_BR3.DVT9L1 equality     .          200.46    -3.10704e-02 >
73 R_BR3.BPM7L3.x_BR3.DHZ11L4 equality     .          222.8      5.41446e-02 >
74 R_BR3.BPM7L3.x_BR3.DHZ12L4 equality     .          225.34     1.75515e-01 >
75 R_BR3.BPM7L3.x_BR3.DHZ13L4 equality     .          220.25     6.88896e-01 >
76 R_BR3.BPM7L3.x_BR3.DHZ14L1 equality     .          225.48     5.76838e-01 >
77 R_BR3.BPM7L3.x_BR3.DHZ8L1 equality     .          225.4      5.92018e-01 >
78 R_BR3.BPM7L3.x_BR3.DHZ9L1 equality     .          222.1     -2.31046e-01 >
79 R_BR3.BPM7L3.x_BR3.DVT12L4 equality     .          225.86    -2.07154e-02 >
80 R_BR3.BPM7L3.x_BR3.DVT13L4 equality     .          221.49    -2.91391e-01 >
81 R_BR3.BPM7L3.x_BR3.DVT2L4 equality     .          225.42    -1.69930e-03 >
82 R_BR3.BPM7L3.x_BR3.DVT6L4 equality     .          226.6      2.42949e-01 >
83 R_BR3.BPM7L3.x_BR3.DVT8L1 equality     .          225.55     1.48663e-01 >
84 R_BR3.BPM7L3.x_BR3.DVT9L1 equality     .          222.35    -3.80564e-02 >
85 R_BR3.BPM8L3.x_BR3.DHZ11L4 equality     .          330.8      1.02272e-01 >
86 R_BR3.BPM8L3.x_BR3.DHZ12L4 equality     .          333.31     2.57434e-02 >
87 R_BR3.BPM8L3.x_BR3.DHZ13L4 equality     .          330.27     6.96450e-01 >
88 R_BR3.BPM8L3.x_BR3.DHZ14L1 equality     .          326.41     1.03543e-01 >
89 R_BR3.BPM8L3.x_BR3.DHZ8L1 equality     .          338.18     3.80116e-01 >
90 R_BR3.BPM8L3.x_BR3.DHZ9L1 equality     .          333.86    -1.97713e-01 >
91 R_BR3.BPM8L3.x_BR3.DVT12L4 equality     .          329.82     1.00733e-01 >
92 R_BR3.BPM8L3.x_BR3.DVT13L4 equality     .          332.74    -1.58240e-01 >
93 R_BR3.BPM8L3.x_BR3.DVT2L4 equality     .          335.17    -1.57454e-01 >
94 R_BR3.BPM8L3.x_BR3.DVT6L4 equality     .          330.59     6.83080e-02 >
95 R_BR3.BPM8L3.x_BR3.DVT8L1 equality     .          329.77     1.96851e-01 >
96 R_BR3.BPM8L3.x_BR3.DVT9L1 equality     .          333.4      6.80362e-02 >
97 R_BR3.BPM9L3.x_BR3.DHZ11L4 equality     .          297.95     6.45510e-01 >
98 R_BR3.BPM9L3.x_BR3.DHZ12L4 equality     .          272.29    -1.79859e-01 >
99 R_BR3.BPM9L3.x_BR3.DHZ13L4 equality     .          292.4      7.12621e-01 >
100 R_BR3.BPM9L3.x_BR3.DHZ14L1 equality     .          288.77     9.35486e-01 >
101 R_BR3.BPM9L3.x_BR3.DHZ8L1 equality     .          281.34    -1.49919e-01 >
102 R_BR3.BPM9L3.x_BR3.DHZ9L1 equality     .          299.8     -1.76921e-01 >
103 R_BR3.BPM9L3.x_BR3.DVT12L4 equality     .          268.81     7.03931e-02 >
104 R_BR3.BPM9L3.x_BR3.DVT13L4 equality     .          281.73     9.42592e-02 >
105 R_BR3.BPM9L3.x_BR3.DVT2L4 equality     .          278.17    -1.56057e-01 >
106 R_BR3.BPM9L3.x_BR3.DVT6L4 equality     .          276.41    -4.03993e-02 >
107 R_BR3.BPM9L3.x_BR3.DVT8L1 equality     .          274.35     3.74917e-02 >
108 R_BR3.BPM9L3.x_BR3.DVT9L1 equality     .          275.55     1.83266e-01 >
109 R_BR3.BPM10L3.x_BR3.DHZ11L4 equality     .          315.77     9.27290e-01 >
110 R_BR3.BPM10L3.x_BR3.DHZ12L4 equality     .          318.58     6.79163e-01 >
111 R_BR3.BPM10L3.x_BR3.DHZ13L4 equality     .          309.41     2.88632e-01 >
112 R_BR3.BPM10L3.x_BR3.DHZ14L1 equality     .          313.99     6.71524e-01 >
113 R_BR3.BPM10L3.x_BR3.DHZ8L1 equality     .          329.56     1.21095e-02 >
114 R_BR3.BPM10L3.x_BR3.DHZ9L1 equality     .          324.29    -1.69057e-03 >
115 R_BR3.BPM10L3.x_BR3.DVT12L4 equality     .          320.67     2.34257e-02 >
116 R_BR3.BPM10L3.x_BR3.DVT13L4 equality     .          326.05    -6.53106e-02 >
117 R_BR3.BPM10L3.x_BR3.DVT2L4 equality     .          321.72    -1.68080e-02 >
118 R_BR3.BPM10L3.x_BR3.DVT6L4 equality     .          316.33     1.70762e-01 >
119 R_BR3.BPM10L3.x_BR3.DVT8L1 equality     .          321.28    -1.14005e-01 >
120 R_BR3.BPM10L3.x_BR3.DVT9L1 equality     .          322.27    -1.89356e-03 >
121 R_BR3.BPM11L3.x_BR3.DHZ11L4 equality     .          318.4     -2.39284e-01 >
122 R_BR3.BPM11L3.x_BR3.DHZ12L4 equality     .          316.84     4.64773e-01 >
123 R_BR3.BPM11L3.x_BR3.DHZ13L4 equality     .          313.46     8.67297e-01 >
124 R_BR3.BPM11L3.x_BR3.DHZ14L1 equality     .          316.5      3.95443e-01 >
125 R_BR3.BPM11L3.x_BR3.DHZ8L1 equality     .          322.48     1.63042e-01 >
126 R_BR3.BPM11L3.x_BR3.DHZ9L1 equality     .          321.48    -9.84717e-02 >
127 R_BR3.BPM11L3.x_BR3.DVT12L4 equality     .          318.33     6.09033e-02 >
128 R_BR3.BPM11L3.x_BR3.DVT13L4 equality     .          322.38    -2.62641e-01 >
129 R_BR3.BPM11L3.x_BR3.DVT2L4 equality     .          327.17    -4.90943e-02 >
130 R_BR3.BPM11L3.x_BR3.DVT6L4 equality     .          321.19     1.87025e-01 >
131 R_BR3.BPM11L3.x_BR3.DVT8L1 equality     .          320.15     1.37689e-01 >
132 R_BR3.BPM11L3.x_BR3.DVT9L1 equality     .          320.39    -1.16480e-01 >
133 R_BR3.BPM12L3.x_BR3.DHZ11L4 equality     .          234.16     2.51219e-01 >
134 R_BR3.BPM12L3.x_BR3.DHZ12L4 equality     .          230.83     2.32042e-01 >
135 R_BR3.BPM12L3.x_BR3.DHZ13L4 equality     .          231.79     1.00402e+00 >
136 R_BR3.BPM12L3.x_BR3.DHZ14L1 equality     .          231.46     3.09879e-01 >
137 R_BR3.BPM12L3.x_BR3.DHZ8L1 equality     .          232.67     5.11816e-01 >
138 R_BR3.BPM12L3.x_BR3.DHZ9L1 equality     .          233.71    -2.82232e-01 >
139 R_BR3.BPM12L3.x_BR3.DVT12L4 equality     .          232.44     9.86618e-02 >
140 R_BR3.BPM12L3.x_BR3.DVT13L4 equality     .          233.15    -1.08581e-01 >
141 R_BR3.BPM12L3.x_BR3.DVT2L4 equality     .          236.74    -1.73796e-01 >
142 R_BR3.BPM12L3.x_BR3.DVT6L4 equality     .          234.59     1.55324e-02 >
143 R_BR3.BPM12L3.x_BR3.DVT8L1 equality     .          233.61     1.63385e-01 >
144 R_BR3.BPM12L3.x_BR3.DVT9L1 equality     .          233.78     5.12056e-02 >
145 R_BR3.BPM13L3.x_BR3.DHZ11L4 equality     .          287.77     9.12880e-01 >
146 R_BR3.BPM13L3.x_BR3.DHZ12L4 equality     .          285.96     3.02975e-01 >
147 R_BR3.BPM13L3.x_BR3.DHZ13L4 equality     .          283.18     5.67772e-01 >
148 R_BR3.BPM13L3.x_BR3.DHZ14L1 equality     .          282.28     7.54360e-01 >
149 R_BR3.BPM13L3.x_BR3.DHZ8L1 equality     .          295.99     2.48541e-01 >
150 R_BR3.BPM13L3.x_BR3.DHZ9L1 equality     .          292.16    -1.57574e-01 >
151 R_BR3.BPM13L3.x_BR3.DVT12L4 equality     .          290.89     1.82196e-01 >
152 R_BR3.BPM13L3.x_BR3.DVT13L4 equality     .          294.3      1.12137e-01 >
153 R_BR3.BPM13L3.x_BR3.DVT2L4 equality     .          292.97    -1.53330e-01 >
154 R_BR3.BPM13L3.x_BR3.DVT6L4 equality     .          287.15    -5.53967e-03 >
155 R_BR3.BPM13L3.x_BR3.DVT8L1 equality     .          285.69    -6.54258e-02 >
156 R_BR3.BPM13L3.x_BR3.DVT9L1 equality     .          292.76     1.86181e-01 >
157 R_BR3.BPM14L3.x_BR3.DHZ11L4 equality     .          212.11     8.81214e-01 >
158 R_BR3.BPM14L3.x_BR3.DHZ12L4 equality     .          208.11     2.23670e-01 >
159 R_BR3.BPM14L3.x_BR3.DHZ13L4 equality     .          212.49     5.93021e-01 >
160 R_BR3.BPM14L3.x_BR3.DHZ14L1 equality     .          211.35     1.08716e+00 >
161 R_BR3.BPM14L3.x_BR3.DHZ8L1 equality     .          212.13     4.31718e-01 >
162 R_BR3.BPM14L3.x_BR3.DHZ9L1 equality     .          214.15    -4.72100e-01 >
163 R_BR3.BPM14L3.x_BR3.DVT12L4 equality     .          213.12    -7.04764e-02 >
164 R_BR3.BPM14L3.x_BR3.DVT13L4 equality     .          213.96     9.75371e-02 >
165 R_BR3.BPM14L3.x_BR3.DVT2L4 equality     .          214.27     1.89089e-02 >
166 R_BR3.BPM14L3.x_BR3.DVT6L4 equality     .          212.55     1.74279e-01 >
167 R_BR3.BPM14L3.x_BR3.DVT8L1 equality     .          213.83    -7.29088e-02 >
168 R_BR3.BPM14L3.x_BR3.DVT9L1 equality     .          212.93    -1.14494e-02 >
169 R_BR3.BPM15L3.x_BR3.DHZ11L4 equality     .          314.12     1.41457e-01 >
170 R_BR3.BPM15L3.x_BR3.DHZ12L4 equality     .          311.28     5.31728e-01 >
171 R_BR3.BPM15L3.x_BR3.DHZ13L4 equality     .          309.37     7.50931e-01 >
172 R_BR3.BPM15L3.x_BR3.DHZ14L1 equality     .          310.85     7.90797e-01 >
173 R_BR3.BPM15L3.x_BR3.DHZ8L1 equality     .          315.11     6.97617e-01 >
174 R_BR3.BPM15L3.x_BR3.DHZ9L1 equality     .          314.91     4.25111e-03 >
175 R_BR3.BPM15L3.x_BR3.DVT12L4 equality     .          315.91    -3.89929e-02 >
176 R_BR3.BPM15L3.x_BR3.DVT13L4 equality     .          319.03    -3.10739e-01 >
177 R_BR3.BPM15L3.x_BR3.DVT2L4 equality     .          321.11    -8.59114e-02 >
178 R_BR3.BPM15L3.x_BR3.DVT6L4 equality     .          317.53     1.29911e-01 >
179 R_BR3.BPM15L3.x_BR3.DVT8L1 equality     .          314.27     1.46396e-01 >
180 R_BR3.BPM15L3.x_BR3.DVT9L1 equality     .          315.87    -8.41254e-02 >
181 R_BR3.BPM16L3.x_BR3.DHZ11L4 equality     .          339.29     2.07515e-01 >
182 R_BR3.BPM16L3.x_BR3.DHZ12L4 equality     .          336.35     2.89429e-01 >
183 R_BR3.BPM16L3.x_BR3.DHZ13L4 equality     .          336.73     4.03547e-01 >
184 R_BR3.BPM16L3.x_BR3.DHZ14L1 equality     .          333.34    -1.89425e-01 >
185 R_BR3.BPM16L3.x_BR3.DHZ8L1 equality     .          339.6      3.85163e-01 >
186 R_BR3.BPM16L3.x_BR3.DHZ9L1 equality     .          335.27     2.37391e-02 >
187 R_BR3.BPM16L3.x_BR3.DVT12L4 equality     .          330.25     1.22178e-01 >
188 R_BR3.BPM16L3.x_BR3.DVT13L4 equality     .          328.68    -2.40860e-01 >
189 R_BR3.BPM16L3.x_BR3.DVT2L4 equality     .          330.96    -2.08352e-01 >
190 R_BR3.BPM16L3.x_BR3.DVT6L4 equality     .          334.9     -1.49240e-02 >
191 R_BR3.BPM16L3.x_BR3.DVT8L1 equality     .          331.05     1.26304e-01 >
192 R_BR3.BPM16L3.x_BR3.DVT9L1 equality     .          327.14     6.32457e-02 >
193 R_BR3.BPM1L3.y_BR3.DHZ11L4 equality     .          257.57    -1.54871e-01 >
194 R_BR3.BPM1L3.y_BR3.DHZ12L4 equality     .          257.44    -1.04486e-02 >
195 R_BR3.BPM1L3.y_BR3.DHZ13L4 equality     .          255.45     1.67957e-01 >
196 R_BR3.BPM1L3.y_BR3.DHZ14L1 equality     .          262.43     7.70990e-02 >
197 R_BR3.BPM1L3.y_BR3.DHZ8L1 equality     .          258.63    -1.72632e-01 >
198 R_BR3.BPM1L3.y_BR3.DHZ9L1 equality     .          259.44     3.80247e-02 >
199 R_BR3.BPM1L3.y_BR3.DVT12L4 equality     .          256.37    -7.74065e-02 >
200 R_BR3.BPM1L3.y_BR3.DVT13L4 equality     .          256.87    -1.25561e-01 >
201 R_BR3.BPM1L3.y_BR3.DVT2L4 equality     .          256.8      4.28599e-02 >
202 R_BR3.BPM1L3.y_BR3.DVT6L4 equality     .          258.65     2.90339e-02 >
203 R_BR3.BPM1L3.y_BR3.DVT8L1 equality     .          254.6      1.21646e-01 >
204 R_BR3.BPM1L3.y_BR3.DVT9L1 equality     .          253.14    -9.21681e-02 >
205 R_BR3.BPM2L3.y_BR3.DHZ11L4 equality     .          193.57     1.48062e-02 >
206 R_BR3.BPM2L3.y_BR3.DHZ12L4 equality     .          196.23    -9.52801e-02 >
207 R_BR3.BPM2L3.y_BR3.DHZ13L4 equality     .          192.52    -4.29379e-02 >
208 R_BR3.BPM2L3.y_BR3.DHZ14L1 equality     .          193.77    -6.16047e-03 >
209 R_BR3.BPM2L3.y_BR3.DHZ8L1 equality     .          194.27    -3.41123e-02 >
210 R_BR3.BPM2L3.y_BR3.DHZ9L1 equality     .          193.68    -1.18944e-01 >
211 R_BR3.BPM2L3.y_BR3.DVT12L4 equality     .          194.6      2.91366e-02 >
212 R_BR3.BPM2L3.y_BR3.DVT13L4 equality     .          196.01     2.73757e-01 >
213 R_BR3.BPM2L3.y_BR3.DVT2L4 equality     .          197.7      1.04488e-01 >
214 R_BR3.BPM2L3.y_BR3.DVT6L4 equality     .          195.05     1.49341e-01 >
215 R_BR3.BPM2L3.y_BR3.DVT8L1 equality     .          197.51    -1.47497e-02 >
216 R_BR3.BPM2L3.y_BR3.DVT9L1 equality     .          198.1     -3.53619e-01 >
217 R_BR3.BPM3L3.y_BR3.DHZ11L4 equality     .          311.27     1.74733e-01 >
218 R_BR3.BPM3L3.y_BR3.DHZ12L4 equality     .          309.09     2.19407e-02 >
219 R_BR3.BPM3L3.y_BR3.DHZ13L4 equality     .          310.15    -2.11837e-01 >
220 R_BR3.BPM3L3.y_BR3.DHZ14L1 equality     .          307.56    -1.56418e-01 >
221 R_BR3.BPM3L3.y_BR3.DHZ8L1 equality     .          306.36     1.98658e-01 >
222 R_BR3.BPM3L3.y_BR3.DHZ9L1 equality     .          309.1     -2.16556e-02 >
223 R_BR3.BPM3L3.y_BR3.DVT12L4 equality     .          303.15    -3.40390e-02 >
224 R_BR3.BPM3L3.y_BR3.DVT13L4 equality     .          307.44    -6.77439e-02 >
225 R_BR3.BPM3L3.y_BR3.DVT2L4 equality     .          309.57     2.03023e-01 >
226 R_BR3.BPM3L3.y_BR3.DVT6L4 equality     .          307.66    -4.31052e-02 >
227 R_BR3.BPM3L3.y_BR3.DVT8L1 equality     .          304.37     1.96205e-02 >
228 R_BR3.BPM3L3.y_BR3.DVT9L1 equality     .          304.89     9.64566e-02 >
229 R_BR3.BPM4L3.y_BR3.DHZ11L4 equality     .          209.22    -6.43742e-02 >
230 R_BR3.BPM4L3.y_BR3.DHZ12L4 equality     .          208.96     5.01396e-02 >
231 R_BR3.BPM4L3.y_BR3.DHZ13L4 equality     .          209.79     3.95470e-02 >
232 R_BR3.BPM4L3.y_BR3.DHZ14L1 equality     .          208.88     4.70268e-04 >
233 R_BR3.BPM4L3.y_BR3.DHZ8L1 equality     .          207.13     2.24097e-03 >
234 R_BR3.BPM4L3.y_BR3.DHZ9L1 equality     .          210.25     1.00230e-01 >
235 R_BR3.BPM4L3.y_BR3.DVT12L4 equality     .          208.84    -7.39299e-01 >
236 R_BR3.BPM4L3.y_BR3.DVT13L4 equality     .          206.29    -2.88764e-02 >
237 R_BR3.BPM4L3.y_BR3.DVT2L4 equality     .          210.84     4.19212e-01 >
238 R_BR3.BPM4L3.y_BR3.DVT6L4 equality     .          211.58     5.76538e-01 >
239 R_BR3.BPM4L3.y_BR3.DVT8L1 equality     .          206.33    -1.80896e-01 >
240 R_BR3.BPM4L3.y_BR3.DVT9L1 equality     .          204.78    -6.71533e-02 >
241 R_BR3.BPM5L3.y_BR3.DHZ11L4 equality     .          300.85    -1.78698e-01 >
242 R_BR3.BPM5L3.y_BR3.DHZ12L4 equality     .          297.48    -2.60787e-02 >
243 R_BR3.BPM5L3.y_BR3.DHZ13L4 equality     .          298.35     2.04835e-01 >
244 R_BR3.BPM5L3.y_BR3.DHZ14L1 equality     .          298.9      1.43470e-01 >
245 R_BR3.BPM5L3.y_BR3.DHZ8L1 equality     .          299.5     -1.97118e-01 >
246 R_BR3.BPM5L3.y_BR3.DHZ9L1 equality     .          299.47     4.25387e-02 >
247 R_BR3.BPM5L3.y_BR3.DVT12L4 equality     .          297.94    -1.91308e-02 >
248 R_BR3.BPM5L3.y_BR3.DVT13L4 equality     .          294.97     1.62955e-01 >
249 R_BR3.BPM5L3.y_BR3.DVT2L4 equality     .          296.96    -1.89319e-01 >
250 R_BR3.BPM5L3.y_BR3.DVT6L4 equality     .          297.72     1.46737e-01 >
251 R_BR3.BPM5L3.y_BR3.DVT8L1 equality     .          297.17    -5.45089e-02 >
252 R_BR3.BPM5L3.y_BR3.DVT9L1 equality     .          298.36    -1.91635e-01 >
253 R_BR3.BPM6L3.y_BR3.DHZ11L4 equality     .          204.29     4.23010e-02 >
254 R_BR3.BPM6L3.y_BR3.DHZ12L4 equality     .          204.08    -7.17596e-02 >
255 R_BR3.BPM6L3.y_BR3.DHZ13L4 equality     .          204.5     -1.17876e-01 >
256 R_BR3.BPM6L3.y_BR3.DHZ14L1 equality     .          202.92    -1.17391e-01 >
257 R_BR3.BPM6L3.y_BR3.DHZ8L1 equality     .          202.96     6.73621e-02 >
258 R_BR3.BPM6L3.y_BR3.DHZ9L1 equality     .          205.1     -1.28307e-01 >
259 R_BR3.BPM6L3.y_BR3.DVT12L4 equality     .          201.2      6.80186e-01 >
260 R_BR3.BPM6L3.y_BR3.DVT13L4 equality     .          203.75    -2.01114e-02 >
261 R_BR3.BPM6L3.y_BR3.DVT2L4 equality     .          205.04    -2.94548e-01 >
262 R_BR3.BPM6L3.y_BR3.DVT6L4 equality     .          202.29    -5.15085e-01 >
263 R_BR3.BPM6L3.y_BR3.DVT8L1 equality     .          204.73     2.62587e-01 >
264 R_BR3.BPM6L3.y_BR3.DVT9L1 equality     .          199.77     4.29413e-02 >
265 R_BR3.BPM7L3.y_BR3.DHZ11L4 equality     .          245.73     1.94269e-01 >
266 R_BR3.BPM7L3.y_BR3.DHZ12L4 equality     .          247.94     4.92898e-02 >
267 R_BR3.BPM7L3.y_BR3.DHZ13L4 equality     .          242.87    -2.38281e-01 >
268 R_BR3.BPM7L3.y_BR3.DHZ14L1 equality     .          244.89    -1.76211e-01 >
269 R_BR3.BPM7L3.y_BR3.DHZ8L1 equality     .          247.74     2.13608e-01 >
270 R_BR3.BPM7L3.y_BR3.DHZ9L1 equality     .          245.22     6.27815e-05 >
271 R_BR3.BPM7L3.y_BR3.DVT12L4 equality     .          249.3     -1.83995e-01 >
272 R_BR3.BPM7L3.y_BR3.DVT13L4 equality     .          249.52     1.90502e-01 >
273 R_BR3.BPM7L3.y_BR3.DVT2L4 equality     .          254.12     1.20779e-01 >
274 R_BR3.BPM7L3.y_BR3.DVT6L4 equality     .          253.72    -4.00621e-02 >
275 R_BR3.BPM7L3.y_BR3.DVT8L1 equality     .          251.66    -1.61080e-01 >
276 R_BR3.BPM7L3.y_BR3.DVT9L1 equality     .          244.08     2.01503e-01 >
277 R_BR3.BPM8L3.y_BR3.DHZ11L4 equality     .          306.65     3.83325e-02 >
278 R_BR3.BPM8L3.y_BR3.DHZ12L4 equality     .          306.08     8.96945e-02 >
279 R_BR3.BPM8L3.y_BR3.DHZ13L4 equality     .          306.21    -2.12196e-02 >
280 R_BR3.BPM8L3.y_BR3.DHZ14L1 equality     .          304.82    -6.96136e-02 >
281 R_BR3.BPM8L3.y_BR3.DHZ8L1 equality     .          307.87     6.70867e-02 >
282 R_BR3.BPM8L3.y_BR3.DHZ9L1 equality     .          305.8      1.10912e-01 >
283 R_BR3.BPM8L3.y_BR3.DVT12L4 equality     .          305.08     1.00447e-01 >
284 R_BR3.BPM8L3.y_BR3.DVT13L4 equality     .          308.56    -3.47148e-02 >
285 R_BR3.BPM8L3.y_BR3.DVT2L4 equality     .          308.7     -3.48850e-01 >
286 R_BR3.BPM8L3.y_BR3.DVT6L4 equality     .          299.1      4.80573e-02 >
287 R_BR3.BPM8L3.y_BR3.DVT8L1 equality     .          308.1      3.46010e-01 >
288 R_BR3.BPM8L3.y_BR3.DVT9L1 equality     .          305.72     3.72248e-01 >
289 R_BR3.BPM9L3.y_BR3.DHZ11L4 equality     .          336.88    -1.86493e-01 >
290 R_BR3.BPM9L3.y_BR3.DHZ12L4 equality     .          333.83    -3.14448e-02 >
291 R_BR3.BPM9L3.y_BR3.DHZ13L4 equality     .          336.37     1.80367e-01 >
292 R_BR3.BPM9L3.y_BR3.DHZ14L1 equality     .          336.76     1.42196e-01 >
293 R_BR3.BPM9L3.y_BR3.DHZ8L1 equality     .          331.88    -1.07998e-01 >
294 R_BR3.BPM9L3.y_BR3.DHZ9L1 equality     .          334.24     4.53117e-03 >
295 R_BR3.BPM9L3.y_BR3.DVT12L4 equality     .          327.37    -3.53553e-01 >
296 R_BR3.BPM9L3.y_BR3.DVT13L4 equality     .          338.18     1.68409e-01 >
297 R_BR3.BPM9L3.y_BR3.DVT2L4 equality     .          336.5      9.35756e-02 >
298 R_BR3.BPM9L3.y_BR3.DVT6L4 equality     .          335.05     2.21419e-02 >
299 R_BR3.BPM9L3.y_BR3.DVT8L1 equality     .          335.16    -2.64040e-02 >
300 R_BR3.BPM9L3.y_BR3.DVT9L1 equality     .          333.29     2.03414e-01 >
301 R_BR3.BPM10L3.y_BR3.DHZ11L4 equality     .          365.38     9.90325e-02 >
302 R_BR3.BPM10L3.y_BR3.DHZ12L4 equality     .          361.1     -8.13320e-02 >
303 R_BR3.BPM10L3.y_BR3.DHZ13L4 equality     .          365.06    -9.21311e-02 >
304 R_BR3.BPM10L3.y_BR3.DHZ14L1 equality     .          360.05    -5.90243e-03 >
305 R_BR3.BPM10L3.y_BR3.DHZ8L1 equality     .          362.18    -4.09355e-02 >
306 R_BR3.BPM10L3.y_BR3.DHZ9L1 equality     .          360.3     -1.42694e-01 >
307 R_BR3.BPM10L3.y_BR3.DVT12L4 equality     .          353.68     2.50942e-02 >
308 R_BR3.BPM10L3.y_BR3.DVT13L4 equality     .          361.01    -1.64395e-01 >
309 R_BR3.BPM10L3.y_BR3.DVT2L4 equality     .          359.21     2.97001e-01 >
310 R_BR3.BPM10L3.y_BR3.DVT6L4 equality     .          357.42    -1.87012e-02 >
311 R_BR3.BPM10L3.y_BR3.DVT8L1 equality     .          358.72    -3.23834e-01 >
312 R_BR3.BPM10L3.y_BR3.DVT9L1 equality     .          358.93     4.38026e-02 >
313 R_BR3.BPM11L3.y_BR3.DHZ11L4 equality     .          314.76     2.00917e-01 >
314 R_BR3.BPM11L3.y_BR3.DHZ12L4 equality     .          315.18     1.02130e-01 >
315 R_BR3.BPM11L3.y_BR3.DHZ13L4 equality     .          316.42    -1.92160e-01 >
316 R_BR3.BPM11L3.y_BR3.DHZ14L1 equality     .          314.28    -1.71351e-01 >
317 R_BR3.BPM11L3.y_BR3.DHZ8L1 equality     .          316.55     1.73184e-01 >
318 R_BR3.BPM11L3.y_BR3.DHZ9L1 equality     .          316.05     1.57035e-02 >
319 R_BR3.BPM11L3.y_BR3.DVT12L4 equality     .          316.6     -4.46420e-02 >
320 R_BR3.BPM11L3.y_BR3.DVT13L4 equality     .          318.64     4.28863e-02 >
321 R_BR3.BPM11L3.y_BR3.DVT2L4 equality     .          315.94     1.51860e-02 >
322 R_BR3.BPM11L3.y_BR3.DVT6L4 equality     .          320.03     1.66483e-02 >
323 R_BR3.BPM11L3.y_BR3.DVT8L1 equality     .          315.62    -1.66578e-01 >
324 R_BR3.BPM11L3.y_BR3.DVT9L1 equality     .          314.61    -7.04187e-02 >
325 R_BR3.BPM12L3.y_BR3.DHZ11L4 equality     .          228.8      2.08693e-02 >
326 R_BR3.BPM12L3.y_BR3.DHZ12L4 equality     .          228.91     1.09072e-01 >
327 R_BR3.BPM12L3.y_BR3.DHZ13L4 equality     .          230.97     1.60501e-02 >
328 R_BR3.BPM12L3.y_BR3.DHZ14L1 equality     .          230.37    -1.40385e-02 >
329 R_BR3.BPM12L3.y_BR3.DHZ8L1 equality     .          229.93     6.25580e-02 >
330 R_BR3.BPM12L3.y_BR3.DHZ9L1 equality     .          229.83     6.67150e-02 >
331 R_BR3.BPM12L3.y_BR3.DVT12L4 equality     .          231.68    -5.65605e-01 >
332 R_BR3.BPM12L3.y_BR3.DVT13L4 equality     .          233.07     2.46302e-01 >
333 R_BR3.BPM12L3.y_BR3.DVT2L4 equality     .          235.5      7.35954e-02 >
334 R_BR3.BPM12L3.y_BR3.DVT6L4 equality     .          233.25     2.37922e-01 >
335 R_BR3.BPM12L3.y_BR3.DVT8L1 equality     .          234.35    -2.14021e-03 >
336 R_BR3.BPM12L3.y_BR3.DVT9L1 equality     .          229.28     7.89972e-03 >
337 R_BR3.BPM13L3.y_BR3.DHZ11L4 equality     .          314.55    -1.13675e-01 >
338 R_BR3.BPM13L3.y_BR3.DHZ12L4 equality     .          314.09    -2.70362e-02 >
339 R_BR3.BPM13L3.y_BR3.DHZ13L4 equality     .          315.96     2.00709e-01 >
340 R_BR3.BPM13L3.y_BR3.DHZ14L1 equality     .          314.14     1.66094e-01 >
341 R_BR3.BPM13L3.y_BR3.DHZ8L1 equality     .          315.03    -1.30628e-01 >
342 R_BR3.BPM13L3.y_BR3.DHZ9L1 equality     .          315.1      7.97221e-03 >
343 R_BR3.BPM13L3.y_BR3.DVT12L4 equality     .          317.15     8.70105e-02 >
344 R_BR3.BPM13L3.y_BR3.DVT13L4 equality     .          316.65     6.76617e-02 >
345 R_BR3.BPM13L3.y_BR3.DVT2L4 equality     .          317.63     6.51205e-02 >
346 R_BR3.BPM13L3.y_BR3.DVT6L4 equality     .          315.62    -4.35228e-02 >
347 R_BR3.BPM13L3.y_BR3.DVT8L1 equality     .          316.73     4.48994e-02 >
348 R_BR3.BPM13L3.y_BR3.DVT9L1 equality     .          321.44     1.23787e-01 >
349 R_BR3.BPM14L3.y_BR3.DHZ11L4 equality     .          244.66     1.37086e-02 >
350 R_BR3.BPM14L3.y_BR3.DHZ12L4 equality     .          243.67    -6.49731e-02 >
351 R_BR3.BPM14L3.y_BR3.DHZ13L4 equality     .          244.53     1.32729e-02 >
352 R_BR3.BPM14L3.y_BR3.DHZ14L1 equality     .          242.81     2.69264e-02 >
353 R_BR3.BPM14L3.y_BR3.DHZ8L1 equality     .          243.28    -4.27687e-02 >
354 R_BR3.BPM14L3.y_BR3.DHZ9L1 equality     .          245.34    -1.09201e-01 >
355 R_BR3.BPM14L3.y_BR3.DVT12L4 equality     .          242.94     1.58298e-01 >
356 R_BR3.BPM14L3.y_BR3.DVT13L4 equality     .          243.07     3.54642e-01 >
357 R_BR3.BPM14L3.y_BR3.DVT2L4 equality     .          245.05     1.16586e-01 >
358 R_BR3.BPM14L3.y_BR3.DVT6L4 equality     .          242.43     7.62299e-02 >
359 R_BR3.BPM14L3.y_BR3.DVT8L1 equality     .          244.61    -6.93390e-02 >
360 R_BR3.BPM14L3.y_BR3.DVT9L1 equality     .          244.38    -2.67524e-01 >
361 R_BR3.BPM15L3.y_BR3.DHZ11L4 equality     .          334.51     1.37667e-01 >
362 R_BR3.BPM15L3.y_BR3.DHZ12L4 equality     .          333.44     8.57801e-02 >
363 R_BR3.BPM15L3.y_BR3.DHZ13L4 equality     .          334.64    -1.94806e-01 >
364 R_BR3.BPM15L3.y_BR3.DHZ14L1 equality     .          335.39    -1.50394e-01 >
365 R_BR3.BPM15L3.y_BR3.DHZ8L1 equality     .          335.75     1.64292e-01 >
366 R_BR3.BPM15L3.y_BR3.DHZ9L1 equality     .          333.43     4.57350e-02 >
367 R_BR3.BPM15L3.y_BR3.DVT12L4 equality     .          333.67    -8.70325e-02 >
368 R_BR3.BPM15L3.y_BR3.DVT13L4 equality     .          332.45    -7.44904e-02 >
369 R_BR3.BPM15L3.y_BR3.DVT2L4 equality     .          339.53    -1.76675e-01 >
370 R_BR3.BPM15L3.y_BR3.DVT6L4 equality     .          337.55    -2.37234e-02 >
371 R_BR3.BPM15L3.y_BR3.DVT8L1 equality     .          338.21     5.72069e-02 >
372 R_BR3.BPM15L3.y_BR3.DVT9L1 equality     .          337.47    -8.44333e-02 >
373 R_BR3.BPM16L3.y_BR3.DHZ11L4 equality     .          367.37     4.71362e-02 >
374 R_BR3.BPM16L3.y_BR3.DHZ12L4 equality     .          367.91     7.48067e-02 >
375 R_BR3.BPM16L3.y_BR3.DHZ13L4 equality     .          368.33    -1.99227e-02 >
376 R_BR3.BPM16L3.y_BR3.DHZ14L1 equality     .          367.79    -2.27465e-02 >
377 R_BR3.BPM16L3.y_BR3.DHZ8L1 equality     .          369.47     6.54765e-02 >
378 R_BR3.BPM16L3.y_BR3.DHZ9L1 equality     .          365.49     1.05903e-01 >
379 R_BR3.BPM16L3.y_BR3.DVT12L4 equality     .          363.83    -9.78957e-03 >
380 R_BR3.BPM16L3.y_BR3.DVT13L4 equality     .          364.82    -2.08105e-01 >
381 R_BR3.BPM16L3.y_BR3.DVT2L4 equality     .          370.96    -6.98637e-02 >
382 R_BR3.BPM16L3.y_BR3.DVT6L4 equality     .          368.48    -1.45571e-01 >
383 R_BR3.BPM16L3.y_BR3.DVT8L1 equality     .          369.37    -2.44655e-02 >
384 R_BR3.BPM16L3.y_BR3.DVT9L1 equality     .          364.81     3.76636e-01 >

 Variables                  Curr. Value  Curr. Step   Lower Limit  Upper Limit
--------------------------------------------------------------------------------
 1 BR.QFOCELL1.dk1l         3.11355e-03  4.86672e-04   .            .         
 2 BR.QDE1.dk1l            -1.78361e-03 -4.45398e-04   .            .         
 3 BR.QFOCELL2.dk1l        -2.09328e-05  2.51547e-04   .            .         
 4 BR.QDE2.dk1l            -4.03921e-04 -2.34590e-04   .            .         
 5 BR.QFOCELL3.dk1l        -7.96459e-03 -5.29063e-04   .            .         
 6 BR.QDE3.dk1l             5.80313e-03  4.89490e-04   .            .         
 7 BR.QFOCELL4.dk1l         3.46970e-03 -4.65333e-05   .            .         
 8 BR.QDE4.dk1l            -3.73168e-03  4.74798e-05   .            .         
 9 BR.QFOCELL5.dk1l         1.34128e-02  8.99513e-04   .            .         
10 BR.QDE5.dk1l            -1.33992e-02 -8.09018e-04   .            .         
11 BR.QFOCELL6.dk1l        -6.81532e-03 -2.37829e-04   .            .         
12 BR.QDE6.dk1l             7.65610e-03  2.32283e-04   .            .         
13 BR.QFOCELL7.dk1l        -4.18333e-03 -1.06298e-03   .            .         
14 BR.QDE7.dk1l             5.46746e-03  9.84282e-04   .            .         
15 BR.QFOCELL8.dk1l         1.77482e-02  9.25489e-04   .            .         
16 BR.QDE8.dk1l            -1.84695e-02 -8.19718e-04   .            .         
17 BR.QFOCELL9.dk1l         1.16446e-02  1.05593e-03   .            .         
18 BR.QDE9.dk1l            -1.21297e-02 -9.49459e-04   .            .         
19 BR.QFOCELL10.dk1l       -1.18235e-02 -8.24671e-04   .            .         
20 BR.QDE10.dk1l            1.26347e-02  7.66973e-04   .            .         
21 BR.QFOCELL11.dk1l       -4.25443e-03 -6.21812e-04   .            .         
22 BR.QDE11.dk1l            2.30455e-03  5.70613e-04   .            .         
23 BR.QFOCELL12.dk1l        1.97975e-03 -1.03647e-04   .            .         
24 BR.QDE12.dk1l           -2.37226e-03  1.06917e-04   .            .         
25 BR.QFOCELL13.dk1l        1.73807e-02  4.14161e-05   .            .         
26 BR.QDE13.dk1l           -1.80063e-02 -3.39871e-05   .            .         
27 BR.QFOCELL14.dk1l        7.46414e-03  9.73956e-05   .            .         
28 BR.QDE14.dk1l           -8.06289e-03 -9.71441e-05   .            .         
29 BR.QFOCELL15.dk1l       -1.19936e-02 -6.11881e-05   .            .         
30 BR.QDE15.dk1l            1.03433e-02  5.59590e-05   .            .         
31 BR.QFOCELL16.dk1l       -1.03162e-03 -3.98530e-04   .            .         
32 BR.QDE16.dk1l            2.28369e-03  3.73919e-04   .            .         

ncall=100 [2.6s], fval=2.74398e-01, fstp=-1.14405e-04, ccnt=384.


 Constraints                Type        Kind        Weight     Expr. Value
------------------------------------------------------------------------------
 1 R_BR3.BPM1L3.x_BR3.DHZ11L4 equality     .          254.66     6.03207e-01 >
 2 R_BR3.BPM1L3.x_BR3.DHZ12L4 equality     .          253.14     3.51915e-01 >
 3 R_BR3.BPM1L3.x_BR3.DHZ13L4 equality     .          247.69     5.94323e-01 >
 4 R_BR3.BPM1L3.x_BR3.DHZ14L1 equality     .          252.82     3.02341e-01 >
 5 R_BR3.BPM1L3.x_BR3.DHZ8L1 equality     .          254.13    -9.42631e-02 >
 6 R_BR3.BPM1L3.x_BR3.DHZ9L1 equality     .          249.92    -1.05257e-01 >
 7 R_BR3.BPM1L3.x_BR3.DVT12L4 equality     .          253.72     1.80994e-01 >
 8 R_BR3.BPM1L3.x_BR3.DVT13L4 equality     .          258.5      1.49055e-01 >
 9 R_BR3.BPM1L3.x_BR3.DVT2L4 equality     .          259.45    -1.31573e-01 >
10 R_BR3.BPM1L3.x_BR3.DVT6L4 equality     .          255.36    -8.31784e-03 >
11 R_BR3.BPM1L3.x_BR3.DVT8L1 equality     .          251.55    -3.64236e-02 >
12 R_BR3.BPM1L3.x_BR3.DVT9L1 equality     .          254.26     1.54380e-01 >
13 R_BR3.BPM2L3.x_BR3.DHZ11L4 equality     .          155.27     4.10721e-01 >
14 R_BR3.BPM2L3.x_BR3.DHZ12L4 equality     .          156.88     5.95038e-01 >
15 R_BR3.BPM2L3.x_BR3.DHZ13L4 equality     .          155.84     9.10528e-01 >
16 R_BR3.BPM2L3.x_BR3.DHZ14L1 equality     .          155.85     1.23634e+00 >
17 R_BR3.BPM2L3.x_BR3.DHZ8L1 equality     .          157.76     2.30111e-01 >
18 R_BR3.BPM2L3.x_BR3.DHZ9L1 equality     .          156.58    -5.10444e-02 >
19 R_BR3.BPM2L3.x_BR3.DVT12L4 equality     .          157.29     5.43113e-02 >
20 R_BR3.BPM2L3.x_BR3.DVT13L4 equality     .          156.68     3.21147e-02 >
21 R_BR3.BPM2L3.x_BR3.DVT2L4 equality     .          156.36     1.71164e-02 >
22 R_BR3.BPM2L3.x_BR3.DVT6L4 equality     .          157.45     1.25085e-01 >
23 R_BR3.BPM2L3.x_BR3.DVT8L1 equality     .          155.43    -2.55194e-03 >
24 R_BR3.BPM2L3.x_BR3.DVT9L1 equality     .          154.89     7.93999e-03 >
25 R_BR3.BPM3L3.x_BR3.DHZ11L4 equality     .          303.95     5.76568e-01 >
26 R_BR3.BPM3L3.x_BR3.DHZ12L4 equality     .          302.28     4.44362e-02 >
27 R_BR3.BPM3L3.x_BR3.DHZ13L4 equality     .          296.52     1.65773e-01 >
28 R_BR3.BPM3L3.x_BR3.DHZ14L1 equality     .          301.62     3.29935e-01 >
29 R_BR3.BPM3L3.x_BR3.DHZ8L1 equality     .          307.07     9.92582e-01 >
30 R_BR3.BPM3L3.x_BR3.DHZ9L1 equality     .          304.26    -4.52054e-01 >
31 R_BR3.BPM3L3.x_BR3.DVT12L4 equality     .          303.71     3.18199e-03 >
32 R_BR3.BPM3L3.x_BR3.DVT13L4 equality     .          308.93    -2.67705e-01 >
33 R_BR3.BPM3L3.x_BR3.DVT2L4 equality     .          308.62     6.00948e-02 >
34 R_BR3.BPM3L3.x_BR3.DVT6L4 equality     .          301.48     1.59374e-01 >
35 R_BR3.BPM3L3.x_BR3.DVT8L1 equality     .          307.83     1.31889e-01 >
36 R_BR3.BPM3L3.x_BR3.DVT9L1 equality     .          306.9     -3.87886e-02 >
37 R_BR3.BPM4L3.x_BR3.DHZ11L4 equality     .          197.62     3.61936e-01 >
38 R_BR3.BPM4L3.x_BR3.DHZ12L4 equality     .          201.32    -7.78414e-02 >
39 R_BR3.BPM4L3.x_BR3.DHZ13L4 equality     .          197.32     3.46711e-01 >
40 R_BR3.BPM4L3.x_BR3.DHZ14L1 equality     .          201.26    -1.99581e-01 >
41 R_BR3.BPM4L3.x_BR3.DHZ8L1 equality     .          200.39     3.04166e-01 >
42 R_BR3.BPM4L3.x_BR3.DHZ9L1 equality     .          202.61    -3.43428e-01 >
43 R_BR3.BPM4L3.x_BR3.DVT12L4 equality     .          195.76     1.09690e-01 >
44 R_BR3.BPM4L3.x_BR3.DVT13L4 equality     .          197.42    -1.92386e-01 >
45 R_BR3.BPM4L3.x_BR3.DVT2L4 equality     .          199.38    -2.04108e-01 >
46 R_BR3.BPM4L3.x_BR3.DVT6L4 equality     .          198.44     3.52958e-02 >
47 R_BR3.BPM4L3.x_BR3.DVT8L1 equality     .          195.82     1.16256e-01 >
48 R_BR3.BPM4L3.x_BR3.DVT9L1 equality     .          196.53     3.75440e-02 >
49 R_BR3.BPM5L3.x_BR3.DHZ11L4 equality     .          321.86     6.96101e-01 >
50 R_BR3.BPM5L3.x_BR3.DHZ12L4 equality     .          324        2.58886e-01 >
51 R_BR3.BPM5L3.x_BR3.DHZ13L4 equality     .          320.22     6.51796e-01 >
52 R_BR3.BPM5L3.x_BR3.DHZ14L1 equality     .          315.57     5.58912e-01 >
53 R_BR3.BPM5L3.x_BR3.DHZ8L1 equality     .          334.56    -5.65521e-02 >
54 R_BR3.BPM5L3.x_BR3.DHZ9L1 equality     .          333.04    -2.04558e-01 >
55 R_BR3.BPM5L3.x_BR3.DVT12L4 equality     .          328.02     1.29409e-01 >
56 R_BR3.BPM5L3.x_BR3.DVT13L4 equality     .          338.46     1.27356e-01 >
57 R_BR3.BPM5L3.x_BR3.DVT2L4 equality     .          333.03    -1.98652e-01 >
58 R_BR3.BPM5L3.x_BR3.DVT6L4 equality     .          328.88     3.88180e-03 >
59 R_BR3.BPM5L3.x_BR3.DVT8L1 equality     .          328.84    -6.28794e-02 >
60 R_BR3.BPM5L3.x_BR3.DVT9L1 equality     .          333.2      1.08436e-01 >
61 R_BR3.BPM6L3.x_BR3.DHZ11L4 equality     .          199.4      6.24941e-01 >
62 R_BR3.BPM6L3.x_BR3.DHZ12L4 equality     .          197.81     6.33907e-01 >
63 R_BR3.BPM6L3.x_BR3.DHZ13L4 equality     .          198.97     7.11231e-01 >
64 R_BR3.BPM6L3.x_BR3.DHZ14L1 equality     .          195.6      1.03326e+00 >
65 R_BR3.BPM6L3.x_BR3.DHZ8L1 equality     .          198.79     6.45689e-01 >
66 R_BR3.BPM6L3.x_BR3.DHZ9L1 equality     .          199.44    -7.76475e-02 >
67 R_BR3.BPM6L3.x_BR3.DVT12L4 equality     .          200.97     6.61642e-03 >
68 R_BR3.BPM6L3.x_BR3.DVT13L4 equality     .          201.13    -3.26984e-02 >
69 R_BR3.BPM6L3.x_BR3.DVT2L4 equality     .          203.01     1.83540e-02 >
70 R_BR3.BPM6L3.x_BR3.DVT6L4 equality     .          200.9      1.30596e-01 >
71 R_BR3.BPM6L3.x_BR3.DVT8L1 equality     .          200.31     1.05401e-02 >
72 R_BR3.BPM6L3.x_BR3.DVT9L1 equality     .          200.46    -3.10704e-02 >
73 R_BR3.BPM7L3.x_BR3.DHZ11L4 equality     .          222.8      5.46581e-02 >
74 R_BR3.BPM7L3.x_BR3.DHZ12L4 equality     .          225.34     1.64600e-01 >
75 R_BR3.BPM7L3.x_BR3.DHZ13L4 equality     .          220.25     6.89783e-01 >
76 R_BR3.BPM7L3.x_BR3.DHZ14L1 equality     .          225.48     5.81529e-01 >
77 R_BR3.BPM7L3.x_BR3.DHZ8L1 equality     .          225.4      5.88305e-01 >
78 R_BR3.BPM7L3.x_BR3.DHZ9L1 equality     .          222.1     -2.38538e-01 >
79 R_BR3.BPM7L3.x_BR3.DVT12L4 equality     .          225.86    -2.07150e-02 >
80 R_BR3.BPM7L3.x_BR3.DVT13L4 equality     .          221.49    -2.91392e-01 >
81 R_BR3.BPM7L3.x_BR3.DVT2L4 equality     .          225.42    -1.69956e-03 >
82 R_BR3.BPM7L3.x_BR3.DVT6L4 equality     .          226.6      2.42949e-01 >
83 R_BR3.BPM7L3.x_BR3.DVT8L1 equality     .          225.55     1.48664e-01 >
84 R_BR3.BPM7L3.x_BR3.DVT9L1 equality     .          222.35    -3.80566e-02 >
85 R_BR3.BPM8L3.x_BR3.DHZ11L4 equality     .          330.8      1.02069e-01 >
86 R_BR3.BPM8L3.x_BR3.DHZ12L4 equality     .          333.31     2.91112e-02 >
87 R_BR3.BPM8L3.x_BR3.DHZ13L4 equality     .          330.27     6.94421e-01 >
88 R_BR3.BPM8L3.x_BR3.DHZ14L1 equality     .          326.41     1.00310e-01 >
89 R_BR3.BPM8L3.x_BR3.DHZ8L1 equality     .          338.18     3.80185e-01 >
90 R_BR3.BPM8L3.x_BR3.DHZ9L1 equality     .          333.86    -2.01604e-01 >
91 R_BR3.BPM8L3.x_BR3.DVT12L4 equality     .          329.82     1.00733e-01 >
92 R_BR3.BPM8L3.x_BR3.DVT13L4 equality     .          332.74    -1.58241e-01 >
93 R_BR3.BPM8L3.x_BR3.DVT2L4 equality     .          335.17    -1.57454e-01 >
94 R_BR3.BPM8L3.x_BR3.DVT6L4 equality     .          330.59     6.83087e-02 >
95 R_BR3.BPM8L3.x_BR3.DVT8L1 equality     .          329.77     1.96850e-01 >
96 R_BR3.BPM8L3.x_BR3.DVT9L1 equality     .          333.4      6.80364e-02 >
97 R_BR3.BPM9L3.x_BR3.DHZ11L4 equality     .          297.95     6.51039e-01 >
98 R_BR3.BPM9L3.x_BR3.DHZ12L4 equality     .          272.29    -1.89115e-01 >
99 R_BR3.BPM9L3.x_BR3.DHZ13L4 equality     .          292.4      7.09750e-01 >
100 R_BR3.BPM9L3.x_BR3.DHZ14L1 equality     .          288.77     9.38761e-01 >
101 R_BR3.BPM9L3.x_BR3.DHZ8L1 equality     .          281.34    -1.63141e-01 >
102 R_BR3.BPM9L3.x_BR3.DHZ9L1 equality     .          299.8     -1.87539e-01 >
103 R_BR3.BPM9L3.x_BR3.DVT12L4 equality     .          268.81     7.03951e-02 >
104 R_BR3.BPM9L3.x_BR3.DVT13L4 equality     .          281.73     9.42594e-02 >
105 R_BR3.BPM9L3.x_BR3.DVT2L4 equality     .          278.17    -1.56059e-01 >
106 R_BR3.BPM9L3.x_BR3.DVT6L4 equality     .          276.41    -4.04014e-02 >
107 R_BR3.BPM9L3.x_BR3.DVT8L1 equality     .          274.35     3.74919e-02 >
108 R_BR3.BPM9L3.x_BR3.DVT9L1 equality     .          275.55     1.83268e-01 >
109 R_BR3.BPM10L3.x_BR3.DHZ11L4 equality     .          315.77     9.38341e-01 >
110 R_BR3.BPM10L3.x_BR3.DHZ12L4 equality     .          318.58     6.75631e-01 >
111 R_BR3.BPM10L3.x_BR3.DHZ13L4 equality     .          309.41     2.80066e-01 >
112 R_BR3.BPM10L3.x_BR3.DHZ14L1 equality     .          313.99     6.65899e-01 >
113 R_BR3.BPM10L3.x_BR3.DHZ8L1 equality     .          329.56     1.55854e-02 >
114 R_BR3.BPM10L3.x_BR3.DHZ9L1 equality     .          324.29    -8.58793e-03 >
115 R_BR3.BPM10L3.x_BR3.DVT12L4 equality     .          320.67     2.34258e-02 >
116 R_BR3.BPM10L3.x_BR3.DVT13L4 equality     .          326.05    -6.53095e-02 >
117 R_BR3.BPM10L3.x_BR3.DVT2L4 equality     .          321.72    -1.68088e-02 >
118 R_BR3.BPM10L3.x_BR3.DVT6L4 equality     .          316.33     1.70761e-01 >
119 R_BR3.BPM10L3.x_BR3.DVT8L1 equality     .          321.28    -1.14005e-01 >
120 R_BR3.BPM10L3.x_BR3.DVT9L1 equality     .          322.27    -1.89333e-03 >
121 R_BR3.BPM11L3.x_BR3.DHZ11L4 equality     .          318.4     -2.35680e-01 >
122 R_BR3.BPM11L3.x_BR3.DHZ12L4 equality     .          316.84     4.60005e-01 >
123 R_BR3.BPM11L3.x_BR3.DHZ13L4 equality     .          313.46     8.63622e-01 >
124 R_BR3.BPM11L3.x_BR3.DHZ14L1 equality     .          316.5      3.93502e-01 >
125 R_BR3.BPM11L3.x_BR3.DHZ8L1 equality     .          322.48     1.64184e-01 >
126 R_BR3.BPM11L3.x_BR3.DHZ9L1 equality     .          321.48    -9.71013e-02 >
127 R_BR3.BPM11L3.x_BR3.DVT12L4 equality     .          318.33     6.09043e-02 >
128 R_BR3.BPM11L3.x_BR3.DVT13L4 equality     .          322.38    -2.62641e-01 >
129 R_BR3.BPM11L3.x_BR3.DVT2L4 equality     .          327.17    -4.90952e-02 >
130 R_BR3.BPM11L3.x_BR3.DVT6L4 equality     .          321.19     1.87024e-01 >
131 R_BR3.BPM11L3.x_BR3.DVT8L1 equality     .          320.15     1.37690e-01 >
132 R_BR3.BPM11L3.x_BR3.DVT9L1 equality     .          320.39    -1.16480e-01 >
133 R_BR3.BPM12L3.x_BR3.DHZ11L4 equality     .          234.16     2.47758e-01 >
134 R_BR3.BPM12L3.x_BR3.DHZ12L4 equality     .          230.83     2.34011e-01 >
135 R_BR3.BPM12L3.x_BR3.DHZ13L4 equality     .          231.79     1.00584e+00 >
136 R_BR3.BPM12L3.x_BR3.DHZ14L1 equality     .          231.46     3.10842e-01 >
137 R_BR3.BPM12L3.x_BR3.DHZ8L1 equality     .          232.67     5.08028e-01 >
138 R_BR3.BPM12L3.x_BR3.DHZ9L1 equality     .          233.71    -2.82693e-01 >
139 R_BR3.BPM12L3.x_BR3.DVT12L4 equality     .          232.44     9.86623e-02 >
140 R_BR3.BPM12L3.x_BR3.DVT13L4 equality     .          233.15    -1.08582e-01 >
141 R_BR3.BPM12L3.x_BR3.DVT2L4 equality     .          236.74    -1.73796e-01 >
142 R_BR3.BPM12L3.x_BR3.DVT6L4 equality     .          234.59     1.55332e-02 >
143 R_BR3.BPM12L3.x_BR3.DVT8L1 equality     .          233.61     1.63384e-01 >
144 R_BR3.BPM12L3.x_BR3.DVT9L1 equality     .          233.78     5.12057e-02 >
145 R_BR3.BPM13L3.x_BR3.DHZ11L4 equality     .          287.77     9.09442e-01 >
146 R_BR3.BPM13L3.x_BR3.DHZ12L4 equality     .          285.96     3.06225e-01 >
147 R_BR3.BPM13L3.x_BR3.DHZ13L4 equality     .          283.18     5.69675e-01 >
148 R_BR3.BPM13L3.x_BR3.DHZ14L1 equality     .          282.28     7.55527e-01 >
149 R_BR3.BPM13L3.x_BR3.DHZ8L1 equality     .          295.99     2.47136e-01 >
150 R_BR3.BPM13L3.x_BR3.DHZ9L1 equality     .          292.16    -1.60491e-01 >
151 R_BR3.BPM13L3.x_BR3.DVT12L4 equality     .          290.89     1.82195e-01 >
152 R_BR3.BPM13L3.x_BR3.DVT13L4 equality     .          294.3      1.12137e-01 >
153 R_BR3.BPM13L3.x_BR3.DVT2L4 equality     .          292.97    -1.53330e-01 >
154 R_BR3.BPM13L3.x_BR3.DVT6L4 equality     .          287.15    -5.53877e-03 >
155 R_BR3.BPM13L3.x_BR3.DVT8L1 equality     .          285.69    -6.54264e-02 >
156 R_BR3.BPM13L3.x_BR3.DVT9L1 equality     .          292.76     1.86181e-01 >
157 R_BR3.BPM14L3.x_BR3.DHZ11L4 equality     .          212.11     8.82928e-01 >
158 R_BR3.BPM14L3.x_BR3.DHZ12L4 equality     .          208.11     2.22295e-01 >
159 R_BR3.BPM14L3.x_BR3.DHZ13L4 equality     .          212.49     5.93305e-01 >
160 R_BR3.BPM14L3.x_BR3.DHZ14L1 equality     .          211.35     1.08869e+00 >
161 R_BR3.BPM14L3.x_BR3.DHZ8L1 equality     .          212.13     4.33571e-01 >
162 R_BR3.BPM14L3.x_BR3.DHZ9L1 equality     .          214.15    -4.68906e-01 >
163 R_BR3.BPM14L3.x_BR3.DVT12L4 equality     .          213.12    -7.04767e-02 >
164 R_BR3.BPM14L3.x_BR3.DVT13L4 equality     .          213.96     9.75380e-02 >
165 R_BR3.BPM14L3.x_BR3.DVT2L4 equality     .          214.27     1.89083e-02 >
166 R_BR3.BPM14L3.x_BR3.DVT6L4 equality     .          212.55     1.74278e-01 >
167 R_BR3.BPM14L3.x_BR3.DVT8L1 equality     .          213.83    -7.29083e-02 >
168 R_BR3.BPM14L3.x_BR3.DVT9L1 equality     .          212.93    -1.14495e-02 >
169 R_BR3.BPM15L3.x_BR3.DHZ11L4 equality     .          314.12     1.43248e-01 >
170 R_BR3.BPM15L3.x_BR3.DHZ12L4 equality     .          311.28     5.27725e-01 >
171 R_BR3.BPM15L3.x_BR3.DHZ13L4 equality     .          309.37     7.50349e-01 >
172 R_BR3.BPM15L3.x_BR3.DHZ14L1 equality     .          310.85     7.91196e-01 >
173 R_BR3.BPM15L3.x_BR3.DHZ8L1 equality     .          315.11     6.97052e-01 >
174 R_BR3.BPM15L3.x_BR3.DHZ9L1 equality     .          314.91     5.94888e-03 >
175 R_BR3.BPM15L3.x_BR3.DVT12L4 equality     .          315.91    -3.89919e-02 >
176 R_BR3.BPM15L3.x_BR3.DVT13L4 equality     .          319.03    -3.10740e-01 >
177 R_BR3.BPM15L3.x_BR3.DVT2L4 equality     .          321.11    -8.59122e-02 >
178 R_BR3.BPM15L3.x_BR3.DVT6L4 equality     .          317.53     1.29910e-01 >
179 R_BR3.BPM15L3.x_BR3.DVT8L1 equality     .          314.27     1.46397e-01 >
180 R_BR3.BPM15L3.x_BR3.DVT9L1 equality     .          315.87    -8.41251e-02 >
181 R_BR3.BPM16L3.x_BR3.DHZ11L4 equality     .          339.29     2.04181e-01 >
182 R_BR3.BPM16L3.x_BR3.DHZ12L4 equality     .          336.35     2.91573e-01 >
183 R_BR3.BPM16L3.x_BR3.DHZ13L4 equality     .          336.73     4.04619e-01 >
184 R_BR3.BPM16L3.x_BR3.DHZ14L1 equality     .          333.34    -1.90224e-01 >
185 R_BR3.BPM16L3.x_BR3.DHZ8L1 equality     .          339.6      3.81921e-01 >
186 R_BR3.BPM16L3.x_BR3.DHZ9L1 equality     .          335.27     2.12721e-02 >
187 R_BR3.BPM16L3.x_BR3.DVT12L4 equality     .          330.25     1.22179e-01 >
188 R_BR3.BPM16L3.x_BR3.DVT13L4 equality     .          328.68    -2.40861e-01 >
189 R_BR3.BPM16L3.x_BR3.DVT2L4 equality     .          330.96    -2.08351e-01 >
190 R_BR3.BPM16L3.x_BR3.DVT6L4 equality     .          334.9     -1.49230e-02 >
191 R_BR3.BPM16L3.x_BR3.DVT8L1 equality     .          331.05     1.26304e-01 >
192 R_BR3.BPM16L3.x_BR3.DVT9L1 equality     .          327.14     6.32457e-02 >
193 R_BR3.BPM1L3.y_BR3.DHZ11L4 equality     .          257.57    -1.54872e-01 >
194 R_BR3.BPM1L3.y_BR3.DHZ12L4 equality     .          257.44    -1.04499e-02 >
195 R_BR3.BPM1L3.y_BR3.DHZ13L4 equality     .          255.45     1.67957e-01 >
196 R_BR3.BPM1L3.y_BR3.DHZ14L1 equality     .          262.43     7.71002e-02 >
197 R_BR3.BPM1L3.y_BR3.DHZ8L1 equality     .          258.63    -1.72634e-01 >
198 R_BR3.BPM1L3.y_BR3.DHZ9L1 equality     .          259.44     3.80240e-02 >
199 R_BR3.BPM1L3.y_BR3.DVT12L4 equality     .          256.37    -7.71465e-02 >
200 R_BR3.BPM1L3.y_BR3.DVT13L4 equality     .          256.87    -1.25033e-01 >
201 R_BR3.BPM1L3.y_BR3.DVT2L4 equality     .          256.8      4.31499e-02 >
202 R_BR3.BPM1L3.y_BR3.DVT6L4 equality     .          258.65     2.88943e-02 >
203 R_BR3.BPM1L3.y_BR3.DVT8L1 equality     .          254.6      1.21284e-01 >
204 R_BR3.BPM1L3.y_BR3.DVT9L1 equality     .          253.14    -9.21805e-02 >
205 R_BR3.BPM2L3.y_BR3.DHZ11L4 equality     .          193.57     1.48053e-02 >
206 R_BR3.BPM2L3.y_BR3.DHZ12L4 equality     .          196.23    -9.52797e-02 >
207 R_BR3.BPM2L3.y_BR3.DHZ13L4 equality     .          192.52    -4.29372e-02 >
208 R_BR3.BPM2L3.y_BR3.DHZ14L1 equality     .          193.77    -6.16010e-03 >
209 R_BR3.BPM2L3.y_BR3.DHZ8L1 equality     .          194.27    -3.41120e-02 >
210 R_BR3.BPM2L3.y_BR3.DHZ9L1 equality     .          193.68    -1.18945e-01 >
211 R_BR3.BPM2L3.y_BR3.DVT12L4 equality     .          194.6      2.85429e-02 >
212 R_BR3.BPM2L3.y_BR3.DVT13L4 equality     .          196.01     2.73620e-01 >
213 R_BR3.BPM2L3.y_BR3.DVT2L4 equality     .          197.7      1.04991e-01 >
214 R_BR3.BPM2L3.y_BR3.DVT6L4 equality     .          195.05     1.48854e-01 >
215 R_BR3.BPM2L3.y_BR3.DVT8L1 equality     .          197.51    -1.48576e-02 >
216 R_BR3.BPM2L3.y_BR3.DVT9L1 equality     .          198.1     -3.53806e-01 >
217 R_BR3.BPM3L3.y_BR3.DHZ11L4 equality     .          311.27     1.74733e-01 >
218 R_BR3.BPM3L3.y_BR3.DHZ12L4 equality     .          309.09     2.19430e-02 >
219 R_BR3.BPM3L3.y_BR3.DHZ13L4 equality     .          310.15    -2.11838e-01 >
220 R_BR3.BPM3L3.y_BR3.DHZ14L1 equality     .          307.56    -1.56420e-01 >
221 R_BR3.BPM3L3.y_BR3.DHZ8L1 equality     .          306.36     1.98658e-01 >
222 R_BR3.BPM3L3.y_BR3.DHZ9L1 equality     .          309.1     -2.16545e-02 >
223 R_BR3.BPM3L3.y_BR3.DVT12L4 equality     .          303.15    -3.39766e-02 >
224 R_BR3.BPM3L3.y_BR3.DVT13L4 equality     .          307.44    -6.77205e-02 >
225 R_BR3.BPM3L3.y_BR3.DVT2L4 equality     .          309.57     2.02989e-01 >
226 R_BR3.BPM3L3.y_BR3.DVT6L4 equality     .          307.66    -4.27643e-02 >
227 R_BR3.BPM3L3.y_BR3.DVT8L1 equality     .          304.37     1.96969e-02 >
228 R_BR3.BPM3L3.y_BR3.DVT9L1 equality     .          304.89     9.66814e-02 >
229 R_BR3.BPM4L3.y_BR3.DHZ11L4 equality     .          209.22    -6.43741e-02 >
230 R_BR3.BPM4L3.y_BR3.DHZ12L4 equality     .          208.96     5.01394e-02 >
231 R_BR3.BPM4L3.y_BR3.DHZ13L4 equality     .          209.79     3.95468e-02 >
232 R_BR3.BPM4L3.y_BR3.DHZ14L1 equality     .          208.88     4.70234e-04 >
233 R_BR3.BPM4L3.y_BR3.DHZ8L1 equality     .          207.13     2.23997e-03 >
234 R_BR3.BPM4L3.y_BR3.DHZ9L1 equality     .          210.25     1.00231e-01 >
235 R_BR3.BPM4L3.y_BR3.DVT12L4 equality     .          208.84    -7.38574e-01 >
236 R_BR3.BPM4L3.y_BR3.DVT13L4 equality     .          206.29    -2.87958e-02 >
237 R_BR3.BPM4L3.y_BR3.DVT2L4 equality     .          210.84     4.18601e-01 >
238 R_BR3.BPM4L3.y_BR3.DVT6L4 equality     .          211.58     5.76812e-01 >
239 R_BR3.BPM4L3.y_BR3.DVT8L1 equality     .          206.33    -1.80762e-01 >
240 R_BR3.BPM4L3.y_BR3.DVT9L1 equality     .          204.78    -6.69288e-02 >
241 R_BR3.BPM5L3.y_BR3.DHZ11L4 equality     .          300.85    -1.78699e-01 >
242 R_BR3.BPM5L3.y_BR3.DHZ12L4 equality     .          297.48    -2.60799e-02 >
243 R_BR3.BPM5L3.y_BR3.DHZ13L4 equality     .          298.35     2.04836e-01 >
244 R_BR3.BPM5L3.y_BR3.DHZ14L1 equality     .          298.9      1.43471e-01 >
245 R_BR3.BPM5L3.y_BR3.DHZ8L1 equality     .          299.5     -1.97119e-01 >
246 R_BR3.BPM5L3.y_BR3.DHZ9L1 equality     .          299.47     4.25378e-02 >
247 R_BR3.BPM5L3.y_BR3.DVT12L4 equality     .          297.94    -1.91431e-02 >
248 R_BR3.BPM5L3.y_BR3.DVT13L4 equality     .          294.97     1.62948e-01 >
249 R_BR3.BPM5L3.y_BR3.DVT2L4 equality     .          296.96    -1.89356e-01 >
250 R_BR3.BPM5L3.y_BR3.DVT6L4 equality     .          297.72     1.46205e-01 >
251 R_BR3.BPM5L3.y_BR3.DVT8L1 equality     .          297.17    -5.46186e-02 >
252 R_BR3.BPM5L3.y_BR3.DVT9L1 equality     .          298.36    -1.91786e-01 >
253 R_BR3.BPM6L3.y_BR3.DHZ11L4 equality     .          204.29     4.23001e-02 >
254 R_BR3.BPM6L3.y_BR3.DHZ12L4 equality     .          204.08    -7.17586e-02 >
255 R_BR3.BPM6L3.y_BR3.DHZ13L4 equality     .          204.5     -1.17875e-01 >
256 R_BR3.BPM6L3.y_BR3.DHZ14L1 equality     .          202.92    -1.17390e-01 >
257 R_BR3.BPM6L3.y_BR3.DHZ8L1 equality     .          202.96     6.73626e-02 >
258 R_BR3.BPM6L3.y_BR3.DHZ9L1 equality     .          205.1     -1.28307e-01 >
259 R_BR3.BPM6L3.y_BR3.DVT12L4 equality     .          201.2      6.80572e-01 >
260 R_BR3.BPM6L3.y_BR3.DVT13L4 equality     .          203.75    -1.99286e-02 >
261 R_BR3.BPM6L3.y_BR3.DVT2L4 equality     .          205.04    -2.95073e-01 >
262 R_BR3.BPM6L3.y_BR3.DVT6L4 equality     .          202.29    -5.16002e-01 >
263 R_BR3.BPM6L3.y_BR3.DVT8L1 equality     .          204.73     2.62392e-01 >
264 R_BR3.BPM6L3.y_BR3.DVT9L1 equality     .          199.77     4.34477e-02 >
265 R_BR3.BPM7L3.y_BR3.DHZ11L4 equality     .          245.73     1.94269e-01 >
266 R_BR3.BPM7L3.y_BR3.DHZ12L4 equality     .          247.94     4.92898e-02 >
267 R_BR3.BPM7L3.y_BR3.DHZ13L4 equality     .          242.87    -2.38281e-01 >
268 R_BR3.BPM7L3.y_BR3.DHZ14L1 equality     .          244.89    -1.76211e-01 >
269 R_BR3.BPM7L3.y_BR3.DHZ8L1 equality     .          247.74     2.13608e-01 >
270 R_BR3.BPM7L3.y_BR3.DHZ9L1 equality     .          245.22     6.22317e-05 >
271 R_BR3.BPM7L3.y_BR3.DVT12L4 equality     .          249.3     -1.84322e-01 >
272 R_BR3.BPM7L3.y_BR3.DVT13L4 equality     .          249.52     1.90970e-01 >
273 R_BR3.BPM7L3.y_BR3.DVT2L4 equality     .          254.12     1.20884e-01 >
274 R_BR3.BPM7L3.y_BR3.DVT6L4 equality     .          253.72    -4.07674e-02 >
275 R_BR3.BPM7L3.y_BR3.DVT8L1 equality     .          251.66    -1.61257e-01 >
276 R_BR3.BPM7L3.y_BR3.DVT9L1 equality     .          244.08     2.01450e-01 >
277 R_BR3.BPM8L3.y_BR3.DHZ11L4 equality     .          306.65     3.83333e-02 >
278 R_BR3.BPM8L3.y_BR3.DHZ12L4 equality     .          306.08     8.96942e-02 >
279 R_BR3.BPM8L3.y_BR3.DHZ13L4 equality     .          306.21    -2.12204e-02 >
280 R_BR3.BPM8L3.y_BR3.DHZ14L1 equality     .          304.82    -6.96141e-02 >
281 R_BR3.BPM8L3.y_BR3.DHZ8L1 equality     .          307.87     6.70864e-02 >
282 R_BR3.BPM8L3.y_BR3.DHZ9L1 equality     .          305.8      1.10913e-01 >
283 R_BR3.BPM8L3.y_BR3.DVT12L4 equality     .          305.08     1.02478e-01 >
284 R_BR3.BPM8L3.y_BR3.DVT13L4 equality     .          308.56    -3.45297e-02 >
285 R_BR3.BPM8L3.y_BR3.DVT2L4 equality     .          308.7     -3.50717e-01 >
286 R_BR3.BPM8L3.y_BR3.DVT6L4 equality     .          299.1      4.72621e-02 >
287 R_BR3.BPM8L3.y_BR3.DVT8L1 equality     .          308.1      3.47068e-01 >
288 R_BR3.BPM8L3.y_BR3.DVT9L1 equality     .          305.72     3.73233e-01 >
289 R_BR3.BPM9L3.y_BR3.DHZ11L4 equality     .          336.88    -1.86494e-01 >
290 R_BR3.BPM9L3.y_BR3.DHZ12L4 equality     .          333.83    -3.14445e-02 >
291 R_BR3.BPM9L3.y_BR3.DHZ13L4 equality     .          336.37     1.80367e-01 >
292 R_BR3.BPM9L3.y_BR3.DHZ14L1 equality     .          336.76     1.42196e-01 >
293 R_BR3.BPM9L3.y_BR3.DHZ8L1 equality     .          331.88    -1.07999e-01 >
294 R_BR3.BPM9L3.y_BR3.DHZ9L1 equality     .          334.24     4.53169e-03 >
295 R_BR3.BPM9L3.y_BR3.DVT12L4 equality     .          327.37    -3.53785e-01 >
296 R_BR3.BPM9L3.y_BR3.DVT13L4 equality     .          338.18     1.69237e-01 >
297 R_BR3.BPM9L3.y_BR3.DVT2L4 equality     .          336.5      9.32568e-02 >
298 R_BR3.BPM9L3.y_BR3.DVT6L4 equality     .          335.05     2.19861e-02 >
299 R_BR3.BPM9L3.y_BR3.DVT8L1 equality     .          335.16    -2.66033e-02 >
300 R_BR3.BPM9L3.y_BR3.DVT9L1 equality     .          333.29     2.03856e-01 >
301 R_BR3.BPM10L3.y_BR3.DHZ11L4 equality     .          365.38     9.90317e-02 >
302 R_BR3.BPM10L3.y_BR3.DHZ12L4 equality     .          361.1     -8.13324e-02 >
303 R_BR3.BPM10L3.y_BR3.DHZ13L4 equality     .          365.06    -9.21303e-02 >
304 R_BR3.BPM10L3.y_BR3.DHZ14L1 equality     .          360.05    -5.90163e-03 >
305 R_BR3.BPM10L3.y_BR3.DHZ8L1 equality     .          362.18    -4.09359e-02 >
306 R_BR3.BPM10L3.y_BR3.DHZ9L1 equality     .          360.3     -1.42695e-01 >
307 R_BR3.BPM10L3.y_BR3.DVT12L4 equality     .          353.68     2.59296e-02 >
308 R_BR3.BPM10L3.y_BR3.DVT13L4 equality     .          361.01    -1.64035e-01 >
309 R_BR3.BPM10L3.y_BR3.DVT2L4 equality     .          359.21     2.96000e-01 >
310 R_BR3.BPM10L3.y_BR3.DVT6L4 equality     .          357.42    -2.03164e-02 >
311 R_BR3.BPM10L3.y_BR3.DVT8L1 equality     .          358.72    -3.23070e-01 >
312 R_BR3.BPM10L3.y_BR3.DVT9L1 equality     .          358.93     4.36083e-02 >
313 R_BR3.BPM11L3.y_BR3.DHZ11L4 equality     .          314.76     2.00917e-01 >
314 R_BR3.BPM11L3.y_BR3.DHZ12L4 equality     .          315.18     1.02131e-01 >
315 R_BR3.BPM11L3.y_BR3.DHZ13L4 equality     .          316.42    -1.92160e-01 >
316 R_BR3.BPM11L3.y_BR3.DHZ14L1 equality     .          314.28    -1.71352e-01 >
317 R_BR3.BPM11L3.y_BR3.DHZ8L1 equality     .          316.55     1.73185e-01 >
318 R_BR3.BPM11L3.y_BR3.DHZ9L1 equality     .          316.05     1.57035e-02 >
319 R_BR3.BPM11L3.y_BR3.DVT12L4 equality     .          316.6     -4.48124e-02 >
320 R_BR3.BPM11L3.y_BR3.DVT13L4 equality     .          318.64     4.31730e-02 >
321 R_BR3.BPM11L3.y_BR3.DVT2L4 equality     .          315.94     1.52707e-02 >
322 R_BR3.BPM11L3.y_BR3.DVT6L4 equality     .          320.03     1.62608e-02 >
323 R_BR3.BPM11L3.y_BR3.DVT8L1 equality     .          315.62    -1.66565e-01 >
324 R_BR3.BPM11L3.y_BR3.DVT9L1 equality     .          314.61    -7.01089e-02 >
325 R_BR3.BPM12L3.y_BR3.DHZ11L4 equality     .          228.8      2.08705e-02 >
326 R_BR3.BPM12L3.y_BR3.DHZ12L4 equality     .          228.91     1.09072e-01 >
327 R_BR3.BPM12L3.y_BR3.DHZ13L4 equality     .          230.97     1.60491e-02 >
328 R_BR3.BPM12L3.y_BR3.DHZ14L1 equality     .          230.37    -1.40395e-02 >
329 R_BR3.BPM12L3.y_BR3.DHZ8L1 equality     .          229.93     6.25585e-02 >
330 R_BR3.BPM12L3.y_BR3.DHZ9L1 equality     .          229.83     6.67162e-02 >
331 R_BR3.BPM12L3.y_BR3.DVT12L4 equality     .          231.68    -5.64913e-01 >
332 R_BR3.BPM12L3.y_BR3.DVT13L4 equality     .          233.07     2.46293e-01 >
333 R_BR3.BPM12L3.y_BR3.DVT2L4 equality     .          235.5      7.30073e-02 >
334 R_BR3.BPM12L3.y_BR3.DVT6L4 equality     .          233.25     2.38295e-01 >
335 R_BR3.BPM12L3.y_BR3.DVT8L1 equality     .          234.35    -1.95962e-03 >
336 R_BR3.BPM12L3.y_BR3.DVT9L1 equality     .          229.28     8.29095e-03 >
337 R_BR3.BPM13L3.y_BR3.DHZ11L4 equality     .          314.55    -1.13676e-01 >
338 R_BR3.BPM13L3.y_BR3.DHZ12L4 equality     .          314.09    -2.70373e-02 >
339 R_BR3.BPM13L3.y_BR3.DHZ13L4 equality     .          315.96     2.00710e-01 >
340 R_BR3.BPM13L3.y_BR3.DHZ14L1 equality     .          314.14     1.66095e-01 >
341 R_BR3.BPM13L3.y_BR3.DHZ8L1 equality     .          315.03    -1.30630e-01 >
342 R_BR3.BPM13L3.y_BR3.DHZ9L1 equality     .          315.1      7.97189e-03 >
343 R_BR3.BPM13L3.y_BR3.DVT12L4 equality     .          317.15     8.70657e-02 >
344 R_BR3.BPM13L3.y_BR3.DVT13L4 equality     .          316.65     6.76104e-02 >
345 R_BR3.BPM13L3.y_BR3.DVT2L4 equality     .          317.63     6.49019e-02 >
346 R_BR3.BPM13L3.y_BR3.DVT6L4 equality     .          315.62    -4.34849e-02 >
347 R_BR3.BPM13L3.y_BR3.DVT8L1 equality     .          316.73     4.49515e-02 >
348 R_BR3.BPM13L3.y_BR3.DVT9L1 equality     .          321.44     1.23545e-01 >
349 R_BR3.BPM14L3.y_BR3.DHZ11L4 equality     .          244.66     1.37077e-02 >
350 R_BR3.BPM14L3.y_BR3.DHZ12L4 equality     .          243.67    -6.49733e-02 >
351 R_BR3.BPM14L3.y_BR3.DHZ13L4 equality     .          244.53     1.32736e-02 >
352 R_BR3.BPM14L3.y_BR3.DHZ14L1 equality     .          242.81     2.69270e-02 >
353 R_BR3.BPM14L3.y_BR3.DHZ8L1 equality     .          243.28    -4.27687e-02 >
354 R_BR3.BPM14L3.y_BR3.DHZ9L1 equality     .          245.34    -1.09202e-01 >
355 R_BR3.BPM14L3.y_BR3.DVT12L4 equality     .          242.94     1.58061e-01 >
356 R_BR3.BPM14L3.y_BR3.DVT13L4 equality     .          243.07     3.54665e-01 >
357 R_BR3.BPM14L3.y_BR3.DVT2L4 equality     .          245.05     1.17025e-01 >
358 R_BR3.BPM14L3.y_BR3.DVT6L4 equality     .          242.43     7.54909e-02 >
359 R_BR3.BPM14L3.y_BR3.DVT8L1 equality     .          244.61    -6.95361e-02 >
360 R_BR3.BPM14L3.y_BR3.DVT9L1 equality     .          244.38    -2.67561e-01 >
361 R_BR3.BPM15L3.y_BR3.DHZ11L4 equality     .          334.51     1.37667e-01 >
362 R_BR3.BPM15L3.y_BR3.DHZ12L4 equality     .          333.44     8.57812e-02 >
363 R_BR3.BPM15L3.y_BR3.DHZ13L4 equality     .          334.64    -1.94806e-01 >
364 R_BR3.BPM15L3.y_BR3.DHZ14L1 equality     .          335.39    -1.50394e-01 >
365 R_BR3.BPM15L3.y_BR3.DHZ8L1 equality     .          335.75     1.64294e-01 >
366 R_BR3.BPM15L3.y_BR3.DHZ9L1 equality     .          333.43     4.57351e-02 >
367 R_BR3.BPM15L3.y_BR3.DVT12L4 equality     .          333.67    -8.72051e-02 >
368 R_BR3.BPM15L3.y_BR3.DVT13L4 equality     .          332.45    -7.47159e-02 >
369 R_BR3.BPM15L3.y_BR3.DVT2L4 equality     .          339.53    -1.76709e-01 >
370 R_BR3.BPM15L3.y_BR3.DVT6L4 equality     .          337.55    -2.36433e-02 >
371 R_BR3.BPM15L3.y_BR3.DVT8L1 equality     .          338.21     5.73644e-02 >
372 R_BR3.BPM15L3.y_BR3.DVT9L1 equality     .          337.47    -8.43166e-02 >
373 R_BR3.BPM16L3.y_BR3.DHZ11L4 equality     .          367.37     4.71367e-02 >
374 R_BR3.BPM16L3.y_BR3.DHZ12L4 equality     .          367.91     7.48069e-02 >
375 R_BR3.BPM16L3.y_BR3.DHZ13L4 equality     .          368.33    -1.99233e-02 >
376 R_BR3.BPM16L3.y_BR3.DHZ14L1 equality     .          367.79    -2.27470e-02 >
377 R_BR3.BPM16L3.y_BR3.DHZ8L1 equality     .          369.47     6.54760e-02 >
378 R_BR3.BPM16L3.y_BR3.DHZ9L1 equality     .          365.49     1.05904e-01 >
379 R_BR3.BPM16L3.y_BR3.DVT12L4 equality     .          363.83    -9.57619e-03 >
380 R_BR3.BPM16L3.y_BR3.DVT13L4 equality     .          364.82    -2.07947e-01 >
381 R_BR3.BPM16L3.y_BR3.DVT2L4 equality     .          370.96    -7.01516e-02 >
382 R_BR3.BPM16L3.y_BR3.DVT6L4 equality     .          368.48    -1.44731e-01 >
383 R_BR3.BPM16L3.y_BR3.DVT8L1 equality     .          369.37    -2.43867e-02 >
384 R_BR3.BPM16L3.y_BR3.DVT9L1 equality     .          364.81     3.76630e-01 >

 Variables                  Curr. Value  Curr. Step   Lower Limit  Upper Limit
--------------------------------------------------------------------------------
 1 BR.QFOCELL1.dk1l         3.24158e-03  1.28034e-04   .            .         
 2 BR.QDE1.dk1l            -1.90136e-03 -1.17746e-04   .            .         
 3 BR.QFOCELL2.dk1l         6.93716e-06  2.78699e-05   .            .         
 4 BR.QDE2.dk1l            -4.30975e-04 -2.70544e-05   .            .         
 5 BR.QFOCELL3.dk1l        -7.98793e-03 -2.33436e-05   .            .         
 6 BR.QDE3.dk1l             5.82478e-03  2.16514e-05   .            .         
 7 BR.QFOCELL4.dk1l         3.53200e-03  6.23051e-05   .            .         
 8 BR.QDE4.dk1l            -3.78736e-03 -5.56878e-05   .            .         
 9 BR.QFOCELL5.dk1l         1.34047e-02 -8.02588e-06   .            .         
10 BR.QDE5.dk1l            -1.33897e-02  9.47003e-06   .            .         
11 BR.QFOCELL6.dk1l        -7.03160e-03 -2.16286e-04   .            .         
12 BR.QDE6.dk1l             7.85971e-03  2.03605e-04   .            .         
13 BR.QFOCELL7.dk1l        -4.32123e-03 -1.37901e-04   .            .         
14 BR.QDE7.dk1l             5.59570e-03  1.28245e-04   .            .         
15 BR.QFOCELL8.dk1l         1.81444e-02  3.96203e-04   .            .         
16 BR.QDE8.dk1l            -1.88230e-02 -3.53462e-04   .            .         
17 BR.QFOCELL9.dk1l         1.18514e-02  2.06799e-04   .            .         
18 BR.QDE9.dk1l            -1.23208e-02 -1.91102e-04   .            .         
19 BR.QFOCELL10.dk1l       -1.21648e-02 -3.41331e-04   .            .         
20 BR.QDE10.dk1l            1.29512e-02  3.16585e-04   .            .         
21 BR.QFOCELL11.dk1l       -4.35273e-03 -9.83029e-05   .            .         
22 BR.QDE11.dk1l            2.40082e-03  9.62690e-05   .            .         
23 BR.QFOCELL12.dk1l        2.02009e-03  4.03452e-05   .            .         
24 BR.QDE12.dk1l           -2.40669e-03 -3.44257e-05   .            .         
25 BR.QFOCELL13.dk1l        1.73185e-02 -6.21657e-05   .            .         
26 BR.QDE13.dk1l           -1.79475e-02  5.87355e-05   .            .         
27 BR.QFOCELL14.dk1l        7.43507e-03 -2.90648e-05   .            .         
28 BR.QDE14.dk1l           -8.03634e-03  2.65417e-05   .            .         
29 BR.QFOCELL15.dk1l       -1.19585e-02  3.51497e-05   .            .         
30 BR.QDE15.dk1l            1.03099e-02 -3.34101e-05   .            .         
31 BR.QFOCELL16.dk1l       -1.08997e-03 -5.83525e-05   .            .         
32 BR.QDE16.dk1l            2.33705e-03  5.33624e-05   .            .         

ncall=133 [3.4s], fval=2.74388e-01, fstp=-9.32879e-06, ccnt=384.


 Constraints                Type        Kind        Weight     Expr. Value
------------------------------------------------------------------------------
 1 R_BR3.BPM1L3.x_BR3.DHZ11L4 equality     .          254.66     6.03052e-01 >
 2 R_BR3.BPM1L3.x_BR3.DHZ12L4 equality     .          253.14     3.53076e-01 >
 3 R_BR3.BPM1L3.x_BR3.DHZ13L4 equality     .          247.69     5.94297e-01 >
 4 R_BR3.BPM1L3.x_BR3.DHZ14L1 equality     .          252.82     3.01855e-01 >
 5 R_BR3.BPM1L3.x_BR3.DHZ8L1 equality     .          254.13    -9.40484e-02 >
 6 R_BR3.BPM1L3.x_BR3.DHZ9L1 equality     .          249.92    -1.05709e-01 >
 7 R_BR3.BPM1L3.x_BR3.DVT12L4 equality     .          253.72     1.80994e-01 >
 8 R_BR3.BPM1L3.x_BR3.DVT13L4 equality     .          258.5      1.49055e-01 >
 9 R_BR3.BPM1L3.x_BR3.DVT2L4 equality     .          259.45    -1.31573e-01 >
10 R_BR3.BPM1L3.x_BR3.DVT6L4 equality     .          255.36    -8.31752e-03 >
11 R_BR3.BPM1L3.x_BR3.DVT8L1 equality     .          251.55    -3.64240e-02 >
12 R_BR3.BPM1L3.x_BR3.DVT9L1 equality     .          254.26     1.54380e-01 >
13 R_BR3.BPM2L3.x_BR3.DHZ11L4 equality     .          155.27     4.11665e-01 >
14 R_BR3.BPM2L3.x_BR3.DHZ12L4 equality     .          156.88     5.94401e-01 >
15 R_BR3.BPM2L3.x_BR3.DHZ13L4 equality     .          155.84     9.09352e-01 >
16 R_BR3.BPM2L3.x_BR3.DHZ14L1 equality     .          155.85     1.23571e+00 >
17 R_BR3.BPM2L3.x_BR3.DHZ8L1 equality     .          157.76     2.30784e-01 >
18 R_BR3.BPM2L3.x_BR3.DHZ9L1 equality     .          156.58    -5.07203e-02 >
19 R_BR3.BPM2L3.x_BR3.DVT12L4 equality     .          157.29     5.43118e-02 >
20 R_BR3.BPM2L3.x_BR3.DVT13L4 equality     .          156.68     3.21147e-02 >
21 R_BR3.BPM2L3.x_BR3.DVT2L4 equality     .          156.36     1.71160e-02 >
22 R_BR3.BPM2L3.x_BR3.DVT6L4 equality     .          157.45     1.25084e-01 >
23 R_BR3.BPM2L3.x_BR3.DVT8L1 equality     .          155.43    -2.55170e-03 >
24 R_BR3.BPM2L3.x_BR3.DVT9L1 equality     .          154.89     7.94031e-03 >
25 R_BR3.BPM3L3.x_BR3.DHZ11L4 equality     .          303.95     5.77064e-01 >
26 R_BR3.BPM3L3.x_BR3.DHZ12L4 equality     .          302.28     4.43933e-02 >
27 R_BR3.BPM3L3.x_BR3.DHZ13L4 equality     .          296.52     1.65335e-01 >
28 R_BR3.BPM3L3.x_BR3.DHZ14L1 equality     .          301.62     3.29505e-01 >
29 R_BR3.BPM3L3.x_BR3.DHZ8L1 equality     .          307.07     9.93002e-01 >
30 R_BR3.BPM3L3.x_BR3.DHZ9L1 equality     .          304.26    -4.50762e-01 >
31 R_BR3.BPM3L3.x_BR3.DVT12L4 equality     .          303.71     3.18235e-03 >
32 R_BR3.BPM3L3.x_BR3.DVT13L4 equality     .          308.93    -2.67705e-01 >
33 R_BR3.BPM3L3.x_BR3.DVT2L4 equality     .          308.62     6.00947e-02 >
34 R_BR3.BPM3L3.x_BR3.DVT6L4 equality     .          301.48     1.59374e-01 >
35 R_BR3.BPM3L3.x_BR3.DVT8L1 equality     .          307.83     1.31889e-01 >
36 R_BR3.BPM3L3.x_BR3.DVT9L1 equality     .          306.9     -3.87886e-02 >
37 R_BR3.BPM4L3.x_BR3.DHZ11L4 equality     .          197.62     3.61517e-01 >
38 R_BR3.BPM4L3.x_BR3.DHZ12L4 equality     .          201.32    -7.69776e-02 >
39 R_BR3.BPM4L3.x_BR3.DHZ13L4 equality     .          197.32     3.47347e-01 >
40 R_BR3.BPM4L3.x_BR3.DHZ14L1 equality     .          201.26    -1.99493e-01 >
41 R_BR3.BPM4L3.x_BR3.DHZ8L1 equality     .          200.39     3.04072e-01 >
42 R_BR3.BPM4L3.x_BR3.DHZ9L1 equality     .          202.61    -3.43723e-01 >
43 R_BR3.BPM4L3.x_BR3.DVT12L4 equality     .          195.76     1.09690e-01 >
44 R_BR3.BPM4L3.x_BR3.DVT13L4 equality     .          197.42    -1.92386e-01 >
45 R_BR3.BPM4L3.x_BR3.DVT2L4 equality     .          199.38    -2.04107e-01 >
46 R_BR3.BPM4L3.x_BR3.DVT6L4 equality     .          198.44     3.52965e-02 >
47 R_BR3.BPM4L3.x_BR3.DVT8L1 equality     .          195.82     1.16256e-01 >
48 R_BR3.BPM4L3.x_BR3.DVT9L1 equality     .          196.53     3.75437e-02 >
49 R_BR3.BPM5L3.x_BR3.DHZ11L4 equality     .          321.86     6.96239e-01 >
50 R_BR3.BPM5L3.x_BR3.DHZ12L4 equality     .          324        2.60120e-01 >
51 R_BR3.BPM5L3.x_BR3.DHZ13L4 equality     .          320.22     6.51367e-01 >
52 R_BR3.BPM5L3.x_BR3.DHZ14L1 equality     .          315.57     5.58067e-01 >
53 R_BR3.BPM5L3.x_BR3.DHZ8L1 equality     .          334.56    -5.60597e-02 >
54 R_BR3.BPM5L3.x_BR3.DHZ9L1 equality     .          333.04    -2.04640e-01 >
55 R_BR3.BPM5L3.x_BR3.DVT12L4 equality     .          328.02     1.29409e-01 >
56 R_BR3.BPM5L3.x_BR3.DVT13L4 equality     .          338.46     1.27357e-01 >
57 R_BR3.BPM5L3.x_BR3.DVT2L4 equality     .          333.03    -1.98652e-01 >
58 R_BR3.BPM5L3.x_BR3.DVT6L4 equality     .          328.88     3.88222e-03 >
59 R_BR3.BPM5L3.x_BR3.DVT8L1 equality     .          328.84    -6.28798e-02 >
60 R_BR3.BPM5L3.x_BR3.DVT9L1 equality     .          333.2      1.08436e-01 >
61 R_BR3.BPM6L3.x_BR3.DHZ11L4 equality     .          199.4      6.28285e-01 >
62 R_BR3.BPM6L3.x_BR3.DHZ12L4 equality     .          197.81     6.32804e-01 >
63 R_BR3.BPM6L3.x_BR3.DHZ13L4 equality     .          198.97     7.07850e-01 >
64 R_BR3.BPM6L3.x_BR3.DHZ14L1 equality     .          195.6      1.03103e+00 >
65 R_BR3.BPM6L3.x_BR3.DHZ8L1 equality     .          198.79     6.48588e-01 >
66 R_BR3.BPM6L3.x_BR3.DHZ9L1 equality     .          199.44    -7.78228e-02 >
67 R_BR3.BPM6L3.x_BR3.DVT12L4 equality     .          200.97     6.61691e-03 >
68 R_BR3.BPM6L3.x_BR3.DVT13L4 equality     .          201.13    -3.26984e-02 >
69 R_BR3.BPM6L3.x_BR3.DVT2L4 equality     .          203.01     1.83535e-02 >
70 R_BR3.BPM6L3.x_BR3.DVT6L4 equality     .          200.9      1.30596e-01 >
71 R_BR3.BPM6L3.x_BR3.DVT8L1 equality     .          200.31     1.05403e-02 >
72 R_BR3.BPM6L3.x_BR3.DVT9L1 equality     .          200.46    -3.10702e-02 >
73 R_BR3.BPM7L3.x_BR3.DHZ11L4 equality     .          222.8      5.52699e-02 >
74 R_BR3.BPM7L3.x_BR3.DHZ12L4 equality     .          225.34     1.63316e-01 >
75 R_BR3.BPM7L3.x_BR3.DHZ13L4 equality     .          220.25     6.89532e-01 >
76 R_BR3.BPM7L3.x_BR3.DHZ14L1 equality     .          225.48     5.81841e-01 >
77 R_BR3.BPM7L3.x_BR3.DHZ8L1 equality     .          225.4      5.88545e-01 >
78 R_BR3.BPM7L3.x_BR3.DHZ9L1 equality     .          222.1     -2.38718e-01 >
79 R_BR3.BPM7L3.x_BR3.DVT12L4 equality     .          225.86    -2.07145e-02 >
80 R_BR3.BPM7L3.x_BR3.DVT13L4 equality     .          221.49    -2.91393e-01 >
81 R_BR3.BPM7L3.x_BR3.DVT2L4 equality     .          225.42    -1.69971e-03 >
82 R_BR3.BPM7L3.x_BR3.DVT6L4 equality     .          226.6      2.42948e-01 >
83 R_BR3.BPM7L3.x_BR3.DVT8L1 equality     .          225.55     1.48664e-01 >
84 R_BR3.BPM7L3.x_BR3.DVT9L1 equality     .          222.35    -3.80565e-02 >
85 R_BR3.BPM8L3.x_BR3.DHZ11L4 equality     .          330.8      1.02961e-01 >
86 R_BR3.BPM8L3.x_BR3.DHZ12L4 equality     .          333.31     2.99843e-02 >
87 R_BR3.BPM8L3.x_BR3.DHZ13L4 equality     .          330.27     6.93749e-01 >
88 R_BR3.BPM8L3.x_BR3.DHZ14L1 equality     .          326.41     9.93629e-02 >
89 R_BR3.BPM8L3.x_BR3.DHZ8L1 equality     .          338.18     3.81247e-01 >
90 R_BR3.BPM8L3.x_BR3.DHZ9L1 equality     .          333.86    -2.02517e-01 >
91 R_BR3.BPM8L3.x_BR3.DVT12L4 equality     .          329.82     1.00733e-01 >
92 R_BR3.BPM8L3.x_BR3.DVT13L4 equality     .          332.74    -1.58241e-01 >
93 R_BR3.BPM8L3.x_BR3.DVT2L4 equality     .          335.17    -1.57453e-01 >
94 R_BR3.BPM8L3.x_BR3.DVT6L4 equality     .          330.59     6.83091e-02 >
95 R_BR3.BPM8L3.x_BR3.DVT8L1 equality     .          329.77     1.96850e-01 >
96 R_BR3.BPM8L3.x_BR3.DVT9L1 equality     .          333.4      6.80362e-02 >
97 R_BR3.BPM9L3.x_BR3.DHZ11L4 equality     .          297.95     6.52043e-01 >
98 R_BR3.BPM9L3.x_BR3.DHZ12L4 equality     .          272.29    -1.91090e-01 >
99 R_BR3.BPM9L3.x_BR3.DHZ13L4 equality     .          292.4      7.08896e-01 >
100 R_BR3.BPM9L3.x_BR3.DHZ14L1 equality     .          288.77     9.39099e-01 >
101 R_BR3.BPM9L3.x_BR3.DHZ8L1 equality     .          281.34    -1.65784e-01 >
102 R_BR3.BPM9L3.x_BR3.DHZ9L1 equality     .          299.8     -1.90403e-01 >
103 R_BR3.BPM9L3.x_BR3.DVT12L4 equality     .          268.81     7.03952e-02 >
104 R_BR3.BPM9L3.x_BR3.DVT13L4 equality     .          281.73     9.42599e-02 >
105 R_BR3.BPM9L3.x_BR3.DVT2L4 equality     .          278.17    -1.56060e-01 >
106 R_BR3.BPM9L3.x_BR3.DVT6L4 equality     .          276.41    -4.04015e-02 >
107 R_BR3.BPM9L3.x_BR3.DVT8L1 equality     .          274.35     3.74916e-02 >
108 R_BR3.BPM9L3.x_BR3.DVT9L1 equality     .          275.55     1.83268e-01 >
109 R_BR3.BPM10L3.x_BR3.DHZ11L4 equality     .          315.77     9.42117e-01 >
110 R_BR3.BPM10L3.x_BR3.DHZ12L4 equality     .          318.58     6.75732e-01 >
111 R_BR3.BPM10L3.x_BR3.DHZ13L4 equality     .          309.41     2.76135e-01 >
112 R_BR3.BPM10L3.x_BR3.DHZ14L1 equality     .          313.99     6.62612e-01 >
113 R_BR3.BPM10L3.x_BR3.DHZ8L1 equality     .          329.56     1.67062e-02 >
114 R_BR3.BPM10L3.x_BR3.DHZ9L1 equality     .          324.29    -1.18771e-02 >
115 R_BR3.BPM10L3.x_BR3.DVT12L4 equality     .          320.67     2.34262e-02 >
116 R_BR3.BPM10L3.x_BR3.DVT13L4 equality     .          326.05    -6.53093e-02 >
117 R_BR3.BPM10L3.x_BR3.DVT2L4 equality     .          321.72    -1.68093e-02 >
118 R_BR3.BPM10L3.x_BR3.DVT6L4 equality     .          316.33     1.70760e-01 >
119 R_BR3.BPM10L3.x_BR3.DVT8L1 equality     .          321.28    -1.14005e-01 >
120 R_BR3.BPM10L3.x_BR3.DVT9L1 equality     .          322.27    -1.89299e-03 >
121 R_BR3.BPM11L3.x_BR3.DHZ11L4 equality     .          318.4     -2.34306e-01 >
122 R_BR3.BPM11L3.x_BR3.DHZ12L4 equality     .          316.84     4.59802e-01 >
123 R_BR3.BPM11L3.x_BR3.DHZ13L4 equality     .          313.46     8.62572e-01 >
124 R_BR3.BPM11L3.x_BR3.DHZ14L1 equality     .          316.5      3.92654e-01 >
125 R_BR3.BPM11L3.x_BR3.DHZ8L1 equality     .          322.48     1.65174e-01 >
126 R_BR3.BPM11L3.x_BR3.DHZ9L1 equality     .          321.48    -9.65151e-02 >
127 R_BR3.BPM11L3.x_BR3.DVT12L4 equality     .          318.33     6.09048e-02 >
128 R_BR3.BPM11L3.x_BR3.DVT13L4 equality     .          322.38    -2.62641e-01 >
129 R_BR3.BPM11L3.x_BR3.DVT2L4 equality     .          327.17    -4.90954e-02 >
130 R_BR3.BPM11L3.x_BR3.DVT6L4 equality     .          321.19     1.87024e-01 >
131 R_BR3.BPM11L3.x_BR3.DVT8L1 equality     .          320.15     1.37690e-01 >
132 R_BR3.BPM11L3.x_BR3.DVT9L1 equality     .          320.39    -1.16479e-01 >
133 R_BR3.BPM12L3.x_BR3.DHZ11L4 equality     .          234.16     2.47515e-01 >
134 R_BR3.BPM12L3.x_BR3.DHZ12L4 equality     .          230.83     2.34284e-01 >
135 R_BR3.BPM12L3.x_BR3.DHZ13L4 equality     .          231.79     1.00651e+00 >
136 R_BR3.BPM12L3.x_BR3.DHZ14L1 equality     .          231.46     3.11301e-01 >
137 R_BR3.BPM12L3.x_BR3.DHZ8L1 equality     .          232.67     5.07911e-01 >
138 R_BR3.BPM12L3.x_BR3.DHZ9L1 equality     .          233.71    -2.82637e-01 >
139 R_BR3.BPM12L3.x_BR3.DVT12L4 equality     .          232.44     9.86619e-02 >
140 R_BR3.BPM12L3.x_BR3.DVT13L4 equality     .          233.15    -1.08582e-01 >
141 R_BR3.BPM12L3.x_BR3.DVT2L4 equality     .          236.74    -1.73795e-01 >
142 R_BR3.BPM12L3.x_BR3.DVT6L4 equality     .          234.59     1.55338e-02 >
143 R_BR3.BPM12L3.x_BR3.DVT8L1 equality     .          233.61     1.63384e-01 >
144 R_BR3.BPM12L3.x_BR3.DVT9L1 equality     .          233.78     5.12054e-02 >
145 R_BR3.BPM13L3.x_BR3.DHZ11L4 equality     .          287.77     9.08939e-01 >
146 R_BR3.BPM13L3.x_BR3.DHZ12L4 equality     .          285.96     3.07126e-01 >
147 R_BR3.BPM13L3.x_BR3.DHZ13L4 equality     .          283.18     5.70146e-01 >
148 R_BR3.BPM13L3.x_BR3.DHZ14L1 equality     .          282.28     7.55579e-01 >
149 R_BR3.BPM13L3.x_BR3.DHZ8L1 equality     .          295.99     2.46967e-01 >
150 R_BR3.BPM13L3.x_BR3.DHZ9L1 equality     .          292.16    -1.61368e-01 >
151 R_BR3.BPM13L3.x_BR3.DVT12L4 equality     .          290.89     1.82194e-01 >
152 R_BR3.BPM13L3.x_BR3.DVT13L4 equality     .          294.3      1.12137e-01 >
153 R_BR3.BPM13L3.x_BR3.DVT2L4 equality     .          292.97    -1.53329e-01 >
154 R_BR3.BPM13L3.x_BR3.DVT6L4 equality     .          287.15    -5.53837e-03 >
155 R_BR3.BPM13L3.x_BR3.DVT8L1 equality     .          285.69    -6.54268e-02 >
156 R_BR3.BPM13L3.x_BR3.DVT9L1 equality     .          292.76     1.86181e-01 >
157 R_BR3.BPM14L3.x_BR3.DHZ11L4 equality     .          212.11     8.83162e-01 >
158 R_BR3.BPM14L3.x_BR3.DHZ12L4 equality     .          208.11     2.21985e-01 >
159 R_BR3.BPM14L3.x_BR3.DHZ13L4 equality     .          212.49     5.92773e-01 >
160 R_BR3.BPM14L3.x_BR3.DHZ14L1 equality     .          211.35     1.08844e+00 >
161 R_BR3.BPM14L3.x_BR3.DHZ8L1 equality     .          212.13     4.33644e-01 >
162 R_BR3.BPM14L3.x_BR3.DHZ9L1 equality     .          214.15    -4.68464e-01 >
163 R_BR3.BPM14L3.x_BR3.DVT12L4 equality     .          213.12    -7.04763e-02 >
164 R_BR3.BPM14L3.x_BR3.DVT13L4 equality     .          213.96     9.75380e-02 >
165 R_BR3.BPM14L3.x_BR3.DVT2L4 equality     .          214.27     1.89079e-02 >
166 R_BR3.BPM14L3.x_BR3.DVT6L4 equality     .          212.55     1.74277e-01 >
167 R_BR3.BPM14L3.x_BR3.DVT8L1 equality     .          213.83    -7.29081e-02 >
168 R_BR3.BPM14L3.x_BR3.DVT9L1 equality     .          212.93    -1.14492e-02 >
169 R_BR3.BPM15L3.x_BR3.DHZ11L4 equality     .          314.12     1.43731e-01 >
170 R_BR3.BPM15L3.x_BR3.DHZ12L4 equality     .          311.28     5.27027e-01 >
171 R_BR3.BPM15L3.x_BR3.DHZ13L4 equality     .          309.37     7.49938e-01 >
172 R_BR3.BPM15L3.x_BR3.DHZ14L1 equality     .          310.85     7.91107e-01 >
173 R_BR3.BPM15L3.x_BR3.DHZ8L1 equality     .          315.11     6.97267e-01 >
174 R_BR3.BPM15L3.x_BR3.DHZ9L1 equality     .          314.91     6.90882e-03 >
175 R_BR3.BPM15L3.x_BR3.DVT12L4 equality     .          315.91    -3.89915e-02 >
176 R_BR3.BPM15L3.x_BR3.DVT13L4 equality     .          319.03    -3.10740e-01 >
177 R_BR3.BPM15L3.x_BR3.DVT2L4 equality     .          321.11    -8.59123e-02 >
178 R_BR3.BPM15L3.x_BR3.DVT6L4 equality     .          317.53     1.29909e-01 >
179 R_BR3.BPM15L3.x_BR3.DVT8L1 equality     .          314.27     1.46397e-01 >
180 R_BR3.BPM15L3.x_BR3.DVT9L1 equality     .          315.87    -8.41251e-02 >
181 R_BR3.BPM16L3.x_BR3.DHZ11L4 equality     .          339.29     2.04054e-01 >
182 R_BR3.BPM16L3.x_BR3.DHZ12L4 equality     .          336.35     2.91930e-01 >
183 R_BR3.BPM16L3.x_BR3.DHZ13L4 equality     .          336.73     4.05056e-01 >
184 R_BR3.BPM16L3.x_BR3.DHZ14L1 equality     .          333.34    -1.90075e-01 >
185 R_BR3.BPM16L3.x_BR3.DHZ8L1 equality     .          339.6      3.81969e-01 >
186 R_BR3.BPM16L3.x_BR3.DHZ9L1 equality     .          335.27     2.07894e-02 >
187 R_BR3.BPM16L3.x_BR3.DVT12L4 equality     .          330.25     1.22178e-01 >
188 R_BR3.BPM16L3.x_BR3.DVT13L4 equality     .          328.68    -2.40861e-01 >
189 R_BR3.BPM16L3.x_BR3.DVT2L4 equality     .          330.96    -2.08351e-01 >
190 R_BR3.BPM16L3.x_BR3.DVT6L4 equality     .          334.9     -1.49223e-02 >
191 R_BR3.BPM16L3.x_BR3.DVT8L1 equality     .          331.05     1.26304e-01 >
192 R_BR3.BPM16L3.x_BR3.DVT9L1 equality     .          327.14     6.32454e-02 >
193 R_BR3.BPM1L3.y_BR3.DHZ11L4 equality     .          257.57    -1.54872e-01 >
194 R_BR3.BPM1L3.y_BR3.DHZ12L4 equality     .          257.44    -1.04499e-02 >
195 R_BR3.BPM1L3.y_BR3.DHZ13L4 equality     .          255.45     1.67958e-01 >
196 R_BR3.BPM1L3.y_BR3.DHZ14L1 equality     .          262.43     7.71007e-02 >
197 R_BR3.BPM1L3.y_BR3.DHZ8L1 equality     .          258.63    -1.72635e-01 >
198 R_BR3.BPM1L3.y_BR3.DHZ9L1 equality     .          259.44     3.80243e-02 >
199 R_BR3.BPM1L3.y_BR3.DVT12L4 equality     .          256.37    -7.71222e-02 >
200 R_BR3.BPM1L3.y_BR3.DVT13L4 equality     .          256.87    -1.24986e-01 >
201 R_BR3.BPM1L3.y_BR3.DVT2L4 equality     .          256.8      4.32503e-02 >
202 R_BR3.BPM1L3.y_BR3.DVT6L4 equality     .          258.65     2.89068e-02 >
203 R_BR3.BPM1L3.y_BR3.DVT8L1 equality     .          254.6      1.21258e-01 >
204 R_BR3.BPM1L3.y_BR3.DVT9L1 equality     .          253.14    -9.22155e-02 >
205 R_BR3.BPM2L3.y_BR3.DHZ11L4 equality     .          193.57     1.48052e-02 >
206 R_BR3.BPM2L3.y_BR3.DHZ12L4 equality     .          196.23    -9.52792e-02 >
207 R_BR3.BPM2L3.y_BR3.DHZ13L4 equality     .          192.52    -4.29371e-02 >
208 R_BR3.BPM2L3.y_BR3.DHZ14L1 equality     .          193.77    -6.16027e-03 >
209 R_BR3.BPM2L3.y_BR3.DHZ8L1 equality     .          194.27    -3.41118e-02 >
210 R_BR3.BPM2L3.y_BR3.DHZ9L1 equality     .          193.68    -1.18944e-01 >
211 R_BR3.BPM2L3.y_BR3.DVT12L4 equality     .          194.6      2.84661e-02 >
212 R_BR3.BPM2L3.y_BR3.DVT13L4 equality     .          196.01     2.73618e-01 >
213 R_BR3.BPM2L3.y_BR3.DVT2L4 equality     .          197.7      1.05132e-01 >
214 R_BR3.BPM2L3.y_BR3.DVT6L4 equality     .          195.05     1.48941e-01 >
215 R_BR3.BPM2L3.y_BR3.DVT8L1 equality     .          197.51    -1.49013e-02 >
216 R_BR3.BPM2L3.y_BR3.DVT9L1 equality     .          198.1     -3.53852e-01 >
217 R_BR3.BPM3L3.y_BR3.DHZ11L4 equality     .          311.27     1.74733e-01 >
218 R_BR3.BPM3L3.y_BR3.DHZ12L4 equality     .          309.09     2.19431e-02 >
219 R_BR3.BPM3L3.y_BR3.DHZ13L4 equality     .          310.15    -2.11838e-01 >
220 R_BR3.BPM3L3.y_BR3.DHZ14L1 equality     .          307.56    -1.56420e-01 >
221 R_BR3.BPM3L3.y_BR3.DHZ8L1 equality     .          306.36     1.98659e-01 >
222 R_BR3.BPM3L3.y_BR3.DHZ9L1 equality     .          309.1     -2.16548e-02 >
223 R_BR3.BPM3L3.y_BR3.DVT12L4 equality     .          303.15    -3.39650e-02 >
224 R_BR3.BPM3L3.y_BR3.DVT13L4 equality     .          307.44    -6.76678e-02 >
225 R_BR3.BPM3L3.y_BR3.DVT2L4 equality     .          309.57     2.02992e-01 >
226 R_BR3.BPM3L3.y_BR3.DVT6L4 equality     .          307.66    -4.27571e-02 >
227 R_BR3.BPM3L3.y_BR3.DVT8L1 equality     .          304.37     1.96730e-02 >
228 R_BR3.BPM3L3.y_BR3.DVT9L1 equality     .          304.89     9.67470e-02 >
229 R_BR3.BPM4L3.y_BR3.DHZ11L4 equality     .          209.22    -6.43741e-02 >
230 R_BR3.BPM4L3.y_BR3.DHZ12L4 equality     .          208.96     5.01389e-02 >
231 R_BR3.BPM4L3.y_BR3.DHZ13L4 equality     .          209.79     3.95469e-02 >
232 R_BR3.BPM4L3.y_BR3.DHZ14L1 equality     .          208.88     4.70513e-04 >
233 R_BR3.BPM4L3.y_BR3.DHZ8L1 equality     .          207.13     2.23967e-03 >
234 R_BR3.BPM4L3.y_BR3.DHZ9L1 equality     .          210.25     1.00231e-01 >
235 R_BR3.BPM4L3.y_BR3.DVT12L4 equality     .          208.84    -7.38699e-01 >
236 R_BR3.BPM4L3.y_BR3.DVT13L4 equality     .          206.29    -2.87501e-02 >
237 R_BR3.BPM4L3.y_BR3.DVT2L4 equality     .          210.84     4.18599e-01 >
238 R_BR3.BPM4L3.y_BR3.DVT6L4 equality     .          211.58     5.76913e-01 >
239 R_BR3.BPM4L3.y_BR3.DVT8L1 equality     .          206.33    -1.80761e-01 >
240 R_BR3.BPM4L3.y_BR3.DVT9L1 equality     .          204.78    -6.70129e-02 >
241 R_BR3.BPM5L3.y_BR3.DHZ11L4 equality     .          300.85    -1.78699e-01 >
242 R_BR3.BPM5L3.y_BR3.DHZ12L4 equality     .          297.48    -2.60801e-02 >
243 R_BR3.BPM5L3.y_BR3.DHZ13L4 equality     .          298.35     2.04837e-01 >
244 R_BR3.BPM5L3.y_BR3.DHZ14L1 equality     .          298.9      1.43471e-01 >
245 R_BR3.BPM5L3.y_BR3.DHZ8L1 equality     .          299.5     -1.97120e-01 >
246 R_BR3.BPM5L3.y_BR3.DHZ9L1 equality     .          299.47     4.25379e-02 >
247 R_BR3.BPM5L3.y_BR3.DVT12L4 equality     .          297.94    -1.91524e-02 >
248 R_BR3.BPM5L3.y_BR3.DVT13L4 equality     .          294.97     1.63166e-01 >
249 R_BR3.BPM5L3.y_BR3.DVT2L4 equality     .          296.96    -1.89492e-01 >
250 R_BR3.BPM5L3.y_BR3.DVT6L4 equality     .          297.72     1.46345e-01 >
251 R_BR3.BPM5L3.y_BR3.DVT8L1 equality     .          297.17    -5.47658e-02 >
252 R_BR3.BPM5L3.y_BR3.DVT9L1 equality     .          298.36    -1.91823e-01 >
253 R_BR3.BPM6L3.y_BR3.DHZ11L4 equality     .          204.29     4.22997e-02 >
254 R_BR3.BPM6L3.y_BR3.DHZ12L4 equality     .          204.08    -7.17580e-02 >
255 R_BR3.BPM6L3.y_BR3.DHZ13L4 equality     .          204.5     -1.17875e-01 >
256 R_BR3.BPM6L3.y_BR3.DHZ14L1 equality     .          202.92    -1.17391e-01 >
257 R_BR3.BPM6L3.y_BR3.DHZ8L1 equality     .          202.96     6.73626e-02 >
258 R_BR3.BPM6L3.y_BR3.DHZ9L1 equality     .          205.1     -1.28307e-01 >
259 R_BR3.BPM6L3.y_BR3.DVT12L4 equality     .          201.2      6.80598e-01 >
260 R_BR3.BPM6L3.y_BR3.DVT13L4 equality     .          203.75    -1.99471e-02 >
261 R_BR3.BPM6L3.y_BR3.DVT2L4 equality     .          205.04    -2.94992e-01 >
262 R_BR3.BPM6L3.y_BR3.DVT6L4 equality     .          202.29    -5.16012e-01 >
263 R_BR3.BPM6L3.y_BR3.DVT8L1 equality     .          204.73     2.62370e-01 >
264 R_BR3.BPM6L3.y_BR3.DVT9L1 equality     .          199.77     4.34840e-02 >
265 R_BR3.BPM7L3.y_BR3.DHZ11L4 equality     .          245.73     1.94270e-01 >
266 R_BR3.BPM7L3.y_BR3.DHZ12L4 equality     .          247.94     4.92900e-02 >
267 R_BR3.BPM7L3.y_BR3.DHZ13L4 equality     .          242.87    -2.38282e-01 >
268 R_BR3.BPM7L3.y_BR3.DHZ14L1 equality     .          244.89    -1.76211e-01 >
269 R_BR3.BPM7L3.y_BR3.DHZ8L1 equality     .          247.74     2.13609e-01 >
270 R_BR3.BPM7L3.y_BR3.DHZ9L1 equality     .          245.22     6.20788e-05 >
271 R_BR3.BPM7L3.y_BR3.DVT12L4 equality     .          249.3     -1.84499e-01 >
272 R_BR3.BPM7L3.y_BR3.DVT13L4 equality     .          249.52     1.91311e-01 >
273 R_BR3.BPM7L3.y_BR3.DVT2L4 equality     .          254.12     1.20870e-01 >
274 R_BR3.BPM7L3.y_BR3.DVT6L4 equality     .          253.72    -4.09312e-02 >
275 R_BR3.BPM7L3.y_BR3.DVT8L1 equality     .          251.66    -1.61456e-01 >
276 R_BR3.BPM7L3.y_BR3.DVT9L1 equality     .          244.08     2.01421e-01 >
277 R_BR3.BPM8L3.y_BR3.DHZ11L4 equality     .          306.65     3.83336e-02 >
278 R_BR3.BPM8L3.y_BR3.DHZ12L4 equality     .          306.08     8.96936e-02 >
279 R_BR3.BPM8L3.y_BR3.DHZ13L4 equality     .          306.21    -2.12206e-02 >
280 R_BR3.BPM8L3.y_BR3.DHZ14L1 equality     .          304.82    -6.96139e-02 >
281 R_BR3.BPM8L3.y_BR3.DHZ8L1 equality     .          307.87     6.70864e-02 >
282 R_BR3.BPM8L3.y_BR3.DHZ9L1 equality     .          305.8      1.10913e-01 >
283 R_BR3.BPM8L3.y_BR3.DVT12L4 equality     .          305.08     1.02748e-01 >
284 R_BR3.BPM8L3.y_BR3.DVT13L4 equality     .          308.56    -3.44757e-02 >
285 R_BR3.BPM8L3.y_BR3.DVT2L4 equality     .          308.7     -3.51087e-01 >
286 R_BR3.BPM8L3.y_BR3.DVT6L4 equality     .          299.1      4.70492e-02 >
287 R_BR3.BPM8L3.y_BR3.DVT8L1 equality     .          308.1      3.47245e-01 >
288 R_BR3.BPM8L3.y_BR3.DVT9L1 equality     .          305.72     3.73373e-01 >
289 R_BR3.BPM9L3.y_BR3.DHZ11L4 equality     .          336.88    -1.86494e-01 >
290 R_BR3.BPM9L3.y_BR3.DHZ12L4 equality     .          333.83    -3.14445e-02 >
291 R_BR3.BPM9L3.y_BR3.DHZ13L4 equality     .          336.37     1.80368e-01 >
292 R_BR3.BPM9L3.y_BR3.DHZ14L1 equality     .          336.76     1.42197e-01 >
293 R_BR3.BPM9L3.y_BR3.DHZ8L1 equality     .          331.88    -1.07999e-01 >
294 R_BR3.BPM9L3.y_BR3.DHZ9L1 equality     .          334.24     4.53187e-03 >
295 R_BR3.BPM9L3.y_BR3.DVT12L4 equality     .          327.37    -3.53900e-01 >
296 R_BR3.BPM9L3.y_BR3.DVT13L4 equality     .          338.18     1.69559e-01 >
297 R_BR3.BPM9L3.y_BR3.DVT2L4 equality     .          336.5      9.31961e-02 >
298 R_BR3.BPM9L3.y_BR3.DVT6L4 equality     .          335.05     2.17889e-02 >
299 R_BR3.BPM9L3.y_BR3.DVT8L1 equality     .          335.16    -2.66453e-02 >
300 R_BR3.BPM9L3.y_BR3.DVT9L1 equality     .          333.29     2.04032e-01 >
301 R_BR3.BPM10L3.y_BR3.DHZ11L4 equality     .          365.38     9.90315e-02 >
302 R_BR3.BPM10L3.y_BR3.DHZ12L4 equality     .          361.1     -8.13319e-02 >
303 R_BR3.BPM10L3.y_BR3.DHZ13L4 equality     .          365.06    -9.21302e-02 >
304 R_BR3.BPM10L3.y_BR3.DHZ14L1 equality     .          360.05    -5.90171e-03 >
305 R_BR3.BPM10L3.y_BR3.DHZ8L1 equality     .          362.18    -4.09360e-02 >
306 R_BR3.BPM10L3.y_BR3.DHZ9L1 equality     .          360.3     -1.42695e-01 >
307 R_BR3.BPM10L3.y_BR3.DVT12L4 equality     .          353.68     2.61445e-02 >
308 R_BR3.BPM10L3.y_BR3.DVT13L4 equality     .          361.01    -1.63947e-01 >
309 R_BR3.BPM10L3.y_BR3.DVT2L4 equality     .          359.21     2.95852e-01 >
310 R_BR3.BPM10L3.y_BR3.DVT6L4 equality     .          357.42    -2.05402e-02 >
311 R_BR3.BPM10L3.y_BR3.DVT8L1 equality     .          358.72    -3.22939e-01 >
312 R_BR3.BPM10L3.y_BR3.DVT9L1 equality     .          358.93     4.36341e-02 >
313 R_BR3.BPM11L3.y_BR3.DHZ11L4 equality     .          314.76     2.00917e-01 >
314 R_BR3.BPM11L3.y_BR3.DHZ12L4 equality     .          315.18     1.02131e-01 >
315 R_BR3.BPM11L3.y_BR3.DHZ13L4 equality     .          316.42    -1.92160e-01 >
316 R_BR3.BPM11L3.y_BR3.DHZ14L1 equality     .          314.28    -1.71352e-01 >
317 R_BR3.BPM11L3.y_BR3.DHZ8L1 equality     .          316.55     1.73186e-01 >
318 R_BR3.BPM11L3.y_BR3.DHZ9L1 equality     .          316.05     1.57033e-02 >
319 R_BR3.BPM11L3.y_BR3.DVT12L4 equality     .          316.6     -4.49557e-02 >
320 R_BR3.BPM11L3.y_BR3.DVT13L4 equality     .          318.64     4.34193e-02 >
321 R_BR3.BPM11L3.y_BR3.DVT2L4 equality     .          315.94     1.52421e-02 >
322 R_BR3.BPM11L3.y_BR3.DVT6L4 equality     .          320.03     1.61568e-02 >
323 R_BR3.BPM11L3.y_BR3.DVT8L1 equality     .          315.62    -1.66632e-01 >
324 R_BR3.BPM11L3.y_BR3.DVT9L1 equality     .          314.61    -6.99307e-02 >
325 R_BR3.BPM12L3.y_BR3.DHZ11L4 equality     .          228.8      2.08709e-02 >
326 R_BR3.BPM12L3.y_BR3.DHZ12L4 equality     .          228.91     1.09072e-01 >
327 R_BR3.BPM12L3.y_BR3.DHZ13L4 equality     .          230.97     1.60488e-02 >
328 R_BR3.BPM12L3.y_BR3.DHZ14L1 equality     .          230.37    -1.40395e-02 >
329 R_BR3.BPM12L3.y_BR3.DHZ8L1 equality     .          229.93     6.25586e-02 >
330 R_BR3.BPM12L3.y_BR3.DHZ9L1 equality     .          229.83     6.67158e-02 >
331 R_BR3.BPM12L3.y_BR3.DVT12L4 equality     .          231.68    -5.64921e-01 >
332 R_BR3.BPM12L3.y_BR3.DVT13L4 equality     .          233.07     2.46297e-01 >
333 R_BR3.BPM12L3.y_BR3.DVT2L4 equality     .          235.5      7.29255e-02 >
334 R_BR3.BPM12L3.y_BR3.DVT6L4 equality     .          233.25     2.38306e-01 >
335 R_BR3.BPM12L3.y_BR3.DVT8L1 equality     .          234.35    -1.95722e-03 >
336 R_BR3.BPM12L3.y_BR3.DVT9L1 equality     .          229.28     8.31680e-03 >
337 R_BR3.BPM13L3.y_BR3.DHZ11L4 equality     .          314.55    -1.13676e-01 >
338 R_BR3.BPM13L3.y_BR3.DHZ12L4 equality     .          314.09    -2.70374e-02 >
339 R_BR3.BPM13L3.y_BR3.DHZ13L4 equality     .          315.96     2.00710e-01 >
340 R_BR3.BPM13L3.y_BR3.DHZ14L1 equality     .          314.14     1.66096e-01 >
341 R_BR3.BPM13L3.y_BR3.DHZ8L1 equality     .          315.03    -1.30630e-01 >
342 R_BR3.BPM13L3.y_BR3.DHZ9L1 equality     .          315.1      7.97216e-03 >
343 R_BR3.BPM13L3.y_BR3.DVT12L4 equality     .          317.15     8.70692e-02 >
344 R_BR3.BPM13L3.y_BR3.DVT13L4 equality     .          316.65     6.75787e-02 >
345 R_BR3.BPM13L3.y_BR3.DVT2L4 equality     .          317.63     6.49027e-02 >
346 R_BR3.BPM13L3.y_BR3.DVT6L4 equality     .          315.62    -4.35091e-02 >
347 R_BR3.BPM13L3.y_BR3.DVT8L1 equality     .          316.73     4.49865e-02 >
348 R_BR3.BPM13L3.y_BR3.DVT9L1 equality     .          321.44     1.23495e-01 >
349 R_BR3.BPM14L3.y_BR3.DHZ11L4 equality     .          244.66     1.37075e-02 >
350 R_BR3.BPM14L3.y_BR3.DHZ12L4 equality     .          243.67    -6.49728e-02 >
351 R_BR3.BPM14L3.y_BR3.DHZ13L4 equality     .          244.53     1.32738e-02 >
352 R_BR3.BPM14L3.y_BR3.DHZ14L1 equality     .          242.81     2.69270e-02 >
353 R_BR3.BPM14L3.y_BR3.DHZ8L1 equality     .          243.28    -4.27687e-02 >
354 R_BR3.BPM14L3.y_BR3.DHZ9L1 equality     .          245.34    -1.09202e-01 >
355 R_BR3.BPM14L3.y_BR3.DVT12L4 equality     .          242.94     1.58078e-01 >
356 R_BR3.BPM14L3.y_BR3.DVT13L4 equality     .          243.07     3.54675e-01 >
357 R_BR3.BPM14L3.y_BR3.DVT2L4 equality     .          245.05     1.17150e-01 >
358 R_BR3.BPM14L3.y_BR3.DVT6L4 equality     .          242.43     7.55108e-02 >
359 R_BR3.BPM14L3.y_BR3.DVT8L1 equality     .          244.61    -6.95795e-02 >
360 R_BR3.BPM14L3.y_BR3.DVT9L1 equality     .          244.38    -2.67568e-01 >
361 R_BR3.BPM15L3.y_BR3.DHZ11L4 equality     .          334.51     1.37667e-01 >
362 R_BR3.BPM15L3.y_BR3.DHZ12L4 equality     .          333.44     8.57813e-02 >
363 R_BR3.BPM15L3.y_BR3.DHZ13L4 equality     .          334.64    -1.94807e-01 >
364 R_BR3.BPM15L3.y_BR3.DHZ14L1 equality     .          335.39    -1.50395e-01 >
365 R_BR3.BPM15L3.y_BR3.DHZ8L1 equality     .          335.75     1.64294e-01 >
366 R_BR3.BPM15L3.y_BR3.DHZ9L1 equality     .          333.43     4.57348e-02 >
367 R_BR3.BPM15L3.y_BR3.DVT12L4 equality     .          333.67    -8.72010e-02 >
368 R_BR3.BPM15L3.y_BR3.DVT13L4 equality     .          332.45    -7.47015e-02 >
369 R_BR3.BPM15L3.y_BR3.DVT2L4 equality     .          339.53    -1.76754e-01 >
370 R_BR3.BPM15L3.y_BR3.DVT6L4 equality     .          337.55    -2.36414e-02 >
371 R_BR3.BPM15L3.y_BR3.DVT8L1 equality     .          338.21     5.73496e-02 >
372 R_BR3.BPM15L3.y_BR3.DVT9L1 equality     .          337.47    -8.42602e-02 >
373 R_BR3.BPM16L3.y_BR3.DHZ11L4 equality     .          367.37     4.71368e-02 >
374 R_BR3.BPM16L3.y_BR3.DHZ12L4 equality     .          367.91     7.48065e-02 >
375 R_BR3.BPM16L3.y_BR3.DHZ13L4 equality     .          368.33    -1.99234e-02 >
376 R_BR3.BPM16L3.y_BR3.DHZ14L1 equality     .          367.79    -2.27469e-02 >
377 R_BR3.BPM16L3.y_BR3.DHZ8L1 equality     .          369.47     6.54758e-02 >
378 R_BR3.BPM16L3.y_BR3.DHZ9L1 equality     .          365.49     1.05904e-01 >
379 R_BR3.BPM16L3.y_BR3.DVT12L4 equality     .          363.83    -9.63892e-03 >
380 R_BR3.BPM16L3.y_BR3.DVT13L4 equality     .          364.82    -2.07910e-01 >
381 R_BR3.BPM16L3.y_BR3.DVT2L4 equality     .          370.96    -7.02033e-02 >
382 R_BR3.BPM16L3.y_BR3.DVT6L4 equality     .          368.48    -1.44688e-01 >
383 R_BR3.BPM16L3.y_BR3.DVT8L1 equality     .          369.37    -2.43739e-02 >
384 R_BR3.BPM16L3.y_BR3.DVT9L1 equality     .          364.81     3.76602e-01 >

 Variables                  Curr. Value  Curr. Step   Lower Limit  Upper Limit
--------------------------------------------------------------------------------
 1 BR.QFOCELL1.dk1l         3.25757e-03  1.59885e-05   .            .         
 2 BR.QDE1.dk1l            -1.91612e-03 -1.47670e-05   .            .         
 3 BR.QFOCELL2.dk1l         2.90862e-05  2.21490e-05   .            .         
 4 BR.QDE2.dk1l            -4.51471e-04 -2.04961e-05   .            .         
 5 BR.QFOCELL3.dk1l        -7.99907e-03 -1.11454e-05   .            .         
 6 BR.QDE3.dk1l             5.83497e-03  1.01902e-05   .            .         
 7 BR.QFOCELL4.dk1l         3.50344e-03 -2.85636e-05   .            .         
 8 BR.QDE4.dk1l            -3.76137e-03  2.59979e-05   .            .         
 9 BR.QFOCELL5.dk1l         1.34657e-02  6.09803e-05   .            .         
10 BR.QDE5.dk1l            -1.34442e-02 -5.45609e-05   .            .         
11 BR.QFOCELL6.dk1l        -7.03610e-03 -4.49592e-06   .            .         
12 BR.QDE6.dk1l             7.86444e-03  4.72661e-06   .            .         
13 BR.QFOCELL7.dk1l        -4.40616e-03 -8.49318e-05   .            .         
14 BR.QDE7.dk1l             5.67422e-03  7.85196e-05   .            .         
15 BR.QFOCELL8.dk1l         1.82116e-02  6.72815e-05   .            .         
16 BR.QDE8.dk1l            -1.88831e-02 -6.01162e-05   .            .         
17 BR.QFOCELL9.dk1l         1.19481e-02  9.67541e-05   .            .         
18 BR.QDE9.dk1l            -1.24085e-02 -8.77234e-05   .            .         
19 BR.QFOCELL10.dk1l       -1.22286e-02 -6.37258e-05   .            .         
20 BR.QDE10.dk1l            1.30098e-02  5.85812e-05   .            .         
21 BR.QFOCELL11.dk1l       -4.41245e-03 -5.97136e-05   .            .         
22 BR.QDE11.dk1l            2.45632e-03  5.55033e-05   .            .         
23 BR.QFOCELL12.dk1l        2.01342e-03 -6.67480e-06   .            .         
24 BR.QDE12.dk1l           -2.39959e-03  7.10024e-06   .            .         
25 BR.QFOCELL13.dk1l        1.73138e-02 -4.74677e-06   .            .         
26 BR.QDE13.dk1l           -1.79429e-02  4.67440e-06   .            .         
27 BR.QFOCELL14.dk1l        7.43846e-03  3.38548e-06   .            .         
28 BR.QDE14.dk1l           -8.03954e-03 -3.19670e-06   .            .         
29 BR.QFOCELL15.dk1l       -1.19606e-02 -2.07244e-06   .            .         
30 BR.QDE15.dk1l            1.03116e-02  1.77614e-06   .            .         
31 BR.QFOCELL16.dk1l       -1.10236e-03 -1.23872e-05   .            .         
32 BR.QDE16.dk1l            2.34842e-03  1.13717e-05   .            .         

ncall=166 [4.2s], fval=2.74388e-01, fstp=-8.04705e-07, ccnt=384.


 Constraints                Type        Kind        Weight     Expr. Value
------------------------------------------------------------------------------
 1 R_BR3.BPM1L3.x_BR3.DHZ11L4 equality     .          254.66     6.02971e-01 >
 2 R_BR3.BPM1L3.x_BR3.DHZ12L4 equality     .          253.14     3.53585e-01 >
 3 R_BR3.BPM1L3.x_BR3.DHZ13L4 equality     .          247.69     5.94235e-01 >
 4 R_BR3.BPM1L3.x_BR3.DHZ14L1 equality     .          252.82     3.01642e-01 >
 5 R_BR3.BPM1L3.x_BR3.DHZ8L1 equality     .          254.13    -9.38150e-02 >
 6 R_BR3.BPM1L3.x_BR3.DHZ9L1 equality     .          249.92    -1.05628e-01 >
 7 R_BR3.BPM1L3.x_BR3.DVT12L4 equality     .          253.72     1.80994e-01 >
 8 R_BR3.BPM1L3.x_BR3.DVT13L4 equality     .          258.5      1.49056e-01 >
 9 R_BR3.BPM1L3.x_BR3.DVT2L4 equality     .          259.45    -1.31573e-01 >
10 R_BR3.BPM1L3.x_BR3.DVT6L4 equality     .          255.36    -8.31745e-03 >
11 R_BR3.BPM1L3.x_BR3.DVT8L1 equality     .          251.55    -3.64240e-02 >
12 R_BR3.BPM1L3.x_BR3.DVT9L1 equality     .          254.26     1.54380e-01 >
13 R_BR3.BPM2L3.x_BR3.DHZ11L4 equality     .          155.27     4.12473e-01 >
14 R_BR3.BPM2L3.x_BR3.DHZ12L4 equality     .          156.88     5.94027e-01 >
15 R_BR3.BPM2L3.x_BR3.DHZ13L4 equality     .          155.84     9.08863e-01 >
16 R_BR3.BPM2L3.x_BR3.DHZ14L1 equality     .          155.85     1.23553e+00 >
17 R_BR3.BPM2L3.x_BR3.DHZ8L1 equality     .          157.76     2.31394e-01 >
18 R_BR3.BPM2L3.x_BR3.DHZ9L1 equality     .          156.58    -5.06485e-02 >
19 R_BR3.BPM2L3.x_BR3.DVT12L4 equality     .          157.29     5.43118e-02 >
20 R_BR3.BPM2L3.x_BR3.DVT13L4 equality     .          156.68     3.21148e-02 >
21 R_BR3.BPM2L3.x_BR3.DVT2L4 equality     .          156.36     1.71159e-02 >
22 R_BR3.BPM2L3.x_BR3.DVT6L4 equality     .          157.45     1.25084e-01 >
23 R_BR3.BPM2L3.x_BR3.DVT8L1 equality     .          155.43    -2.55166e-03 >
24 R_BR3.BPM2L3.x_BR3.DVT9L1 equality     .          154.89     7.94032e-03 >
25 R_BR3.BPM3L3.x_BR3.DHZ11L4 equality     .          303.95     5.77189e-01 >
26 R_BR3.BPM3L3.x_BR3.DHZ12L4 equality     .          302.28     4.41198e-02 >
27 R_BR3.BPM3L3.x_BR3.DHZ13L4 equality     .          296.52     1.65286e-01 >
28 R_BR3.BPM3L3.x_BR3.DHZ14L1 equality     .          301.62     3.29508e-01 >
29 R_BR3.BPM3L3.x_BR3.DHZ8L1 equality     .          307.07     9.92882e-01 >
30 R_BR3.BPM3L3.x_BR3.DHZ9L1 equality     .          304.26    -4.50706e-01 >
31 R_BR3.BPM3L3.x_BR3.DVT12L4 equality     .          303.71     3.18245e-03 >
32 R_BR3.BPM3L3.x_BR3.DVT13L4 equality     .          308.93    -2.67705e-01 >
33 R_BR3.BPM3L3.x_BR3.DVT2L4 equality     .          308.62     6.00946e-02 >
34 R_BR3.BPM3L3.x_BR3.DVT6L4 equality     .          301.48     1.59373e-01 >
35 R_BR3.BPM3L3.x_BR3.DVT8L1 equality     .          307.83     1.31889e-01 >
36 R_BR3.BPM3L3.x_BR3.DVT9L1 equality     .          306.9     -3.87886e-02 >
37 R_BR3.BPM4L3.x_BR3.DHZ11L4 equality     .          197.62     3.60530e-01 >
38 R_BR3.BPM4L3.x_BR3.DHZ12L4 equality     .          201.32    -7.65023e-02 >
39 R_BR3.BPM4L3.x_BR3.DHZ13L4 equality     .          197.32     3.47988e-01 >
40 R_BR3.BPM4L3.x_BR3.DHZ14L1 equality     .          201.26    -1.99233e-01 >
41 R_BR3.BPM4L3.x_BR3.DHZ8L1 equality     .          200.39     3.03321e-01 >
42 R_BR3.BPM4L3.x_BR3.DHZ9L1 equality     .          202.61    -3.43691e-01 >
43 R_BR3.BPM4L3.x_BR3.DVT12L4 equality     .          195.76     1.09690e-01 >
44 R_BR3.BPM4L3.x_BR3.DVT13L4 equality     .          197.42    -1.92387e-01 >
45 R_BR3.BPM4L3.x_BR3.DVT2L4 equality     .          199.38    -2.04107e-01 >
46 R_BR3.BPM4L3.x_BR3.DVT6L4 equality     .          198.44     3.52967e-02 >
47 R_BR3.BPM4L3.x_BR3.DVT8L1 equality     .          195.82     1.16256e-01 >
48 R_BR3.BPM4L3.x_BR3.DVT9L1 equality     .          196.53     3.75437e-02 >
49 R_BR3.BPM5L3.x_BR3.DHZ11L4 equality     .          321.86     6.96190e-01 >
50 R_BR3.BPM5L3.x_BR3.DHZ12L4 equality     .          324        2.60192e-01 >
51 R_BR3.BPM5L3.x_BR3.DHZ13L4 equality     .          320.22     6.51415e-01 >
52 R_BR3.BPM5L3.x_BR3.DHZ14L1 equality     .          315.57     5.58161e-01 >
53 R_BR3.BPM5L3.x_BR3.DHZ8L1 equality     .          334.56    -5.59380e-02 >
54 R_BR3.BPM5L3.x_BR3.DHZ9L1 equality     .          333.04    -2.04792e-01 >
55 R_BR3.BPM5L3.x_BR3.DVT12L4 equality     .          328.02     1.29409e-01 >
56 R_BR3.BPM5L3.x_BR3.DVT13L4 equality     .          338.46     1.27357e-01 >
57 R_BR3.BPM5L3.x_BR3.DVT2L4 equality     .          333.03    -1.98652e-01 >
58 R_BR3.BPM5L3.x_BR3.DVT6L4 equality     .          328.88     3.88220e-03 >
59 R_BR3.BPM5L3.x_BR3.DVT8L1 equality     .          328.84    -6.28798e-02 >
60 R_BR3.BPM5L3.x_BR3.DVT9L1 equality     .          333.2      1.08436e-01 >
61 R_BR3.BPM6L3.x_BR3.DHZ11L4 equality     .          199.4      6.28858e-01 >
62 R_BR3.BPM6L3.x_BR3.DHZ12L4 equality     .          197.81     6.32263e-01 >
63 R_BR3.BPM6L3.x_BR3.DHZ13L4 equality     .          198.97     7.07613e-01 >
64 R_BR3.BPM6L3.x_BR3.DHZ14L1 equality     .          195.6      1.03111e+00 >
65 R_BR3.BPM6L3.x_BR3.DHZ8L1 equality     .          198.79     6.48876e-01 >
66 R_BR3.BPM6L3.x_BR3.DHZ9L1 equality     .          199.44    -7.77821e-02 >
67 R_BR3.BPM6L3.x_BR3.DVT12L4 equality     .          200.97     6.61697e-03 >
68 R_BR3.BPM6L3.x_BR3.DVT13L4 equality     .          201.13    -3.26983e-02 >
69 R_BR3.BPM6L3.x_BR3.DVT2L4 equality     .          203.01     1.83534e-02 >
70 R_BR3.BPM6L3.x_BR3.DVT6L4 equality     .          200.9      1.30595e-01 >
71 R_BR3.BPM6L3.x_BR3.DVT8L1 equality     .          200.31     1.05403e-02 >
72 R_BR3.BPM6L3.x_BR3.DVT9L1 equality     .          200.46    -3.10701e-02 >
73 R_BR3.BPM7L3.x_BR3.DHZ11L4 equality     .          222.8      5.52734e-02 >
74 R_BR3.BPM7L3.x_BR3.DHZ12L4 equality     .          225.34     1.62373e-01 >
75 R_BR3.BPM7L3.x_BR3.DHZ13L4 equality     .          220.25     6.89654e-01 >
76 R_BR3.BPM7L3.x_BR3.DHZ14L1 equality     .          225.48     5.82297e-01 >
77 R_BR3.BPM7L3.x_BR3.DHZ8L1 equality     .          225.4      5.88160e-01 >
78 R_BR3.BPM7L3.x_BR3.DHZ9L1 equality     .          222.1     -2.39406e-01 >
79 R_BR3.BPM7L3.x_BR3.DVT12L4 equality     .          225.86    -2.07144e-02 >
80 R_BR3.BPM7L3.x_BR3.DVT13L4 equality     .          221.49    -2.91393e-01 >
81 R_BR3.BPM7L3.x_BR3.DVT2L4 equality     .          225.42    -1.69975e-03 >
82 R_BR3.BPM7L3.x_BR3.DVT6L4 equality     .          226.6      2.42948e-01 >
83 R_BR3.BPM7L3.x_BR3.DVT8L1 equality     .          225.55     1.48664e-01 >
84 R_BR3.BPM7L3.x_BR3.DVT9L1 equality     .          222.35    -3.80565e-02 >
85 R_BR3.BPM8L3.x_BR3.DHZ11L4 equality     .          330.8      1.02818e-01 >
86 R_BR3.BPM8L3.x_BR3.DHZ12L4 equality     .          333.31     3.02795e-02 >
87 R_BR3.BPM8L3.x_BR3.DHZ13L4 equality     .          330.27     6.93620e-01 >
88 R_BR3.BPM8L3.x_BR3.DHZ14L1 equality     .          326.41     9.91162e-02 >
89 R_BR3.BPM8L3.x_BR3.DHZ8L1 equality     .          338.18     3.81253e-01 >
90 R_BR3.BPM8L3.x_BR3.DHZ9L1 equality     .          333.86    -2.02869e-01 >
91 R_BR3.BPM8L3.x_BR3.DVT12L4 equality     .          329.82     1.00733e-01 >
92 R_BR3.BPM8L3.x_BR3.DVT13L4 equality     .          332.74    -1.58241e-01 >
93 R_BR3.BPM8L3.x_BR3.DVT2L4 equality     .          335.17    -1.57453e-01 >
94 R_BR3.BPM8L3.x_BR3.DVT6L4 equality     .          330.59     6.83092e-02 >
95 R_BR3.BPM8L3.x_BR3.DVT8L1 equality     .          329.77     1.96850e-01 >
96 R_BR3.BPM8L3.x_BR3.DVT9L1 equality     .          333.4      6.80362e-02 >
97 R_BR3.BPM9L3.x_BR3.DHZ11L4 equality     .          297.95     6.52549e-01 >
98 R_BR3.BPM9L3.x_BR3.DHZ12L4 equality     .          272.29    -1.91972e-01 >
99 R_BR3.BPM9L3.x_BR3.DHZ13L4 equality     .          292.4      7.08651e-01 >
100 R_BR3.BPM9L3.x_BR3.DHZ14L1 equality     .          288.77     9.39411e-01 >
101 R_BR3.BPM9L3.x_BR3.DHZ8L1 equality     .          281.34    -1.66981e-01 >
102 R_BR3.BPM9L3.x_BR3.DHZ9L1 equality     .          299.8     -1.91333e-01 >
103 R_BR3.BPM9L3.x_BR3.DVT12L4 equality     .          268.81     7.03954e-02 >
104 R_BR3.BPM9L3.x_BR3.DVT13L4 equality     .          281.73     9.42599e-02 >
105 R_BR3.BPM9L3.x_BR3.DVT2L4 equality     .          278.17    -1.56060e-01 >
106 R_BR3.BPM9L3.x_BR3.DVT6L4 equality     .          276.41    -4.04017e-02 >
107 R_BR3.BPM9L3.x_BR3.DVT8L1 equality     .          274.35     3.74917e-02 >
108 R_BR3.BPM9L3.x_BR3.DVT9L1 equality     .          275.55     1.83268e-01 >
109 R_BR3.BPM10L3.x_BR3.DHZ11L4 equality     .          315.77     9.43109e-01 >
110 R_BR3.BPM10L3.x_BR3.DHZ12L4 equality     .          318.58     6.75394e-01 >
111 R_BR3.BPM10L3.x_BR3.DHZ13L4 equality     .          309.41     2.75435e-01 >
112 R_BR3.BPM10L3.x_BR3.DHZ14L1 equality     .          313.99     6.62181e-01 >
113 R_BR3.BPM10L3.x_BR3.DHZ8L1 equality     .          329.56     1.69546e-02 >
114 R_BR3.BPM10L3.x_BR3.DHZ9L1 equality     .          324.29    -1.23805e-02 >
115 R_BR3.BPM10L3.x_BR3.DVT12L4 equality     .          320.67     2.34263e-02 >
116 R_BR3.BPM10L3.x_BR3.DVT13L4 equality     .          326.05    -6.53092e-02 >
117 R_BR3.BPM10L3.x_BR3.DVT2L4 equality     .          321.72    -1.68094e-02 >
118 R_BR3.BPM10L3.x_BR3.DVT6L4 equality     .          316.33     1.70760e-01 >
119 R_BR3.BPM10L3.x_BR3.DVT8L1 equality     .          321.28    -1.14005e-01 >
120 R_BR3.BPM10L3.x_BR3.DVT9L1 equality     .          322.27    -1.89294e-03 >
121 R_BR3.BPM11L3.x_BR3.DHZ11L4 equality     .          318.4     -2.33971e-01 >
122 R_BR3.BPM11L3.x_BR3.DHZ12L4 equality     .          316.84     4.59300e-01 >
123 R_BR3.BPM11L3.x_BR3.DHZ13L4 equality     .          313.46     8.62226e-01 >
124 R_BR3.BPM11L3.x_BR3.DHZ14L1 equality     .          316.5      3.92519e-01 >
125 R_BR3.BPM11L3.x_BR3.DHZ8L1 equality     .          322.48     1.65169e-01 >
126 R_BR3.BPM11L3.x_BR3.DHZ9L1 equality     .          321.48    -9.64453e-02 >
127 R_BR3.BPM11L3.x_BR3.DVT12L4 equality     .          318.33     6.09049e-02 >
128 R_BR3.BPM11L3.x_BR3.DVT13L4 equality     .          322.38    -2.62641e-01 >
129 R_BR3.BPM11L3.x_BR3.DVT2L4 equality     .          327.17    -4.90955e-02 >
130 R_BR3.BPM11L3.x_BR3.DVT6L4 equality     .          321.19     1.87024e-01 >
131 R_BR3.BPM11L3.x_BR3.DVT8L1 equality     .          320.15     1.37690e-01 >
132 R_BR3.BPM11L3.x_BR3.DVT9L1 equality     .          320.39    -1.16479e-01 >
133 R_BR3.BPM12L3.x_BR3.DHZ11L4 equality     .          234.16     2.47150e-01 >
134 R_BR3.BPM12L3.x_BR3.DHZ12L4 equality     .          230.83     2.34439e-01 >
135 R_BR3.BPM12L3.x_BR3.DHZ13L4 equality     .          231.79     1.00665e+00 >
136 R_BR3.BPM12L3.x_BR3.DHZ14L1 equality     .          231.46     3.11375e-01 >
137 R_BR3.BPM12L3.x_BR3.DHZ8L1 equality     .          232.67     5.07584e-01 >
138 R_BR3.BPM12L3.x_BR3.DHZ9L1 equality     .          233.71    -2.82748e-01 >
139 R_BR3.BPM12L3.x_BR3.DVT12L4 equality     .          232.44     9.86619e-02 >
140 R_BR3.BPM12L3.x_BR3.DVT13L4 equality     .          233.15    -1.08583e-01 >
141 R_BR3.BPM12L3.x_BR3.DVT2L4 equality     .          236.74    -1.73795e-01 >
142 R_BR3.BPM12L3.x_BR3.DVT6L4 equality     .          234.59     1.55339e-02 >
143 R_BR3.BPM12L3.x_BR3.DVT8L1 equality     .          233.61     1.63384e-01 >
144 R_BR3.BPM12L3.x_BR3.DVT9L1 equality     .          233.78     5.12054e-02 >
145 R_BR3.BPM13L3.x_BR3.DHZ11L4 equality     .          287.77     9.08572e-01 >
146 R_BR3.BPM13L3.x_BR3.DHZ12L4 equality     .          285.96     3.07416e-01 >
147 R_BR3.BPM13L3.x_BR3.DHZ13L4 equality     .          283.18     5.70323e-01 >
148 R_BR3.BPM13L3.x_BR3.DHZ14L1 equality     .          282.28     7.55671e-01 >
149 R_BR3.BPM13L3.x_BR3.DHZ8L1 equality     .          295.99     2.46880e-01 >
150 R_BR3.BPM13L3.x_BR3.DHZ9L1 equality     .          292.16    -1.61593e-01 >
151 R_BR3.BPM13L3.x_BR3.DVT12L4 equality     .          290.89     1.82194e-01 >
152 R_BR3.BPM13L3.x_BR3.DVT13L4 equality     .          294.3      1.12137e-01 >
153 R_BR3.BPM13L3.x_BR3.DVT2L4 equality     .          292.97    -1.53329e-01 >
154 R_BR3.BPM13L3.x_BR3.DVT6L4 equality     .          287.15    -5.53832e-03 >
155 R_BR3.BPM13L3.x_BR3.DVT8L1 equality     .          285.69    -6.54268e-02 >
156 R_BR3.BPM13L3.x_BR3.DVT9L1 equality     .          292.76     1.86181e-01 >
157 R_BR3.BPM14L3.x_BR3.DHZ11L4 equality     .          212.11     8.83415e-01 >
158 R_BR3.BPM14L3.x_BR3.DHZ12L4 equality     .          208.11     2.21844e-01 >
159 R_BR3.BPM14L3.x_BR3.DHZ13L4 equality     .          212.49     5.92762e-01 >
160 R_BR3.BPM14L3.x_BR3.DHZ14L1 equality     .          211.35     1.08855e+00 >
161 R_BR3.BPM14L3.x_BR3.DHZ8L1 equality     .          212.13     4.33804e-01 >
162 R_BR3.BPM14L3.x_BR3.DHZ9L1 equality     .          214.15    -4.68163e-01 >
163 R_BR3.BPM14L3.x_BR3.DVT12L4 equality     .          213.12    -7.04763e-02 >
164 R_BR3.BPM14L3.x_BR3.DVT13L4 equality     .          213.96     9.75381e-02 >
165 R_BR3.BPM14L3.x_BR3.DVT2L4 equality     .          214.27     1.89078e-02 >
166 R_BR3.BPM14L3.x_BR3.DVT6L4 equality     .          212.55     1.74277e-01 >
167 R_BR3.BPM14L3.x_BR3.DVT8L1 equality     .          213.83    -7.29081e-02 >
168 R_BR3.BPM14L3.x_BR3.DVT9L1 equality     .          212.93    -1.14492e-02 >
169 R_BR3.BPM15L3.x_BR3.DHZ11L4 equality     .          314.12     1.43954e-01 >
170 R_BR3.BPM15L3.x_BR3.DHZ12L4 equality     .          311.28     5.26688e-01 >
171 R_BR3.BPM15L3.x_BR3.DHZ13L4 equality     .          309.37     7.49862e-01 >
172 R_BR3.BPM15L3.x_BR3.DHZ14L1 equality     .          310.85     7.91130e-01 >
173 R_BR3.BPM15L3.x_BR3.DHZ8L1 equality     .          315.11     6.97205e-01 >
174 R_BR3.BPM15L3.x_BR3.DHZ9L1 equality     .          314.91     7.02994e-03 >
175 R_BR3.BPM15L3.x_BR3.DVT12L4 equality     .          315.91    -3.89914e-02 >
176 R_BR3.BPM15L3.x_BR3.DVT13L4 equality     .          319.03    -3.10740e-01 >
177 R_BR3.BPM15L3.x_BR3.DVT2L4 equality     .          321.11    -8.59124e-02 >
178 R_BR3.BPM15L3.x_BR3.DVT6L4 equality     .          317.53     1.29909e-01 >
179 R_BR3.BPM15L3.x_BR3.DVT8L1 equality     .          314.27     1.46397e-01 >
180 R_BR3.BPM15L3.x_BR3.DVT9L1 equality     .          315.87    -8.41251e-02 >
181 R_BR3.BPM16L3.x_BR3.DHZ11L4 equality     .          339.29     2.03721e-01 >
182 R_BR3.BPM16L3.x_BR3.DHZ12L4 equality     .          336.35     2.92108e-01 >
183 R_BR3.BPM16L3.x_BR3.DHZ13L4 equality     .          336.73     4.05127e-01 >
184 R_BR3.BPM16L3.x_BR3.DHZ14L1 equality     .          333.34    -1.90153e-01 >
185 R_BR3.BPM16L3.x_BR3.DHZ8L1 equality     .          339.6      3.81746e-01 >
186 R_BR3.BPM16L3.x_BR3.DHZ9L1 equality     .          335.27     2.05100e-02 >
187 R_BR3.BPM16L3.x_BR3.DVT12L4 equality     .          330.25     1.22178e-01 >
188 R_BR3.BPM16L3.x_BR3.DVT13L4 equality     .          328.68    -2.40861e-01 >
189 R_BR3.BPM16L3.x_BR3.DVT2L4 equality     .          330.96    -2.08351e-01 >
190 R_BR3.BPM16L3.x_BR3.DVT6L4 equality     .          334.9     -1.49221e-02 >
191 R_BR3.BPM16L3.x_BR3.DVT8L1 equality     .          331.05     1.26304e-01 >
192 R_BR3.BPM16L3.x_BR3.DVT9L1 equality     .          327.14     6.32454e-02 >
193 R_BR3.BPM1L3.y_BR3.DHZ11L4 equality     .          257.57    -1.54872e-01 >
194 R_BR3.BPM1L3.y_BR3.DHZ12L4 equality     .          257.44    -1.04501e-02 >
195 R_BR3.BPM1L3.y_BR3.DHZ13L4 equality     .          255.45     1.67958e-01 >
196 R_BR3.BPM1L3.y_BR3.DHZ14L1 equality     .          262.43     7.71008e-02 >
197 R_BR3.BPM1L3.y_BR3.DHZ8L1 equality     .          258.63    -1.72635e-01 >
198 R_BR3.BPM1L3.y_BR3.DHZ9L1 equality     .          259.44     3.80242e-02 >
199 R_BR3.BPM1L3.y_BR3.DVT12L4 equality     .          256.37    -7.70988e-02 >
200 R_BR3.BPM1L3.y_BR3.DVT13L4 equality     .          256.87    -1.24958e-01 >
201 R_BR3.BPM1L3.y_BR3.DVT2L4 equality     .          256.8      4.32830e-02 >
202 R_BR3.BPM1L3.y_BR3.DVT6L4 equality     .          258.65     2.89007e-02 >
203 R_BR3.BPM1L3.y_BR3.DVT8L1 equality     .          254.6      1.21235e-01 >
204 R_BR3.BPM1L3.y_BR3.DVT9L1 equality     .          253.14    -9.22236e-02 >
205 R_BR3.BPM2L3.y_BR3.DHZ11L4 equality     .          193.57     1.48051e-02 >
206 R_BR3.BPM2L3.y_BR3.DHZ12L4 equality     .          196.23    -9.52792e-02 >
207 R_BR3.BPM2L3.y_BR3.DHZ13L4 equality     .          192.52    -4.29371e-02 >
208 R_BR3.BPM2L3.y_BR3.DHZ14L1 equality     .          193.77    -6.16026e-03 >
209 R_BR3.BPM2L3.y_BR3.DHZ8L1 equality     .          194.27    -3.41118e-02 >
210 R_BR3.BPM2L3.y_BR3.DHZ9L1 equality     .          193.68    -1.18944e-01 >
211 R_BR3.BPM2L3.y_BR3.DVT12L4 equality     .          194.6      2.84126e-02 >
212 R_BR3.BPM2L3.y_BR3.DVT13L4 equality     .          196.01     2.73614e-01 >
213 R_BR3.BPM2L3.y_BR3.DVT2L4 equality     .          197.7      1.05172e-01 >
214 R_BR3.BPM2L3.y_BR3.DVT6L4 equality     .          195.05     1.48900e-01 >
215 R_BR3.BPM2L3.y_BR3.DVT8L1 equality     .          197.51    -1.49091e-02 >
216 R_BR3.BPM2L3.y_BR3.DVT9L1 equality     .          198.1     -3.53867e-01 >
217 R_BR3.BPM3L3.y_BR3.DHZ11L4 equality     .          311.27     1.74733e-01 >
218 R_BR3.BPM3L3.y_BR3.DHZ12L4 equality     .          309.09     2.19433e-02 >
219 R_BR3.BPM3L3.y_BR3.DHZ13L4 equality     .          310.15    -2.11838e-01 >
220 R_BR3.BPM3L3.y_BR3.DHZ14L1 equality     .          307.56    -1.56420e-01 >
221 R_BR3.BPM3L3.y_BR3.DHZ8L1 equality     .          306.36     1.98659e-01 >
222 R_BR3.BPM3L3.y_BR3.DHZ9L1 equality     .          309.1     -2.16547e-02 >
223 R_BR3.BPM3L3.y_BR3.DVT12L4 equality     .          303.15    -3.39677e-02 >
224 R_BR3.BPM3L3.y_BR3.DVT13L4 equality     .          307.44    -6.76731e-02 >
225 R_BR3.BPM3L3.y_BR3.DVT2L4 equality     .          309.57     2.03003e-01 >
226 R_BR3.BPM3L3.y_BR3.DVT6L4 equality     .          307.66    -4.27400e-02 >
227 R_BR3.BPM3L3.y_BR3.DVT8L1 equality     .          304.37     1.96844e-02 >
228 R_BR3.BPM3L3.y_BR3.DVT9L1 equality     .          304.89     9.67663e-02 >
229 R_BR3.BPM4L3.y_BR3.DHZ11L4 equality     .          209.22    -6.43741e-02 >
230 R_BR3.BPM4L3.y_BR3.DHZ12L4 equality     .          208.96     5.01389e-02 >
231 R_BR3.BPM4L3.y_BR3.DHZ13L4 equality     .          209.79     3.95469e-02 >
232 R_BR3.BPM4L3.y_BR3.DHZ14L1 equality     .          208.88     4.70544e-04 >
233 R_BR3.BPM4L3.y_BR3.DHZ8L1 equality     .          207.13     2.23954e-03 >
234 R_BR3.BPM4L3.y_BR3.DHZ9L1 equality     .          210.25     1.00231e-01 >
235 R_BR3.BPM4L3.y_BR3.DVT12L4 equality     .          208.84    -7.38650e-01 >
236 R_BR3.BPM4L3.y_BR3.DVT13L4 equality     .          206.29    -2.87474e-02 >
237 R_BR3.BPM4L3.y_BR3.DVT2L4 equality     .          210.84     4.18562e-01 >
238 R_BR3.BPM4L3.y_BR3.DVT6L4 equality     .          211.58     5.76954e-01 >
239 R_BR3.BPM4L3.y_BR3.DVT8L1 equality     .          206.33    -1.80754e-01 >
240 R_BR3.BPM4L3.y_BR3.DVT9L1 equality     .          204.78    -6.70055e-02 >
241 R_BR3.BPM5L3.y_BR3.DHZ11L4 equality     .          300.85    -1.78699e-01 >
242 R_BR3.BPM5L3.y_BR3.DHZ12L4 equality     .          297.48    -2.60802e-02 >
243 R_BR3.BPM5L3.y_BR3.DHZ13L4 equality     .          298.35     2.04837e-01 >
244 R_BR3.BPM5L3.y_BR3.DHZ14L1 equality     .          298.9      1.43471e-01 >
245 R_BR3.BPM5L3.y_BR3.DHZ8L1 equality     .          299.5     -1.97120e-01 >
246 R_BR3.BPM5L3.y_BR3.DHZ9L1 equality     .          299.47     4.25378e-02 >
247 R_BR3.BPM5L3.y_BR3.DVT12L4 equality     .          297.94    -1.91491e-02 >
248 R_BR3.BPM5L3.y_BR3.DVT13L4 equality     .          294.97     1.63125e-01 >
249 R_BR3.BPM5L3.y_BR3.DVT2L4 equality     .          296.96    -1.89479e-01 >
250 R_BR3.BPM5L3.y_BR3.DVT6L4 equality     .          297.72     1.46288e-01 >
251 R_BR3.BPM5L3.y_BR3.DVT8L1 equality     .          297.17    -5.47503e-02 >
252 R_BR3.BPM5L3.y_BR3.DVT9L1 equality     .          298.36    -1.91842e-01 >
253 R_BR3.BPM6L3.y_BR3.DHZ11L4 equality     .          204.29     4.22997e-02 >
254 R_BR3.BPM6L3.y_BR3.DHZ12L4 equality     .          204.08    -7.17578e-02 >
255 R_BR3.BPM6L3.y_BR3.DHZ13L4 equality     .          204.5     -1.17875e-01 >
256 R_BR3.BPM6L3.y_BR3.DHZ14L1 equality     .          202.92    -1.17391e-01 >
257 R_BR3.BPM6L3.y_BR3.DHZ8L1 equality     .          202.96     6.73627e-02 >
258 R_BR3.BPM6L3.y_BR3.DHZ9L1 equality     .          205.1     -1.28307e-01 >
259 R_BR3.BPM6L3.y_BR3.DVT12L4 equality     .          201.2      6.80628e-01 >
260 R_BR3.BPM6L3.y_BR3.DVT13L4 equality     .          203.75    -1.99287e-02 >
261 R_BR3.BPM6L3.y_BR3.DVT2L4 equality     .          205.04    -2.95036e-01 >
262 R_BR3.BPM6L3.y_BR3.DVT6L4 equality     .          202.29    -5.16099e-01 >
263 R_BR3.BPM6L3.y_BR3.DVT8L1 equality     .          204.73     2.62358e-01 >
264 R_BR3.BPM6L3.y_BR3.DVT9L1 equality     .          199.77     4.35301e-02 >
265 R_BR3.BPM7L3.y_BR3.DHZ11L4 equality     .          245.73     1.94270e-01 >
266 R_BR3.BPM7L3.y_BR3.DHZ12L4 equality     .          247.94     4.92900e-02 >
267 R_BR3.BPM7L3.y_BR3.DHZ13L4 equality     .          242.87    -2.38282e-01 >
268 R_BR3.BPM7L3.y_BR3.DHZ14L1 equality     .          244.89    -1.76211e-01 >
269 R_BR3.BPM7L3.y_BR3.DHZ8L1 equality     .          247.74     2.13609e-01 >
270 R_BR3.BPM7L3.y_BR3.DHZ9L1 equality     .          245.22     6.20625e-05 >
271 R_BR3.BPM7L3.y_BR3.DVT12L4 equality     .          249.3     -1.84519e-01 >
272 R_BR3.BPM7L3.y_BR3.DVT13L4 equality     .          249.52     1.91342e-01 >
273 R_BR3.BPM7L3.y_BR3.DVT2L4 equality     .          254.12     1.20879e-01 >
274 R_BR3.BPM7L3.y_BR3.DVT6L4 equality     .          253.72    -4.09829e-02 >
275 R_BR3.BPM7L3.y_BR3.DVT8L1 equality     .          251.66    -1.61467e-01 >
276 R_BR3.BPM7L3.y_BR3.DVT9L1 equality     .          244.08     2.01425e-01 >
277 R_BR3.BPM8L3.y_BR3.DHZ11L4 equality     .          306.65     3.83337e-02 >
278 R_BR3.BPM8L3.y_BR3.DHZ12L4 equality     .          306.08     8.96936e-02 >
279 R_BR3.BPM8L3.y_BR3.DHZ13L4 equality     .          306.21    -2.12207e-02 >
280 R_BR3.BPM8L3.y_BR3.DHZ14L1 equality     .          304.82    -6.96139e-02 >
281 R_BR3.BPM8L3.y_BR3.DHZ8L1 equality     .          307.87     6.70863e-02 >
282 R_BR3.BPM8L3.y_BR3.DHZ9L1 equality     .          305.8      1.10913e-01 >
283 R_BR3.BPM8L3.y_BR3.DVT12L4 equality     .          305.08     1.02924e-01 >
284 R_BR3.BPM8L3.y_BR3.DVT13L4 equality     .          308.56    -3.44575e-02 >
285 R_BR3.BPM8L3.y_BR3.DVT2L4 equality     .          308.7     -3.51251e-01 >
286 R_BR3.BPM8L3.y_BR3.DVT6L4 equality     .          299.1      4.69838e-02 >
287 R_BR3.BPM8L3.y_BR3.DVT8L1 equality     .          308.1      3.47332e-01 >
288 R_BR3.BPM8L3.y_BR3.DVT9L1 equality     .          305.72     3.73455e-01 >
289 R_BR3.BPM9L3.y_BR3.DHZ11L4 equality     .          336.88    -1.86494e-01 >
290 R_BR3.BPM9L3.y_BR3.DHZ12L4 equality     .          333.83    -3.14445e-02 >
291 R_BR3.BPM9L3.y_BR3.DHZ13L4 equality     .          336.37     1.80368e-01 >
292 R_BR3.BPM9L3.y_BR3.DHZ14L1 equality     .          336.76     1.42197e-01 >
293 R_BR3.BPM9L3.y_BR3.DHZ8L1 equality     .          331.88    -1.07999e-01 >
294 R_BR3.BPM9L3.y_BR3.DHZ9L1 equality     .          334.24     4.53189e-03 >
295 R_BR3.BPM9L3.y_BR3.DVT12L4 equality     .          327.37    -3.53916e-01 >
296 R_BR3.BPM9L3.y_BR3.DVT13L4 equality     .          338.18     1.69614e-01 >
297 R_BR3.BPM9L3.y_BR3.DVT2L4 equality     .          336.5      9.31721e-02 >
298 R_BR3.BPM9L3.y_BR3.DVT6L4 equality     .          335.05     2.17778e-02 >
299 R_BR3.BPM9L3.y_BR3.DVT8L1 equality     .          335.16    -2.66540e-02 >
300 R_BR3.BPM9L3.y_BR3.DVT9L1 equality     .          333.29     2.04062e-01 >
301 R_BR3.BPM10L3.y_BR3.DHZ11L4 equality     .          365.38     9.90315e-02 >
302 R_BR3.BPM10L3.y_BR3.DHZ12L4 equality     .          361.1     -8.13319e-02 >
303 R_BR3.BPM10L3.y_BR3.DHZ13L4 equality     .          365.06    -9.21301e-02 >
304 R_BR3.BPM10L3.y_BR3.DHZ14L1 equality     .          360.05    -5.90169e-03 >
305 R_BR3.BPM10L3.y_BR3.DHZ8L1 equality     .          362.18    -4.09360e-02 >
306 R_BR3.BPM10L3.y_BR3.DHZ9L1 equality     .          360.3     -1.42695e-01 >
307 R_BR3.BPM10L3.y_BR3.DVT12L4 equality     .          353.68     2.62389e-02 >
308 R_BR3.BPM10L3.y_BR3.DVT13L4 equality     .          361.01    -1.63925e-01 >
309 R_BR3.BPM10L3.y_BR3.DVT2L4 equality     .          359.21     2.95751e-01 >
310 R_BR3.BPM10L3.y_BR3.DVT6L4 equality     .          357.42    -2.06911e-02 >
311 R_BR3.BPM10L3.y_BR3.DVT8L1 equality     .          358.72    -3.22856e-01 >
312 R_BR3.BPM10L3.y_BR3.DVT9L1 equality     .          358.93     4.36182e-02 >
313 R_BR3.BPM11L3.y_BR3.DHZ11L4 equality     .          314.76     2.00917e-01 >
314 R_BR3.BPM11L3.y_BR3.DHZ12L4 equality     .          315.18     1.02131e-01 >
315 R_BR3.BPM11L3.y_BR3.DHZ13L4 equality     .          316.42    -1.92160e-01 >
316 R_BR3.BPM11L3.y_BR3.DHZ14L1 equality     .          314.28    -1.71352e-01 >
317 R_BR3.BPM11L3.y_BR3.DHZ8L1 equality     .          316.55     1.73186e-01 >
318 R_BR3.BPM11L3.y_BR3.DHZ9L1 equality     .          316.05     1.57033e-02 >
319 R_BR3.BPM11L3.y_BR3.DVT12L4 equality     .          316.6     -4.49611e-02 >
320 R_BR3.BPM11L3.y_BR3.DVT13L4 equality     .          318.64     4.34547e-02 >
321 R_BR3.BPM11L3.y_BR3.DVT2L4 equality     .          315.94     1.52369e-02 >
322 R_BR3.BPM11L3.y_BR3.DVT6L4 equality     .          320.03     1.61174e-02 >
323 R_BR3.BPM11L3.y_BR3.DVT8L1 equality     .          315.62    -1.66633e-01 >
324 R_BR3.BPM11L3.y_BR3.DVT9L1 equality     .          314.61    -6.99005e-02 >
325 R_BR3.BPM12L3.y_BR3.DHZ11L4 equality     .          228.8      2.08709e-02 >
326 R_BR3.BPM12L3.y_BR3.DHZ12L4 equality     .          228.91     1.09072e-01 >
327 R_BR3.BPM12L3.y_BR3.DHZ13L4 equality     .          230.97     1.60487e-02 >
328 R_BR3.BPM12L3.y_BR3.DHZ14L1 equality     .          230.37    -1.40396e-02 >
329 R_BR3.BPM12L3.y_BR3.DHZ8L1 equality     .          229.93     6.25586e-02 >
330 R_BR3.BPM12L3.y_BR3.DHZ9L1 equality     .          229.83     6.67159e-02 >
331 R_BR3.BPM12L3.y_BR3.DVT12L4 equality     .          231.68    -5.64865e-01 >
332 R_BR3.BPM12L3.y_BR3.DVT13L4 equality     .          233.07     2.46305e-01 >
333 R_BR3.BPM12L3.y_BR3.DVT2L4 equality     .          235.5      7.28715e-02 >
334 R_BR3.BPM12L3.y_BR3.DVT6L4 equality     .          233.25     2.38335e-01 >
335 R_BR3.BPM12L3.y_BR3.DVT8L1 equality     .          234.35    -1.94496e-03 >
336 R_BR3.BPM12L3.y_BR3.DVT9L1 equality     .          229.28     8.35053e-03 >
337 R_BR3.BPM13L3.y_BR3.DHZ11L4 equality     .          314.55    -1.13676e-01 >
338 R_BR3.BPM13L3.y_BR3.DHZ12L4 equality     .          314.09    -2.70375e-02 >
339 R_BR3.BPM13L3.y_BR3.DHZ13L4 equality     .          315.96     2.00710e-01 >
340 R_BR3.BPM13L3.y_BR3.DHZ14L1 equality     .          314.14     1.66096e-01 >
341 R_BR3.BPM13L3.y_BR3.DHZ8L1 equality     .          315.03    -1.30630e-01 >
342 R_BR3.BPM13L3.y_BR3.DHZ9L1 equality     .          315.1      7.97211e-03 >
343 R_BR3.BPM13L3.y_BR3.DVT12L4 equality     .          317.15     8.70795e-02 >
344 R_BR3.BPM13L3.y_BR3.DVT13L4 equality     .          316.65     6.75612e-02 >
345 R_BR3.BPM13L3.y_BR3.DVT2L4 equality     .          317.63     6.48949e-02 >
346 R_BR3.BPM13L3.y_BR3.DVT6L4 equality     .          315.62    -4.35005e-02 >
347 R_BR3.BPM13L3.y_BR3.DVT8L1 equality     .          316.73     4.49948e-02 >
348 R_BR3.BPM13L3.y_BR3.DVT9L1 equality     .          321.44     1.23470e-01 >
349 R_BR3.BPM14L3.y_BR3.DHZ11L4 equality     .          244.66     1.37074e-02 >
350 R_BR3.BPM14L3.y_BR3.DHZ12L4 equality     .          243.67    -6.49728e-02 >
351 R_BR3.BPM14L3.y_BR3.DHZ13L4 equality     .          244.53     1.32738e-02 >
352 R_BR3.BPM14L3.y_BR3.DHZ14L1 equality     .          242.81     2.69270e-02 >
353 R_BR3.BPM14L3.y_BR3.DHZ8L1 equality     .          243.28    -4.27686e-02 >
354 R_BR3.BPM14L3.y_BR3.DHZ9L1 equality     .          245.34    -1.09202e-01 >
355 R_BR3.BPM14L3.y_BR3.DVT12L4 equality     .          242.94     1.58057e-01 >
356 R_BR3.BPM14L3.y_BR3.DVT13L4 equality     .          243.07     3.54674e-01 >
357 R_BR3.BPM14L3.y_BR3.DVT2L4 equality     .          245.05     1.17183e-01 >
358 R_BR3.BPM14L3.y_BR3.DVT6L4 equality     .          242.43     7.54460e-02 >
359 R_BR3.BPM14L3.y_BR3.DVT8L1 equality     .          244.61    -6.95891e-02 >
360 R_BR3.BPM14L3.y_BR3.DVT9L1 equality     .          244.38    -2.67572e-01 >
361 R_BR3.BPM15L3.y_BR3.DHZ11L4 equality     .          334.51     1.37667e-01 >
362 R_BR3.BPM15L3.y_BR3.DHZ12L4 equality     .          333.44     8.57814e-02 >
363 R_BR3.BPM15L3.y_BR3.DHZ13L4 equality     .          334.64    -1.94807e-01 >
364 R_BR3.BPM15L3.y_BR3.DHZ14L1 equality     .          335.39    -1.50395e-01 >
365 R_BR3.BPM15L3.y_BR3.DHZ8L1 equality     .          335.75     1.64294e-01 >
366 R_BR3.BPM15L3.y_BR3.DHZ9L1 equality     .          333.43     4.57348e-02 >
367 R_BR3.BPM15L3.y_BR3.DVT12L4 equality     .          333.67    -8.72171e-02 >
368 R_BR3.BPM15L3.y_BR3.DVT13L4 equality     .          332.45    -7.47016e-02 >
369 R_BR3.BPM15L3.y_BR3.DVT2L4 equality     .          339.53    -1.76764e-01 >
370 R_BR3.BPM15L3.y_BR3.DVT6L4 equality     .          337.55    -2.36395e-02 >
371 R_BR3.BPM15L3.y_BR3.DVT8L1 equality     .          338.21     5.73545e-02 >
372 R_BR3.BPM15L3.y_BR3.DVT9L1 equality     .          337.47    -8.42431e-02 >
373 R_BR3.BPM16L3.y_BR3.DHZ11L4 equality     .          367.37     4.71369e-02 >
374 R_BR3.BPM16L3.y_BR3.DHZ12L4 equality     .          367.91     7.48064e-02 >
375 R_BR3.BPM16L3.y_BR3.DHZ13L4 equality     .          368.33    -1.99234e-02 >
376 R_BR3.BPM16L3.y_BR3.DHZ14L1 equality     .          367.79    -2.27469e-02 >
377 R_BR3.BPM16L3.y_BR3.DHZ8L1 equality     .          369.47     6.54758e-02 >
378 R_BR3.BPM16L3.y_BR3.DHZ9L1 equality     .          365.49     1.05904e-01 >
379 R_BR3.BPM16L3.y_BR3.DVT12L4 equality     .          363.83    -9.62606e-03 >
380 R_BR3.BPM16L3.y_BR3.DVT13L4 equality     .          364.82    -2.07906e-01 >
381 R_BR3.BPM16L3.y_BR3.DVT2L4 equality     .          370.96    -7.02262e-02 >
382 R_BR3.BPM16L3.y_BR3.DVT6L4 equality     .          368.48    -1.44614e-01 >
383 R_BR3.BPM16L3.y_BR3.DVT8L1 equality     .          369.37    -2.43676e-02 >
384 R_BR3.BPM16L3.y_BR3.DVT9L1 equality     .          364.81     3.76597e-01 >

 Variables                  Curr. Value  Curr. Step   Lower Limit  Upper Limit
--------------------------------------------------------------------------------
 1 BR.QFOCELL1.dk1l         3.26728e-03  9.70627e-06   .            .         
 2 BR.QDE1.dk1l            -1.92511e-03 -8.98890e-06   .            .         
 3 BR.QFOCELL2.dk1l         3.30940e-05  4.00786e-06   .            .         
 4 BR.QDE2.dk1l            -4.55270e-04 -3.79824e-06   .            .         
 5 BR.QFOCELL3.dk1l        -7.99594e-03  3.13189e-06   .            .         
 6 BR.QDE3.dk1l             5.83206e-03 -2.91467e-06   .            .         
 7 BR.QFOCELL4.dk1l         3.50597e-03  2.53177e-06   .            .         
 8 BR.QDE4.dk1l            -3.76362e-03 -2.25064e-06   .            .         
 9 BR.QFOCELL5.dk1l         1.34573e-02 -8.43034e-06   .            .         
10 BR.QDE5.dk1l            -1.34365e-02  7.76383e-06   .            .         
11 BR.QFOCELL6.dk1l        -7.05356e-03 -1.74645e-05   .            .         
12 BR.QDE6.dk1l             7.88089e-03  1.64543e-05   .            .         
13 BR.QFOCELL7.dk1l        -4.41300e-03 -6.84209e-06   .            .         
14 BR.QDE7.dk1l             5.68055e-03  6.32730e-06   .            .         
15 BR.QFOCELL8.dk1l         1.82471e-02  3.54636e-05   .            .         
16 BR.QDE8.dk1l            -1.89147e-02 -3.16350e-05   .            .         
17 BR.QFOCELL9.dk1l         1.19641e-02  1.59335e-05   .            .         
18 BR.QDE9.dk1l            -1.24234e-02 -1.48821e-05   .            .         
19 BR.QFOCELL10.dk1l       -1.22614e-02 -3.28710e-05   .            .         
20 BR.QDE10.dk1l            1.30403e-02  3.04579e-05   .            .         
21 BR.QFOCELL11.dk1l       -4.41991e-03 -7.46155e-06   .            .         
22 BR.QDE11.dk1l            2.46377e-03  7.44898e-06   .            .         
23 BR.QFOCELL12.dk1l        2.01838e-03  4.96431e-06   .            .         
24 BR.QDE12.dk1l           -2.40392e-03 -4.32785e-06   .            .         
25 BR.QFOCELL13.dk1l        1.73091e-02 -4.70134e-06   .            .         
26 BR.QDE13.dk1l           -1.79384e-02  4.40417e-06   .            .         
27 BR.QFOCELL14.dk1l        7.43634e-03 -2.11172e-06   .            .         
28 BR.QDE14.dk1l           -8.03761e-03  1.92891e-06   .            .         
29 BR.QFOCELL15.dk1l       -1.19590e-02  1.57312e-06   .            .         
30 BR.QDE15.dk1l            1.03102e-02 -1.42396e-06   .            .         
31 BR.QFOCELL16.dk1l       -1.10713e-03 -4.77872e-06   .            .         
32 BR.QDE16.dk1l            2.35279e-03  4.37055e-06   .            .         

ncall=199 [5.0s], fval=2.74387e-01, fstp=-7.07891e-08, ccnt=384.


 Constraints                Type        Kind        Weight     Expr. Value
------------------------------------------------------------------------------
 1 R_BR3.BPM1L3.x_BR3.DHZ11L4 equality     .          254.66     6.02951e-01 >
 2 R_BR3.BPM1L3.x_BR3.DHZ12L4 equality     .          253.14     3.53672e-01 >
 3 R_BR3.BPM1L3.x_BR3.DHZ13L4 equality     .          247.69     5.94238e-01 >
 4 R_BR3.BPM1L3.x_BR3.DHZ14L1 equality     .          252.82     3.01611e-01 >
 5 R_BR3.BPM1L3.x_BR3.DHZ8L1 equality     .          254.13    -9.38091e-02 >
 6 R_BR3.BPM1L3.x_BR3.DHZ9L1 equality     .          249.92    -1.05678e-01 >
 7 R_BR3.BPM1L3.x_BR3.DVT12L4 equality     .          253.72     1.80994e-01 >
 8 R_BR3.BPM1L3.x_BR3.DVT13L4 equality     .          258.5      1.49056e-01 >
 9 R_BR3.BPM1L3.x_BR3.DVT2L4 equality     .          259.45    -1.31573e-01 >
10 R_BR3.BPM1L3.x_BR3.DVT6L4 equality     .          255.36    -8.31744e-03 >
11 R_BR3.BPM1L3.x_BR3.DVT8L1 equality     .          251.55    -3.64240e-02 >
12 R_BR3.BPM1L3.x_BR3.DVT9L1 equality     .          254.26     1.54380e-01 >
13 R_BR3.BPM2L3.x_BR3.DHZ11L4 equality     .          155.27     4.12511e-01 >
14 R_BR3.BPM2L3.x_BR3.DHZ12L4 equality     .          156.88     5.94000e-01 >
15 R_BR3.BPM2L3.x_BR3.DHZ13L4 equality     .          155.84     9.08800e-01 >
16 R_BR3.BPM2L3.x_BR3.DHZ14L1 equality     .          155.85     1.23550e+00 >
17 R_BR3.BPM2L3.x_BR3.DHZ8L1 equality     .          157.76     2.31406e-01 >
18 R_BR3.BPM2L3.x_BR3.DHZ9L1 equality     .          156.58    -5.06013e-02 >
19 R_BR3.BPM2L3.x_BR3.DVT12L4 equality     .          157.29     5.43118e-02 >
20 R_BR3.BPM2L3.x_BR3.DVT13L4 equality     .          156.68     3.21148e-02 >
21 R_BR3.BPM2L3.x_BR3.DVT2L4 equality     .          156.36     1.71158e-02 >
22 R_BR3.BPM2L3.x_BR3.DVT6L4 equality     .          157.45     1.25084e-01 >
23 R_BR3.BPM2L3.x_BR3.DVT8L1 equality     .          155.43    -2.55164e-03 >
24 R_BR3.BPM2L3.x_BR3.DVT9L1 equality     .          154.89     7.94036e-03 >
25 R_BR3.BPM3L3.x_BR3.DHZ11L4 equality     .          303.95     5.77234e-01 >
26 R_BR3.BPM3L3.x_BR3.DHZ12L4 equality     .          302.28     4.41388e-02 >
27 R_BR3.BPM3L3.x_BR3.DHZ13L4 equality     .          296.52     1.65246e-01 >
28 R_BR3.BPM3L3.x_BR3.DHZ14L1 equality     .          301.62     3.29459e-01 >
29 R_BR3.BPM3L3.x_BR3.DHZ8L1 equality     .          307.07     9.92929e-01 >
30 R_BR3.BPM3L3.x_BR3.DHZ9L1 equality     .          304.26    -4.50572e-01 >
31 R_BR3.BPM3L3.x_BR3.DVT12L4 equality     .          303.71     3.18248e-03 >
32 R_BR3.BPM3L3.x_BR3.DVT13L4 equality     .          308.93    -2.67705e-01 >
33 R_BR3.BPM3L3.x_BR3.DVT2L4 equality     .          308.62     6.00946e-02 >
34 R_BR3.BPM3L3.x_BR3.DVT6L4 equality     .          301.48     1.59373e-01 >
35 R_BR3.BPM3L3.x_BR3.DVT8L1 equality     .          307.83     1.31889e-01 >
36 R_BR3.BPM3L3.x_BR3.DVT9L1 equality     .          306.9     -3.87886e-02 >
37 R_BR3.BPM4L3.x_BR3.DHZ11L4 equality     .          197.62     3.60489e-01 >
38 R_BR3.BPM4L3.x_BR3.DHZ12L4 equality     .          201.32    -7.64388e-02 >
39 R_BR3.BPM4L3.x_BR3.DHZ13L4 equality     .          197.32     3.48047e-01 >
40 R_BR3.BPM4L3.x_BR3.DHZ14L1 equality     .          201.26    -1.99216e-01 >
41 R_BR3.BPM4L3.x_BR3.DHZ8L1 equality     .          200.39     3.03316e-01 >
42 R_BR3.BPM4L3.x_BR3.DHZ9L1 equality     .          202.61    -3.43710e-01 >
43 R_BR3.BPM4L3.x_BR3.DVT12L4 equality     .          195.76     1.09689e-01 >
44 R_BR3.BPM4L3.x_BR3.DVT13L4 equality     .          197.42    -1.92387e-01 >
45 R_BR3.BPM4L3.x_BR3.DVT2L4 equality     .          199.38    -2.04107e-01 >
46 R_BR3.BPM4L3.x_BR3.DVT6L4 equality     .          198.44     3.52967e-02 >
47 R_BR3.BPM4L3.x_BR3.DVT8L1 equality     .          195.82     1.16256e-01 >
48 R_BR3.BPM4L3.x_BR3.DVT9L1 equality     .          196.53     3.75437e-02 >
49 R_BR3.BPM5L3.x_BR3.DHZ11L4 equality     .          321.86     6.96196e-01 >
50 R_BR3.BPM5L3.x_BR3.DHZ12L4 equality     .          324        2.60330e-01 >
51 R_BR3.BPM5L3.x_BR3.DHZ13L4 equality     .          320.22     6.51375e-01 >
52 R_BR3.BPM5L3.x_BR3.DHZ14L1 equality     .          315.57     5.58070e-01 >
53 R_BR3.BPM5L3.x_BR3.DHZ8L1 equality     .          334.56    -5.58988e-02 >
54 R_BR3.BPM5L3.x_BR3.DHZ9L1 equality     .          333.04    -2.04773e-01 >
55 R_BR3.BPM5L3.x_BR3.DVT12L4 equality     .          328.02     1.29409e-01 >
56 R_BR3.BPM5L3.x_BR3.DVT13L4 equality     .          338.46     1.27357e-01 >
57 R_BR3.BPM5L3.x_BR3.DVT2L4 equality     .          333.03    -1.98652e-01 >
58 R_BR3.BPM5L3.x_BR3.DVT6L4 equality     .          328.88     3.88223e-03 >
59 R_BR3.BPM5L3.x_BR3.DVT8L1 equality     .          328.84    -6.28798e-02 >
60 R_BR3.BPM5L3.x_BR3.DVT9L1 equality     .          333.2      1.08436e-01 >
61 R_BR3.BPM6L3.x_BR3.DHZ11L4 equality     .          199.4      6.29117e-01 >
62 R_BR3.BPM6L3.x_BR3.DHZ12L4 equality     .          197.81     6.32191e-01 >
63 R_BR3.BPM6L3.x_BR3.DHZ13L4 equality     .          198.97     7.07348e-01 >
64 R_BR3.BPM6L3.x_BR3.DHZ14L1 equality     .          195.6      1.03092e+00 >
65 R_BR3.BPM6L3.x_BR3.DHZ8L1 equality     .          198.79     6.49094e-01 >
66 R_BR3.BPM6L3.x_BR3.DHZ9L1 equality     .          199.44    -7.77850e-02 >
67 R_BR3.BPM6L3.x_BR3.DVT12L4 equality     .          200.97     6.61703e-03 >
68 R_BR3.BPM6L3.x_BR3.DVT13L4 equality     .          201.13    -3.26983e-02 >
69 R_BR3.BPM6L3.x_BR3.DVT2L4 equality     .          203.01     1.83533e-02 >
70 R_BR3.BPM6L3.x_BR3.DVT6L4 equality     .          200.9      1.30595e-01 >
71 R_BR3.BPM6L3.x_BR3.DVT8L1 equality     .          200.31     1.05403e-02 >
72 R_BR3.BPM6L3.x_BR3.DVT9L1 equality     .          200.46    -3.10701e-02 >
73 R_BR3.BPM7L3.x_BR3.DHZ11L4 equality     .          222.8      5.53189e-02 >
74 R_BR3.BPM7L3.x_BR3.DHZ12L4 equality     .          225.34     1.62298e-01 >
75 R_BR3.BPM7L3.x_BR3.DHZ13L4 equality     .          220.25     6.89637e-01 >
76 R_BR3.BPM7L3.x_BR3.DHZ14L1 equality     .          225.48     5.82310e-01 >
77 R_BR3.BPM7L3.x_BR3.DHZ8L1 equality     .          225.4      5.88189e-01 >
78 R_BR3.BPM7L3.x_BR3.DHZ9L1 equality     .          222.1     -2.39381e-01 >
79 R_BR3.BPM7L3.x_BR3.DVT12L4 equality     .          225.86    -2.07144e-02 >
80 R_BR3.BPM7L3.x_BR3.DVT13L4 equality     .          221.49    -2.91393e-01 >
81 R_BR3.BPM7L3.x_BR3.DVT2L4 equality     .          225.42    -1.69976e-03 >
82 R_BR3.BPM7L3.x_BR3.DVT6L4 equality     .          226.6      2.42948e-01 >
83 R_BR3.BPM7L3.x_BR3.DVT8L1 equality     .          225.55     1.48664e-01 >
84 R_BR3.BPM7L3.x_BR3.DVT9L1 equality     .          222.35    -3.80565e-02 >
85 R_BR3.BPM8L3.x_BR3.DHZ11L4 equality     .          330.8      1.02904e-01 >
86 R_BR3.BPM8L3.x_BR3.DHZ12L4 equality     .          333.31     3.03495e-02 >
87 R_BR3.BPM8L3.x_BR3.DHZ13L4 equality     .          330.27     6.93552e-01 >
88 R_BR3.BPM8L3.x_BR3.DHZ14L1 equality     .          326.41     9.90285e-02 >
89 R_BR3.BPM8L3.x_BR3.DHZ8L1 equality     .          338.18     3.81362e-01 >
90 R_BR3.BPM8L3.x_BR3.DHZ9L1 equality     .          333.86    -2.02941e-01 >
91 R_BR3.BPM8L3.x_BR3.DVT12L4 equality     .          329.82     1.00733e-01 >
92 R_BR3.BPM8L3.x_BR3.DVT13L4 equality     .          332.74    -1.58241e-01 >
93 R_BR3.BPM8L3.x_BR3.DVT2L4 equality     .          335.17    -1.57453e-01 >
94 R_BR3.BPM8L3.x_BR3.DVT6L4 equality     .          330.59     6.83092e-02 >
95 R_BR3.BPM8L3.x_BR3.DVT8L1 equality     .          329.77     1.96850e-01 >
96 R_BR3.BPM8L3.x_BR3.DVT9L1 equality     .          333.4      6.80361e-02 >
97 R_BR3.BPM9L3.x_BR3.DHZ11L4 equality     .          297.95     6.52630e-01 >
98 R_BR3.BPM9L3.x_BR3.DHZ12L4 equality     .          272.29    -1.92126e-01 >
99 R_BR3.BPM9L3.x_BR3.DHZ13L4 equality     .          292.4      7.08578e-01 >
100 R_BR3.BPM9L3.x_BR3.DHZ14L1 equality     .          288.77     9.39432e-01 >
101 R_BR3.BPM9L3.x_BR3.DHZ8L1 equality     .          281.34    -1.67177e-01 >
102 R_BR3.BPM9L3.x_BR3.DHZ9L1 equality     .          299.8     -1.91576e-01 >
103 R_BR3.BPM9L3.x_BR3.DVT12L4 equality     .          268.81     7.03954e-02 >
104 R_BR3.BPM9L3.x_BR3.DVT13L4 equality     .          281.73     9.42599e-02 >
105 R_BR3.BPM9L3.x_BR3.DVT2L4 equality     .          278.17    -1.56060e-01 >
106 R_BR3.BPM9L3.x_BR3.DVT6L4 equality     .          276.41    -4.04018e-02 >
107 R_BR3.BPM9L3.x_BR3.DVT8L1 equality     .          274.35     3.74917e-02 >
108 R_BR3.BPM9L3.x_BR3.DVT9L1 equality     .          275.55     1.83268e-01 >
109 R_BR3.BPM10L3.x_BR3.DHZ11L4 equality     .          315.77     9.43467e-01 >
110 R_BR3.BPM10L3.x_BR3.DHZ12L4 equality     .          318.58     6.75433e-01 >
111 R_BR3.BPM10L3.x_BR3.DHZ13L4 equality     .          309.41     2.75063e-01 >
112 R_BR3.BPM10L3.x_BR3.DHZ14L1 equality     .          313.99     6.61856e-01 >
113 R_BR3.BPM10L3.x_BR3.DHZ8L1 equality     .          329.56     1.70624e-02 >
114 R_BR3.BPM10L3.x_BR3.DHZ9L1 equality     .          324.29    -1.27037e-02 >
115 R_BR3.BPM10L3.x_BR3.DVT12L4 equality     .          320.67     2.34263e-02 >
116 R_BR3.BPM10L3.x_BR3.DVT13L4 equality     .          326.05    -6.53092e-02 >
117 R_BR3.BPM10L3.x_BR3.DVT2L4 equality     .          321.72    -1.68094e-02 >
118 R_BR3.BPM10L3.x_BR3.DVT6L4 equality     .          316.33     1.70760e-01 >
119 R_BR3.BPM10L3.x_BR3.DVT8L1 equality     .          321.28    -1.14005e-01 >
120 R_BR3.BPM10L3.x_BR3.DVT9L1 equality     .          322.27    -1.89291e-03 >
121 R_BR3.BPM11L3.x_BR3.DHZ11L4 equality     .          318.4     -2.33848e-01 >
122 R_BR3.BPM11L3.x_BR3.DHZ12L4 equality     .          316.84     4.59304e-01 >
123 R_BR3.BPM11L3.x_BR3.DHZ13L4 equality     .          313.46     8.62130e-01 >
124 R_BR3.BPM11L3.x_BR3.DHZ14L1 equality     .          316.5      3.92432e-01 >
125 R_BR3.BPM11L3.x_BR3.DHZ8L1 equality     .          322.48     1.65259e-01 >
126 R_BR3.BPM11L3.x_BR3.DHZ9L1 equality     .          321.48    -9.63954e-02 >
127 R_BR3.BPM11L3.x_BR3.DVT12L4 equality     .          318.33     6.09049e-02 >
128 R_BR3.BPM11L3.x_BR3.DVT13L4 equality     .          322.38    -2.62641e-01 >
129 R_BR3.BPM11L3.x_BR3.DVT2L4 equality     .          327.17    -4.90955e-02 >
130 R_BR3.BPM11L3.x_BR3.DVT6L4 equality     .          321.19     1.87024e-01 >
131 R_BR3.BPM11L3.x_BR3.DVT8L1 equality     .          320.15     1.37690e-01 >
132 R_BR3.BPM11L3.x_BR3.DVT9L1 equality     .          320.39    -1.16479e-01 >
133 R_BR3.BPM12L3.x_BR3.DHZ11L4 equality     .          234.16     2.47140e-01 >
134 R_BR3.BPM12L3.x_BR3.DHZ12L4 equality     .          230.83     2.34452e-01 >
135 R_BR3.BPM12L3.x_BR3.DHZ13L4 equality     .          231.79     1.00670e+00 >
136 R_BR3.BPM12L3.x_BR3.DHZ14L1 equality     .          231.46     3.11412e-01 >
137 R_BR3.BPM12L3.x_BR3.DHZ8L1 equality     .          232.67     5.07593e-01 >
138 R_BR3.BPM12L3.x_BR3.DHZ9L1 equality     .          233.71    -2.82741e-01 >
139 R_BR3.BPM12L3.x_BR3.DVT12L4 equality     .          232.44     9.86619e-02 >
140 R_BR3.BPM12L3.x_BR3.DVT13L4 equality     .          233.15    -1.08583e-01 >
141 R_BR3.BPM12L3.x_BR3.DVT2L4 equality     .          236.74    -1.73795e-01 >
142 R_BR3.BPM12L3.x_BR3.DVT6L4 equality     .          234.59     1.55340e-02 >
143 R_BR3.BPM12L3.x_BR3.DVT8L1 equality     .          233.61     1.63384e-01 >
144 R_BR3.BPM12L3.x_BR3.DVT9L1 equality     .          233.78     5.12054e-02 >
145 R_BR3.BPM13L3.x_BR3.DHZ11L4 equality     .          287.77     9.08531e-01 >
146 R_BR3.BPM13L3.x_BR3.DHZ12L4 equality     .          285.96     3.07480e-01 >
147 R_BR3.BPM13L3.x_BR3.DHZ13L4 equality     .          283.18     5.70360e-01 >
148 R_BR3.BPM13L3.x_BR3.DHZ14L1 equality     .          282.28     7.55680e-01 >
149 R_BR3.BPM13L3.x_BR3.DHZ8L1 equality     .          295.99     2.46865e-01 >
150 R_BR3.BPM13L3.x_BR3.DHZ9L1 equality     .          292.16    -1.61678e-01 >
151 R_BR3.BPM13L3.x_BR3.DVT12L4 equality     .          290.89     1.82194e-01 >
152 R_BR3.BPM13L3.x_BR3.DVT13L4 equality     .          294.3      1.12137e-01 >
153 R_BR3.BPM13L3.x_BR3.DVT2L4 equality     .          292.97    -1.53329e-01 >
154 R_BR3.BPM13L3.x_BR3.DVT6L4 equality     .          287.15    -5.53829e-03 >
155 R_BR3.BPM13L3.x_BR3.DVT8L1 equality     .          285.69    -6.54268e-02 >
156 R_BR3.BPM13L3.x_BR3.DVT9L1 equality     .          292.76     1.86181e-01 >
157 R_BR3.BPM14L3.x_BR3.DHZ11L4 equality     .          212.11     8.83423e-01 >
158 R_BR3.BPM14L3.x_BR3.DHZ12L4 equality     .          208.11     2.21829e-01 >
159 R_BR3.BPM14L3.x_BR3.DHZ13L4 equality     .          212.49     5.92726e-01 >
160 R_BR3.BPM14L3.x_BR3.DHZ14L1 equality     .          211.35     1.08853e+00 >
161 R_BR3.BPM14L3.x_BR3.DHZ8L1 equality     .          212.13     4.33792e-01 >
162 R_BR3.BPM14L3.x_BR3.DHZ9L1 equality     .          214.15    -4.68126e-01 >
163 R_BR3.BPM14L3.x_BR3.DVT12L4 equality     .          213.12    -7.04762e-02 >
164 R_BR3.BPM14L3.x_BR3.DVT13L4 equality     .          213.96     9.75381e-02 >
165 R_BR3.BPM14L3.x_BR3.DVT2L4 equality     .          214.27     1.89077e-02 >
166 R_BR3.BPM14L3.x_BR3.DVT6L4 equality     .          212.55     1.74277e-01 >
167 R_BR3.BPM14L3.x_BR3.DVT8L1 equality     .          213.83    -7.29081e-02 >
168 R_BR3.BPM14L3.x_BR3.DVT9L1 equality     .          212.93    -1.14491e-02 >
169 R_BR3.BPM15L3.x_BR3.DHZ11L4 equality     .          314.12     1.43990e-01 >
170 R_BR3.BPM15L3.x_BR3.DHZ12L4 equality     .          311.28     5.26628e-01 >
171 R_BR3.BPM15L3.x_BR3.DHZ13L4 equality     .          309.37     7.49836e-01 >
172 R_BR3.BPM15L3.x_BR3.DHZ14L1 equality     .          310.85     7.91130e-01 >
173 R_BR3.BPM15L3.x_BR3.DHZ8L1 equality     .          315.11     6.97219e-01 >
174 R_BR3.BPM15L3.x_BR3.DHZ9L1 equality     .          314.91     7.11130e-03 >
175 R_BR3.BPM15L3.x_BR3.DVT12L4 equality     .          315.91    -3.89914e-02 >
176 R_BR3.BPM15L3.x_BR3.DVT13L4 equality     .          319.03    -3.10740e-01 >
177 R_BR3.BPM15L3.x_BR3.DVT2L4 equality     .          321.11    -8.59124e-02 >
178 R_BR3.BPM15L3.x_BR3.DVT6L4 equality     .          317.53     1.29909e-01 >
179 R_BR3.BPM15L3.x_BR3.DVT8L1 equality     .          314.27     1.46397e-01 >
180 R_BR3.BPM15L3.x_BR3.DVT9L1 equality     .          315.87    -8.41251e-02 >
181 R_BR3.BPM16L3.x_BR3.DHZ11L4 equality     .          339.29     2.03716e-01 >
182 R_BR3.BPM16L3.x_BR3.DHZ12L4 equality     .          336.35     2.92124e-01 >
183 R_BR3.BPM16L3.x_BR3.DHZ13L4 equality     .          336.73     4.05162e-01 >
184 R_BR3.BPM16L3.x_BR3.DHZ14L1 equality     .          333.34    -1.90136e-01 >
185 R_BR3.BPM16L3.x_BR3.DHZ8L1 equality     .          339.6      3.81762e-01 >
186 R_BR3.BPM16L3.x_BR3.DHZ9L1 equality     .          335.27     2.04693e-02 >
187 R_BR3.BPM16L3.x_BR3.DVT12L4 equality     .          330.25     1.22178e-01 >
188 R_BR3.BPM16L3.x_BR3.DVT13L4 equality     .          328.68    -2.40861e-01 >
189 R_BR3.BPM16L3.x_BR3.DVT2L4 equality     .          330.96    -2.08351e-01 >
190 R_BR3.BPM16L3.x_BR3.DVT6L4 equality     .          334.9     -1.49221e-02 >
191 R_BR3.BPM16L3.x_BR3.DVT8L1 equality     .          331.05     1.26304e-01 >
192 R_BR3.BPM16L3.x_BR3.DVT9L1 equality     .          327.14     6.32453e-02 >
193 R_BR3.BPM1L3.y_BR3.DHZ11L4 equality     .          257.57    -1.54872e-01 >
194 R_BR3.BPM1L3.y_BR3.DHZ12L4 equality     .          257.44    -1.04500e-02 >
195 R_BR3.BPM1L3.y_BR3.DHZ13L4 equality     .          255.45     1.67958e-01 >
196 R_BR3.BPM1L3.y_BR3.DHZ14L1 equality     .          262.43     7.71008e-02 >
197 R_BR3.BPM1L3.y_BR3.DHZ8L1 equality     .          258.63    -1.72635e-01 >
198 R_BR3.BPM1L3.y_BR3.DHZ9L1 equality     .          259.44     3.80242e-02 >
199 R_BR3.BPM1L3.y_BR3.DVT12L4 equality     .          256.37    -7.70976e-02 >
200 R_BR3.BPM1L3.y_BR3.DVT13L4 equality     .          256.87    -1.24957e-01 >
201 R_BR3.BPM1L3.y_BR3.DVT2L4 equality     .          256.8      4.32904e-02 >
202 R_BR3.BPM1L3.y_BR3.DVT6L4 equality     .          258.65     2.89027e-02 >
203 R_BR3.BPM1L3.y_BR3.DVT8L1 equality     .          254.6      1.21234e-01 >
204 R_BR3.BPM1L3.y_BR3.DVT9L1 equality     .          253.14    -9.22270e-02 >
205 R_BR3.BPM2L3.y_BR3.DHZ11L4 equality     .          193.57     1.48051e-02 >
206 R_BR3.BPM2L3.y_BR3.DHZ12L4 equality     .          196.23    -9.52791e-02 >
207 R_BR3.BPM2L3.y_BR3.DHZ13L4 equality     .          192.52    -4.29371e-02 >
208 R_BR3.BPM2L3.y_BR3.DHZ14L1 equality     .          193.77    -6.16029e-03 >
209 R_BR3.BPM2L3.y_BR3.DHZ8L1 equality     .          194.27    -3.41118e-02 >
210 R_BR3.BPM2L3.y_BR3.DHZ9L1 equality     .          193.68    -1.18944e-01 >
211 R_BR3.BPM2L3.y_BR3.DVT12L4 equality     .          194.6      2.84083e-02 >
212 R_BR3.BPM2L3.y_BR3.DVT13L4 equality     .          196.01     2.73615e-01 >
213 R_BR3.BPM2L3.y_BR3.DVT2L4 equality     .          197.7      1.05182e-01 >
214 R_BR3.BPM2L3.y_BR3.DVT6L4 equality     .          195.05     1.48911e-01 >
215 R_BR3.BPM2L3.y_BR3.DVT8L1 equality     .          197.51    -1.49120e-02 >
216 R_BR3.BPM2L3.y_BR3.DVT9L1 equality     .          198.1     -3.53870e-01 >
217 R_BR3.BPM3L3.y_BR3.DHZ11L4 equality     .          311.27     1.74733e-01 >
218 R_BR3.BPM3L3.y_BR3.DHZ12L4 equality     .          309.09     2.19433e-02 >
219 R_BR3.BPM3L3.y_BR3.DHZ13L4 equality     .          310.15    -2.11838e-01 >
220 R_BR3.BPM3L3.y_BR3.DHZ14L1 equality     .          307.56    -1.56420e-01 >
221 R_BR3.BPM3L3.y_BR3.DHZ8L1 equality     .          306.36     1.98659e-01 >
222 R_BR3.BPM3L3.y_BR3.DHZ9L1 equality     .          309.1     -2.16548e-02 >
223 R_BR3.BPM3L3.y_BR3.DVT12L4 equality     .          303.15    -3.39681e-02 >
224 R_BR3.BPM3L3.y_BR3.DVT13L4 equality     .          307.44    -6.76721e-02 >
225 R_BR3.BPM3L3.y_BR3.DVT2L4 equality     .          309.57     2.03006e-01 >
226 R_BR3.BPM3L3.y_BR3.DVT6L4 equality     .          307.66    -4.27431e-02 >
227 R_BR3.BPM3L3.y_BR3.DVT8L1 equality     .          304.37     1.96845e-02 >
228 R_BR3.BPM3L3.y_BR3.DVT9L1 equality     .          304.89     9.67704e-02 >
229 R_BR3.BPM4L3.y_BR3.DHZ11L4 equality     .          209.22    -6.43741e-02 >
230 R_BR3.BPM4L3.y_BR3.DHZ12L4 equality     .          208.96     5.01388e-02 >
231 R_BR3.BPM4L3.y_BR3.DHZ13L4 equality     .          209.79     3.95469e-02 >
232 R_BR3.BPM4L3.y_BR3.DHZ14L1 equality     .          208.88     4.70577e-04 >
233 R_BR3.BPM4L3.y_BR3.DHZ8L1 equality     .          207.13     2.23951e-03 >
234 R_BR3.BPM4L3.y_BR3.DHZ9L1 equality     .          210.25     1.00231e-01 >
235 R_BR3.BPM4L3.y_BR3.DVT12L4 equality     .          208.84    -7.38668e-01 >
236 R_BR3.BPM4L3.y_BR3.DVT13L4 equality     .          206.29    -2.87436e-02 >
237 R_BR3.BPM4L3.y_BR3.DVT2L4 equality     .          210.84     4.18568e-01 >
238 R_BR3.BPM4L3.y_BR3.DVT6L4 equality     .          211.58     5.76964e-01 >
239 R_BR3.BPM4L3.y_BR3.DVT8L1 equality     .          206.33    -1.80756e-01 >
240 R_BR3.BPM4L3.y_BR3.DVT9L1 equality     .          204.78    -6.70170e-02 >
241 R_BR3.BPM5L3.y_BR3.DHZ11L4 equality     .          300.85    -1.78699e-01 >
242 R_BR3.BPM5L3.y_BR3.DHZ12L4 equality     .          297.48    -2.60802e-02 >
243 R_BR3.BPM5L3.y_BR3.DHZ13L4 equality     .          298.35     2.04837e-01 >
244 R_BR3.BPM5L3.y_BR3.DHZ14L1 equality     .          298.9      1.43471e-01 >
245 R_BR3.BPM5L3.y_BR3.DHZ8L1 equality     .          299.5     -1.97120e-01 >
246 R_BR3.BPM5L3.y_BR3.DHZ9L1 equality     .          299.47     4.25378e-02 >
247 R_BR3.BPM5L3.y_BR3.DVT12L4 equality     .          297.94    -1.91497e-02 >
248 R_BR3.BPM5L3.y_BR3.DVT13L4 equality     .          294.97     1.63141e-01 >
249 R_BR3.BPM5L3.y_BR3.DVT2L4 equality     .          296.96    -1.89490e-01 >
250 R_BR3.BPM5L3.y_BR3.DVT6L4 equality     .          297.72     1.46302e-01 >
251 R_BR3.BPM5L3.y_BR3.DVT8L1 equality     .          297.17    -5.47613e-02 >
252 R_BR3.BPM5L3.y_BR3.DVT9L1 equality     .          298.36    -1.91845e-01 >
253 R_BR3.BPM6L3.y_BR3.DHZ11L4 equality     .          204.29     4.22997e-02 >
254 R_BR3.BPM6L3.y_BR3.DHZ12L4 equality     .          204.08    -7.17578e-02 >
255 R_BR3.BPM6L3.y_BR3.DHZ13L4 equality     .          204.5     -1.17875e-01 >
256 R_BR3.BPM6L3.y_BR3.DHZ14L1 equality     .          202.92    -1.17391e-01 >
257 R_BR3.BPM6L3.y_BR3.DHZ8L1 equality     .          202.96     6.73627e-02 >
258 R_BR3.BPM6L3.y_BR3.DHZ9L1 equality     .          205.1     -1.28307e-01 >
259 R_BR3.BPM6L3.y_BR3.DVT12L4 equality     .          201.2      6.80628e-01 >
260 R_BR3.BPM6L3.y_BR3.DVT13L4 equality     .          203.75    -1.99310e-02 >
261 R_BR3.BPM6L3.y_BR3.DVT2L4 equality     .          205.04    -2.95026e-01 >
262 R_BR3.BPM6L3.y_BR3.DVT6L4 equality     .          202.29    -5.16094e-01 >
263 R_BR3.BPM6L3.y_BR3.DVT8L1 equality     .          204.73     2.62358e-01 >
264 R_BR3.BPM6L3.y_BR3.DVT9L1 equality     .          199.77     4.35312e-02 >
265 R_BR3.BPM7L3.y_BR3.DHZ11L4 equality     .          245.73     1.94270e-01 >
266 R_BR3.BPM7L3.y_BR3.DHZ12L4 equality     .          247.94     4.92900e-02 >
267 R_BR3.BPM7L3.y_BR3.DHZ13L4 equality     .          242.87    -2.38282e-01 >
268 R_BR3.BPM7L3.y_BR3.DHZ14L1 equality     .          244.89    -1.76211e-01 >
269 R_BR3.BPM7L3.y_BR3.DHZ8L1 equality     .          247.74     2.13609e-01 >
270 R_BR3.BPM7L3.y_BR3.DHZ9L1 equality     .          245.22     6.20531e-05 >
271 R_BR3.BPM7L3.y_BR3.DVT12L4 equality     .          249.3     -1.84533e-01 >
272 R_BR3.BPM7L3.y_BR3.DVT13L4 equality     .          249.52     1.91370e-01 >
273 R_BR3.BPM7L3.y_BR3.DVT2L4 equality     .          254.12     1.20877e-01 >
274 R_BR3.BPM7L3.y_BR3.DVT6L4 equality     .          253.72    -4.09936e-02 >
275 R_BR3.BPM7L3.y_BR3.DVT8L1 equality     .          251.66    -1.61484e-01 >
276 R_BR3.BPM7L3.y_BR3.DVT9L1 equality     .          244.08     2.01423e-01 >
277 R_BR3.BPM8L3.y_BR3.DHZ11L4 equality     .          306.65     3.83337e-02 >
278 R_BR3.BPM8L3.y_BR3.DHZ12L4 equality     .          306.08     8.96935e-02 >
279 R_BR3.BPM8L3.y_BR3.DHZ13L4 equality     .          306.21    -2.12207e-02 >
280 R_BR3.BPM8L3.y_BR3.DHZ14L1 equality     .          304.82    -6.96139e-02 >
281 R_BR3.BPM8L3.y_BR3.DHZ8L1 equality     .          307.87     6.70863e-02 >
282 R_BR3.BPM8L3.y_BR3.DHZ9L1 equality     .          305.8      1.10913e-01 >
283 R_BR3.BPM8L3.y_BR3.DVT12L4 equality     .          305.08     1.02941e-01 >
284 R_BR3.BPM8L3.y_BR3.DVT13L4 equality     .          308.56    -3.44538e-02 >
285 R_BR3.BPM8L3.y_BR3.DVT2L4 equality     .          308.7     -3.51277e-01 >
286 R_BR3.BPM8L3.y_BR3.DVT6L4 equality     .          299.1      4.69666e-02 >
287 R_BR3.BPM8L3.y_BR3.DVT8L1 equality     .          308.1      3.47344e-01 >
288 R_BR3.BPM8L3.y_BR3.DVT9L1 equality     .          305.72     3.73463e-01 >
289 R_BR3.BPM9L3.y_BR3.DHZ11L4 equality     .          336.88    -1.86494e-01 >
290 R_BR3.BPM9L3.y_BR3.DHZ12L4 equality     .          333.83    -3.14445e-02 >
291 R_BR3.BPM9L3.y_BR3.DHZ13L4 equality     .          336.37     1.80368e-01 >
292 R_BR3.BPM9L3.y_BR3.DHZ14L1 equality     .          336.76     1.42197e-01 >
293 R_BR3.BPM9L3.y_BR3.DHZ8L1 equality     .          331.88    -1.07999e-01 >
294 R_BR3.BPM9L3.y_BR3.DHZ9L1 equality     .          334.24     4.53190e-03 >
295 R_BR3.BPM9L3.y_BR3.DVT12L4 equality     .          327.37    -3.53928e-01 >
296 R_BR3.BPM9L3.y_BR3.DVT13L4 equality     .          338.18     1.69646e-01 >
297 R_BR3.BPM9L3.y_BR3.DVT2L4 equality     .          336.5      9.31672e-02 >
298 R_BR3.BPM9L3.y_BR3.DVT6L4 equality     .          335.05     2.17570e-02 >
299 R_BR3.BPM9L3.y_BR3.DVT8L1 equality     .          335.16    -2.66584e-02 >
300 R_BR3.BPM9L3.y_BR3.DVT9L1 equality     .          333.29     2.04079e-01 >
301 R_BR3.BPM10L3.y_BR3.DHZ11L4 equality     .          365.38     9.90314e-02 >
302 R_BR3.BPM10L3.y_BR3.DHZ12L4 equality     .          361.1     -8.13318e-02 >
303 R_BR3.BPM10L3.y_BR3.DHZ13L4 equality     .          365.06    -9.21301e-02 >
304 R_BR3.BPM10L3.y_BR3.DHZ14L1 equality     .          360.05    -5.90171e-03 >
305 R_BR3.BPM10L3.y_BR3.DHZ8L1 equality     .          362.18    -4.09360e-02 >
306 R_BR3.BPM10L3.y_BR3.DHZ9L1 equality     .          360.3     -1.42695e-01 >
307 R_BR3.BPM10L3.y_BR3.DVT12L4 equality     .          353.68     2.62577e-02 >
308 R_BR3.BPM10L3.y_BR3.DVT13L4 equality     .          361.01    -1.63917e-01 >
309 R_BR3.BPM10L3.y_BR3.DVT2L4 equality     .          359.21     2.95738e-01 >
310 R_BR3.BPM10L3.y_BR3.DVT6L4 equality     .          357.42    -2.07061e-02 >
311 R_BR3.BPM10L3.y_BR3.DVT8L1 equality     .          358.72    -3.22846e-01 >
312 R_BR3.BPM10L3.y_BR3.DVT9L1 equality     .          358.93     4.36228e-02 >
313 R_BR3.BPM11L3.y_BR3.DHZ11L4 equality     .          314.76     2.00917e-01 >
314 R_BR3.BPM11L3.y_BR3.DHZ12L4 equality     .          315.18     1.02131e-01 >
315 R_BR3.BPM11L3.y_BR3.DHZ13L4 equality     .          316.42    -1.92160e-01 >
316 R_BR3.BPM11L3.y_BR3.DHZ14L1 equality     .          314.28    -1.71352e-01 >
317 R_BR3.BPM11L3.y_BR3.DHZ8L1 equality     .          316.55     1.73186e-01 >
318 R_BR3.BPM11L3.y_BR3.DHZ9L1 equality     .          316.05     1.57033e-02 >
319 R_BR3.BPM11L3.y_BR3.DVT12L4 equality     .          316.6     -4.49747e-02 >
320 R_BR3.BPM11L3.y_BR3.DVT13L4 equality     .          318.64     4.34795e-02 >
321 R_BR3.BPM11L3.y_BR3.DVT2L4 equality     .          315.94     1.52333e-02 >
322 R_BR3.BPM11L3.y_BR3.DVT6L4 equality     .          320.03     1.61079e-02 >
323 R_BR3.BPM11L3.y_BR3.DVT8L1 equality     .          315.62    -1.66639e-01 >
324 R_BR3.BPM11L3.y_BR3.DVT9L1 equality     .          314.61    -6.98829e-02 >
325 R_BR3.BPM12L3.y_BR3.DHZ11L4 equality     .          228.8      2.08710e-02 >
326 R_BR3.BPM12L3.y_BR3.DHZ12L4 equality     .          228.91     1.09072e-01 >
327 R_BR3.BPM12L3.y_BR3.DHZ13L4 equality     .          230.97     1.60487e-02 >
328 R_BR3.BPM12L3.y_BR3.DHZ14L1 equality     .          230.37    -1.40396e-02 >
329 R_BR3.BPM12L3.y_BR3.DHZ8L1 equality     .          229.93     6.25586e-02 >
330 R_BR3.BPM12L3.y_BR3.DHZ9L1 equality     .          229.83     6.67159e-02 >
331 R_BR3.BPM12L3.y_BR3.DVT12L4 equality     .          231.68    -5.64869e-01 >
332 R_BR3.BPM12L3.y_BR3.DVT13L4 equality     .          233.07     2.46305e-01 >
333 R_BR3.BPM12L3.y_BR3.DVT2L4 equality     .          235.5      7.28667e-02 >
334 R_BR3.BPM12L3.y_BR3.DVT6L4 equality     .          233.25     2.38333e-01 >
335 R_BR3.BPM12L3.y_BR3.DVT8L1 equality     .          234.35    -1.94574e-03 >
336 R_BR3.BPM12L3.y_BR3.DVT9L1 equality     .          229.28     8.35053e-03 >
337 R_BR3.BPM13L3.y_BR3.DHZ11L4 equality     .          314.55    -1.13676e-01 >
338 R_BR3.BPM13L3.y_BR3.DHZ12L4 equality     .          314.09    -2.70375e-02 >
339 R_BR3.BPM13L3.y_BR3.DHZ13L4 equality     .          315.96     2.00710e-01 >
340 R_BR3.BPM13L3.y_BR3.DHZ14L1 equality     .          314.14     1.66096e-01 >
341 R_BR3.BPM13L3.y_BR3.DHZ8L1 equality     .          315.03    -1.30630e-01 >
342 R_BR3.BPM13L3.y_BR3.DHZ9L1 equality     .          315.1      7.97213e-03 >
343 R_BR3.BPM13L3.y_BR3.DVT12L4 equality     .          317.15     8.70793e-02 >
344 R_BR3.BPM13L3.y_BR3.DVT13L4 equality     .          316.65     6.75581e-02 >
345 R_BR3.BPM13L3.y_BR3.DVT2L4 equality     .          317.63     6.48962e-02 >
346 R_BR3.BPM13L3.y_BR3.DVT6L4 equality     .          315.62    -4.35024e-02 >
347 R_BR3.BPM13L3.y_BR3.DVT8L1 equality     .          316.73     4.49974e-02 >
348 R_BR3.BPM13L3.y_BR3.DVT9L1 equality     .          321.44     1.23466e-01 >
349 R_BR3.BPM14L3.y_BR3.DHZ11L4 equality     .          244.66     1.37074e-02 >
350 R_BR3.BPM14L3.y_BR3.DHZ12L4 equality     .          243.67    -6.49728e-02 >
351 R_BR3.BPM14L3.y_BR3.DHZ13L4 equality     .          244.53     1.32738e-02 >
352 R_BR3.BPM14L3.y_BR3.DHZ14L1 equality     .          242.81     2.69270e-02 >
353 R_BR3.BPM14L3.y_BR3.DHZ8L1 equality     .          243.28    -4.27686e-02 >
354 R_BR3.BPM14L3.y_BR3.DHZ9L1 equality     .          245.34    -1.09202e-01 >
355 R_BR3.BPM14L3.y_BR3.DVT12L4 equality     .          242.94     1.58063e-01 >
356 R_BR3.BPM14L3.y_BR3.DVT13L4 equality     .          243.07     3.54674e-01 >
357 R_BR3.BPM14L3.y_BR3.DVT2L4 equality     .          245.05     1.17189e-01 >
358 R_BR3.BPM14L3.y_BR3.DVT6L4 equality     .          242.43     7.54492e-02 >
359 R_BR3.BPM14L3.y_BR3.DVT8L1 equality     .          244.61    -6.95910e-02 >
360 R_BR3.BPM14L3.y_BR3.DVT9L1 equality     .          244.38    -2.67570e-01 >
361 R_BR3.BPM15L3.y_BR3.DHZ11L4 equality     .          334.51     1.37667e-01 >
362 R_BR3.BPM15L3.y_BR3.DHZ12L4 equality     .          333.44     8.57814e-02 >
363 R_BR3.BPM15L3.y_BR3.DHZ13L4 equality     .          334.64    -1.94807e-01 >
364 R_BR3.BPM15L3.y_BR3.DHZ14L1 equality     .          335.39    -1.50395e-01 >
365 R_BR3.BPM15L3.y_BR3.DHZ8L1 equality     .          335.75     1.64294e-01 >
366 R_BR3.BPM15L3.y_BR3.DHZ9L1 equality     .          333.43     4.57348e-02 >
367 R_BR3.BPM15L3.y_BR3.DVT12L4 equality     .          333.67    -8.72176e-02 >
368 R_BR3.BPM15L3.y_BR3.DVT13L4 equality     .          332.45    -7.47001e-02 >
369 R_BR3.BPM15L3.y_BR3.DVT2L4 equality     .          339.53    -1.76768e-01 >
370 R_BR3.BPM15L3.y_BR3.DVT6L4 equality     .          337.55    -2.36397e-02 >
371 R_BR3.BPM15L3.y_BR3.DVT8L1 equality     .          338.21     5.73534e-02 >
372 R_BR3.BPM15L3.y_BR3.DVT9L1 equality     .          337.47    -8.42392e-02 >
373 R_BR3.BPM16L3.y_BR3.DHZ11L4 equality     .          367.37     4.71369e-02 >
374 R_BR3.BPM16L3.y_BR3.DHZ12L4 equality     .          367.91     7.48064e-02 >
375 R_BR3.BPM16L3.y_BR3.DHZ13L4 equality     .          368.33    -1.99234e-02 >
376 R_BR3.BPM16L3.y_BR3.DHZ14L1 equality     .          367.79    -2.27469e-02 >
377 R_BR3.BPM16L3.y_BR3.DHZ8L1 equality     .          369.47     6.54758e-02 >
378 R_BR3.BPM16L3.y_BR3.DHZ9L1 equality     .          365.49     1.05904e-01 >
379 R_BR3.BPM16L3.y_BR3.DVT12L4 equality     .          363.83    -9.63289e-03 >
380 R_BR3.BPM16L3.y_BR3.DVT13L4 equality     .          364.82    -2.07903e-01 >
381 R_BR3.BPM16L3.y_BR3.DVT2L4 equality     .          370.96    -7.02288e-02 >
382 R_BR3.BPM16L3.y_BR3.DVT6L4 equality     .          368.48    -1.44614e-01 >
383 R_BR3.BPM16L3.y_BR3.DVT8L1 equality     .          369.37    -2.43676e-02 >
384 R_BR3.BPM16L3.y_BR3.DVT9L1 equality     .          364.81     3.76593e-01 >

 Variables                  Curr. Value  Curr. Step   Lower Limit  Upper Limit
--------------------------------------------------------------------------------
 1 BR.QFOCELL1.dk1l         3.26781e-03  5.32792e-07   .            .         
 2 BR.QDE1.dk1l            -1.92561e-03 -4.94971e-07   .            .         
 3 BR.QFOCELL2.dk1l         3.52132e-05  2.11920e-06   .            .         
 4 BR.QDE2.dk1l            -4.57225e-04 -1.95504e-06   .            .         
 5 BR.QFOCELL3.dk1l        -7.99589e-03  5.01004e-08   .            .         
 6 BR.QDE3.dk1l             5.83201e-03 -5.30937e-08   .            .         
 7 BR.QFOCELL4.dk1l         3.50244e-03 -3.52696e-06   .            .         
 8 BR.QDE4.dk1l            -3.76042e-03  3.19651e-06   .            .         
 9 BR.QFOCELL5.dk1l         1.34619e-02  4.57380e-06   .            .         
10 BR.QDE5.dk1l            -1.34406e-02 -4.09263e-06   .            .         
11 BR.QFOCELL6.dk1l        -7.05251e-03  1.05019e-06   .            .         
12 BR.QDE6.dk1l             7.87996e-03 -9.31729e-07   .            .         
13 BR.QFOCELL7.dk1l        -4.42006e-03 -7.05533e-06   .            .         
14 BR.QDE7.dk1l             5.68707e-03  6.51660e-06   .            .         
15 BR.QFOCELL8.dk1l         1.82519e-02  4.78194e-06   .            .         
16 BR.QDE8.dk1l            -1.89190e-02 -4.28322e-06   .            .         
17 BR.QFOCELL9.dk1l         1.19734e-02  9.36463e-06   .            .         
18 BR.QDE9.dk1l            -1.24319e-02 -8.46856e-06   .            .         
19 BR.QFOCELL10.dk1l       -1.22663e-02 -4.85106e-06   .            .         
20 BR.QDE10.dk1l            1.30447e-02  4.43780e-06   .            .         
21 BR.QFOCELL11.dk1l       -4.42602e-03 -6.10922e-06   .            .         
22 BR.QDE11.dk1l            2.46942e-03  5.65234e-06   .            .         
23 BR.QFOCELL12.dk1l        2.01785e-03 -5.28770e-07   .            .         
24 BR.QDE12.dk1l           -2.40334e-03  5.75409e-07   .            .         
25 BR.QFOCELL13.dk1l        1.73087e-02 -3.96130e-07   .            .         
26 BR.QDE13.dk1l           -1.79381e-02  3.89285e-07   .            .         
27 BR.QFOCELL14.dk1l        7.43635e-03  4.90456e-09   .            .         
28 BR.QDE14.dk1l           -8.03763e-03 -1.29874e-08   .            .         
29 BR.QFOCELL15.dk1l       -1.19590e-02 -5.05645e-08   .            .         
30 BR.QDE15.dk1l            1.03102e-02  2.92630e-08   .            .         
31 BR.QFOCELL16.dk1l       -1.10780e-03 -6.67800e-07   .            .         
32 BR.QDE16.dk1l            2.35340e-03  6.06877e-07   .            .         

ncall=232 [5.8s], fval=2.74387e-01, fstp=-6.32818e-09, ccnt=384.


 Constraints                Type        Kind        Weight     Expr. Value
------------------------------------------------------------------------------
 1 R_BR3.BPM1L3.x_BR3.DHZ11L4 equality     .          254.66     6.02942e-01 >
 2 R_BR3.BPM1L3.x_BR3.DHZ12L4 equality     .          253.14     3.53717e-01 >
 3 R_BR3.BPM1L3.x_BR3.DHZ13L4 equality     .          247.69     5.94233e-01 >
 4 R_BR3.BPM1L3.x_BR3.DHZ14L1 equality     .          252.82     3.01591e-01 >
 5 R_BR3.BPM1L3.x_BR3.DHZ8L1 equality     .          254.13    -9.37863e-02 >
 6 R_BR3.BPM1L3.x_BR3.DHZ9L1 equality     .          249.92    -1.05668e-01 >
 7 R_BR3.BPM1L3.x_BR3.DVT12L4 equality     .          253.72     1.80994e-01 >
 8 R_BR3.BPM1L3.x_BR3.DVT13L4 equality     .          258.5      1.49056e-01 >
 9 R_BR3.BPM1L3.x_BR3.DVT2L4 equality     .          259.45    -1.31573e-01 >
10 R_BR3.BPM1L3.x_BR3.DVT6L4 equality     .          255.36    -8.31744e-03 >
11 R_BR3.BPM1L3.x_BR3.DVT8L1 equality     .          251.55    -3.64240e-02 >
12 R_BR3.BPM1L3.x_BR3.DVT9L1 equality     .          254.26     1.54380e-01 >
13 R_BR3.BPM2L3.x_BR3.DHZ11L4 equality     .          155.27     4.12582e-01 >
14 R_BR3.BPM2L3.x_BR3.DHZ12L4 equality     .          156.88     5.93969e-01 >
15 R_BR3.BPM2L3.x_BR3.DHZ13L4 equality     .          155.84     9.08763e-01 >
16 R_BR3.BPM2L3.x_BR3.DHZ14L1 equality     .          155.85     1.23548e+00 >
17 R_BR3.BPM2L3.x_BR3.DHZ8L1 equality     .          157.76     2.31452e-01 >
18 R_BR3.BPM2L3.x_BR3.DHZ9L1 equality     .          156.58    -5.05874e-02 >
19 R_BR3.BPM2L3.x_BR3.DVT12L4 equality     .          157.29     5.43118e-02 >
20 R_BR3.BPM2L3.x_BR3.DVT13L4 equality     .          156.68     3.21148e-02 >
21 R_BR3.BPM2L3.x_BR3.DVT2L4 equality     .          156.36     1.71158e-02 >
22 R_BR3.BPM2L3.x_BR3.DVT6L4 equality     .          157.45     1.25084e-01 >
23 R_BR3.BPM2L3.x_BR3.DVT8L1 equality     .          155.43    -2.55164e-03 >
24 R_BR3.BPM2L3.x_BR3.DVT9L1 equality     .          154.89     7.94036e-03 >
25 R_BR3.BPM3L3.x_BR3.DHZ11L4 equality     .          303.95     5.77245e-01 >
26 R_BR3.BPM3L3.x_BR3.DHZ12L4 equality     .          302.28     4.41175e-02 >
27 R_BR3.BPM3L3.x_BR3.DHZ13L4 equality     .          296.52     1.65242e-01 >
28 R_BR3.BPM3L3.x_BR3.DHZ14L1 equality     .          301.62     3.29459e-01 >
29 R_BR3.BPM3L3.x_BR3.DHZ8L1 equality     .          307.07     9.92916e-01 >
30 R_BR3.BPM3L3.x_BR3.DHZ9L1 equality     .          304.26    -4.50567e-01 >
31 R_BR3.BPM3L3.x_BR3.DVT12L4 equality     .          303.71     3.18248e-03 >
32 R_BR3.BPM3L3.x_BR3.DVT13L4 equality     .          308.93    -2.67705e-01 >
33 R_BR3.BPM3L3.x_BR3.DVT2L4 equality     .          308.62     6.00946e-02 >
34 R_BR3.BPM3L3.x_BR3.DVT6L4 equality     .          301.48     1.59373e-01 >
35 R_BR3.BPM3L3.x_BR3.DVT8L1 equality     .          307.83     1.31889e-01 >
36 R_BR3.BPM3L3.x_BR3.DVT9L1 equality     .          306.9     -3.87886e-02 >
37 R_BR3.BPM4L3.x_BR3.DHZ11L4 equality     .          197.62     3.60384e-01 >
38 R_BR3.BPM4L3.x_BR3.DHZ12L4 equality     .          201.32    -7.63938e-02 >
39 R_BR3.BPM4L3.x_BR3.DHZ13L4 equality     .          197.32     3.48113e-01 >
40 R_BR3.BPM4L3.x_BR3.DHZ14L1 equality     .          201.26    -1.99187e-01 >
41 R_BR3.BPM4L3.x_BR3.DHZ8L1 equality     .          200.39     3.03241e-01 >
42 R_BR3.BPM4L3.x_BR3.DHZ9L1 equality     .          202.61    -3.43706e-01 >
43 R_BR3.BPM4L3.x_BR3.DVT12L4 equality     .          195.76     1.09689e-01 >
44 R_BR3.BPM4L3.x_BR3.DVT13L4 equality     .          197.42    -1.92387e-01 >
45 R_BR3.BPM4L3.x_BR3.DVT2L4 equality     .          199.38    -2.04107e-01 >
46 R_BR3.BPM4L3.x_BR3.DVT6L4 equality     .          198.44     3.52968e-02 >
47 R_BR3.BPM4L3.x_BR3.DVT8L1 equality     .          195.82     1.16256e-01 >
48 R_BR3.BPM4L3.x_BR3.DVT9L1 equality     .          196.53     3.75437e-02 >
49 R_BR3.BPM5L3.x_BR3.DHZ11L4 equality     .          321.86     6.96188e-01 >
50 R_BR3.BPM5L3.x_BR3.DHZ12L4 equality     .          324        2.60340e-01 >
51 R_BR3.BPM5L3.x_BR3.DHZ13L4 equality     .          320.22     6.51381e-01 >
52 R_BR3.BPM5L3.x_BR3.DHZ14L1 equality     .          315.57     5.58077e-01 >
53 R_BR3.BPM5L3.x_BR3.DHZ8L1 equality     .          334.56    -5.58876e-02 >
54 R_BR3.BPM5L3.x_BR3.DHZ9L1 equality     .          333.04    -2.04779e-01 >
55 R_BR3.BPM5L3.x_BR3.DVT12L4 equality     .          328.02     1.29409e-01 >
56 R_BR3.BPM5L3.x_BR3.DVT13L4 equality     .          338.46     1.27357e-01 >
57 R_BR3.BPM5L3.x_BR3.DVT2L4 equality     .          333.03    -1.98652e-01 >
58 R_BR3.BPM5L3.x_BR3.DVT6L4 equality     .          328.88     3.88223e-03 >
59 R_BR3.BPM5L3.x_BR3.DVT8L1 equality     .          328.84    -6.28798e-02 >
60 R_BR3.BPM5L3.x_BR3.DVT9L1 equality     .          333.2      1.08436e-01 >
61 R_BR3.BPM6L3.x_BR3.DHZ11L4 equality     .          199.4      6.29155e-01 >
62 R_BR3.BPM6L3.x_BR3.DHZ12L4 equality     .          197.81     6.32143e-01 >
63 R_BR3.BPM6L3.x_BR3.DHZ13L4 equality     .          198.97     7.07347e-01 >
64 R_BR3.BPM6L3.x_BR3.DHZ14L1 equality     .          195.6      1.03095e+00 >
65 R_BR3.BPM6L3.x_BR3.DHZ8L1 equality     .          198.79     6.49098e-01 >
66 R_BR3.BPM6L3.x_BR3.DHZ9L1 equality     .          199.44    -7.77742e-02 >
67 R_BR3.BPM6L3.x_BR3.DVT12L4 equality     .          200.97     6.61703e-03 >
68 R_BR3.BPM6L3.x_BR3.DVT13L4 equality     .          201.13    -3.26983e-02 >
69 R_BR3.BPM6L3.x_BR3.DVT2L4 equality     .          203.01     1.83533e-02 >
70 R_BR3.BPM6L3.x_BR3.DVT6L4 equality     .          200.9      1.30595e-01 >
71 R_BR3.BPM6L3.x_BR3.DVT8L1 equality     .          200.31     1.05403e-02 >
72 R_BR3.BPM6L3.x_BR3.DVT9L1 equality     .          200.46    -3.10701e-02 >
73 R_BR3.BPM7L3.x_BR3.DHZ11L4 equality     .          222.8      5.53141e-02 >
74 R_BR3.BPM7L3.x_BR3.DHZ12L4 equality     .          225.34     1.62214e-01 >
75 R_BR3.BPM7L3.x_BR3.DHZ13L4 equality     .          220.25     6.89653e-01 >
76 R_BR3.BPM7L3.x_BR3.DHZ14L1 equality     .          225.48     5.82356e-01 >
77 R_BR3.BPM7L3.x_BR3.DHZ8L1 equality     .          225.4      5.88148e-01 >
78 R_BR3.BPM7L3.x_BR3.DHZ9L1 equality     .          222.1     -2.39446e-01 >
79 R_BR3.BPM7L3.x_BR3.DVT12L4 equality     .          225.86    -2.07144e-02 >
80 R_BR3.BPM7L3.x_BR3.DVT13L4 equality     .          221.49    -2.91393e-01 >
81 R_BR3.BPM7L3.x_BR3.DVT2L4 equality     .          225.42    -1.69977e-03 >
82 R_BR3.BPM7L3.x_BR3.DVT6L4 equality     .          226.6      2.42948e-01 >
83 R_BR3.BPM7L3.x_BR3.DVT8L1 equality     .          225.55     1.48664e-01 >
84 R_BR3.BPM7L3.x_BR3.DVT9L1 equality     .          222.35    -3.80565e-02 >
85 R_BR3.BPM8L3.x_BR3.DHZ11L4 equality     .          330.8      1.02882e-01 >
86 R_BR3.BPM8L3.x_BR3.DHZ12L4 equality     .          333.31     3.03761e-02 >
87 R_BR3.BPM8L3.x_BR3.DHZ13L4 equality     .          330.27     6.93542e-01 >
88 R_BR3.BPM8L3.x_BR3.DHZ14L1 equality     .          326.41     9.90074e-02 >
89 R_BR3.BPM8L3.x_BR3.DHZ8L1 equality     .          338.18     3.81362e-01 >
90 R_BR3.BPM8L3.x_BR3.DHZ9L1 equality     .          333.86    -2.02974e-01 >
91 R_BR3.BPM8L3.x_BR3.DVT12L4 equality     .          329.82     1.00733e-01 >
92 R_BR3.BPM8L3.x_BR3.DVT13L4 equality     .          332.74    -1.58241e-01 >
93 R_BR3.BPM8L3.x_BR3.DVT2L4 equality     .          335.17    -1.57453e-01 >
94 R_BR3.BPM8L3.x_BR3.DVT6L4 equality     .          330.59     6.83092e-02 >
95 R_BR3.BPM8L3.x_BR3.DVT8L1 equality     .          329.77     1.96850e-01 >
96 R_BR3.BPM8L3.x_BR3.DVT9L1 equality     .          333.4      6.80361e-02 >
97 R_BR3.BPM9L3.x_BR3.DHZ11L4 equality     .          297.95     6.52679e-01 >
98 R_BR3.BPM9L3.x_BR3.DHZ12L4 equality     .          272.29    -1.92213e-01 >
99 R_BR3.BPM9L3.x_BR3.DHZ13L4 equality     .          292.4      7.08556e-01 >
100 R_BR3.BPM9L3.x_BR3.DHZ14L1 equality     .          288.77     9.39463e-01 >
101 R_BR3.BPM9L3.x_BR3.DHZ8L1 equality     .          281.34    -1.67288e-01 >
102 R_BR3.BPM9L3.x_BR3.DHZ9L1 equality     .          299.8     -1.91661e-01 >
103 R_BR3.BPM9L3.x_BR3.DVT12L4 equality     .          268.81     7.03954e-02 >
104 R_BR3.BPM9L3.x_BR3.DVT13L4 equality     .          281.73     9.42599e-02 >
105 R_BR3.BPM9L3.x_BR3.DVT2L4 equality     .          278.17    -1.56060e-01 >
106 R_BR3.BPM9L3.x_BR3.DVT6L4 equality     .          276.41    -4.04018e-02 >
107 R_BR3.BPM9L3.x_BR3.DVT8L1 equality     .          274.35     3.74917e-02 >
108 R_BR3.BPM9L3.x_BR3.DVT9L1 equality     .          275.55     1.83268e-01 >
109 R_BR3.BPM10L3.x_BR3.DHZ11L4 equality     .          315.77     9.43555e-01 >
110 R_BR3.BPM10L3.x_BR3.DHZ12L4 equality     .          318.58     6.75398e-01 >
111 R_BR3.BPM10L3.x_BR3.DHZ13L4 equality     .          309.41     2.75009e-01 >
112 R_BR3.BPM10L3.x_BR3.DHZ14L1 equality     .          313.99     6.61827e-01 >
113 R_BR3.BPM10L3.x_BR3.DHZ8L1 equality     .          329.56     1.70785e-02 >
114 R_BR3.BPM10L3.x_BR3.DHZ9L1 equality     .          324.29    -1.27383e-02 >
115 R_BR3.BPM10L3.x_BR3.DVT12L4 equality     .          320.67     2.34264e-02 >
116 R_BR3.BPM10L3.x_BR3.DVT13L4 equality     .          326.05    -6.53092e-02 >
117 R_BR3.BPM10L3.x_BR3.DVT2L4 equality     .          321.72    -1.68095e-02 >
118 R_BR3.BPM10L3.x_BR3.DVT6L4 equality     .          316.33     1.70760e-01 >
119 R_BR3.BPM10L3.x_BR3.DVT8L1 equality     .          321.28    -1.14005e-01 >
120 R_BR3.BPM10L3.x_BR3.DVT9L1 equality     .          322.27    -1.89290e-03 >
121 R_BR3.BPM11L3.x_BR3.DHZ11L4 equality     .          318.4     -2.33818e-01 >
122 R_BR3.BPM11L3.x_BR3.DHZ12L4 equality     .          316.84     4.59252e-01 >
123 R_BR3.BPM11L3.x_BR3.DHZ13L4 equality     .          313.46     8.62099e-01 >
124 R_BR3.BPM11L3.x_BR3.DHZ14L1 equality     .          316.5      3.92423e-01 >
125 R_BR3.BPM11L3.x_BR3.DHZ8L1 equality     .          322.48     1.65250e-01 >
126 R_BR3.BPM11L3.x_BR3.DHZ9L1 equality     .          321.48    -9.63908e-02 >
127 R_BR3.BPM11L3.x_BR3.DVT12L4 equality     .          318.33     6.09049e-02 >
128 R_BR3.BPM11L3.x_BR3.DVT13L4 equality     .          322.38    -2.62641e-01 >
129 R_BR3.BPM11L3.x_BR3.DVT2L4 equality     .          327.17    -4.90956e-02 >
130 R_BR3.BPM11L3.x_BR3.DVT6L4 equality     .          321.19     1.87024e-01 >
131 R_BR3.BPM11L3.x_BR3.DVT8L1 equality     .          320.15     1.37690e-01 >
132 R_BR3.BPM11L3.x_BR3.DVT9L1 equality     .          320.39    -1.16479e-01 >
133 R_BR3.BPM12L3.x_BR3.DHZ11L4 equality     .          234.16     2.47103e-01 >
134 R_BR3.BPM12L3.x_BR3.DHZ12L4 equality     .          230.83     2.34465e-01 >
135 R_BR3.BPM12L3.x_BR3.DHZ13L4 equality     .          231.79     1.00671e+00 >
136 R_BR3.BPM12L3.x_BR3.DHZ14L1 equality     .          231.46     3.11416e-01 >
137 R_BR3.BPM12L3.x_BR3.DHZ8L1 equality     .          232.67     5.07564e-01 >
138 R_BR3.BPM12L3.x_BR3.DHZ9L1 equality     .          233.71    -2.82756e-01 >
139 R_BR3.BPM12L3.x_BR3.DVT12L4 equality     .          232.44     9.86619e-02 >
140 R_BR3.BPM12L3.x_BR3.DVT13L4 equality     .          233.15    -1.08583e-01 >
141 R_BR3.BPM12L3.x_BR3.DVT2L4 equality     .          236.74    -1.73795e-01 >
142 R_BR3.BPM12L3.x_BR3.DVT6L4 equality     .          234.59     1.55340e-02 >
143 R_BR3.BPM12L3.x_BR3.DVT8L1 equality     .          233.61     1.63384e-01 >
144 R_BR3.BPM12L3.x_BR3.DVT9L1 equality     .          233.78     5.12054e-02 >
145 R_BR3.BPM13L3.x_BR3.DHZ11L4 equality     .          287.77     9.08494e-01 >
146 R_BR3.BPM13L3.x_BR3.DHZ12L4 equality     .          285.96     3.07504e-01 >
147 R_BR3.BPM13L3.x_BR3.DHZ13L4 equality     .          283.18     5.70376e-01 >
148 R_BR3.BPM13L3.x_BR3.DHZ14L1 equality     .          282.28     7.55688e-01 >
149 R_BR3.BPM13L3.x_BR3.DHZ8L1 equality     .          295.99     2.46859e-01 >
150 R_BR3.BPM13L3.x_BR3.DHZ9L1 equality     .          292.16    -1.61698e-01 >
151 R_BR3.BPM13L3.x_BR3.DVT12L4 equality     .          290.89     1.82194e-01 >
152 R_BR3.BPM13L3.x_BR3.DVT13L4 equality     .          294.3      1.12137e-01 >
153 R_BR3.BPM13L3.x_BR3.DVT2L4 equality     .          292.97    -1.53329e-01 >
154 R_BR3.BPM13L3.x_BR3.DVT6L4 equality     .          287.15    -5.53829e-03 >
155 R_BR3.BPM13L3.x_BR3.DVT8L1 equality     .          285.69    -6.54268e-02 >
156 R_BR3.BPM13L3.x_BR3.DVT9L1 equality     .          292.76     1.86181e-01 >
157 R_BR3.BPM14L3.x_BR3.DHZ11L4 equality     .          212.11     8.83453e-01 >
158 R_BR3.BPM14L3.x_BR3.DHZ12L4 equality     .          208.11     2.21815e-01 >
159 R_BR3.BPM14L3.x_BR3.DHZ13L4 equality     .          212.49     5.92725e-01 >
160 R_BR3.BPM14L3.x_BR3.DHZ14L1 equality     .          211.35     1.08854e+00 >
161 R_BR3.BPM14L3.x_BR3.DHZ8L1 equality     .          212.13     4.33805e-01 >
162 R_BR3.BPM14L3.x_BR3.DHZ9L1 equality     .          214.15    -4.68097e-01 >
163 R_BR3.BPM14L3.x_BR3.DVT12L4 equality     .          213.12    -7.04762e-02 >
164 R_BR3.BPM14L3.x_BR3.DVT13L4 equality     .          213.96     9.75381e-02 >
165 R_BR3.BPM14L3.x_BR3.DVT2L4 equality     .          214.27     1.89077e-02 >
166 R_BR3.BPM14L3.x_BR3.DVT6L4 equality     .          212.55     1.74277e-01 >
167 R_BR3.BPM14L3.x_BR3.DVT8L1 equality     .          213.83    -7.29081e-02 >
168 R_BR3.BPM14L3.x_BR3.DVT9L1 equality     .          212.93    -1.14491e-02 >
169 R_BR3.BPM15L3.x_BR3.DHZ11L4 equality     .          314.12     1.44014e-01 >
170 R_BR3.BPM15L3.x_BR3.DHZ12L4 equality     .          311.28     5.26599e-01 >
171 R_BR3.BPM15L3.x_BR3.DHZ13L4 equality     .          309.37     7.49828e-01 >
172 R_BR3.BPM15L3.x_BR3.DHZ14L1 equality     .          310.85     7.91132e-01 >
173 R_BR3.BPM15L3.x_BR3.DHZ8L1 equality     .          315.11     6.97213e-01 >
174 R_BR3.BPM15L3.x_BR3.DHZ9L1 equality     .          314.91     7.12134e-03 >
175 R_BR3.BPM15L3.x_BR3.DVT12L4 equality     .          315.91    -3.89914e-02 >
176 R_BR3.BPM15L3.x_BR3.DVT13L4 equality     .          319.03    -3.10740e-01 >
177 R_BR3.BPM15L3.x_BR3.DVT2L4 equality     .          321.11    -8.59124e-02 >
178 R_BR3.BPM15L3.x_BR3.DVT6L4 equality     .          317.53     1.29909e-01 >
179 R_BR3.BPM15L3.x_BR3.DVT8L1 equality     .          314.27     1.46397e-01 >
180 R_BR3.BPM15L3.x_BR3.DVT9L1 equality     .          315.87    -8.41251e-02 >
181 R_BR3.BPM16L3.x_BR3.DHZ11L4 equality     .          339.29     2.03681e-01 >
182 R_BR3.BPM16L3.x_BR3.DHZ12L4 equality     .          336.35     2.92140e-01 >
183 R_BR3.BPM16L3.x_BR3.DHZ13L4 equality     .          336.73     4.05167e-01 >
184 R_BR3.BPM16L3.x_BR3.DHZ14L1 equality     .          333.34    -1.90144e-01 >
185 R_BR3.BPM16L3.x_BR3.DHZ8L1 equality     .          339.6      3.81744e-01 >
186 R_BR3.BPM16L3.x_BR3.DHZ9L1 equality     .          335.27     2.04403e-02 >
187 R_BR3.BPM16L3.x_BR3.DVT12L4 equality     .          330.25     1.22178e-01 >
188 R_BR3.BPM16L3.x_BR3.DVT13L4 equality     .          328.68    -2.40861e-01 >
189 R_BR3.BPM16L3.x_BR3.DVT2L4 equality     .          330.96    -2.08351e-01 >
190 R_BR3.BPM16L3.x_BR3.DVT6L4 equality     .          334.9     -1.49221e-02 >
191 R_BR3.BPM16L3.x_BR3.DVT8L1 equality     .          331.05     1.26304e-01 >
192 R_BR3.BPM16L3.x_BR3.DVT9L1 equality     .          327.14     6.32453e-02 >
193 R_BR3.BPM1L3.y_BR3.DHZ11L4 equality     .          257.57    -1.54872e-01 >
194 R_BR3.BPM1L3.y_BR3.DHZ12L4 equality     .          257.44    -1.04501e-02 >
195 R_BR3.BPM1L3.y_BR3.DHZ13L4 equality     .          255.45     1.67958e-01 >
196 R_BR3.BPM1L3.y_BR3.DHZ14L1 equality     .          262.43     7.71008e-02 >
197 R_BR3.BPM1L3.y_BR3.DHZ8L1 equality     .          258.63    -1.72635e-01 >
198 R_BR3.BPM1L3.y_BR3.DHZ9L1 equality     .          259.44     3.80242e-02 >
199 R_BR3.BPM1L3.y_BR3.DVT12L4 equality     .          256.37    -7.70953e-02 >
200 R_BR3.BPM1L3.y_BR3.DVT13L4 equality     .          256.87    -1.24955e-01 >
201 R_BR3.BPM1L3.y_BR3.DVT2L4 equality     .          256.8      4.32932e-02 >
202 R_BR3.BPM1L3.y_BR3.DVT6L4 equality     .          258.65     2.89023e-02 >
203 R_BR3.BPM1L3.y_BR3.DVT8L1 equality     .          254.6      1.21232e-01 >
204 R_BR3.BPM1L3.y_BR3.DVT9L1 equality     .          253.14    -9.22279e-02 >
205 R_BR3.BPM2L3.y_BR3.DHZ11L4 equality     .          193.57     1.48051e-02 >
206 R_BR3.BPM2L3.y_BR3.DHZ12L4 equality     .          196.23    -9.52791e-02 >
207 R_BR3.BPM2L3.y_BR3.DHZ13L4 equality     .          192.52    -4.29371e-02 >
208 R_BR3.BPM2L3.y_BR3.DHZ14L1 equality     .          193.77    -6.16029e-03 >
209 R_BR3.BPM2L3.y_BR3.DHZ8L1 equality     .          194.27    -3.41117e-02 >
210 R_BR3.BPM2L3.y_BR3.DHZ9L1 equality     .          193.68    -1.18944e-01 >
211 R_BR3.BPM2L3.y_BR3.DVT12L4 equality     .          194.6      2.84031e-02 >
212 R_BR3.BPM2L3.y_BR3.DVT13L4 equality     .          196.01     2.73615e-01 >
213 R_BR3.BPM2L3.y_BR3.DVT2L4 equality     .          197.7      1.05185e-01 >
214 R_BR3.BPM2L3.y_BR3.DVT6L4 equality     .          195.05     1.48907e-01 >
215 R_BR3.BPM2L3.y_BR3.DVT8L1 equality     .          197.51    -1.49128e-02 >
216 R_BR3.BPM2L3.y_BR3.DVT9L1 equality     .          198.1     -3.53871e-01 >
217 R_BR3.BPM3L3.y_BR3.DHZ11L4 equality     .          311.27     1.74733e-01 >
218 R_BR3.BPM3L3.y_BR3.DHZ12L4 equality     .          309.09     2.19433e-02 >
219 R_BR3.BPM3L3.y_BR3.DHZ13L4 equality     .          310.15    -2.11838e-01 >
220 R_BR3.BPM3L3.y_BR3.DHZ14L1 equality     .          307.56    -1.56420e-01 >
221 R_BR3.BPM3L3.y_BR3.DHZ8L1 equality     .          306.36     1.98659e-01 >
222 R_BR3.BPM3L3.y_BR3.DHZ9L1 equality     .          309.1     -2.16548e-02 >
223 R_BR3.BPM3L3.y_BR3.DVT12L4 equality     .          303.15    -3.39686e-02 >
224 R_BR3.BPM3L3.y_BR3.DVT13L4 equality     .          307.44    -6.76740e-02 >
225 R_BR3.BPM3L3.y_BR3.DVT2L4 equality     .          309.57     2.03008e-01 >
226 R_BR3.BPM3L3.y_BR3.DVT6L4 equality     .          307.66    -4.27426e-02 >
227 R_BR3.BPM3L3.y_BR3.DVT8L1 equality     .          304.37     1.96863e-02 >
228 R_BR3.BPM3L3.y_BR3.DVT9L1 equality     .          304.89     9.67720e-02 >
229 R_BR3.BPM4L3.y_BR3.DHZ11L4 equality     .          209.22    -6.43741e-02 >
230 R_BR3.BPM4L3.y_BR3.DHZ12L4 equality     .          208.96     5.01388e-02 >
231 R_BR3.BPM4L3.y_BR3.DHZ13L4 equality     .          209.79     3.95469e-02 >
232 R_BR3.BPM4L3.y_BR3.DHZ14L1 equality     .          208.88     4.70582e-04 >
233 R_BR3.BPM4L3.y_BR3.DHZ8L1 equality     .          207.13     2.23949e-03 >
234 R_BR3.BPM4L3.y_BR3.DHZ9L1 equality     .          210.25     1.00231e-01 >
235 R_BR3.BPM4L3.y_BR3.DVT12L4 equality     .          208.84    -7.38664e-01 >
236 R_BR3.BPM4L3.y_BR3.DVT13L4 equality     .          206.29    -2.87428e-02 >
237 R_BR3.BPM4L3.y_BR3.DVT2L4 equality     .          210.84     4.18564e-01 >
238 R_BR3.BPM4L3.y_BR3.DVT6L4 equality     .          211.58     5.76969e-01 >
239 R_BR3.BPM4L3.y_BR3.DVT8L1 equality     .          206.33    -1.80755e-01 >
240 R_BR3.BPM4L3.y_BR3.DVT9L1 equality     .          204.78    -6.70166e-02 >
241 R_BR3.BPM5L3.y_BR3.DHZ11L4 equality     .          300.85    -1.78699e-01 >
242 R_BR3.BPM5L3.y_BR3.DHZ12L4 equality     .          297.48    -2.60802e-02 >
243 R_BR3.BPM5L3.y_BR3.DHZ13L4 equality     .          298.35     2.04837e-01 >
244 R_BR3.BPM5L3.y_BR3.DHZ14L1 equality     .          298.9      1.43471e-01 >
245 R_BR3.BPM5L3.y_BR3.DHZ8L1 equality     .          299.5     -1.97120e-01 >
246 R_BR3.BPM5L3.y_BR3.DHZ9L1 equality     .          299.47     4.25378e-02 >
247 R_BR3.BPM5L3.y_BR3.DVT12L4 equality     .          297.94    -1.91492e-02 >
248 R_BR3.BPM5L3.y_BR3.DVT13L4 equality     .          294.97     1.63135e-01 >
249 R_BR3.BPM5L3.y_BR3.DVT2L4 equality     .          296.96    -1.89487e-01 >
250 R_BR3.BPM5L3.y_BR3.DVT6L4 equality     .          297.72     1.46296e-01 >
251 R_BR3.BPM5L3.y_BR3.DVT8L1 equality     .          297.17    -5.47585e-02 >
252 R_BR3.BPM5L3.y_BR3.DVT9L1 equality     .          298.36    -1.91847e-01 >
253 R_BR3.BPM6L3.y_BR3.DHZ11L4 equality     .          204.29     4.22997e-02 >
254 R_BR3.BPM6L3.y_BR3.DHZ12L4 equality     .          204.08    -7.17578e-02 >
255 R_BR3.BPM6L3.y_BR3.DHZ13L4 equality     .          204.5     -1.17875e-01 >
256 R_BR3.BPM6L3.y_BR3.DHZ14L1 equality     .          202.92    -1.17391e-01 >
257 R_BR3.BPM6L3.y_BR3.DHZ8L1 equality     .          202.96     6.73627e-02 >
258 R_BR3.BPM6L3.y_BR3.DHZ9L1 equality     .          205.1     -1.28307e-01 >
259 R_BR3.BPM6L3.y_BR3.DVT12L4 equality     .          201.2      6.80629e-01 >
260 R_BR3.BPM6L3.y_BR3.DVT13L4 equality     .          203.75    -1.99292e-02 >
261 R_BR3.BPM6L3.y_BR3.DVT2L4 equality     .          205.04    -2.95029e-01 >
262 R_BR3.BPM6L3.y_BR3.DVT6L4 equality     .          202.29    -5.16102e-01 >
263 R_BR3.BPM6L3.y_BR3.DVT8L1 equality     .          204.73     2.62357e-01 >
264 R_BR3.BPM6L3.y_BR3.DVT9L1 equality     .          199.77     4.35350e-02 >
265 R_BR3.BPM7L3.y_BR3.DHZ11L4 equality     .          245.73     1.94270e-01 >
266 R_BR3.BPM7L3.y_BR3.DHZ12L4 equality     .          247.94     4.92900e-02 >
267 R_BR3.BPM7L3.y_BR3.DHZ13L4 equality     .          242.87    -2.38282e-01 >
268 R_BR3.BPM7L3.y_BR3.DHZ14L1 equality     .          244.89    -1.76211e-01 >
269 R_BR3.BPM7L3.y_BR3.DHZ8L1 equality     .          247.74     2.13609e-01 >
270 R_BR3.BPM7L3.y_BR3.DHZ9L1 equality     .          245.22     6.20539e-05 >
271 R_BR3.BPM7L3.y_BR3.DVT12L4 equality     .          249.3     -1.84533e-01 >
272 R_BR3.BPM7L3.y_BR3.DVT13L4 equality     .          249.52     1.91372e-01 >
273 R_BR3.BPM7L3.y_BR3.DVT2L4 equality     .          254.12     1.20878e-01 >
274 R_BR3.BPM7L3.y_BR3.DVT6L4 equality     .          253.72    -4.09976e-02 >
275 R_BR3.BPM7L3.y_BR3.DVT8L1 equality     .          251.66    -1.61483e-01 >
276 R_BR3.BPM7L3.y_BR3.DVT9L1 equality     .          244.08     2.01424e-01 >
277 R_BR3.BPM8L3.y_BR3.DHZ11L4 equality     .          306.65     3.83337e-02 >
278 R_BR3.BPM8L3.y_BR3.DHZ12L4 equality     .          306.08     8.96935e-02 >
279 R_BR3.BPM8L3.y_BR3.DHZ13L4 equality     .          306.21    -2.12207e-02 >
280 R_BR3.BPM8L3.y_BR3.DHZ14L1 equality     .          304.82    -6.96139e-02 >
281 R_BR3.BPM8L3.y_BR3.DHZ8L1 equality     .          307.87     6.70863e-02 >
282 R_BR3.BPM8L3.y_BR3.DHZ9L1 equality     .          305.8      1.10913e-01 >
283 R_BR3.BPM8L3.y_BR3.DVT12L4 equality     .          305.08     1.02957e-01 >
284 R_BR3.BPM8L3.y_BR3.DVT13L4 equality     .          308.56    -3.44522e-02 >
285 R_BR3.BPM8L3.y_BR3.DVT2L4 equality     .          308.7     -3.51292e-01 >
286 R_BR3.BPM8L3.y_BR3.DVT6L4 equality     .          299.1      4.69602e-02 >
287 R_BR3.BPM8L3.y_BR3.DVT8L1 equality     .          308.1      3.47352e-01 >
288 R_BR3.BPM8L3.y_BR3.DVT9L1 equality     .          305.72     3.73470e-01 >
289 R_BR3.BPM9L3.y_BR3.DHZ11L4 equality     .          336.88    -1.86494e-01 >
290 R_BR3.BPM9L3.y_BR3.DHZ12L4 equality     .          333.83    -3.14445e-02 >
291 R_BR3.BPM9L3.y_BR3.DHZ13L4 equality     .          336.37     1.80368e-01 >
292 R_BR3.BPM9L3.y_BR3.DHZ14L1 equality     .          336.76     1.42197e-01 >
293 R_BR3.BPM9L3.y_BR3.DHZ8L1 equality     .          331.88    -1.07999e-01 >
294 R_BR3.BPM9L3.y_BR3.DHZ9L1 equality     .          334.24     4.53190e-03 >
295 R_BR3.BPM9L3.y_BR3.DVT12L4 equality     .          327.37    -3.53929e-01 >
296 R_BR3.BPM9L3.y_BR3.DVT13L4 equality     .          338.18     1.69650e-01 >
297 R_BR3.BPM9L3.y_BR3.DVT2L4 equality     .          336.5      9.31649e-02 >
298 R_BR3.BPM9L3.y_BR3.DVT6L4 equality     .          335.05     2.17561e-02 >
299 R_BR3.BPM9L3.y_BR3.DVT8L1 equality     .          335.16    -2.66586e-02 >
300 R_BR3.BPM9L3.y_BR3.DVT9L1 equality     .          333.29     2.04082e-01 >
301 R_BR3.BPM10L3.y_BR3.DHZ11L4 equality     .          365.38     9.90314e-02 >
302 R_BR3.BPM10L3.y_BR3.DHZ12L4 equality     .          361.1     -8.13318e-02 >
303 R_BR3.BPM10L3.y_BR3.DHZ13L4 equality     .          365.06    -9.21301e-02 >
304 R_BR3.BPM10L3.y_BR3.DHZ14L1 equality     .          360.05    -5.90171e-03 >
305 R_BR3.BPM10L3.y_BR3.DHZ8L1 equality     .          362.18    -4.09360e-02 >
306 R_BR3.BPM10L3.y_BR3.DHZ9L1 equality     .          360.3     -1.42695e-01 >
307 R_BR3.BPM10L3.y_BR3.DVT12L4 equality     .          353.68     2.62670e-02 >
308 R_BR3.BPM10L3.y_BR3.DVT13L4 equality     .          361.01    -1.63915e-01 >
309 R_BR3.BPM10L3.y_BR3.DVT2L4 equality     .          359.21     2.95728e-01 >
310 R_BR3.BPM10L3.y_BR3.DVT6L4 equality     .          357.42    -2.07201e-02 >
311 R_BR3.BPM10L3.y_BR3.DVT8L1 equality     .          358.72    -3.22838e-01 >
312 R_BR3.BPM10L3.y_BR3.DVT9L1 equality     .          358.93     4.36214e-02 >
313 R_BR3.BPM11L3.y_BR3.DHZ11L4 equality     .          314.76     2.00917e-01 >
314 R_BR3.BPM11L3.y_BR3.DHZ12L4 equality     .          315.18     1.02131e-01 >
315 R_BR3.BPM11L3.y_BR3.DHZ13L4 equality     .          316.42    -1.92160e-01 >
316 R_BR3.BPM11L3.y_BR3.DHZ14L1 equality     .          314.28    -1.71352e-01 >
317 R_BR3.BPM11L3.y_BR3.DHZ8L1 equality     .          316.55     1.73186e-01 >
318 R_BR3.BPM11L3.y_BR3.DHZ9L1 equality     .          316.05     1.57033e-02 >
319 R_BR3.BPM11L3.y_BR3.DVT12L4 equality     .          316.6     -4.49744e-02 >
320 R_BR3.BPM11L3.y_BR3.DVT13L4 equality     .          318.64     4.34822e-02 >
321 R_BR3.BPM11L3.y_BR3.DVT2L4 equality     .          315.94     1.52325e-02 >
322 R_BR3.BPM11L3.y_BR3.DVT6L4 equality     .          320.03     1.61044e-02 >
323 R_BR3.BPM11L3.y_BR3.DVT8L1 equality     .          315.62    -1.66639e-01 >
324 R_BR3.BPM11L3.y_BR3.DVT9L1 equality     .          314.61    -6.98805e-02 >
325 R_BR3.BPM12L3.y_BR3.DHZ11L4 equality     .          228.8      2.08710e-02 >
326 R_BR3.BPM12L3.y_BR3.DHZ12L4 equality     .          228.91     1.09072e-01 >
327 R_BR3.BPM12L3.y_BR3.DHZ13L4 equality     .          230.97     1.60487e-02 >
328 R_BR3.BPM12L3.y_BR3.DHZ14L1 equality     .          230.37    -1.40396e-02 >
329 R_BR3.BPM12L3.y_BR3.DHZ8L1 equality     .          229.93     6.25585e-02 >
330 R_BR3.BPM12L3.y_BR3.DHZ9L1 equality     .          229.83     6.67159e-02 >
331 R_BR3.BPM12L3.y_BR3.DVT12L4 equality     .          231.68    -5.64863e-01 >
332 R_BR3.BPM12L3.y_BR3.DVT13L4 equality     .          233.07     2.46306e-01 >
333 R_BR3.BPM12L3.y_BR3.DVT2L4 equality     .          235.5      7.28613e-02 >
334 R_BR3.BPM12L3.y_BR3.DVT6L4 equality     .          233.25     2.38335e-01 >
335 R_BR3.BPM12L3.y_BR3.DVT8L1 equality     .          234.35    -1.94435e-03 >
336 R_BR3.BPM12L3.y_BR3.DVT9L1 equality     .          229.28     8.35385e-03 >
337 R_BR3.BPM13L3.y_BR3.DHZ11L4 equality     .          314.55    -1.13676e-01 >
338 R_BR3.BPM13L3.y_BR3.DHZ12L4 equality     .          314.09    -2.70375e-02 >
339 R_BR3.BPM13L3.y_BR3.DHZ13L4 equality     .          315.96     2.00710e-01 >
340 R_BR3.BPM13L3.y_BR3.DHZ14L1 equality     .          314.14     1.66096e-01 >
341 R_BR3.BPM13L3.y_BR3.DHZ8L1 equality     .          315.03    -1.30630e-01 >
342 R_BR3.BPM13L3.y_BR3.DHZ9L1 equality     .          315.1      7.97212e-03 >
343 R_BR3.BPM13L3.y_BR3.DVT12L4 equality     .          317.15     8.70807e-02 >
344 R_BR3.BPM13L3.y_BR3.DVT13L4 equality     .          316.65     6.75565e-02 >
345 R_BR3.BPM13L3.y_BR3.DVT2L4 equality     .          317.63     6.48959e-02 >
346 R_BR3.BPM13L3.y_BR3.DVT6L4 equality     .          315.62    -4.35014e-02 >
347 R_BR3.BPM13L3.y_BR3.DVT8L1 equality     .          316.73     4.49981e-02 >
348 R_BR3.BPM13L3.y_BR3.DVT9L1 equality     .          321.44     1.23464e-01 >
349 R_BR3.BPM14L3.y_BR3.DHZ11L4 equality     .          244.66     1.37074e-02 >
350 R_BR3.BPM14L3.y_BR3.DHZ12L4 equality     .          243.67    -6.49728e-02 >
351 R_BR3.BPM14L3.y_BR3.DHZ13L4 equality     .          244.53     1.32738e-02 >
352 R_BR3.BPM14L3.y_BR3.DHZ14L1 equality     .          242.81     2.69270e-02 >
353 R_BR3.BPM14L3.y_BR3.DHZ8L1 equality     .          243.28    -4.27686e-02 >
354 R_BR3.BPM14L3.y_BR3.DHZ9L1 equality     .          245.34    -1.09202e-01 >
355 R_BR3.BPM14L3.y_BR3.DVT12L4 equality     .          242.94     1.58061e-01 >
356 R_BR3.BPM14L3.y_BR3.DVT13L4 equality     .          243.07     3.54674e-01 >
357 R_BR3.BPM14L3.y_BR3.DVT2L4 equality     .          245.05     1.17192e-01 >
358 R_BR3.BPM14L3.y_BR3.DVT6L4 equality     .          242.43     7.54437e-02 >
359 R_BR3.BPM14L3.y_BR3.DVT8L1 equality     .          244.61    -6.95919e-02 >
360 R_BR3.BPM14L3.y_BR3.DVT9L1 equality     .          244.38    -2.67570e-01 >
361 R_BR3.BPM15L3.y_BR3.DHZ11L4 equality     .          334.51     1.37667e-01 >
362 R_BR3.BPM15L3.y_BR3.DHZ12L4 equality     .          333.44     8.57814e-02 >
363 R_BR3.BPM15L3.y_BR3.DHZ13L4 equality     .          334.64    -1.94807e-01 >
364 R_BR3.BPM15L3.y_BR3.DHZ14L1 equality     .          335.39    -1.50395e-01 >
365 R_BR3.BPM15L3.y_BR3.DHZ8L1 equality     .          335.75     1.64294e-01 >
366 R_BR3.BPM15L3.y_BR3.DHZ9L1 equality     .          333.43     4.57348e-02 >
367 R_BR3.BPM15L3.y_BR3.DVT12L4 equality     .          333.67    -8.72191e-02 >
368 R_BR3.BPM15L3.y_BR3.DVT13L4 equality     .          332.45    -7.47000e-02 >
369 R_BR3.BPM15L3.y_BR3.DVT2L4 equality     .          339.53    -1.76769e-01 >
370 R_BR3.BPM15L3.y_BR3.DVT6L4 equality     .          337.55    -2.36399e-02 >
371 R_BR3.BPM15L3.y_BR3.DVT8L1 equality     .          338.21     5.73538e-02 >
372 R_BR3.BPM15L3.y_BR3.DVT9L1 equality     .          337.47    -8.42374e-02 >
373 R_BR3.BPM16L3.y_BR3.DHZ11L4 equality     .          367.37     4.71369e-02 >
374 R_BR3.BPM16L3.y_BR3.DHZ12L4 equality     .          367.91     7.48064e-02 >
375 R_BR3.BPM16L3.y_BR3.DHZ13L4 equality     .          368.33    -1.99234e-02 >
376 R_BR3.BPM16L3.y_BR3.DHZ14L1 equality     .          367.79    -2.27469e-02 >
377 R_BR3.BPM16L3.y_BR3.DHZ8L1 equality     .          369.47     6.54757e-02 >
378 R_BR3.BPM16L3.y_BR3.DHZ9L1 equality     .          365.49     1.05904e-01 >
379 R_BR3.BPM16L3.y_BR3.DVT12L4 equality     .          363.83    -9.63166e-03 >
380 R_BR3.BPM16L3.y_BR3.DVT13L4 equality     .          364.82    -2.07903e-01 >
381 R_BR3.BPM16L3.y_BR3.DVT2L4 equality     .          370.96    -7.02307e-02 >
382 R_BR3.BPM16L3.y_BR3.DVT6L4 equality     .          368.48    -1.44607e-01 >
383 R_BR3.BPM16L3.y_BR3.DVT8L1 equality     .          369.37    -2.43670e-02 >
384 R_BR3.BPM16L3.y_BR3.DVT9L1 equality     .          364.81     3.76593e-01 >

 Variables                  Curr. Value  Curr. Step   Lower Limit  Upper Limit
--------------------------------------------------------------------------------
 1 BR.QFOCELL1.dk1l         3.26855e-03  7.35028e-07   .            .         
 2 BR.QDE1.dk1l            -1.92629e-03 -6.83034e-07   .            .         
 3 BR.QFOCELL2.dk1l         3.56259e-05  4.12682e-07   .            .         
 4 BR.QDE2.dk1l            -4.57617e-04 -3.92071e-07   .            .         
 5 BR.QFOCELL3.dk1l        -7.99527e-03  6.23591e-07   .            .         
 6 BR.QDE3.dk1l             5.83142e-03 -5.84626e-07   .            .         
 7 BR.QFOCELL4.dk1l         3.50253e-03  8.91877e-08   .            .         
 8 BR.QDE4.dk1l            -3.76050e-03 -7.58706e-08   .            .         
 9 BR.QFOCELL5.dk1l         1.34605e-02 -1.35988e-06   .            .         
10 BR.QDE5.dk1l            -1.34393e-02  1.24643e-06   .            .         
11 BR.QFOCELL6.dk1l        -7.05397e-03 -1.45577e-06   .            .         
12 BR.QDE6.dk1l             7.88133e-03  1.36946e-06   .            .         
13 BR.QFOCELL7.dk1l        -4.42023e-03 -1.69925e-07   .            .         
14 BR.QDE7.dk1l             5.68722e-03  1.54303e-07   .            .         
15 BR.QFOCELL8.dk1l         1.82552e-02  3.29000e-06   .            .         
16 BR.QDE8.dk1l            -1.89220e-02 -2.92948e-06   .            .         
17 BR.QFOCELL9.dk1l         1.19746e-02  1.19532e-06   .            .         
18 BR.QDE9.dk1l            -1.24330e-02 -1.12736e-06   .            .         
19 BR.QFOCELL10.dk1l       -1.22695e-02 -3.20114e-06   .            .         
20 BR.QDE10.dk1l            1.30477e-02  2.96577e-06   .            .         
21 BR.QFOCELL11.dk1l       -4.42653e-03 -5.13759e-07   .            .         
22 BR.QDE11.dk1l            2.46995e-03  5.28546e-07   .            .         
23 BR.QFOCELL12.dk1l        2.01844e-03  5.86904e-07   .            .         
24 BR.QDE12.dk1l           -2.40386e-03 -5.19567e-07   .            .         
25 BR.QFOCELL13.dk1l        1.73083e-02 -3.78237e-07   .            .         
26 BR.QDE13.dk1l           -1.79377e-02  3.55732e-07   .            .         
27 BR.QFOCELL14.dk1l        7.43616e-03 -1.85778e-07   .            .         
28 BR.QDE14.dk1l           -8.03746e-03  1.68884e-07   .            .         
29 BR.QFOCELL15.dk1l       -1.19589e-02  9.89844e-08   .            .         
30 BR.QDE15.dk1l            1.03102e-02 -8.68301e-08   .            .         
31 BR.QFOCELL16.dk1l       -1.10826e-03 -4.58251e-07   .            .         
32 BR.QDE16.dk1l            2.35382e-03  4.22129e-07   .            .         

ncall=265 [6.6s], fval=2.74387e-01, fstp=-5.73838e-10, ccnt=384.


 Constraints                Type        Kind        Weight     Expr. Value
------------------------------------------------------------------------------
 1 R_BR3.BPM1L3.x_BR3.DHZ11L4 equality     .          254.66     6.02940e-01 >
 2 R_BR3.BPM1L3.x_BR3.DHZ12L4 equality     .          253.14     3.53723e-01 >
 3 R_BR3.BPM1L3.x_BR3.DHZ13L4 equality     .          247.69     5.94233e-01 >
 4 R_BR3.BPM1L3.x_BR3.DHZ14L1 equality     .          252.82     3.01589e-01 >
 5 R_BR3.BPM1L3.x_BR3.DHZ8L1 equality     .          254.13    -9.37867e-02 >
 6 R_BR3.BPM1L3.x_BR3.DHZ9L1 equality     .          249.92    -1.05674e-01 >
 7 R_BR3.BPM1L3.x_BR3.DVT12L4 equality     .          253.72     1.80994e-01 >
 8 R_BR3.BPM1L3.x_BR3.DVT13L4 equality     .          258.5      1.49056e-01 >
 9 R_BR3.BPM1L3.x_BR3.DVT2L4 equality     .          259.45    -1.31573e-01 >
10 R_BR3.BPM1L3.x_BR3.DVT6L4 equality     .          255.36    -8.31744e-03 >
11 R_BR3.BPM1L3.x_BR3.DVT8L1 equality     .          251.55    -3.64240e-02 >
12 R_BR3.BPM1L3.x_BR3.DVT9L1 equality     .          254.26     1.54380e-01 >
13 R_BR3.BPM2L3.x_BR3.DHZ11L4 equality     .          155.27     4.12582e-01 >
14 R_BR3.BPM2L3.x_BR3.DHZ12L4 equality     .          156.88     5.93969e-01 >
15 R_BR3.BPM2L3.x_BR3.DHZ13L4 equality     .          155.84     9.08759e-01 >
16 R_BR3.BPM2L3.x_BR3.DHZ14L1 equality     .          155.85     1.23548e+00 >
17 R_BR3.BPM2L3.x_BR3.DHZ8L1 equality     .          157.76     2.31451e-01 >
18 R_BR3.BPM2L3.x_BR3.DHZ9L1 equality     .          156.58    -5.05826e-02 >
19 R_BR3.BPM2L3.x_BR3.DVT12L4 equality     .          157.29     5.43118e-02 >
20 R_BR3.BPM2L3.x_BR3.DVT13L4 equality     .          156.68     3.21148e-02 >
21 R_BR3.BPM2L3.x_BR3.DVT2L4 equality     .          156.36     1.71158e-02 >
22 R_BR3.BPM2L3.x_BR3.DVT6L4 equality     .          157.45     1.25084e-01 >
23 R_BR3.BPM2L3.x_BR3.DVT8L1 equality     .          155.43    -2.55164e-03 >
24 R_BR3.BPM2L3.x_BR3.DVT9L1 equality     .          154.89     7.94036e-03 >
25 R_BR3.BPM3L3.x_BR3.DHZ11L4 equality     .          303.95     5.77249e-01 >
26 R_BR3.BPM3L3.x_BR3.DHZ12L4 equality     .          302.28     4.41204e-02 >
27 R_BR3.BPM3L3.x_BR3.DHZ13L4 equality     .          296.52     1.65239e-01 >
28 R_BR3.BPM3L3.x_BR3.DHZ14L1 equality     .          301.62     3.29454e-01 >
29 R_BR3.BPM3L3.x_BR3.DHZ8L1 equality     .          307.07     9.92922e-01 >
30 R_BR3.BPM3L3.x_BR3.DHZ9L1 equality     .          304.26    -4.50554e-01 >
31 R_BR3.BPM3L3.x_BR3.DVT12L4 equality     .          303.71     3.18248e-03 >
32 R_BR3.BPM3L3.x_BR3.DVT13L4 equality     .          308.93    -2.67705e-01 >
33 R_BR3.BPM3L3.x_BR3.DVT2L4 equality     .          308.62     6.00946e-02 >
34 R_BR3.BPM3L3.x_BR3.DVT6L4 equality     .          301.48     1.59373e-01 >
35 R_BR3.BPM3L3.x_BR3.DVT8L1 equality     .          307.83     1.31889e-01 >
36 R_BR3.BPM3L3.x_BR3.DVT9L1 equality     .          306.9     -3.87886e-02 >
37 R_BR3.BPM4L3.x_BR3.DHZ11L4 equality     .          197.62     3.60382e-01 >
38 R_BR3.BPM4L3.x_BR3.DHZ12L4 equality     .          201.32    -7.63894e-02 >
39 R_BR3.BPM4L3.x_BR3.DHZ13L4 equality     .          197.32     3.48118e-01 >
40 R_BR3.BPM4L3.x_BR3.DHZ14L1 equality     .          201.26    -1.99185e-01 >
41 R_BR3.BPM4L3.x_BR3.DHZ8L1 equality     .          200.39     3.03242e-01 >
42 R_BR3.BPM4L3.x_BR3.DHZ9L1 equality     .          202.61    -3.43708e-01 >
43 R_BR3.BPM4L3.x_BR3.DVT12L4 equality     .          195.76     1.09689e-01 >
44 R_BR3.BPM4L3.x_BR3.DVT13L4 equality     .          197.42    -1.92387e-01 >
45 R_BR3.BPM4L3.x_BR3.DVT2L4 equality     .          199.38    -2.04107e-01 >
46 R_BR3.BPM4L3.x_BR3.DVT6L4 equality     .          198.44     3.52968e-02 >
47 R_BR3.BPM4L3.x_BR3.DVT8L1 equality     .          195.82     1.16256e-01 >
48 R_BR3.BPM4L3.x_BR3.DVT9L1 equality     .          196.53     3.75437e-02 >
49 R_BR3.BPM5L3.x_BR3.DHZ11L4 equality     .          321.86     6.96189e-01 >
50 R_BR3.BPM5L3.x_BR3.DHZ12L4 equality     .          324        2.60354e-01 >
51 R_BR3.BPM5L3.x_BR3.DHZ13L4 equality     .          320.22     6.51377e-01 >
52 R_BR3.BPM5L3.x_BR3.DHZ14L1 equality     .          315.57     5.58068e-01 >
53 R_BR3.BPM5L3.x_BR3.DHZ8L1 equality     .          334.56    -5.58846e-02 >
54 R_BR3.BPM5L3.x_BR3.DHZ9L1 equality     .          333.04    -2.04776e-01 >
55 R_BR3.BPM5L3.x_BR3.DVT12L4 equality     .          328.02     1.29409e-01 >
56 R_BR3.BPM5L3.x_BR3.DVT13L4 equality     .          338.46     1.27357e-01 >
57 R_BR3.BPM5L3.x_BR3.DVT2L4 equality     .          333.03    -1.98652e-01 >
58 R_BR3.BPM5L3.x_BR3.DVT6L4 equality     .          328.88     3.88223e-03 >
59 R_BR3.BPM5L3.x_BR3.DVT8L1 equality     .          328.84    -6.28798e-02 >
60 R_BR3.BPM5L3.x_BR3.DVT9L1 equality     .          333.2      1.08436e-01 >
61 R_BR3.BPM6L3.x_BR3.DHZ11L4 equality     .          199.4      6.29175e-01 >
62 R_BR3.BPM6L3.x_BR3.DHZ12L4 equality     .          197.81     6.32139e-01 >
63 R_BR3.BPM6L3.x_BR3.DHZ13L4 equality     .          198.97     7.07324e-01 >
64 R_BR3.BPM6L3.x_BR3.DHZ14L1 equality     .          195.6      1.03093e+00 >
65 R_BR3.BPM6L3.x_BR3.DHZ8L1 equality     .          198.79     6.49116e-01 >
66 R_BR3.BPM6L3.x_BR3.DHZ9L1 equality     .          199.44    -7.77736e-02 >
67 R_BR3.BPM6L3.x_BR3.DVT12L4 equality     .          200.97     6.61704e-03 >
68 R_BR3.BPM6L3.x_BR3.DVT13L4 equality     .          201.13    -3.26983e-02 >
69 R_BR3.BPM6L3.x_BR3.DVT2L4 equality     .          203.01     1.83533e-02 >
70 R_BR3.BPM6L3.x_BR3.DVT6L4 equality     .          200.9      1.30595e-01 >
71 R_BR3.BPM6L3.x_BR3.DVT8L1 equality     .          200.31     1.05403e-02 >
72 R_BR3.BPM6L3.x_BR3.DVT9L1 equality     .          200.46    -3.10701e-02 >
73 R_BR3.BPM7L3.x_BR3.DHZ11L4 equality     .          222.8      5.53176e-02 >
74 R_BR3.BPM7L3.x_BR3.DHZ12L4 equality     .          225.34     1.62211e-01 >
75 R_BR3.BPM7L3.x_BR3.DHZ13L4 equality     .          220.25     6.89651e-01 >
76 R_BR3.BPM7L3.x_BR3.DHZ14L1 equality     .          225.48     5.82356e-01 >
77 R_BR3.BPM7L3.x_BR3.DHZ8L1 equality     .          225.4      5.88152e-01 >
78 R_BR3.BPM7L3.x_BR3.DHZ9L1 equality     .          222.1     -2.39439e-01 >
79 R_BR3.BPM7L3.x_BR3.DVT12L4 equality     .          225.86    -2.07144e-02 >
80 R_BR3.BPM7L3.x_BR3.DVT13L4 equality     .          221.49    -2.91393e-01 >
81 R_BR3.BPM7L3.x_BR3.DVT2L4 equality     .          225.42    -1.69977e-03 >
82 R_BR3.BPM7L3.x_BR3.DVT6L4 equality     .          226.6      2.42948e-01 >
83 R_BR3.BPM7L3.x_BR3.DVT8L1 equality     .          225.55     1.48664e-01 >
84 R_BR3.BPM7L3.x_BR3.DVT9L1 equality     .          222.35    -3.80565e-02 >
85 R_BR3.BPM8L3.x_BR3.DHZ11L4 equality     .          330.8      1.02892e-01 >
86 R_BR3.BPM8L3.x_BR3.DHZ12L4 equality     .          333.31     3.03818e-02 >
87 R_BR3.BPM8L3.x_BR3.DHZ13L4 equality     .          330.27     6.93535e-01 >
88 R_BR3.BPM8L3.x_BR3.DHZ14L1 equality     .          326.41     9.89990e-02 >
89 R_BR3.BPM8L3.x_BR3.DHZ8L1 equality     .          338.18     3.81374e-01 >
90 R_BR3.BPM8L3.x_BR3.DHZ9L1 equality     .          333.86    -2.02980e-01 >
91 R_BR3.BPM8L3.x_BR3.DVT12L4 equality     .          329.82     1.00733e-01 >
92 R_BR3.BPM8L3.x_BR3.DVT13L4 equality     .          332.74    -1.58241e-01 >
93 R_BR3.BPM8L3.x_BR3.DVT2L4 equality     .          335.17    -1.57453e-01 >
94 R_BR3.BPM8L3.x_BR3.DVT6L4 equality     .          330.59     6.83092e-02 >
95 R_BR3.BPM8L3.x_BR3.DVT8L1 equality     .          329.77     1.96850e-01 >
96 R_BR3.BPM8L3.x_BR3.DVT9L1 equality     .          333.4      6.80361e-02 >
97 R_BR3.BPM9L3.x_BR3.DHZ11L4 equality     .          297.95     6.52685e-01 >
98 R_BR3.BPM9L3.x_BR3.DHZ12L4 equality     .          272.29    -1.92225e-01 >
99 R_BR3.BPM9L3.x_BR3.DHZ13L4 equality     .          292.4      7.08549e-01 >
100 R_BR3.BPM9L3.x_BR3.DHZ14L1 equality     .          288.77     9.39464e-01 >
101 R_BR3.BPM9L3.x_BR3.DHZ8L1 equality     .          281.34    -1.67303e-01 >
102 R_BR3.BPM9L3.x_BR3.DHZ9L1 equality     .          299.8     -1.91683e-01 >
103 R_BR3.BPM9L3.x_BR3.DVT12L4 equality     .          268.81     7.03954e-02 >
104 R_BR3.BPM9L3.x_BR3.DVT13L4 equality     .          281.73     9.42599e-02 >
105 R_BR3.BPM9L3.x_BR3.DVT2L4 equality     .          278.17    -1.56060e-01 >
106 R_BR3.BPM9L3.x_BR3.DVT6L4 equality     .          276.41    -4.04018e-02 >
107 R_BR3.BPM9L3.x_BR3.DVT8L1 equality     .          274.35     3.74917e-02 >
108 R_BR3.BPM9L3.x_BR3.DVT9L1 equality     .          275.55     1.83268e-01 >
109 R_BR3.BPM10L3.x_BR3.DHZ11L4 equality     .          315.77     9.43587e-01 >
110 R_BR3.BPM10L3.x_BR3.DHZ12L4 equality     .          318.58     6.75405e-01 >
111 R_BR3.BPM10L3.x_BR3.DHZ13L4 equality     .          309.41     2.74974e-01 >
112 R_BR3.BPM10L3.x_BR3.DHZ14L1 equality     .          313.99     6.61795e-01 >
113 R_BR3.BPM10L3.x_BR3.DHZ8L1 equality     .          329.56     1.70884e-02 >
114 R_BR3.BPM10L3.x_BR3.DHZ9L1 equality     .          324.29    -1.27697e-02 >
115 R_BR3.BPM10L3.x_BR3.DVT12L4 equality     .          320.67     2.34264e-02 >
116 R_BR3.BPM10L3.x_BR3.DVT13L4 equality     .          326.05    -6.53092e-02 >
117 R_BR3.BPM10L3.x_BR3.DVT2L4 equality     .          321.72    -1.68095e-02 >
118 R_BR3.BPM10L3.x_BR3.DVT6L4 equality     .          316.33     1.70760e-01 >
119 R_BR3.BPM10L3.x_BR3.DVT8L1 equality     .          321.28    -1.14005e-01 >
120 R_BR3.BPM10L3.x_BR3.DVT9L1 equality     .          322.27    -1.89290e-03 >
121 R_BR3.BPM11L3.x_BR3.DHZ11L4 equality     .          318.4     -2.33807e-01 >
122 R_BR3.BPM11L3.x_BR3.DHZ12L4 equality     .          316.84     4.59256e-01 >
123 R_BR3.BPM11L3.x_BR3.DHZ13L4 equality     .          313.46     8.62090e-01 >
124 R_BR3.BPM11L3.x_BR3.DHZ14L1 equality     .          316.5      3.92414e-01 >
125 R_BR3.BPM11L3.x_BR3.DHZ8L1 equality     .          322.48     1.65259e-01 >
126 R_BR3.BPM11L3.x_BR3.DHZ9L1 equality     .          321.48    -9.63853e-02 >
127 R_BR3.BPM11L3.x_BR3.DVT12L4 equality     .          318.33     6.09049e-02 >
128 R_BR3.BPM11L3.x_BR3.DVT13L4 equality     .          322.38    -2.62641e-01 >
129 R_BR3.BPM11L3.x_BR3.DVT2L4 equality     .          327.17    -4.90956e-02 >
130 R_BR3.BPM11L3.x_BR3.DVT6L4 equality     .          321.19     1.87024e-01 >
131 R_BR3.BPM11L3.x_BR3.DVT8L1 equality     .          320.15     1.37690e-01 >
132 R_BR3.BPM11L3.x_BR3.DVT9L1 equality     .          320.39    -1.16479e-01 >
133 R_BR3.BPM12L3.x_BR3.DHZ11L4 equality     .          234.16     2.47105e-01 >
134 R_BR3.BPM12L3.x_BR3.DHZ12L4 equality     .          230.83     2.34465e-01 >
135 R_BR3.BPM12L3.x_BR3.DHZ13L4 equality     .          231.79     1.00672e+00 >
136 R_BR3.BPM12L3.x_BR3.DHZ14L1 equality     .          231.46     3.11419e-01 >
137 R_BR3.BPM12L3.x_BR3.DHZ8L1 equality     .          232.67     5.07567e-01 >
138 R_BR3.BPM12L3.x_BR3.DHZ9L1 equality     .          233.71    -2.82756e-01 >
139 R_BR3.BPM12L3.x_BR3.DVT12L4 equality     .          232.44     9.86619e-02 >
140 R_BR3.BPM12L3.x_BR3.DVT13L4 equality     .          233.15    -1.08583e-01 >
141 R_BR3.BPM12L3.x_BR3.DVT2L4 equality     .          236.74    -1.73795e-01 >
142 R_BR3.BPM12L3.x_BR3.DVT6L4 equality     .          234.59     1.55340e-02 >
143 R_BR3.BPM12L3.x_BR3.DVT8L1 equality     .          233.61     1.63384e-01 >
144 R_BR3.BPM12L3.x_BR3.DVT9L1 equality     .          233.78     5.12054e-02 >
145 R_BR3.BPM13L3.x_BR3.DHZ11L4 equality     .          287.77     9.08491e-01 >
146 R_BR3.BPM13L3.x_BR3.DHZ12L4 equality     .          285.96     3.07508e-01 >
147 R_BR3.BPM13L3.x_BR3.DHZ13L4 equality     .          283.18     5.70379e-01 >
148 R_BR3.BPM13L3.x_BR3.DHZ14L1 equality     .          282.28     7.55688e-01 >
149 R_BR3.BPM13L3.x_BR3.DHZ8L1 equality     .          295.99     2.46857e-01 >
150 R_BR3.BPM13L3.x_BR3.DHZ9L1 equality     .          292.16    -1.61706e-01 >
151 R_BR3.BPM13L3.x_BR3.DVT12L4 equality     .          290.89     1.82194e-01 >
152 R_BR3.BPM13L3.x_BR3.DVT13L4 equality     .          294.3      1.12137e-01 >
153 R_BR3.BPM13L3.x_BR3.DVT2L4 equality     .          292.97    -1.53329e-01 >
154 R_BR3.BPM13L3.x_BR3.DVT6L4 equality     .          287.15    -5.53829e-03 >
155 R_BR3.BPM13L3.x_BR3.DVT8L1 equality     .          285.69    -6.54268e-02 >
156 R_BR3.BPM13L3.x_BR3.DVT9L1 equality     .          292.76     1.86181e-01 >
157 R_BR3.BPM14L3.x_BR3.DHZ11L4 equality     .          212.11     8.83452e-01 >
158 R_BR3.BPM14L3.x_BR3.DHZ12L4 equality     .          208.11     2.21815e-01 >
159 R_BR3.BPM14L3.x_BR3.DHZ13L4 equality     .          212.49     5.92722e-01 >
160 R_BR3.BPM14L3.x_BR3.DHZ14L1 equality     .          211.35     1.08854e+00 >
161 R_BR3.BPM14L3.x_BR3.DHZ8L1 equality     .          212.13     4.33803e-01 >
162 R_BR3.BPM14L3.x_BR3.DHZ9L1 equality     .          214.15    -4.68094e-01 >
163 R_BR3.BPM14L3.x_BR3.DVT12L4 equality     .          213.12    -7.04762e-02 >
164 R_BR3.BPM14L3.x_BR3.DVT13L4 equality     .          213.96     9.75381e-02 >
165 R_BR3.BPM14L3.x_BR3.DVT2L4 equality     .          214.27     1.89077e-02 >
166 R_BR3.BPM14L3.x_BR3.DVT6L4 equality     .          212.55     1.74277e-01 >
167 R_BR3.BPM14L3.x_BR3.DVT8L1 equality     .          213.83    -7.29081e-02 >
168 R_BR3.BPM14L3.x_BR3.DVT9L1 equality     .          212.93    -1.14491e-02 >
169 R_BR3.BPM15L3.x_BR3.DHZ11L4 equality     .          314.12     1.44017e-01 >
170 R_BR3.BPM15L3.x_BR3.DHZ12L4 equality     .          311.28     5.26595e-01 >
171 R_BR3.BPM15L3.x_BR3.DHZ13L4 equality     .          309.37     7.49826e-01 >
172 R_BR3.BPM15L3.x_BR3.DHZ14L1 equality     .          310.85     7.91131e-01 >
173 R_BR3.BPM15L3.x_BR3.DHZ8L1 equality     .          315.11     6.97215e-01 >
174 R_BR3.BPM15L3.x_BR3.DHZ9L1 equality     .          314.91     7.12992e-03 >
175 R_BR3.BPM15L3.x_BR3.DVT12L4 equality     .          315.91    -3.89914e-02 >
176 R_BR3.BPM15L3.x_BR3.DVT13L4 equality     .          319.03    -3.10740e-01 >
177 R_BR3.BPM15L3.x_BR3.DVT2L4 equality     .          321.11    -8.59124e-02 >
178 R_BR3.BPM15L3.x_BR3.DVT6L4 equality     .          317.53     1.29909e-01 >
179 R_BR3.BPM15L3.x_BR3.DVT8L1 equality     .          314.27     1.46397e-01 >
180 R_BR3.BPM15L3.x_BR3.DVT9L1 equality     .          315.87    -8.41251e-02 >
181 R_BR3.BPM16L3.x_BR3.DHZ11L4 equality     .          339.29     2.03683e-01 >
182 R_BR3.BPM16L3.x_BR3.DHZ12L4 equality     .          336.35     2.92140e-01 >
183 R_BR3.BPM16L3.x_BR3.DHZ13L4 equality     .          336.73     4.05169e-01 >
184 R_BR3.BPM16L3.x_BR3.DHZ14L1 equality     .          333.34    -1.90142e-01 >
185 R_BR3.BPM16L3.x_BR3.DHZ8L1 equality     .          339.6      3.81748e-01 >
186 R_BR3.BPM16L3.x_BR3.DHZ9L1 equality     .          335.27     2.04366e-02 >
187 R_BR3.BPM16L3.x_BR3.DVT12L4 equality     .          330.25     1.22178e-01 >
188 R_BR3.BPM16L3.x_BR3.DVT13L4 equality     .          328.68    -2.40861e-01 >
189 R_BR3.BPM16L3.x_BR3.DVT2L4 equality     .          330.96    -2.08351e-01 >
190 R_BR3.BPM16L3.x_BR3.DVT6L4 equality     .          334.9     -1.49220e-02 >
191 R_BR3.BPM16L3.x_BR3.DVT8L1 equality     .          331.05     1.26304e-01 >
192 R_BR3.BPM16L3.x_BR3.DVT9L1 equality     .          327.14     6.32453e-02 >
193 R_BR3.BPM1L3.y_BR3.DHZ11L4 equality     .          257.57    -1.54872e-01 >
194 R_BR3.BPM1L3.y_BR3.DHZ12L4 equality     .          257.44    -1.04501e-02 >
195 R_BR3.BPM1L3.y_BR3.DHZ13L4 equality     .          255.45     1.67958e-01 >
196 R_BR3.BPM1L3.y_BR3.DHZ14L1 equality     .          262.43     7.71008e-02 >
197 R_BR3.BPM1L3.y_BR3.DHZ8L1 equality     .          258.63    -1.72635e-01 >
198 R_BR3.BPM1L3.y_BR3.DHZ9L1 equality     .          259.44     3.80242e-02 >
199 R_BR3.BPM1L3.y_BR3.DVT12L4 equality     .          256.37    -7.70952e-02 >
200 R_BR3.BPM1L3.y_BR3.DVT13L4 equality     .          256.87    -1.24955e-01 >
201 R_BR3.BPM1L3.y_BR3.DVT2L4 equality     .          256.8      4.32936e-02 >
202 R_BR3.BPM1L3.y_BR3.DVT6L4 equality     .          258.65     2.89024e-02 >
203 R_BR3.BPM1L3.y_BR3.DVT8L1 equality     .          254.6      1.21232e-01 >
204 R_BR3.BPM1L3.y_BR3.DVT9L1 equality     .          253.14    -9.22282e-02 >
205 R_BR3.BPM2L3.y_BR3.DHZ11L4 equality     .          193.57     1.48051e-02 >
206 R_BR3.BPM2L3.y_BR3.DHZ12L4 equality     .          196.23    -9.52791e-02 >
207 R_BR3.BPM2L3.y_BR3.DHZ13L4 equality     .          192.52    -4.29371e-02 >
208 R_BR3.BPM2L3.y_BR3.DHZ14L1 equality     .          193.77    -6.16029e-03 >
209 R_BR3.BPM2L3.y_BR3.DHZ8L1 equality     .          194.27    -3.41117e-02 >
210 R_BR3.BPM2L3.y_BR3.DHZ9L1 equality     .          193.68    -1.18944e-01 >
211 R_BR3.BPM2L3.y_BR3.DVT12L4 equality     .          194.6      2.84031e-02 >
212 R_BR3.BPM2L3.y_BR3.DVT13L4 equality     .          196.01     2.73615e-01 >
213 R_BR3.BPM2L3.y_BR3.DVT2L4 equality     .          197.7      1.05186e-01 >
214 R_BR3.BPM2L3.y_BR3.DVT6L4 equality     .          195.05     1.48909e-01 >
215 R_BR3.BPM2L3.y_BR3.DVT8L1 equality     .          197.51    -1.49130e-02 >
216 R_BR3.BPM2L3.y_BR3.DVT9L1 equality     .          198.1     -3.53871e-01 >
217 R_BR3.BPM3L3.y_BR3.DHZ11L4 equality     .          311.27     1.74733e-01 >
218 R_BR3.BPM3L3.y_BR3.DHZ12L4 equality     .          309.09     2.19433e-02 >
219 R_BR3.BPM3L3.y_BR3.DHZ13L4 equality     .          310.15    -2.11838e-01 >
220 R_BR3.BPM3L3.y_BR3.DHZ14L1 equality     .          307.56    -1.56420e-01 >
221 R_BR3.BPM3L3.y_BR3.DHZ8L1 equality     .          306.36     1.98659e-01 >
222 R_BR3.BPM3L3.y_BR3.DHZ9L1 equality     .          309.1     -2.16548e-02 >
223 R_BR3.BPM3L3.y_BR3.DVT12L4 equality     .          303.15    -3.39685e-02 >
224 R_BR3.BPM3L3.y_BR3.DVT13L4 equality     .          307.44    -6.76744e-02 >
225 R_BR3.BPM3L3.y_BR3.DVT2L4 equality     .          309.57     2.03009e-01 >
226 R_BR3.BPM3L3.y_BR3.DVT6L4 equality     .          307.66    -4.27432e-02 >
227 R_BR3.BPM3L3.y_BR3.DVT8L1 equality     .          304.37     1.96866e-02 >
228 R_BR3.BPM3L3.y_BR3.DVT9L1 equality     .          304.89     9.67725e-02 >
229 R_BR3.BPM4L3.y_BR3.DHZ11L4 equality     .          209.22    -6.43741e-02 >
230 R_BR3.BPM4L3.y_BR3.DHZ12L4 equality     .          208.96     5.01388e-02 >
231 R_BR3.BPM4L3.y_BR3.DHZ13L4 equality     .          209.79     3.95469e-02 >
232 R_BR3.BPM4L3.y_BR3.DHZ14L1 equality     .          208.88     4.70586e-04 >
233 R_BR3.BPM4L3.y_BR3.DHZ8L1 equality     .          207.13     2.23949e-03 >
234 R_BR3.BPM4L3.y_BR3.DHZ9L1 equality     .          210.25     1.00231e-01 >
235 R_BR3.BPM4L3.y_BR3.DVT12L4 equality     .          208.84    -7.38666e-01 >
236 R_BR3.BPM4L3.y_BR3.DVT13L4 equality     .          206.29    -2.87407e-02 >
237 R_BR3.BPM4L3.y_BR3.DVT2L4 equality     .          210.84     4.18565e-01 >
238 R_BR3.BPM4L3.y_BR3.DVT6L4 equality     .          211.58     5.76970e-01 >
239 R_BR3.BPM4L3.y_BR3.DVT8L1 equality     .          206.33    -1.80756e-01 >
240 R_BR3.BPM4L3.y_BR3.DVT9L1 equality     .          204.78    -6.70176e-02 >
241 R_BR3.BPM5L3.y_BR3.DHZ11L4 equality     .          300.85    -1.78699e-01 >
242 R_BR3.BPM5L3.y_BR3.DHZ12L4 equality     .          297.48    -2.60802e-02 >
243 R_BR3.BPM5L3.y_BR3.DHZ13L4 equality     .          298.35     2.04837e-01 >
244 R_BR3.BPM5L3.y_BR3.DHZ14L1 equality     .          298.9      1.43471e-01 >
245 R_BR3.BPM5L3.y_BR3.DHZ8L1 equality     .          299.5     -1.97120e-01 >
246 R_BR3.BPM5L3.y_BR3.DHZ9L1 equality     .          299.47     4.25378e-02 >
247 R_BR3.BPM5L3.y_BR3.DVT12L4 equality     .          297.94    -1.91491e-02 >
248 R_BR3.BPM5L3.y_BR3.DVT13L4 equality     .          294.97     1.63137e-01 >
249 R_BR3.BPM5L3.y_BR3.DVT2L4 equality     .          296.96    -1.89488e-01 >
250 R_BR3.BPM5L3.y_BR3.DVT6L4 equality     .          297.72     1.46297e-01 >
251 R_BR3.BPM5L3.y_BR3.DVT8L1 equality     .          297.17    -5.47594e-02 >
252 R_BR3.BPM5L3.y_BR3.DVT9L1 equality     .          298.36    -1.91848e-01 >
253 R_BR3.BPM6L3.y_BR3.DHZ11L4 equality     .          204.29     4.22997e-02 >
254 R_BR3.BPM6L3.y_BR3.DHZ12L4 equality     .          204.08    -7.17578e-02 >
255 R_BR3.BPM6L3.y_BR3.DHZ13L4 equality     .          204.5     -1.17875e-01 >
256 R_BR3.BPM6L3.y_BR3.DHZ14L1 equality     .          202.92    -1.17391e-01 >
257 R_BR3.BPM6L3.y_BR3.DHZ8L1 equality     .          202.96     6.73627e-02 >
258 R_BR3.BPM6L3.y_BR3.DHZ9L1 equality     .          205.1     -1.28307e-01 >
259 R_BR3.BPM6L3.y_BR3.DVT12L4 equality     .          201.2      6.80629e-01 >
260 R_BR3.BPM6L3.y_BR3.DVT13L4 equality     .          203.75    -1.99299e-02 >
261 R_BR3.BPM6L3.y_BR3.DVT2L4 equality     .          205.04    -2.95028e-01 >
262 R_BR3.BPM6L3.y_BR3.DVT6L4 equality     .          202.29    -5.16100e-01 >
263 R_BR3.BPM6L3.y_BR3.DVT8L1 equality     .          204.73     2.62357e-01 >
264 R_BR3.BPM6L3.y_BR3.DVT9L1 equality     .          199.77     4.35347e-02 >
265 R_BR3.BPM7L3.y_BR3.DHZ11L4 equality     .          245.73     1.94270e-01 >
266 R_BR3.BPM7L3.y_BR3.DHZ12L4 equality     .          247.94     4.92900e-02 >
267 R_BR3.BPM7L3.y_BR3.DHZ13L4 equality     .          242.87    -2.38282e-01 >
268 R_BR3.BPM7L3.y_BR3.DHZ14L1 equality     .          244.89    -1.76211e-01 >
269 R_BR3.BPM7L3.y_BR3.DHZ8L1 equality     .          247.74     2.13609e-01 >
270 R_BR3.BPM7L3.y_BR3.DHZ9L1 equality     .          245.22     6.20531e-05 >
271 R_BR3.BPM7L3.y_BR3.DVT12L4 equality     .          249.3     -1.84534e-01 >
272 R_BR3.BPM7L3.y_BR3.DVT13L4 equality     .          249.52     1.91374e-01 >
273 R_BR3.BPM7L3.y_BR3.DVT2L4 equality     .          254.12     1.20877e-01 >
274 R_BR3.BPM7L3.y_BR3.DVT6L4 equality     .          253.72    -4.09982e-02 >
275 R_BR3.BPM7L3.y_BR3.DVT8L1 equality     .          251.66    -1.61485e-01 >
276 R_BR3.BPM7L3.y_BR3.DVT9L1 equality     .          244.08     2.01424e-01 >
277 R_BR3.BPM8L3.y_BR3.DHZ11L4 equality     .          306.65     3.83337e-02 >
278 R_BR3.BPM8L3.y_BR3.DHZ12L4 equality     .          306.08     8.96935e-02 >
279 R_BR3.BPM8L3.y_BR3.DHZ13L4 equality     .          306.21    -2.12207e-02 >
280 R_BR3.BPM8L3.y_BR3.DHZ14L1 equality     .          304.82    -6.96139e-02 >
281 R_BR3.BPM8L3.y_BR3.DHZ8L1 equality     .          307.87     6.70863e-02 >
282 R_BR3.BPM8L3.y_BR3.DHZ9L1 equality     .          305.8      1.10913e-01 >
283 R_BR3.BPM8L3.y_BR3.DVT12L4 equality     .          305.08     1.02958e-01 >
284 R_BR3.BPM8L3.y_BR3.DVT13L4 equality     .          308.56    -3.44519e-02 >
285 R_BR3.BPM8L3.y_BR3.DVT2L4 equality     .          308.7     -3.51293e-01 >
286 R_BR3.BPM8L3.y_BR3.DVT6L4 equality     .          299.1      4.69587e-02 >
287 R_BR3.BPM8L3.y_BR3.DVT8L1 equality     .          308.1      3.47353e-01 >
288 R_BR3.BPM8L3.y_BR3.DVT9L1 equality     .          305.72     3.73471e-01 >
289 R_BR3.BPM9L3.y_BR3.DHZ11L4 equality     .          336.88    -1.86494e-01 >
290 R_BR3.BPM9L3.y_BR3.DHZ12L4 equality     .          333.83    -3.14445e-02 >
291 R_BR3.BPM9L3.y_BR3.DHZ13L4 equality     .          336.37     1.80368e-01 >
292 R_BR3.BPM9L3.y_BR3.DHZ14L1 equality     .          336.76     1.42197e-01 >
293 R_BR3.BPM9L3.y_BR3.DHZ8L1 equality     .          331.88    -1.07999e-01 >
294 R_BR3.BPM9L3.y_BR3.DHZ9L1 equality     .          334.24     4.53190e-03 >
295 R_BR3.BPM9L3.y_BR3.DVT12L4 equality     .          327.37    -3.53930e-01 >
296 R_BR3.BPM9L3.y_BR3.DVT13L4 equality     .          338.18     1.69653e-01 >
297 R_BR3.BPM9L3.y_BR3.DVT2L4 equality     .          336.5      9.31642e-02 >
298 R_BR3.BPM9L3.y_BR3.DVT6L4 equality     .          335.05     2.17536e-02 >
299 R_BR3.BPM9L3.y_BR3.DVT8L1 equality     .          335.16    -2.66590e-02 >
300 R_BR3.BPM9L3.y_BR3.DVT9L1 equality     .          333.29     2.04083e-01 >
301 R_BR3.BPM10L3.y_BR3.DHZ11L4 equality     .          365.38     9.90314e-02 >
302 R_BR3.BPM10L3.y_BR3.DHZ12L4 equality     .          361.1     -8.13318e-02 >
303 R_BR3.BPM10L3.y_BR3.DHZ13L4 equality     .          365.06    -9.21301e-02 >
304 R_BR3.BPM10L3.y_BR3.DHZ14L1 equality     .          360.05    -5.90171e-03 >
305 R_BR3.BPM10L3.y_BR3.DHZ8L1 equality     .          362.18    -4.09360e-02 >
306 R_BR3.BPM10L3.y_BR3.DHZ9L1 equality     .          360.3     -1.42695e-01 >
307 R_BR3.BPM10L3.y_BR3.DVT12L4 equality     .          353.68     2.62682e-02 >
308 R_BR3.BPM10L3.y_BR3.DVT13L4 equality     .          361.01    -1.63914e-01 >
309 R_BR3.BPM10L3.y_BR3.DVT2L4 equality     .          359.21     2.95727e-01 >
310 R_BR3.BPM10L3.y_BR3.DVT6L4 equality     .          357.42    -2.07208e-02 >
311 R_BR3.BPM10L3.y_BR3.DVT8L1 equality     .          358.72    -3.22838e-01 >
312 R_BR3.BPM10L3.y_BR3.DVT9L1 equality     .          358.93     4.36219e-02 >
313 R_BR3.BPM11L3.y_BR3.DHZ11L4 equality     .          314.76     2.00917e-01 >
314 R_BR3.BPM11L3.y_BR3.DHZ12L4 equality     .          315.18     1.02131e-01 >
315 R_BR3.BPM11L3.y_BR3.DHZ13L4 equality     .          316.42    -1.92160e-01 >
316 R_BR3.BPM11L3.y_BR3.DHZ14L1 equality     .          314.28    -1.71352e-01 >
317 R_BR3.BPM11L3.y_BR3.DHZ8L1 equality     .          316.55     1.73186e-01 >
318 R_BR3.BPM11L3.y_BR3.DHZ9L1 equality     .          316.05     1.57033e-02 >
319 R_BR3.BPM11L3.y_BR3.DVT12L4 equality     .          316.6     -4.49752e-02 >
320 R_BR3.BPM11L3.y_BR3.DVT13L4 equality     .          318.64     4.34850e-02 >
321 R_BR3.BPM11L3.y_BR3.DVT2L4 equality     .          315.94     1.52316e-02 >
322 R_BR3.BPM11L3.y_BR3.DVT6L4 equality     .          320.03     1.61030e-02 >
323 R_BR3.BPM11L3.y_BR3.DVT8L1 equality     .          315.62    -1.66639e-01 >
324 R_BR3.BPM11L3.y_BR3.DVT9L1 equality     .          314.61    -6.98785e-02 >
325 R_BR3.BPM12L3.y_BR3.DHZ11L4 equality     .          228.8      2.08710e-02 >
326 R_BR3.BPM12L3.y_BR3.DHZ12L4 equality     .          228.91     1.09072e-01 >
327 R_BR3.BPM12L3.y_BR3.DHZ13L4 equality     .          230.97     1.60487e-02 >
328 R_BR3.BPM12L3.y_BR3.DHZ14L1 equality     .          230.37    -1.40396e-02 >
329 R_BR3.BPM12L3.y_BR3.DHZ8L1 equality     .          229.93     6.25585e-02 >
330 R_BR3.BPM12L3.y_BR3.DHZ9L1 equality     .          229.83     6.67159e-02 >
331 R_BR3.BPM12L3.y_BR3.DVT12L4 equality     .          231.68    -5.64864e-01 >
332 R_BR3.BPM12L3.y_BR3.DVT13L4 equality     .          233.07     2.46306e-01 >
333 R_BR3.BPM12L3.y_BR3.DVT2L4 equality     .          235.5      7.28613e-02 >
334 R_BR3.BPM12L3.y_BR3.DVT6L4 equality     .          233.25     2.38334e-01 >
335 R_BR3.BPM12L3.y_BR3.DVT8L1 equality     .          234.35    -1.94439e-03 >
336 R_BR3.BPM12L3.y_BR3.DVT9L1 equality     .          229.28     8.35388e-03 >
337 R_BR3.BPM13L3.y_BR3.DHZ11L4 equality     .          314.55    -1.13676e-01 >
338 R_BR3.BPM13L3.y_BR3.DHZ12L4 equality     .          314.09    -2.70375e-02 >
339 R_BR3.BPM13L3.y_BR3.DHZ13L4 equality     .          315.96     2.00710e-01 >
340 R_BR3.BPM13L3.y_BR3.DHZ14L1 equality     .          314.14     1.66096e-01 >
341 R_BR3.BPM13L3.y_BR3.DHZ8L1 equality     .          315.03    -1.30630e-01 >
342 R_BR3.BPM13L3.y_BR3.DHZ9L1 equality     .          315.1      7.97213e-03 >
343 R_BR3.BPM13L3.y_BR3.DVT12L4 equality     .          317.15     8.70808e-02 >
344 R_BR3.BPM13L3.y_BR3.DVT13L4 equality     .          316.65     6.75565e-02 >
345 R_BR3.BPM13L3.y_BR3.DVT2L4 equality     .          317.63     6.48956e-02 >
346 R_BR3.BPM13L3.y_BR3.DVT6L4 equality     .          315.62    -4.35021e-02 >
347 R_BR3.BPM13L3.y_BR3.DVT8L1 equality     .          316.73     4.49983e-02 >
348 R_BR3.BPM13L3.y_BR3.DVT9L1 equality     .          321.44     1.23463e-01 >
349 R_BR3.BPM14L3.y_BR3.DHZ11L4 equality     .          244.66     1.37074e-02 >
350 R_BR3.BPM14L3.y_BR3.DHZ12L4 equality     .          243.67    -6.49728e-02 >
351 R_BR3.BPM14L3.y_BR3.DHZ13L4 equality     .          244.53     1.32738e-02 >
352 R_BR3.BPM14L3.y_BR3.DHZ14L1 equality     .          242.81     2.69270e-02 >
353 R_BR3.BPM14L3.y_BR3.DHZ8L1 equality     .          243.28    -4.27686e-02 >
354 R_BR3.BPM14L3.y_BR3.DHZ9L1 equality     .          245.34    -1.09202e-01 >
355 R_BR3.BPM14L3.y_BR3.DVT12L4 equality     .          242.94     1.58061e-01 >
356 R_BR3.BPM14L3.y_BR3.DVT13L4 equality     .          243.07     3.54674e-01 >
357 R_BR3.BPM14L3.y_BR3.DVT2L4 equality     .          245.05     1.17193e-01 >
358 R_BR3.BPM14L3.y_BR3.DVT6L4 equality     .          242.43     7.54446e-02 >
359 R_BR3.BPM14L3.y_BR3.DVT8L1 equality     .          244.61    -6.95920e-02 >
360 R_BR3.BPM14L3.y_BR3.DVT9L1 equality     .          244.38    -2.67570e-01 >
361 R_BR3.BPM15L3.y_BR3.DHZ11L4 equality     .          334.51     1.37667e-01 >
362 R_BR3.BPM15L3.y_BR3.DHZ12L4 equality     .          333.44     8.57814e-02 >
363 R_BR3.BPM15L3.y_BR3.DHZ13L4 equality     .          334.64    -1.94807e-01 >
364 R_BR3.BPM15L3.y_BR3.DHZ14L1 equality     .          335.39    -1.50395e-01 >
365 R_BR3.BPM15L3.y_BR3.DHZ8L1 equality     .          335.75     1.64294e-01 >
366 R_BR3.BPM15L3.y_BR3.DHZ9L1 equality     .          333.43     4.57348e-02 >
367 R_BR3.BPM15L3.y_BR3.DVT12L4 equality     .          333.67    -8.72188e-02 >
368 R_BR3.BPM15L3.y_BR3.DVT13L4 equality     .          332.45    -7.47003e-02 >
369 R_BR3.BPM15L3.y_BR3.DVT2L4 equality     .          339.53    -1.76770e-01 >
370 R_BR3.BPM15L3.y_BR3.DVT6L4 equality     .          337.55    -2.36401e-02 >
371 R_BR3.BPM15L3.y_BR3.DVT8L1 equality     .          338.21     5.73539e-02 >
372 R_BR3.BPM15L3.y_BR3.DVT9L1 equality     .          337.47    -8.42368e-02 >
373 R_BR3.BPM16L3.y_BR3.DHZ11L4 equality     .          367.37     4.71369e-02 >
374 R_BR3.BPM16L3.y_BR3.DHZ12L4 equality     .          367.91     7.48064e-02 >
375 R_BR3.BPM16L3.y_BR3.DHZ13L4 equality     .          368.33    -1.99234e-02 >
376 R_BR3.BPM16L3.y_BR3.DHZ14L1 equality     .          367.79    -2.27469e-02 >
377 R_BR3.BPM16L3.y_BR3.DHZ8L1 equality     .          369.47     6.54757e-02 >
378 R_BR3.BPM16L3.y_BR3.DHZ9L1 equality     .          365.49     1.05904e-01 >
379 R_BR3.BPM16L3.y_BR3.DVT12L4 equality     .          363.83    -9.63297e-03 >
380 R_BR3.BPM16L3.y_BR3.DVT13L4 equality     .          364.82    -2.07903e-01 >
381 R_BR3.BPM16L3.y_BR3.DVT2L4 equality     .          370.96    -7.02311e-02 >
382 R_BR3.BPM16L3.y_BR3.DVT6L4 equality     .          368.48    -1.44608e-01 >
383 R_BR3.BPM16L3.y_BR3.DVT8L1 equality     .          369.37    -2.43665e-02 >
384 R_BR3.BPM16L3.y_BR3.DVT9L1 equality     .          364.81     3.76592e-01 >

 Variables                  Curr. Value  Curr. Step   Lower Limit  Upper Limit
--------------------------------------------------------------------------------
 1 BR.QFOCELL1.dk1l         3.26859e-03  4.22460e-08   .            .         
 2 BR.QDE1.dk1l            -1.92634e-03 -4.61165e-08   .            .         
 3 BR.QFOCELL2.dk1l         3.58159e-05  1.89942e-07   .            .         
 4 BR.QDE2.dk1l            -4.57794e-04 -1.77405e-07   .            .         
 5 BR.QFOCELL3.dk1l        -7.99522e-03  4.55936e-08   .            .         
 6 BR.QDE3.dk1l             5.83137e-03 -5.25766e-08   .            .         
 7 BR.QFOCELL4.dk1l         3.50216e-03 -3.74629e-07   .            .         
 8 BR.QDE4.dk1l            -3.76015e-03  3.40826e-07   .            .         
 9 BR.QFOCELL5.dk1l         1.34609e-02  3.65531e-07   .            .         
10 BR.QDE5.dk1l            -1.34396e-02 -3.17482e-07   .            .         
11 BR.QFOCELL6.dk1l        -7.05375e-03  2.20239e-07   .            .         
12 BR.QDE6.dk1l             7.88113e-03 -2.01331e-07   .            .         
13 BR.QFOCELL7.dk1l        -4.42086e-03 -6.27232e-07   .            .         
14 BR.QDE7.dk1l             5.68781e-03  5.82668e-07   .            .         
15 BR.QFOCELL8.dk1l         1.82555e-02  3.16964e-07   .            .         
16 BR.QDE8.dk1l            -1.89222e-02 -2.82363e-07   .            .         
17 BR.QFOCELL9.dk1l         1.19755e-02  9.10281e-07   .            .         
18 BR.QDE9.dk1l            -1.24338e-02 -8.20505e-07   .            .         
19 BR.QFOCELL10.dk1l       -1.22698e-02 -3.33830e-07   .            .         
20 BR.QDE10.dk1l            1.30480e-02  2.96035e-07   .            .         
21 BR.QFOCELL11.dk1l       -4.42714e-03 -6.11465e-07   .            .         
22 BR.QDE11.dk1l            2.47051e-03  5.60214e-07   .            .         
23 BR.QFOCELL12.dk1l        2.01836e-03 -7.91534e-08   .            .         
24 BR.QDE12.dk1l           -2.40377e-03  8.84814e-08   .            .         
25 BR.QFOCELL13.dk1l        1.73083e-02 -1.74830e-08   .            .         
26 BR.QDE13.dk1l           -1.79377e-02  1.62365e-08   .            .         
27 BR.QFOCELL14.dk1l        7.43618e-03  1.31832e-08   .            .         
28 BR.QDE14.dk1l           -8.03747e-03 -1.68165e-08   .            .         
29 BR.QFOCELL15.dk1l       -1.19590e-02 -2.67704e-08   .            .         
30 BR.QDE15.dk1l            1.03102e-02  3.23974e-08   .            .         
31 BR.QFOCELL16.dk1l       -1.10832e-03 -5.96676e-08   .            .         
32 BR.QDE16.dk1l            2.35388e-03  5.70499e-08   .            .         

ncall=298 [7.5s], fval=2.74387e-01, fstp=-5.24071e-11, ccnt=384.


 Constraints                Type        Kind        Weight     Expr. Value
------------------------------------------------------------------------------
 1 R_BR3.BPM1L3.x_BR3.DHZ11L4 equality     .          254.66     6.02937e-01 >
 2 R_BR3.BPM1L3.x_BR3.DHZ12L4 equality     .          253.14     3.53727e-01 >
 3 R_BR3.BPM1L3.x_BR3.DHZ13L4 equality     .          247.69     5.94235e-01 >
 4 R_BR3.BPM1L3.x_BR3.DHZ14L1 equality     .          252.82     3.01592e-01 >
 5 R_BR3.BPM1L3.x_BR3.DHZ8L1 equality     .          254.13    -9.37851e-02 >
 6 R_BR3.BPM1L3.x_BR3.DHZ9L1 equality     .          249.92    -1.05674e-01 >
 7 R_BR3.BPM1L3.x_BR3.DVT12L4 equality     .          253.72     1.80994e-01 >
 8 R_BR3.BPM1L3.x_BR3.DVT13L4 equality     .          258.5      1.49056e-01 >
 9 R_BR3.BPM1L3.x_BR3.DVT2L4 equality     .          259.45    -1.31573e-01 >
10 R_BR3.BPM1L3.x_BR3.DVT6L4 equality     .          255.36    -8.31744e-03 >
11 R_BR3.BPM1L3.x_BR3.DVT8L1 equality     .          251.55    -3.64240e-02 >
12 R_BR3.BPM1L3.x_BR3.DVT9L1 equality     .          254.26     1.54380e-01 >
13 R_BR3.BPM2L3.x_BR3.DHZ11L4 equality     .          155.27     4.12602e-01 >
14 R_BR3.BPM2L3.x_BR3.DHZ12L4 equality     .          156.88     5.93962e-01 >
15 R_BR3.BPM2L3.x_BR3.DHZ13L4 equality     .          155.84     9.08748e-01 >
16 R_BR3.BPM2L3.x_BR3.DHZ14L1 equality     .          155.85     1.23548e+00 >
17 R_BR3.BPM2L3.x_BR3.DHZ8L1 equality     .          157.76     2.31464e-01 >
18 R_BR3.BPM2L3.x_BR3.DHZ9L1 equality     .          156.58    -5.05859e-02 >
19 R_BR3.BPM2L3.x_BR3.DVT12L4 equality     .          157.29     5.43118e-02 >
20 R_BR3.BPM2L3.x_BR3.DVT13L4 equality     .          156.68     3.21148e-02 >
21 R_BR3.BPM2L3.x_BR3.DVT2L4 equality     .          156.36     1.71158e-02 >
22 R_BR3.BPM2L3.x_BR3.DVT6L4 equality     .          157.45     1.25084e-01 >
23 R_BR3.BPM2L3.x_BR3.DVT8L1 equality     .          155.43    -2.55164e-03 >
24 R_BR3.BPM2L3.x_BR3.DVT9L1 equality     .          154.89     7.94036e-03 >
25 R_BR3.BPM3L3.x_BR3.DHZ11L4 equality     .          303.95     5.77252e-01 >
26 R_BR3.BPM3L3.x_BR3.DHZ12L4 equality     .          302.28     4.41133e-02 >
27 R_BR3.BPM3L3.x_BR3.DHZ13L4 equality     .          296.52     1.65237e-01 >
28 R_BR3.BPM3L3.x_BR3.DHZ14L1 equality     .          301.62     3.29453e-01 >
29 R_BR3.BPM3L3.x_BR3.DHZ8L1 equality     .          307.07     9.92919e-01 >
30 R_BR3.BPM3L3.x_BR3.DHZ9L1 equality     .          304.26    -4.50558e-01 >
31 R_BR3.BPM3L3.x_BR3.DVT12L4 equality     .          303.71     3.18248e-03 >
32 R_BR3.BPM3L3.x_BR3.DVT13L4 equality     .          308.93    -2.67705e-01 >
33 R_BR3.BPM3L3.x_BR3.DVT2L4 equality     .          308.62     6.00946e-02 >
34 R_BR3.BPM3L3.x_BR3.DVT6L4 equality     .          301.48     1.59373e-01 >
35 R_BR3.BPM3L3.x_BR3.DVT8L1 equality     .          307.83     1.31889e-01 >
36 R_BR3.BPM3L3.x_BR3.DVT9L1 equality     .          306.9     -3.87886e-02 >
37 R_BR3.BPM4L3.x_BR3.DHZ11L4 equality     .          197.62     3.60369e-01 >
38 R_BR3.BPM4L3.x_BR3.DHZ12L4 equality     .          201.32    -7.63852e-02 >
39 R_BR3.BPM4L3.x_BR3.DHZ13L4 equality     .          197.32     3.48124e-01 >
40 R_BR3.BPM4L3.x_BR3.DHZ14L1 equality     .          201.26    -1.99184e-01 >
41 R_BR3.BPM4L3.x_BR3.DHZ8L1 equality     .          200.39     3.03234e-01 >
42 R_BR3.BPM4L3.x_BR3.DHZ9L1 equality     .          202.61    -3.43708e-01 >
43 R_BR3.BPM4L3.x_BR3.DVT12L4 equality     .          195.76     1.09689e-01 >
44 R_BR3.BPM4L3.x_BR3.DVT13L4 equality     .          197.42    -1.92387e-01 >
45 R_BR3.BPM4L3.x_BR3.DVT2L4 equality     .          199.38    -2.04107e-01 >
46 R_BR3.BPM4L3.x_BR3.DVT6L4 equality     .          198.44     3.52968e-02 >
47 R_BR3.BPM4L3.x_BR3.DVT8L1 equality     .          195.82     1.16256e-01 >
48 R_BR3.BPM4L3.x_BR3.DVT9L1 equality     .          196.53     3.75437e-02 >
49 R_BR3.BPM5L3.x_BR3.DHZ11L4 equality     .          321.86     6.96189e-01 >
50 R_BR3.BPM5L3.x_BR3.DHZ12L4 equality     .          324        2.60357e-01 >
51 R_BR3.BPM5L3.x_BR3.DHZ13L4 equality     .          320.22     6.51378e-01 >
52 R_BR3.BPM5L3.x_BR3.DHZ14L1 equality     .          315.57     5.58071e-01 >
53 R_BR3.BPM5L3.x_BR3.DHZ8L1 equality     .          334.56    -5.58817e-02 >
54 R_BR3.BPM5L3.x_BR3.DHZ9L1 equality     .          333.04    -2.04775e-01 >
55 R_BR3.BPM5L3.x_BR3.DVT12L4 equality     .          328.02     1.29409e-01 >
56 R_BR3.BPM5L3.x_BR3.DVT13L4 equality     .          338.46     1.27357e-01 >
57 R_BR3.BPM5L3.x_BR3.DVT2L4 equality     .          333.03    -1.98652e-01 >
58 R_BR3.BPM5L3.x_BR3.DVT6L4 equality     .          328.88     3.88223e-03 >
59 R_BR3.BPM5L3.x_BR3.DVT8L1 equality     .          328.84    -6.28798e-02 >
60 R_BR3.BPM5L3.x_BR3.DVT9L1 equality     .          333.2      1.08436e-01 >
61 R_BR3.BPM6L3.x_BR3.DHZ11L4 equality     .          199.4      6.29179e-01 >
62 R_BR3.BPM6L3.x_BR3.DHZ12L4 equality     .          197.81     6.32133e-01 >
63 R_BR3.BPM6L3.x_BR3.DHZ13L4 equality     .          198.97     7.07328e-01 >
64 R_BR3.BPM6L3.x_BR3.DHZ14L1 equality     .          195.6      1.03094e+00 >
65 R_BR3.BPM6L3.x_BR3.DHZ8L1 equality     .          198.79     6.49112e-01 >
66 R_BR3.BPM6L3.x_BR3.DHZ9L1 equality     .          199.44    -7.77721e-02 >
67 R_BR3.BPM6L3.x_BR3.DVT12L4 equality     .          200.97     6.61704e-03 >
68 R_BR3.BPM6L3.x_BR3.DVT13L4 equality     .          201.13    -3.26983e-02 >
69 R_BR3.BPM6L3.x_BR3.DVT2L4 equality     .          203.01     1.83533e-02 >
70 R_BR3.BPM6L3.x_BR3.DVT6L4 equality     .          200.9      1.30595e-01 >
71 R_BR3.BPM6L3.x_BR3.DVT8L1 equality     .          200.31     1.05403e-02 >
72 R_BR3.BPM6L3.x_BR3.DVT9L1 equality     .          200.46    -3.10701e-02 >
73 R_BR3.BPM7L3.x_BR3.DHZ11L4 equality     .          222.8      5.53151e-02 >
74 R_BR3.BPM7L3.x_BR3.DHZ12L4 equality     .          225.34     1.62202e-01 >
75 R_BR3.BPM7L3.x_BR3.DHZ13L4 equality     .          220.25     6.89653e-01 >
76 R_BR3.BPM7L3.x_BR3.DHZ14L1 equality     .          225.48     5.82358e-01 >
77 R_BR3.BPM7L3.x_BR3.DHZ8L1 equality     .          225.4      5.88146e-01 >
78 R_BR3.BPM7L3.x_BR3.DHZ9L1 equality     .          222.1     -2.39446e-01 >
79 R_BR3.BPM7L3.x_BR3.DVT12L4 equality     .          225.86    -2.07144e-02 >
80 R_BR3.BPM7L3.x_BR3.DVT13L4 equality     .          221.49    -2.91393e-01 >
81 R_BR3.BPM7L3.x_BR3.DVT2L4 equality     .          225.42    -1.69977e-03 >
82 R_BR3.BPM7L3.x_BR3.DVT6L4 equality     .          226.6      2.42948e-01 >
83 R_BR3.BPM7L3.x_BR3.DVT8L1 equality     .          225.55     1.48664e-01 >
84 R_BR3.BPM7L3.x_BR3.DVT9L1 equality     .          222.35    -3.80565e-02 >
85 R_BR3.BPM8L3.x_BR3.DHZ11L4 equality     .          330.8      1.02887e-01 >
86 R_BR3.BPM8L3.x_BR3.DHZ12L4 equality     .          333.31     3.03854e-02 >
87 R_BR3.BPM8L3.x_BR3.DHZ13L4 equality     .          330.27     6.93533e-01 >
88 R_BR3.BPM8L3.x_BR3.DHZ14L1 equality     .          326.41     9.89959e-02 >
89 R_BR3.BPM8L3.x_BR3.DHZ8L1 equality     .          338.18     3.81374e-01 >
90 R_BR3.BPM8L3.x_BR3.DHZ9L1 equality     .          333.86    -2.02983e-01 >
91 R_BR3.BPM8L3.x_BR3.DVT12L4 equality     .          329.82     1.00733e-01 >
92 R_BR3.BPM8L3.x_BR3.DVT13L4 equality     .          332.74    -1.58241e-01 >
93 R_BR3.BPM8L3.x_BR3.DVT2L4 equality     .          335.17    -1.57453e-01 >
94 R_BR3.BPM8L3.x_BR3.DVT6L4 equality     .          330.59     6.83092e-02 >
95 R_BR3.BPM8L3.x_BR3.DVT8L1 equality     .          329.77     1.96850e-01 >
96 R_BR3.BPM8L3.x_BR3.DVT9L1 equality     .          333.4      6.80361e-02 >
97 R_BR3.BPM9L3.x_BR3.DHZ11L4 equality     .          297.95     6.52692e-01 >
98 R_BR3.BPM9L3.x_BR3.DHZ12L4 equality     .          272.29    -1.92235e-01 >
99 R_BR3.BPM9L3.x_BR3.DHZ13L4 equality     .          292.4      7.08548e-01 >
100 R_BR3.BPM9L3.x_BR3.DHZ14L1 equality     .          288.77     9.39471e-01 >
101 R_BR3.BPM9L3.x_BR3.DHZ8L1 equality     .          281.34    -1.67314e-01 >
102 R_BR3.BPM9L3.x_BR3.DHZ9L1 equality     .          299.8     -1.91693e-01 >
103 R_BR3.BPM9L3.x_BR3.DVT12L4 equality     .          268.81     7.03954e-02 >
104 R_BR3.BPM9L3.x_BR3.DVT13L4 equality     .          281.73     9.42599e-02 >
105 R_BR3.BPM9L3.x_BR3.DVT2L4 equality     .          278.17    -1.56060e-01 >
106 R_BR3.BPM9L3.x_BR3.DVT6L4 equality     .          276.41    -4.04018e-02 >
107 R_BR3.BPM9L3.x_BR3.DVT8L1 equality     .          274.35     3.74917e-02 >
108 R_BR3.BPM9L3.x_BR3.DVT9L1 equality     .          275.55     1.83268e-01 >
109 R_BR3.BPM10L3.x_BR3.DHZ11L4 equality     .          315.77     9.43602e-01 >
110 R_BR3.BPM10L3.x_BR3.DHZ12L4 equality     .          318.58     6.75401e-01 >
111 R_BR3.BPM10L3.x_BR3.DHZ13L4 equality     .          309.41     2.74965e-01 >
112 R_BR3.BPM10L3.x_BR3.DHZ14L1 equality     .          313.99     6.61789e-01 >
113 R_BR3.BPM10L3.x_BR3.DHZ8L1 equality     .          329.56     1.70906e-02 >
114 R_BR3.BPM10L3.x_BR3.DHZ9L1 equality     .          324.29    -1.27770e-02 >
115 R_BR3.BPM10L3.x_BR3.DVT12L4 equality     .          320.67     2.34264e-02 >
116 R_BR3.BPM10L3.x_BR3.DVT13L4 equality     .          326.05    -6.53092e-02 >
117 R_BR3.BPM10L3.x_BR3.DVT2L4 equality     .          321.72    -1.68095e-02 >
118 R_BR3.BPM10L3.x_BR3.DVT6L4 equality     .          316.33     1.70760e-01 >
119 R_BR3.BPM10L3.x_BR3.DVT8L1 equality     .          321.28    -1.14005e-01 >
120 R_BR3.BPM10L3.x_BR3.DVT9L1 equality     .          322.27    -1.89290e-03 >
121 R_BR3.BPM11L3.x_BR3.DHZ11L4 equality     .          318.4     -2.33804e-01 >
122 R_BR3.BPM11L3.x_BR3.DHZ12L4 equality     .          316.84     4.59249e-01 >
123 R_BR3.BPM11L3.x_BR3.DHZ13L4 equality     .          313.46     8.62085e-01 >
124 R_BR3.BPM11L3.x_BR3.DHZ14L1 equality     .          316.5      3.92409e-01 >
125 R_BR3.BPM11L3.x_BR3.DHZ8L1 equality     .          322.48     1.65255e-01 >
126 R_BR3.BPM11L3.x_BR3.DHZ9L1 equality     .          321.48    -9.63859e-02 >
127 R_BR3.BPM11L3.x_BR3.DVT12L4 equality     .          318.33     6.09049e-02 >
128 R_BR3.BPM11L3.x_BR3.DVT13L4 equality     .          322.38    -2.62641e-01 >
129 R_BR3.BPM11L3.x_BR3.DVT2L4 equality     .          327.17    -4.90956e-02 >
130 R_BR3.BPM11L3.x_BR3.DVT6L4 equality     .          321.19     1.87024e-01 >
131 R_BR3.BPM11L3.x_BR3.DVT8L1 equality     .          320.15     1.37690e-01 >
132 R_BR3.BPM11L3.x_BR3.DVT9L1 equality     .          320.39    -1.16479e-01 >
133 R_BR3.BPM12L3.x_BR3.DHZ11L4 equality     .          234.16     2.47099e-01 >
134 R_BR3.BPM12L3.x_BR3.DHZ12L4 equality     .          230.83     2.34466e-01 >
135 R_BR3.BPM12L3.x_BR3.DHZ13L4 equality     .          231.79     1.00672e+00 >
136 R_BR3.BPM12L3.x_BR3.DHZ14L1 equality     .          231.46     3.11420e-01 >
137 R_BR3.BPM12L3.x_BR3.DHZ8L1 equality     .          232.67     5.07564e-01 >
138 R_BR3.BPM12L3.x_BR3.DHZ9L1 equality     .          233.71    -2.82757e-01 >
139 R_BR3.BPM12L3.x_BR3.DVT12L4 equality     .          232.44     9.86619e-02 >
140 R_BR3.BPM12L3.x_BR3.DVT13L4 equality     .          233.15    -1.08583e-01 >
141 R_BR3.BPM12L3.x_BR3.DVT2L4 equality     .          236.74    -1.73795e-01 >
142 R_BR3.BPM12L3.x_BR3.DVT6L4 equality     .          234.59     1.55340e-02 >
143 R_BR3.BPM12L3.x_BR3.DVT8L1 equality     .          233.61     1.63384e-01 >
144 R_BR3.BPM12L3.x_BR3.DVT9L1 equality     .          233.78     5.12054e-02 >
145 R_BR3.BPM13L3.x_BR3.DHZ11L4 equality     .          287.77     9.08485e-01 >
146 R_BR3.BPM13L3.x_BR3.DHZ12L4 equality     .          285.96     3.07509e-01 >
147 R_BR3.BPM13L3.x_BR3.DHZ13L4 equality     .          283.18     5.70381e-01 >
148 R_BR3.BPM13L3.x_BR3.DHZ14L1 equality     .          282.28     7.55694e-01 >
149 R_BR3.BPM13L3.x_BR3.DHZ8L1 equality     .          295.99     2.46856e-01 >
150 R_BR3.BPM13L3.x_BR3.DHZ9L1 equality     .          292.16    -1.61710e-01 >
151 R_BR3.BPM13L3.x_BR3.DVT12L4 equality     .          290.89     1.82194e-01 >
152 R_BR3.BPM13L3.x_BR3.DVT13L4 equality     .          294.3      1.12137e-01 >
153 R_BR3.BPM13L3.x_BR3.DVT2L4 equality     .          292.97    -1.53329e-01 >
154 R_BR3.BPM13L3.x_BR3.DVT6L4 equality     .          287.15    -5.53829e-03 >
155 R_BR3.BPM13L3.x_BR3.DVT8L1 equality     .          285.69    -6.54268e-02 >
156 R_BR3.BPM13L3.x_BR3.DVT9L1 equality     .          292.76     1.86181e-01 >
157 R_BR3.BPM14L3.x_BR3.DHZ11L4 equality     .          212.11     8.83450e-01 >
158 R_BR3.BPM14L3.x_BR3.DHZ12L4 equality     .          208.11     2.21818e-01 >
159 R_BR3.BPM14L3.x_BR3.DHZ13L4 equality     .          212.49     5.92729e-01 >
160 R_BR3.BPM14L3.x_BR3.DHZ14L1 equality     .          211.35     1.08855e+00 >
161 R_BR3.BPM14L3.x_BR3.DHZ8L1 equality     .          212.13     4.33798e-01 >
162 R_BR3.BPM14L3.x_BR3.DHZ9L1 equality     .          214.15    -4.68085e-01 >
163 R_BR3.BPM14L3.x_BR3.DVT12L4 equality     .          213.12    -7.04762e-02 >
164 R_BR3.BPM14L3.x_BR3.DVT13L4 equality     .          213.96     9.75381e-02 >
165 R_BR3.BPM14L3.x_BR3.DVT2L4 equality     .          214.27     1.89077e-02 >
166 R_BR3.BPM14L3.x_BR3.DVT6L4 equality     .          212.55     1.74277e-01 >
167 R_BR3.BPM14L3.x_BR3.DVT8L1 equality     .          213.83    -7.29081e-02 >
168 R_BR3.BPM14L3.x_BR3.DVT9L1 equality     .          212.93    -1.14491e-02 >
169 R_BR3.BPM15L3.x_BR3.DHZ11L4 equality     .          314.12     1.44017e-01 >
170 R_BR3.BPM15L3.x_BR3.DHZ12L4 equality     .          311.28     5.26589e-01 >
171 R_BR3.BPM15L3.x_BR3.DHZ13L4 equality     .          309.37     7.49828e-01 >
172 R_BR3.BPM15L3.x_BR3.DHZ14L1 equality     .          310.85     7.91132e-01 >
173 R_BR3.BPM15L3.x_BR3.DHZ8L1 equality     .          315.11     6.97210e-01 >
174 R_BR3.BPM15L3.x_BR3.DHZ9L1 equality     .          314.91     7.12851e-03 >
175 R_BR3.BPM15L3.x_BR3.DVT12L4 equality     .          315.91    -3.89914e-02 >
176 R_BR3.BPM15L3.x_BR3.DVT13L4 equality     .          319.03    -3.10740e-01 >
177 R_BR3.BPM15L3.x_BR3.DVT2L4 equality     .          321.11    -8.59124e-02 >
178 R_BR3.BPM15L3.x_BR3.DVT6L4 equality     .          317.53     1.29909e-01 >
179 R_BR3.BPM15L3.x_BR3.DVT8L1 equality     .          314.27     1.46397e-01 >
180 R_BR3.BPM15L3.x_BR3.DVT9L1 equality     .          315.87    -8.41251e-02 >
181 R_BR3.BPM16L3.x_BR3.DHZ11L4 equality     .          339.29     2.03673e-01 >
182 R_BR3.BPM16L3.x_BR3.DHZ12L4 equality     .          336.35     2.92142e-01 >
183 R_BR3.BPM16L3.x_BR3.DHZ13L4 equality     .          336.73     4.05172e-01 >
184 R_BR3.BPM16L3.x_BR3.DHZ14L1 equality     .          333.34    -1.90143e-01 >
185 R_BR3.BPM16L3.x_BR3.DHZ8L1 equality     .          339.6      3.81743e-01 >
186 R_BR3.BPM16L3.x_BR3.DHZ9L1 equality     .          335.27     2.04341e-02 >
187 R_BR3.BPM16L3.x_BR3.DVT12L4 equality     .          330.25     1.22178e-01 >
188 R_BR3.BPM16L3.x_BR3.DVT13L4 equality     .          328.68    -2.40861e-01 >
189 R_BR3.BPM16L3.x_BR3.DVT2L4 equality     .          330.96    -2.08351e-01 >
190 R_BR3.BPM16L3.x_BR3.DVT6L4 equality     .          334.9     -1.49220e-02 >
191 R_BR3.BPM16L3.x_BR3.DVT8L1 equality     .          331.05     1.26304e-01 >
192 R_BR3.BPM16L3.x_BR3.DVT9L1 equality     .          327.14     6.32453e-02 >
193 R_BR3.BPM1L3.y_BR3.DHZ11L4 equality     .          257.57    -1.54872e-01 >
194 R_BR3.BPM1L3.y_BR3.DHZ12L4 equality     .          257.44    -1.04501e-02 >
195 R_BR3.BPM1L3.y_BR3.DHZ13L4 equality     .          255.45     1.67958e-01 >
196 R_BR3.BPM1L3.y_BR3.DHZ14L1 equality     .          262.43     7.71008e-02 >
197 R_BR3.BPM1L3.y_BR3.DHZ8L1 equality     .          258.63    -1.72635e-01 >
198 R_BR3.BPM1L3.y_BR3.DHZ9L1 equality     .          259.44     3.80242e-02 >
199 R_BR3.BPM1L3.y_BR3.DVT12L4 equality     .          256.37    -7.70934e-02 >
200 R_BR3.BPM1L3.y_BR3.DVT13L4 equality     .          256.87    -1.24955e-01 >
201 R_BR3.BPM1L3.y_BR3.DVT2L4 equality     .          256.8      4.32935e-02 >
202 R_BR3.BPM1L3.y_BR3.DVT6L4 equality     .          258.65     2.89024e-02 >
203 R_BR3.BPM1L3.y_BR3.DVT8L1 equality     .          254.6      1.21232e-01 >
204 R_BR3.BPM1L3.y_BR3.DVT9L1 equality     .          253.14    -9.22268e-02 >
205 R_BR3.BPM2L3.y_BR3.DHZ11L4 equality     .          193.57     1.48051e-02 >
206 R_BR3.BPM2L3.y_BR3.DHZ12L4 equality     .          196.23    -9.52791e-02 >
207 R_BR3.BPM2L3.y_BR3.DHZ13L4 equality     .          192.52    -4.29371e-02 >
208 R_BR3.BPM2L3.y_BR3.DHZ14L1 equality     .          193.77    -6.16029e-03 >
209 R_BR3.BPM2L3.y_BR3.DHZ8L1 equality     .          194.27    -3.41117e-02 >
210 R_BR3.BPM2L3.y_BR3.DHZ9L1 equality     .          193.68    -1.18944e-01 >
211 R_BR3.BPM2L3.y_BR3.DVT12L4 equality     .          194.6      2.84021e-02 >
212 R_BR3.BPM2L3.y_BR3.DVT13L4 equality     .          196.01     2.73615e-01 >
213 R_BR3.BPM2L3.y_BR3.DVT2L4 equality     .          197.7      1.05185e-01 >
214 R_BR3.BPM2L3.y_BR3.DVT6L4 equality     .          195.05     1.48907e-01 >
215 R_BR3.BPM2L3.y_BR3.DVT8L1 equality     .          197.51    -1.49129e-02 >
216 R_BR3.BPM2L3.y_BR3.DVT9L1 equality     .          198.1     -3.53870e-01 >
217 R_BR3.BPM3L3.y_BR3.DHZ11L4 equality     .          311.27     1.74733e-01 >
218 R_BR3.BPM3L3.y_BR3.DHZ12L4 equality     .          309.09     2.19433e-02 >
219 R_BR3.BPM3L3.y_BR3.DHZ13L4 equality     .          310.15    -2.11838e-01 >
220 R_BR3.BPM3L3.y_BR3.DHZ14L1 equality     .          307.56    -1.56420e-01 >
221 R_BR3.BPM3L3.y_BR3.DHZ8L1 equality     .          306.36     1.98659e-01 >
222 R_BR3.BPM3L3.y_BR3.DHZ9L1 equality     .          309.1     -2.16548e-02 >
223 R_BR3.BPM3L3.y_BR3.DVT12L4 equality     .          303.15    -3.39702e-02 >
224 R_BR3.BPM3L3.y_BR3.DVT13L4 equality     .          307.44    -6.76728e-02 >
225 R_BR3.BPM3L3.y_BR3.DVT2L4 equality     .          309.57     2.03009e-01 >
226 R_BR3.BPM3L3.y_BR3.DVT6L4 equality     .          307.66    -4.27421e-02 >
227 R_BR3.BPM3L3.y_BR3.DVT8L1 equality     .          304.37     1.96864e-02 >
228 R_BR3.BPM3L3.y_BR3.DVT9L1 equality     .          304.89     9.67711e-02 >
229 R_BR3.BPM4L3.y_BR3.DHZ11L4 equality     .          209.22    -6.43741e-02 >
230 R_BR3.BPM4L3.y_BR3.DHZ12L4 equality     .          208.96     5.01388e-02 >
231 R_BR3.BPM4L3.y_BR3.DHZ13L4 equality     .          209.79     3.95469e-02 >
232 R_BR3.BPM4L3.y_BR3.DHZ14L1 equality     .          208.88     4.70585e-04 >
233 R_BR3.BPM4L3.y_BR3.DHZ8L1 equality     .          207.13     2.23949e-03 >
234 R_BR3.BPM4L3.y_BR3.DHZ9L1 equality     .          210.25     1.00231e-01 >
235 R_BR3.BPM4L3.y_BR3.DVT12L4 equality     .          208.84    -7.38664e-01 >
236 R_BR3.BPM4L3.y_BR3.DVT13L4 equality     .          206.29    -2.87421e-02 >
237 R_BR3.BPM4L3.y_BR3.DVT2L4 equality     .          210.84     4.18565e-01 >
238 R_BR3.BPM4L3.y_BR3.DVT6L4 equality     .          211.58     5.76971e-01 >
239 R_BR3.BPM4L3.y_BR3.DVT8L1 equality     .          206.33    -1.80756e-01 >
240 R_BR3.BPM4L3.y_BR3.DVT9L1 equality     .          204.78    -6.70181e-02 >
241 R_BR3.BPM5L3.y_BR3.DHZ11L4 equality     .          300.85    -1.78699e-01 >
242 R_BR3.BPM5L3.y_BR3.DHZ12L4 equality     .          297.48    -2.60802e-02 >
243 R_BR3.BPM5L3.y_BR3.DHZ13L4 equality     .          298.35     2.04837e-01 >
244 R_BR3.BPM5L3.y_BR3.DHZ14L1 equality     .          298.9      1.43471e-01 >
245 R_BR3.BPM5L3.y_BR3.DHZ8L1 equality     .          299.5     -1.97120e-01 >
246 R_BR3.BPM5L3.y_BR3.DHZ9L1 equality     .          299.47     4.25378e-02 >
247 R_BR3.BPM5L3.y_BR3.DVT12L4 equality     .          297.94    -1.91496e-02 >
248 R_BR3.BPM5L3.y_BR3.DVT13L4 equality     .          294.97     1.63135e-01 >
249 R_BR3.BPM5L3.y_BR3.DVT2L4 equality     .          296.96    -1.89487e-01 >
250 R_BR3.BPM5L3.y_BR3.DVT6L4 equality     .          297.72     1.46297e-01 >
251 R_BR3.BPM5L3.y_BR3.DVT8L1 equality     .          297.17    -5.47593e-02 >
252 R_BR3.BPM5L3.y_BR3.DVT9L1 equality     .          298.36    -1.91847e-01 >
253 R_BR3.BPM6L3.y_BR3.DHZ11L4 equality     .          204.29     4.22997e-02 >
254 R_BR3.BPM6L3.y_BR3.DHZ12L4 equality     .          204.08    -7.17578e-02 >
255 R_BR3.BPM6L3.y_BR3.DHZ13L4 equality     .          204.5     -1.17875e-01 >
256 R_BR3.BPM6L3.y_BR3.DHZ14L1 equality     .          202.92    -1.17391e-01 >
257 R_BR3.BPM6L3.y_BR3.DHZ8L1 equality     .          202.96     6.73627e-02 >
258 R_BR3.BPM6L3.y_BR3.DHZ9L1 equality     .          205.1     -1.28307e-01 >
259 R_BR3.BPM6L3.y_BR3.DVT12L4 equality     .          201.2      6.80628e-01 >
260 R_BR3.BPM6L3.y_BR3.DVT13L4 equality     .          203.75    -1.99278e-02 >
261 R_BR3.BPM6L3.y_BR3.DVT2L4 equality     .          205.04    -2.95029e-01 >
262 R_BR3.BPM6L3.y_BR3.DVT6L4 equality     .          202.29    -5.16101e-01 >
263 R_BR3.BPM6L3.y_BR3.DVT8L1 equality     .          204.73     2.62356e-01 >
264 R_BR3.BPM6L3.y_BR3.DVT9L1 equality     .          199.77     4.35356e-02 >
265 R_BR3.BPM7L3.y_BR3.DHZ11L4 equality     .          245.73     1.94270e-01 >
266 R_BR3.BPM7L3.y_BR3.DHZ12L4 equality     .          247.94     4.92900e-02 >
267 R_BR3.BPM7L3.y_BR3.DHZ13L4 equality     .          242.87    -2.38282e-01 >
268 R_BR3.BPM7L3.y_BR3.DHZ14L1 equality     .          244.89    -1.76211e-01 >
269 R_BR3.BPM7L3.y_BR3.DHZ8L1 equality     .          247.74     2.13609e-01 >
270 R_BR3.BPM7L3.y_BR3.DHZ9L1 equality     .          245.22     6.20526e-05 >
271 R_BR3.BPM7L3.y_BR3.DVT12L4 equality     .          249.3     -1.84533e-01 >
272 R_BR3.BPM7L3.y_BR3.DVT13L4 equality     .          249.52     1.91374e-01 >
273 R_BR3.BPM7L3.y_BR3.DVT2L4 equality     .          254.12     1.20877e-01 >
274 R_BR3.BPM7L3.y_BR3.DVT6L4 equality     .          253.72    -4.09993e-02 >
275 R_BR3.BPM7L3.y_BR3.DVT8L1 equality     .          251.66    -1.61484e-01 >
276 R_BR3.BPM7L3.y_BR3.DVT9L1 equality     .          244.08     2.01424e-01 >
277 R_BR3.BPM8L3.y_BR3.DHZ11L4 equality     .          306.65     3.83337e-02 >
278 R_BR3.BPM8L3.y_BR3.DHZ12L4 equality     .          306.08     8.96935e-02 >
279 R_BR3.BPM8L3.y_BR3.DHZ13L4 equality     .          306.21    -2.12207e-02 >
280 R_BR3.BPM8L3.y_BR3.DHZ14L1 equality     .          304.82    -6.96139e-02 >
281 R_BR3.BPM8L3.y_BR3.DHZ8L1 equality     .          307.87     6.70863e-02 >
282 R_BR3.BPM8L3.y_BR3.DHZ9L1 equality     .          305.8      1.10913e-01 >
283 R_BR3.BPM8L3.y_BR3.DVT12L4 equality     .          305.08     1.02961e-01 >
284 R_BR3.BPM8L3.y_BR3.DVT13L4 equality     .          308.56    -3.44524e-02 >
285 R_BR3.BPM8L3.y_BR3.DVT2L4 equality     .          308.7     -3.51294e-01 >
286 R_BR3.BPM8L3.y_BR3.DVT6L4 equality     .          299.1      4.69577e-02 >
287 R_BR3.BPM8L3.y_BR3.DVT8L1 equality     .          308.1      3.47353e-01 >
288 R_BR3.BPM8L3.y_BR3.DVT9L1 equality     .          305.72     3.73471e-01 >
289 R_BR3.BPM9L3.y_BR3.DHZ11L4 equality     .          336.88    -1.86494e-01 >
290 R_BR3.BPM9L3.y_BR3.DHZ12L4 equality     .          333.83    -3.14445e-02 >
291 R_BR3.BPM9L3.y_BR3.DHZ13L4 equality     .          336.37     1.80368e-01 >
292 R_BR3.BPM9L3.y_BR3.DHZ14L1 equality     .          336.76     1.42197e-01 >
293 R_BR3.BPM9L3.y_BR3.DHZ8L1 equality     .          331.88    -1.07999e-01 >
294 R_BR3.BPM9L3.y_BR3.DHZ9L1 equality     .          334.24     4.53190e-03 >
295 R_BR3.BPM9L3.y_BR3.DVT12L4 equality     .          327.37    -3.53932e-01 >
296 R_BR3.BPM9L3.y_BR3.DVT13L4 equality     .          338.18     1.69654e-01 >
297 R_BR3.BPM9L3.y_BR3.DVT2L4 equality     .          336.5      9.31649e-02 >
298 R_BR3.BPM9L3.y_BR3.DVT6L4 equality     .          335.05     2.17547e-02 >
299 R_BR3.BPM9L3.y_BR3.DVT8L1 equality     .          335.16    -2.66599e-02 >
300 R_BR3.BPM9L3.y_BR3.DVT9L1 equality     .          333.29     2.04084e-01 >
301 R_BR3.BPM10L3.y_BR3.DHZ11L4 equality     .          365.38     9.90314e-02 >
302 R_BR3.BPM10L3.y_BR3.DHZ12L4 equality     .          361.1     -8.13318e-02 >
303 R_BR3.BPM10L3.y_BR3.DHZ13L4 equality     .          365.06    -9.21301e-02 >
304 R_BR3.BPM10L3.y_BR3.DHZ14L1 equality     .          360.05    -5.90171e-03 >
305 R_BR3.BPM10L3.y_BR3.DHZ8L1 equality     .          362.18    -4.09360e-02 >
306 R_BR3.BPM10L3.y_BR3.DHZ9L1 equality     .          360.3     -1.42695e-01 >
307 R_BR3.BPM10L3.y_BR3.DVT12L4 equality     .          353.68     2.62711e-02 >
308 R_BR3.BPM10L3.y_BR3.DVT13L4 equality     .          361.01    -1.63917e-01 >
309 R_BR3.BPM10L3.y_BR3.DVT2L4 equality     .          359.21     2.95725e-01 >
310 R_BR3.BPM10L3.y_BR3.DVT6L4 equality     .          357.42    -2.07203e-02 >
311 R_BR3.BPM10L3.y_BR3.DVT8L1 equality     .          358.72    -3.22835e-01 >
312 R_BR3.BPM10L3.y_BR3.DVT9L1 equality     .          358.93     4.36195e-02 >
313 R_BR3.BPM11L3.y_BR3.DHZ11L4 equality     .          314.76     2.00917e-01 >
314 R_BR3.BPM11L3.y_BR3.DHZ12L4 equality     .          315.18     1.02131e-01 >
315 R_BR3.BPM11L3.y_BR3.DHZ13L4 equality     .          316.42    -1.92160e-01 >
316 R_BR3.BPM11L3.y_BR3.DHZ14L1 equality     .          314.28    -1.71352e-01 >
317 R_BR3.BPM11L3.y_BR3.DHZ8L1 equality     .          316.55     1.73186e-01 >
318 R_BR3.BPM11L3.y_BR3.DHZ9L1 equality     .          316.05     1.57033e-02 >
319 R_BR3.BPM11L3.y_BR3.DVT12L4 equality     .          316.6     -4.49783e-02 >
320 R_BR3.BPM11L3.y_BR3.DVT13L4 equality     .          318.64     4.34841e-02 >
321 R_BR3.BPM11L3.y_BR3.DVT2L4 equality     .          315.94     1.52357e-02 >
322 R_BR3.BPM11L3.y_BR3.DVT6L4 equality     .          320.03     1.61056e-02 >
323 R_BR3.BPM11L3.y_BR3.DVT8L1 equality     .          315.62    -1.66641e-01 >
324 R_BR3.BPM11L3.y_BR3.DVT9L1 equality     .          314.61    -6.98794e-02 >
325 R_BR3.BPM12L3.y_BR3.DHZ11L4 equality     .          228.8      2.08710e-02 >
326 R_BR3.BPM12L3.y_BR3.DHZ12L4 equality     .          228.91     1.09072e-01 >
327 R_BR3.BPM12L3.y_BR3.DHZ13L4 equality     .          230.97     1.60487e-02 >
328 R_BR3.BPM12L3.y_BR3.DHZ14L1 equality     .          230.37    -1.40396e-02 >
329 R_BR3.BPM12L3.y_BR3.DHZ8L1 equality     .          229.93     6.25585e-02 >
330 R_BR3.BPM12L3.y_BR3.DHZ9L1 equality     .          229.83     6.67159e-02 >
331 R_BR3.BPM12L3.y_BR3.DVT12L4 equality     .          231.68    -5.64861e-01 >
332 R_BR3.BPM12L3.y_BR3.DVT13L4 equality     .          233.07     2.46306e-01 >
333 R_BR3.BPM12L3.y_BR3.DVT2L4 equality     .          235.5      7.28603e-02 >
334 R_BR3.BPM12L3.y_BR3.DVT6L4 equality     .          233.25     2.38333e-01 >
335 R_BR3.BPM12L3.y_BR3.DVT8L1 equality     .          234.35    -1.94365e-03 >
336 R_BR3.BPM12L3.y_BR3.DVT9L1 equality     .          229.28     8.35396e-03 >
337 R_BR3.BPM13L3.y_BR3.DHZ11L4 equality     .          314.55    -1.13676e-01 >
338 R_BR3.BPM13L3.y_BR3.DHZ12L4 equality     .          314.09    -2.70375e-02 >
339 R_BR3.BPM13L3.y_BR3.DHZ13L4 equality     .          315.96     2.00710e-01 >
340 R_BR3.BPM13L3.y_BR3.DHZ14L1 equality     .          314.14     1.66096e-01 >
341 R_BR3.BPM13L3.y_BR3.DHZ8L1 equality     .          315.03    -1.30630e-01 >
342 R_BR3.BPM13L3.y_BR3.DHZ9L1 equality     .          315.1      7.97213e-03 >
343 R_BR3.BPM13L3.y_BR3.DVT12L4 equality     .          317.15     8.70801e-02 >
344 R_BR3.BPM13L3.y_BR3.DVT13L4 equality     .          316.65     6.75544e-02 >
345 R_BR3.BPM13L3.y_BR3.DVT2L4 equality     .          317.63     6.48958e-02 >
346 R_BR3.BPM13L3.y_BR3.DVT6L4 equality     .          315.62    -4.35001e-02 >
347 R_BR3.BPM13L3.y_BR3.DVT8L1 equality     .          316.73     4.49986e-02 >
348 R_BR3.BPM13L3.y_BR3.DVT9L1 equality     .          321.44     1.23462e-01 >
349 R_BR3.BPM14L3.y_BR3.DHZ11L4 equality     .          244.66     1.37074e-02 >
350 R_BR3.BPM14L3.y_BR3.DHZ12L4 equality     .          243.67    -6.49728e-02 >
351 R_BR3.BPM14L3.y_BR3.DHZ13L4 equality     .          244.53     1.32738e-02 >
352 R_BR3.BPM14L3.y_BR3.DHZ14L1 equality     .          242.81     2.69270e-02 >
353 R_BR3.BPM14L3.y_BR3.DHZ8L1 equality     .          243.28    -4.27686e-02 >
354 R_BR3.BPM14L3.y_BR3.DHZ9L1 equality     .          245.34    -1.09202e-01 >
355 R_BR3.BPM14L3.y_BR3.DVT12L4 equality     .          242.94     1.58066e-01 >
356 R_BR3.BPM14L3.y_BR3.DVT13L4 equality     .          243.07     3.54682e-01 >
357 R_BR3.BPM14L3.y_BR3.DVT2L4 equality     .          245.05     1.17195e-01 >
358 R_BR3.BPM14L3.y_BR3.DVT6L4 equality     .          242.43     7.54424e-02 >
359 R_BR3.BPM14L3.y_BR3.DVT8L1 equality     .          244.61    -6.95964e-02 >
360 R_BR3.BPM14L3.y_BR3.DVT9L1 equality     .          244.38    -2.67565e-01 >
361 R_BR3.BPM15L3.y_BR3.DHZ11L4 equality     .          334.51     1.37667e-01 >
362 R_BR3.BPM15L3.y_BR3.DHZ12L4 equality     .          333.44     8.57814e-02 >
363 R_BR3.BPM15L3.y_BR3.DHZ13L4 equality     .          334.64    -1.94807e-01 >
364 R_BR3.BPM15L3.y_BR3.DHZ14L1 equality     .          335.39    -1.50395e-01 >
365 R_BR3.BPM15L3.y_BR3.DHZ8L1 equality     .          335.75     1.64294e-01 >
366 R_BR3.BPM15L3.y_BR3.DHZ9L1 equality     .          333.43     4.57348e-02 >
367 R_BR3.BPM15L3.y_BR3.DVT12L4 equality     .          333.67    -8.72216e-02 >
368 R_BR3.BPM15L3.y_BR3.DVT13L4 equality     .          332.45    -7.46996e-02 >
369 R_BR3.BPM15L3.y_BR3.DVT2L4 equality     .          339.53    -1.76769e-01 >
370 R_BR3.BPM15L3.y_BR3.DVT6L4 equality     .          337.55    -2.36396e-02 >
371 R_BR3.BPM15L3.y_BR3.DVT8L1 equality     .          338.21     5.73543e-02 >
372 R_BR3.BPM15L3.y_BR3.DVT9L1 equality     .          337.47    -8.42385e-02 >
373 R_BR3.BPM16L3.y_BR3.DHZ11L4 equality     .          367.37     4.71369e-02 >
374 R_BR3.BPM16L3.y_BR3.DHZ12L4 equality     .          367.91     7.48064e-02 >
375 R_BR3.BPM16L3.y_BR3.DHZ13L4 equality     .          368.33    -1.99234e-02 >
376 R_BR3.BPM16L3.y_BR3.DHZ14L1 equality     .          367.79    -2.27469e-02 >
377 R_BR3.BPM16L3.y_BR3.DHZ8L1 equality     .          369.47     6.54757e-02 >
378 R_BR3.BPM16L3.y_BR3.DHZ9L1 equality     .          365.49     1.05904e-01 >
379 R_BR3.BPM16L3.y_BR3.DVT12L4 equality     .          363.83    -9.63105e-03 >
380 R_BR3.BPM16L3.y_BR3.DVT13L4 equality     .          364.82    -2.07902e-01 >
381 R_BR3.BPM16L3.y_BR3.DVT2L4 equality     .          370.96    -7.02291e-02 >
382 R_BR3.BPM16L3.y_BR3.DVT6L4 equality     .          368.48    -1.44606e-01 >
383 R_BR3.BPM16L3.y_BR3.DVT8L1 equality     .          369.37    -2.43676e-02 >
384 R_BR3.BPM16L3.y_BR3.DVT9L1 equality     .          364.81     3.76592e-01 >

 Variables                  Curr. Value  Curr. Step   Lower Limit  Upper Limit
--------------------------------------------------------------------------------
 1 BR.QFOCELL1.dk1l         3.26877e-03  1.82208e-07   .            .         
 2 BR.QDE1.dk1l            -1.92649e-03 -1.49291e-07   .            .         
 3 BR.QFOCELL2.dk1l         3.57413e-05 -7.45810e-08   .            .         
 4 BR.QDE2.dk1l            -4.57723e-04  7.11030e-08   .            .         
 5 BR.QFOCELL3.dk1l        -7.99535e-03 -1.27243e-07   .            .         
 6 BR.QDE3.dk1l             5.83149e-03  1.22853e-07   .            .         
 7 BR.QFOCELL4.dk1l         3.50224e-03  7.99164e-08   .            .         
 8 BR.QDE4.dk1l            -3.76024e-03 -8.58332e-08   .            .         
 9 BR.QFOCELL5.dk1l         1.34607e-02 -2.03956e-07   .            .         
10 BR.QDE5.dk1l            -1.34395e-02  1.87815e-07   .            .         
11 BR.QFOCELL6.dk1l        -7.05386e-03 -1.12946e-07   .            .         
12 BR.QDE6.dk1l             7.88123e-03  1.05004e-07   .            .         
13 BR.QFOCELL7.dk1l        -4.42080e-03  5.37137e-08   .            .         
14 BR.QDE7.dk1l             5.68774e-03 -6.13614e-08   .            .         
15 BR.QFOCELL8.dk1l         1.82559e-02  3.60467e-07   .            .         
16 BR.QDE8.dk1l            -1.89226e-02 -3.26004e-07   .            .         
17 BR.QFOCELL9.dk1l         1.19757e-02  2.11047e-07   .            .         
18 BR.QDE9.dk1l            -1.24341e-02 -2.31437e-07   .            .         
19 BR.QFOCELL10.dk1l       -1.22703e-02 -4.31201e-07   .            .         
20 BR.QDE10.dk1l            1.30484e-02  4.38904e-07   .            .         
21 BR.QFOCELL11.dk1l       -4.42728e-03 -1.38655e-07   .            .         
22 BR.QDE11.dk1l            2.47069e-03  1.77451e-07   .            .         
23 BR.QFOCELL12.dk1l        2.01853e-03  1.64858e-07   .            .         
24 BR.QDE12.dk1l           -2.40396e-03 -1.82871e-07   .            .         
25 BR.QFOCELL13.dk1l        1.73080e-02 -2.34285e-07   .            .         
26 BR.QDE13.dk1l           -1.79374e-02  2.91889e-07   .            .         
27 BR.QFOCELL14.dk1l        7.43604e-03 -1.40568e-07   .            .         
28 BR.QDE14.dk1l           -8.03733e-03  1.44383e-07   .            .         
29 BR.QFOCELL15.dk1l       -1.19587e-02  2.95098e-07   .            .         
30 BR.QDE15.dk1l            1.03098e-02 -3.71944e-07   .            .         
31 BR.QFOCELL16.dk1l       -1.10827e-03  4.98028e-08   .            .         
32 BR.QDE16.dk1l            2.35382e-03 -5.54236e-08   .            .         

ncall=331 [8.3s], fval=2.74387e-01, fstp=-2.20346e-12, ccnt=384.


 Constraints                Type        Kind        Weight     Penalty Value
------------------------------------------------------------------------------
 1 R_BR3.BPM1L3.x_BR3.DHZ11L4 equality     .          254.66     6.02937e-01 >
 2 R_BR3.BPM1L3.x_BR3.DHZ12L4 equality     .          253.14     3.53727e-01 >
 3 R_BR3.BPM1L3.x_BR3.DHZ13L4 equality     .          247.69     5.94235e-01 >
 4 R_BR3.BPM1L3.x_BR3.DHZ14L1 equality     .          252.82     3.01592e-01 >
 5 R_BR3.BPM1L3.x_BR3.DHZ8L1 equality     .          254.13     9.37851e-02 >
 6 R_BR3.BPM1L3.x_BR3.DHZ9L1 equality     .          249.92     1.05674e-01 >
 7 R_BR3.BPM1L3.x_BR3.DVT12L4 equality     .          253.72     1.80994e-01 >
 8 R_BR3.BPM1L3.x_BR3.DVT13L4 equality     .          258.5      1.49056e-01 >
 9 R_BR3.BPM1L3.x_BR3.DVT2L4 equality     .          259.45     1.31573e-01 >
10 R_BR3.BPM1L3.x_BR3.DVT6L4 equality     .          255.36     8.31744e-03 >
11 R_BR3.BPM1L3.x_BR3.DVT8L1 equality     .          251.55     3.64240e-02 >
12 R_BR3.BPM1L3.x_BR3.DVT9L1 equality     .          254.26     1.54380e-01 >
13 R_BR3.BPM2L3.x_BR3.DHZ11L4 equality     .          155.27     4.12602e-01 >
14 R_BR3.BPM2L3.x_BR3.DHZ12L4 equality     .          156.88     5.93962e-01 >
15 R_BR3.BPM2L3.x_BR3.DHZ13L4 equality     .          155.84     9.08748e-01 >
16 R_BR3.BPM2L3.x_BR3.DHZ14L1 equality     .          155.85     1.23548e+00 >
17 R_BR3.BPM2L3.x_BR3.DHZ8L1 equality     .          157.76     2.31464e-01 >
18 R_BR3.BPM2L3.x_BR3.DHZ9L1 equality     .          156.58     5.05859e-02 >
19 R_BR3.BPM2L3.x_BR3.DVT12L4 equality     .          157.29     5.43118e-02 >
20 R_BR3.BPM2L3.x_BR3.DVT13L4 equality     .          156.68     3.21148e-02 >
21 R_BR3.BPM2L3.x_BR3.DVT2L4 equality     .          156.36     1.71158e-02 >
22 R_BR3.BPM2L3.x_BR3.DVT6L4 equality     .          157.45     1.25084e-01 >
23 R_BR3.BPM2L3.x_BR3.DVT8L1 equality     .          155.43     2.55164e-03 >
24 R_BR3.BPM2L3.x_BR3.DVT9L1 equality     .          154.89     7.94036e-03 >
25 R_BR3.BPM3L3.x_BR3.DHZ11L4 equality     .          303.95     5.77252e-01 >
26 R_BR3.BPM3L3.x_BR3.DHZ12L4 equality     .          302.28     4.41133e-02 >
27 R_BR3.BPM3L3.x_BR3.DHZ13L4 equality     .          296.52     1.65237e-01 >
28 R_BR3.BPM3L3.x_BR3.DHZ14L1 equality     .          301.62     3.29453e-01 >
29 R_BR3.BPM3L3.x_BR3.DHZ8L1 equality     .          307.07     9.92919e-01 >
30 R_BR3.BPM3L3.x_BR3.DHZ9L1 equality     .          304.26     4.50558e-01 >
31 R_BR3.BPM3L3.x_BR3.DVT12L4 equality     .          303.71     3.18248e-03 >
32 R_BR3.BPM3L3.x_BR3.DVT13L4 equality     .          308.93     2.67705e-01 >
33 R_BR3.BPM3L3.x_BR3.DVT2L4 equality     .          308.62     6.00946e-02 >
34 R_BR3.BPM3L3.x_BR3.DVT6L4 equality     .          301.48     1.59373e-01 >
35 R_BR3.BPM3L3.x_BR3.DVT8L1 equality     .          307.83     1.31889e-01 >
36 R_BR3.BPM3L3.x_BR3.DVT9L1 equality     .          306.9      3.87886e-02 >
37 R_BR3.BPM4L3.x_BR3.DHZ11L4 equality     .          197.62     3.60369e-01 >
38 R_BR3.BPM4L3.x_BR3.DHZ12L4 equality     .          201.32     7.63852e-02 >
39 R_BR3.BPM4L3.x_BR3.DHZ13L4 equality     .          197.32     3.48124e-01 >
40 R_BR3.BPM4L3.x_BR3.DHZ14L1 equality     .          201.26     1.99184e-01 >
41 R_BR3.BPM4L3.x_BR3.DHZ8L1 equality     .          200.39     3.03234e-01 >
42 R_BR3.BPM4L3.x_BR3.DHZ9L1 equality     .          202.61     3.43708e-01 >
43 R_BR3.BPM4L3.x_BR3.DVT12L4 equality     .          195.76     1.09689e-01 >
44 R_BR3.BPM4L3.x_BR3.DVT13L4 equality     .          197.42     1.92387e-01 >
45 R_BR3.BPM4L3.x_BR3.DVT2L4 equality     .          199.38     2.04107e-01 >
46 R_BR3.BPM4L3.x_BR3.DVT6L4 equality     .          198.44     3.52968e-02 >
47 R_BR3.BPM4L3.x_BR3.DVT8L1 equality     .          195.82     1.16256e-01 >
48 R_BR3.BPM4L3.x_BR3.DVT9L1 equality     .          196.53     3.75437e-02 >
49 R_BR3.BPM5L3.x_BR3.DHZ11L4 equality     .          321.86     6.96189e-01 >
50 R_BR3.BPM5L3.x_BR3.DHZ12L4 equality     .          324        2.60357e-01 >
51 R_BR3.BPM5L3.x_BR3.DHZ13L4 equality     .          320.22     6.51378e-01 >
52 R_BR3.BPM5L3.x_BR3.DHZ14L1 equality     .          315.57     5.58071e-01 >
53 R_BR3.BPM5L3.x_BR3.DHZ8L1 equality     .          334.56     5.58817e-02 >
54 R_BR3.BPM5L3.x_BR3.DHZ9L1 equality     .          333.04     2.04775e-01 >
55 R_BR3.BPM5L3.x_BR3.DVT12L4 equality     .          328.02     1.29409e-01 >
56 R_BR3.BPM5L3.x_BR3.DVT13L4 equality     .          338.46     1.27357e-01 >
57 R_BR3.BPM5L3.x_BR3.DVT2L4 equality     .          333.03     1.98652e-01 >
58 R_BR3.BPM5L3.x_BR3.DVT6L4 equality     .          328.88     3.88223e-03 >
59 R_BR3.BPM5L3.x_BR3.DVT8L1 equality     .          328.84     6.28798e-02 >
60 R_BR3.BPM5L3.x_BR3.DVT9L1 equality     .          333.2      1.08436e-01 >
61 R_BR3.BPM6L3.x_BR3.DHZ11L4 equality     .          199.4      6.29179e-01 >
62 R_BR3.BPM6L3.x_BR3.DHZ12L4 equality     .          197.81     6.32133e-01 >
63 R_BR3.BPM6L3.x_BR3.DHZ13L4 equality     .          198.97     7.07328e-01 >
64 R_BR3.BPM6L3.x_BR3.DHZ14L1 equality     .          195.6      1.03094e+00 >
65 R_BR3.BPM6L3.x_BR3.DHZ8L1 equality     .          198.79     6.49112e-01 >
66 R_BR3.BPM6L3.x_BR3.DHZ9L1 equality     .          199.44     7.77721e-02 >
67 R_BR3.BPM6L3.x_BR3.DVT12L4 equality     .          200.97     6.61704e-03 >
68 R_BR3.BPM6L3.x_BR3.DVT13L4 equality     .          201.13     3.26983e-02 >
69 R_BR3.BPM6L3.x_BR3.DVT2L4 equality     .          203.01     1.83533e-02 >
70 R_BR3.BPM6L3.x_BR3.DVT6L4 equality     .          200.9      1.30595e-01 >
71 R_BR3.BPM6L3.x_BR3.DVT8L1 equality     .          200.31     1.05403e-02 >
72 R_BR3.BPM6L3.x_BR3.DVT9L1 equality     .          200.46     3.10701e-02 >
73 R_BR3.BPM7L3.x_BR3.DHZ11L4 equality     .          222.8      5.53151e-02 >
74 R_BR3.BPM7L3.x_BR3.DHZ12L4 equality     .          225.34     1.62202e-01 >
75 R_BR3.BPM7L3.x_BR3.DHZ13L4 equality     .          220.25     6.89653e-01 >
76 R_BR3.BPM7L3.x_BR3.DHZ14L1 equality     .          225.48     5.82358e-01 >
77 R_BR3.BPM7L3.x_BR3.DHZ8L1 equality     .          225.4      5.88146e-01 >
78 R_BR3.BPM7L3.x_BR3.DHZ9L1 equality     .          222.1      2.39446e-01 >
79 R_BR3.BPM7L3.x_BR3.DVT12L4 equality     .          225.86     2.07144e-02 >
80 R_BR3.BPM7L3.x_BR3.DVT13L4 equality     .          221.49     2.91393e-01 >
81 R_BR3.BPM7L3.x_BR3.DVT2L4 equality     .          225.42     1.69977e-03 >
82 R_BR3.BPM7L3.x_BR3.DVT6L4 equality     .          226.6      2.42948e-01 >
83 R_BR3.BPM7L3.x_BR3.DVT8L1 equality     .          225.55     1.48664e-01 >
84 R_BR3.BPM7L3.x_BR3.DVT9L1 equality     .          222.35     3.80565e-02 >
85 R_BR3.BPM8L3.x_BR3.DHZ11L4 equality     .          330.8      1.02887e-01 >
86 R_BR3.BPM8L3.x_BR3.DHZ12L4 equality     .          333.31     3.03854e-02 >
87 R_BR3.BPM8L3.x_BR3.DHZ13L4 equality     .          330.27     6.93533e-01 >
88 R_BR3.BPM8L3.x_BR3.DHZ14L1 equality     .          326.41     9.89959e-02 >
89 R_BR3.BPM8L3.x_BR3.DHZ8L1 equality     .          338.18     3.81374e-01 >
90 R_BR3.BPM8L3.x_BR3.DHZ9L1 equality     .          333.86     2.02983e-01 >
91 R_BR3.BPM8L3.x_BR3.DVT12L4 equality     .          329.82     1.00733e-01 >
92 R_BR3.BPM8L3.x_BR3.DVT13L4 equality     .          332.74     1.58241e-01 >
93 R_BR3.BPM8L3.x_BR3.DVT2L4 equality     .          335.17     1.57453e-01 >
94 R_BR3.BPM8L3.x_BR3.DVT6L4 equality     .          330.59     6.83092e-02 >
95 R_BR3.BPM8L3.x_BR3.DVT8L1 equality     .          329.77     1.96850e-01 >
96 R_BR3.BPM8L3.x_BR3.DVT9L1 equality     .          333.4      6.80361e-02 >
97 R_BR3.BPM9L3.x_BR3.DHZ11L4 equality     .          297.95     6.52692e-01 >
98 R_BR3.BPM9L3.x_BR3.DHZ12L4 equality     .          272.29     1.92235e-01 >
99 R_BR3.BPM9L3.x_BR3.DHZ13L4 equality     .          292.4      7.08548e-01 >
100 R_BR3.BPM9L3.x_BR3.DHZ14L1 equality     .          288.77     9.39471e-01 >
101 R_BR3.BPM9L3.x_BR3.DHZ8L1 equality     .          281.34     1.67314e-01 >
102 R_BR3.BPM9L3.x_BR3.DHZ9L1 equality     .          299.8      1.91693e-01 >
103 R_BR3.BPM9L3.x_BR3.DVT12L4 equality     .          268.81     7.03954e-02 >
104 R_BR3.BPM9L3.x_BR3.DVT13L4 equality     .          281.73     9.42599e-02 >
105 R_BR3.BPM9L3.x_BR3.DVT2L4 equality     .          278.17     1.56060e-01 >
106 R_BR3.BPM9L3.x_BR3.DVT6L4 equality     .          276.41     4.04018e-02 >
107 R_BR3.BPM9L3.x_BR3.DVT8L1 equality     .          274.35     3.74917e-02 >
108 R_BR3.BPM9L3.x_BR3.DVT9L1 equality     .          275.55     1.83268e-01 >
109 R_BR3.BPM10L3.x_BR3.DHZ11L4 equality     .          315.77     9.43602e-01 >
110 R_BR3.BPM10L3.x_BR3.DHZ12L4 equality     .          318.58     6.75401e-01 >
111 R_BR3.BPM10L3.x_BR3.DHZ13L4 equality     .          309.41     2.74965e-01 >
112 R_BR3.BPM10L3.x_BR3.DHZ14L1 equality     .          313.99     6.61789e-01 >
113 R_BR3.BPM10L3.x_BR3.DHZ8L1 equality     .          329.56     1.70906e-02 >
114 R_BR3.BPM10L3.x_BR3.DHZ9L1 equality     .          324.29     1.27770e-02 >
115 R_BR3.BPM10L3.x_BR3.DVT12L4 equality     .          320.67     2.34264e-02 >
116 R_BR3.BPM10L3.x_BR3.DVT13L4 equality     .          326.05     6.53092e-02 >
117 R_BR3.BPM10L3.x_BR3.DVT2L4 equality     .          321.72     1.68095e-02 >
118 R_BR3.BPM10L3.x_BR3.DVT6L4 equality     .          316.33     1.70760e-01 >
119 R_BR3.BPM10L3.x_BR3.DVT8L1 equality     .          321.28     1.14005e-01 >
120 R_BR3.BPM10L3.x_BR3.DVT9L1 equality     .          322.27     1.89290e-03 >
121 R_BR3.BPM11L3.x_BR3.DHZ11L4 equality     .          318.4      2.33804e-01 >
122 R_BR3.BPM11L3.x_BR3.DHZ12L4 equality     .          316.84     4.59249e-01 >
123 R_BR3.BPM11L3.x_BR3.DHZ13L4 equality     .          313.46     8.62085e-01 >
124 R_BR3.BPM11L3.x_BR3.DHZ14L1 equality     .          316.5      3.92409e-01 >
125 R_BR3.BPM11L3.x_BR3.DHZ8L1 equality     .          322.48     1.65255e-01 >
126 R_BR3.BPM11L3.x_BR3.DHZ9L1 equality     .          321.48     9.63859e-02 >
127 R_BR3.BPM11L3.x_BR3.DVT12L4 equality     .          318.33     6.09049e-02 >
128 R_BR3.BPM11L3.x_BR3.DVT13L4 equality     .          322.38     2.62641e-01 >
129 R_BR3.BPM11L3.x_BR3.DVT2L4 equality     .          327.17     4.90956e-02 >
130 R_BR3.BPM11L3.x_BR3.DVT6L4 equality     .          321.19     1.87024e-01 >
131 R_BR3.BPM11L3.x_BR3.DVT8L1 equality     .          320.15     1.37690e-01 >
132 R_BR3.BPM11L3.x_BR3.DVT9L1 equality     .          320.39     1.16479e-01 >
133 R_BR3.BPM12L3.x_BR3.DHZ11L4 equality     .          234.16     2.47099e-01 >
134 R_BR3.BPM12L3.x_BR3.DHZ12L4 equality     .          230.83     2.34466e-01 >
135 R_BR3.BPM12L3.x_BR3.DHZ13L4 equality     .          231.79     1.00672e+00 >
136 R_BR3.BPM12L3.x_BR3.DHZ14L1 equality     .          231.46     3.11420e-01 >
137 R_BR3.BPM12L3.x_BR3.DHZ8L1 equality     .          232.67     5.07564e-01 >
138 R_BR3.BPM12L3.x_BR3.DHZ9L1 equality     .          233.71     2.82757e-01 >
139 R_BR3.BPM12L3.x_BR3.DVT12L4 equality     .          232.44     9.86619e-02 >
140 R_BR3.BPM12L3.x_BR3.DVT13L4 equality     .          233.15     1.08583e-01 >
141 R_BR3.BPM12L3.x_BR3.DVT2L4 equality     .          236.74     1.73795e-01 >
142 R_BR3.BPM12L3.x_BR3.DVT6L4 equality     .          234.59     1.55340e-02 >
143 R_BR3.BPM12L3.x_BR3.DVT8L1 equality     .          233.61     1.63384e-01 >
144 R_BR3.BPM12L3.x_BR3.DVT9L1 equality     .          233.78     5.12054e-02 >
145 R_BR3.BPM13L3.x_BR3.DHZ11L4 equality     .          287.77     9.08485e-01 >
146 R_BR3.BPM13L3.x_BR3.DHZ12L4 equality     .          285.96     3.07509e-01 >
147 R_BR3.BPM13L3.x_BR3.DHZ13L4 equality     .          283.18     5.70381e-01 >
148 R_BR3.BPM13L3.x_BR3.DHZ14L1 equality     .          282.28     7.55694e-01 >
149 R_BR3.BPM13L3.x_BR3.DHZ8L1 equality     .          295.99     2.46856e-01 >
150 R_BR3.BPM13L3.x_BR3.DHZ9L1 equality     .          292.16     1.61710e-01 >
151 R_BR3.BPM13L3.x_BR3.DVT12L4 equality     .          290.89     1.82194e-01 >
152 R_BR3.BPM13L3.x_BR3.DVT13L4 equality     .          294.3      1.12137e-01 >
153 R_BR3.BPM13L3.x_BR3.DVT2L4 equality     .          292.97     1.53329e-01 >
154 R_BR3.BPM13L3.x_BR3.DVT6L4 equality     .          287.15     5.53829e-03 >
155 R_BR3.BPM13L3.x_BR3.DVT8L1 equality     .          285.69     6.54268e-02 >
156 R_BR3.BPM13L3.x_BR3.DVT9L1 equality     .          292.76     1.86181e-01 >
157 R_BR3.BPM14L3.x_BR3.DHZ11L4 equality     .          212.11     8.83450e-01 >
158 R_BR3.BPM14L3.x_BR3.DHZ12L4 equality     .          208.11     2.21818e-01 >
159 R_BR3.BPM14L3.x_BR3.DHZ13L4 equality     .          212.49     5.92729e-01 >
160 R_BR3.BPM14L3.x_BR3.DHZ14L1 equality     .          211.35     1.08855e+00 >
161 R_BR3.BPM14L3.x_BR3.DHZ8L1 equality     .          212.13     4.33798e-01 >
162 R_BR3.BPM14L3.x_BR3.DHZ9L1 equality     .          214.15     4.68085e-01 >
163 R_BR3.BPM14L3.x_BR3.DVT12L4 equality     .          213.12     7.04762e-02 >
164 R_BR3.BPM14L3.x_BR3.DVT13L4 equality     .          213.96     9.75381e-02 >
165 R_BR3.BPM14L3.x_BR3.DVT2L4 equality     .          214.27     1.89077e-02 >
166 R_BR3.BPM14L3.x_BR3.DVT6L4 equality     .          212.55     1.74277e-01 >
167 R_BR3.BPM14L3.x_BR3.DVT8L1 equality     .          213.83     7.29081e-02 >
168 R_BR3.BPM14L3.x_BR3.DVT9L1 equality     .          212.93     1.14491e-02 >
169 R_BR3.BPM15L3.x_BR3.DHZ11L4 equality     .          314.12     1.44017e-01 >
170 R_BR3.BPM15L3.x_BR3.DHZ12L4 equality     .          311.28     5.26589e-01 >
171 R_BR3.BPM15L3.x_BR3.DHZ13L4 equality     .          309.37     7.49828e-01 >
172 R_BR3.BPM15L3.x_BR3.DHZ14L1 equality     .          310.85     7.91132e-01 >
173 R_BR3.BPM15L3.x_BR3.DHZ8L1 equality     .          315.11     6.97210e-01 >
174 R_BR3.BPM15L3.x_BR3.DHZ9L1 equality     .          314.91     7.12851e-03 >
175 R_BR3.BPM15L3.x_BR3.DVT12L4 equality     .          315.91     3.89914e-02 >
176 R_BR3.BPM15L3.x_BR3.DVT13L4 equality     .          319.03     3.10740e-01 >
177 R_BR3.BPM15L3.x_BR3.DVT2L4 equality     .          321.11     8.59124e-02 >
178 R_BR3.BPM15L3.x_BR3.DVT6L4 equality     .          317.53     1.29909e-01 >
179 R_BR3.BPM15L3.x_BR3.DVT8L1 equality     .          314.27     1.46397e-01 >
180 R_BR3.BPM15L3.x_BR3.DVT9L1 equality     .          315.87     8.41251e-02 >
181 R_BR3.BPM16L3.x_BR3.DHZ11L4 equality     .          339.29     2.03673e-01 >
182 R_BR3.BPM16L3.x_BR3.DHZ12L4 equality     .          336.35     2.92142e-01 >
183 R_BR3.BPM16L3.x_BR3.DHZ13L4 equality     .          336.73     4.05172e-01 >
184 R_BR3.BPM16L3.x_BR3.DHZ14L1 equality     .          333.34     1.90143e-01 >
185 R_BR3.BPM16L3.x_BR3.DHZ8L1 equality     .          339.6      3.81743e-01 >
186 R_BR3.BPM16L3.x_BR3.DHZ9L1 equality     .          335.27     2.04341e-02 >
187 R_BR3.BPM16L3.x_BR3.DVT12L4 equality     .          330.25     1.22178e-01 >
188 R_BR3.BPM16L3.x_BR3.DVT13L4 equality     .          328.68     2.40861e-01 >
189 R_BR3.BPM16L3.x_BR3.DVT2L4 equality     .          330.96     2.08351e-01 >
190 R_BR3.BPM16L3.x_BR3.DVT6L4 equality     .          334.9      1.49220e-02 >
191 R_BR3.BPM16L3.x_BR3.DVT8L1 equality     .          331.05     1.26304e-01 >
192 R_BR3.BPM16L3.x_BR3.DVT9L1 equality     .          327.14     6.32453e-02 >
193 R_BR3.BPM1L3.y_BR3.DHZ11L4 equality     .          257.57     1.54872e-01 >
194 R_BR3.BPM1L3.y_BR3.DHZ12L4 equality     .          257.44     1.04501e-02 >
195 R_BR3.BPM1L3.y_BR3.DHZ13L4 equality     .          255.45     1.67958e-01 >
196 R_BR3.BPM1L3.y_BR3.DHZ14L1 equality     .          262.43     7.71008e-02 >
197 R_BR3.BPM1L3.y_BR3.DHZ8L1 equality     .          258.63     1.72635e-01 >
198 R_BR3.BPM1L3.y_BR3.DHZ9L1 equality     .          259.44     3.80242e-02 >
199 R_BR3.BPM1L3.y_BR3.DVT12L4 equality     .          256.37     7.70934e-02 >
200 R_BR3.BPM1L3.y_BR3.DVT13L4 equality     .          256.87     1.24955e-01 >
201 R_BR3.BPM1L3.y_BR3.DVT2L4 equality     .          256.8      4.32935e-02 >
202 R_BR3.BPM1L3.y_BR3.DVT6L4 equality     .          258.65     2.89024e-02 >
203 R_BR3.BPM1L3.y_BR3.DVT8L1 equality     .          254.6      1.21232e-01 >
204 R_BR3.BPM1L3.y_BR3.DVT9L1 equality     .          253.14     9.22268e-02 >
205 R_BR3.BPM2L3.y_BR3.DHZ11L4 equality     .          193.57     1.48051e-02 >
206 R_BR3.BPM2L3.y_BR3.DHZ12L4 equality     .          196.23     9.52791e-02 >
207 R_BR3.BPM2L3.y_BR3.DHZ13L4 equality     .          192.52     4.29371e-02 >
208 R_BR3.BPM2L3.y_BR3.DHZ14L1 equality     .          193.77     6.16029e-03 >
209 R_BR3.BPM2L3.y_BR3.DHZ8L1 equality     .          194.27     3.41117e-02 >
210 R_BR3.BPM2L3.y_BR3.DHZ9L1 equality     .          193.68     1.18944e-01 >
211 R_BR3.BPM2L3.y_BR3.DVT12L4 equality     .          194.6      2.84021e-02 >
212 R_BR3.BPM2L3.y_BR3.DVT13L4 equality     .          196.01     2.73615e-01 >
213 R_BR3.BPM2L3.y_BR3.DVT2L4 equality     .          197.7      1.05185e-01 >
214 R_BR3.BPM2L3.y_BR3.DVT6L4 equality     .          195.05     1.48907e-01 >
215 R_BR3.BPM2L3.y_BR3.DVT8L1 equality     .          197.51     1.49129e-02 >
216 R_BR3.BPM2L3.y_BR3.DVT9L1 equality     .          198.1      3.53870e-01 >
217 R_BR3.BPM3L3.y_BR3.DHZ11L4 equality     .          311.27     1.74733e-01 >
218 R_BR3.BPM3L3.y_BR3.DHZ12L4 equality     .          309.09     2.19433e-02 >
219 R_BR3.BPM3L3.y_BR3.DHZ13L4 equality     .          310.15     2.11838e-01 >
220 R_BR3.BPM3L3.y_BR3.DHZ14L1 equality     .          307.56     1.56420e-01 >
221 R_BR3.BPM3L3.y_BR3.DHZ8L1 equality     .          306.36     1.98659e-01 >
222 R_BR3.BPM3L3.y_BR3.DHZ9L1 equality     .          309.1      2.16548e-02 >
223 R_BR3.BPM3L3.y_BR3.DVT12L4 equality     .          303.15     3.39702e-02 >
224 R_BR3.BPM3L3.y_BR3.DVT13L4 equality     .          307.44     6.76728e-02 >
225 R_BR3.BPM3L3.y_BR3.DVT2L4 equality     .          309.57     2.03009e-01 >
226 R_BR3.BPM3L3.y_BR3.DVT6L4 equality     .          307.66     4.27421e-02 >
227 R_BR3.BPM3L3.y_BR3.DVT8L1 equality     .          304.37     1.96864e-02 >
228 R_BR3.BPM3L3.y_BR3.DVT9L1 equality     .          304.89     9.67711e-02 >
229 R_BR3.BPM4L3.y_BR3.DHZ11L4 equality     .          209.22     6.43741e-02 >
230 R_BR3.BPM4L3.y_BR3.DHZ12L4 equality     .          208.96     5.01388e-02 >
231 R_BR3.BPM4L3.y_BR3.DHZ13L4 equality     .          209.79     3.95469e-02 >
232 R_BR3.BPM4L3.y_BR3.DHZ14L1 equality     .          208.88     4.70585e-04 >
233 R_BR3.BPM4L3.y_BR3.DHZ8L1 equality     .          207.13     2.23949e-03 >
234 R_BR3.BPM4L3.y_BR3.DHZ9L1 equality     .          210.25     1.00231e-01 >
235 R_BR3.BPM4L3.y_BR3.DVT12L4 equality     .          208.84     7.38664e-01 >
236 R_BR3.BPM4L3.y_BR3.DVT13L4 equality     .          206.29     2.87421e-02 >
237 R_BR3.BPM4L3.y_BR3.DVT2L4 equality     .          210.84     4.18565e-01 >
238 R_BR3.BPM4L3.y_BR3.DVT6L4 equality     .          211.58     5.76971e-01 >
239 R_BR3.BPM4L3.y_BR3.DVT8L1 equality     .          206.33     1.80756e-01 >
240 R_BR3.BPM4L3.y_BR3.DVT9L1 equality     .          204.78     6.70181e-02 >
241 R_BR3.BPM5L3.y_BR3.DHZ11L4 equality     .          300.85     1.78699e-01 >
242 R_BR3.BPM5L3.y_BR3.DHZ12L4 equality     .          297.48     2.60802e-02 >
243 R_BR3.BPM5L3.y_BR3.DHZ13L4 equality     .          298.35     2.04837e-01 >
244 R_BR3.BPM5L3.y_BR3.DHZ14L1 equality     .          298.9      1.43471e-01 >
245 R_BR3.BPM5L3.y_BR3.DHZ8L1 equality     .          299.5      1.97120e-01 >
246 R_BR3.BPM5L3.y_BR3.DHZ9L1 equality     .          299.47     4.25378e-02 >
247 R_BR3.BPM5L3.y_BR3.DVT12L4 equality     .          297.94     1.91496e-02 >
248 R_BR3.BPM5L3.y_BR3.DVT13L4 equality     .          294.97     1.63135e-01 >
249 R_BR3.BPM5L3.y_BR3.DVT2L4 equality     .          296.96     1.89487e-01 >
250 R_BR3.BPM5L3.y_BR3.DVT6L4 equality     .          297.72     1.46297e-01 >
251 R_BR3.BPM5L3.y_BR3.DVT8L1 equality     .          297.17     5.47593e-02 >
252 R_BR3.BPM5L3.y_BR3.DVT9L1 equality     .          298.36     1.91847e-01 >
253 R_BR3.BPM6L3.y_BR3.DHZ11L4 equality     .          204.29     4.22997e-02 >
254 R_BR3.BPM6L3.y_BR3.DHZ12L4 equality     .          204.08     7.17578e-02 >
255 R_BR3.BPM6L3.y_BR3.DHZ13L4 equality     .          204.5      1.17875e-01 >
256 R_BR3.BPM6L3.y_BR3.DHZ14L1 equality     .          202.92     1.17391e-01 >
257 R_BR3.BPM6L3.y_BR3.DHZ8L1 equality     .          202.96     6.73627e-02 >
258 R_BR3.BPM6L3.y_BR3.DHZ9L1 equality     .          205.1      1.28307e-01 >
259 R_BR3.BPM6L3.y_BR3.DVT12L4 equality     .          201.2      6.80628e-01 >
260 R_BR3.BPM6L3.y_BR3.DVT13L4 equality     .          203.75     1.99278e-02 >
261 R_BR3.BPM6L3.y_BR3.DVT2L4 equality     .          205.04     2.95029e-01 >
262 R_BR3.BPM6L3.y_BR3.DVT6L4 equality     .          202.29     5.16101e-01 >
263 R_BR3.BPM6L3.y_BR3.DVT8L1 equality     .          204.73     2.62356e-01 >
264 R_BR3.BPM6L3.y_BR3.DVT9L1 equality     .          199.77     4.35356e-02 >
265 R_BR3.BPM7L3.y_BR3.DHZ11L4 equality     .          245.73     1.94270e-01 >
266 R_BR3.BPM7L3.y_BR3.DHZ12L4 equality     .          247.94     4.92900e-02 >
267 R_BR3.BPM7L3.y_BR3.DHZ13L4 equality     .          242.87     2.38282e-01 >
268 R_BR3.BPM7L3.y_BR3.DHZ14L1 equality     .          244.89     1.76211e-01 >
269 R_BR3.BPM7L3.y_BR3.DHZ8L1 equality     .          247.74     2.13609e-01 >
270 R_BR3.BPM7L3.y_BR3.DHZ9L1 equality     .          245.22     6.20526e-05 >
271 R_BR3.BPM7L3.y_BR3.DVT12L4 equality     .          249.3      1.84533e-01 >
272 R_BR3.BPM7L3.y_BR3.DVT13L4 equality     .          249.52     1.91374e-01 >
273 R_BR3.BPM7L3.y_BR3.DVT2L4 equality     .          254.12     1.20877e-01 >
274 R_BR3.BPM7L3.y_BR3.DVT6L4 equality     .          253.72     4.09993e-02 >
275 R_BR3.BPM7L3.y_BR3.DVT8L1 equality     .          251.66     1.61484e-01 >
276 R_BR3.BPM7L3.y_BR3.DVT9L1 equality     .          244.08     2.01424e-01 >
277 R_BR3.BPM8L3.y_BR3.DHZ11L4 equality     .          306.65     3.83337e-02 >
278 R_BR3.BPM8L3.y_BR3.DHZ12L4 equality     .          306.08     8.96935e-02 >
279 R_BR3.BPM8L3.y_BR3.DHZ13L4 equality     .          306.21     2.12207e-02 >
280 R_BR3.BPM8L3.y_BR3.DHZ14L1 equality     .          304.82     6.96139e-02 >
281 R_BR3.BPM8L3.y_BR3.DHZ8L1 equality     .          307.87     6.70863e-02 >
282 R_BR3.BPM8L3.y_BR3.DHZ9L1 equality     .          305.8      1.10913e-01 >
283 R_BR3.BPM8L3.y_BR3.DVT12L4 equality     .          305.08     1.02961e-01 >
284 R_BR3.BPM8L3.y_BR3.DVT13L4 equality     .          308.56     3.44524e-02 >
285 R_BR3.BPM8L3.y_BR3.DVT2L4 equality     .          308.7      3.51294e-01 >
286 R_BR3.BPM8L3.y_BR3.DVT6L4 equality     .          299.1      4.69577e-02 >
287 R_BR3.BPM8L3.y_BR3.DVT8L1 equality     .          308.1      3.47353e-01 >
288 R_BR3.BPM8L3.y_BR3.DVT9L1 equality     .          305.72     3.73471e-01 >
289 R_BR3.BPM9L3.y_BR3.DHZ11L4 equality     .          336.88     1.86494e-01 >
290 R_BR3.BPM9L3.y_BR3.DHZ12L4 equality     .          333.83     3.14445e-02 >
291 R_BR3.BPM9L3.y_BR3.DHZ13L4 equality     .          336.37     1.80368e-01 >
292 R_BR3.BPM9L3.y_BR3.DHZ14L1 equality     .          336.76     1.42197e-01 >
293 R_BR3.BPM9L3.y_BR3.DHZ8L1 equality     .          331.88     1.07999e-01 >
294 R_BR3.BPM9L3.y_BR3.DHZ9L1 equality     .          334.24     4.53190e-03 >
295 R_BR3.BPM9L3.y_BR3.DVT12L4 equality     .          327.37     3.53932e-01 >
296 R_BR3.BPM9L3.y_BR3.DVT13L4 equality     .          338.18     1.69654e-01 >
297 R_BR3.BPM9L3.y_BR3.DVT2L4 equality     .          336.5      9.31649e-02 >
298 R_BR3.BPM9L3.y_BR3.DVT6L4 equality     .          335.05     2.17547e-02 >
299 R_BR3.BPM9L3.y_BR3.DVT8L1 equality     .          335.16     2.66599e-02 >
300 R_BR3.BPM9L3.y_BR3.DVT9L1 equality     .          333.29     2.04084e-01 >
301 R_BR3.BPM10L3.y_BR3.DHZ11L4 equality     .          365.38     9.90314e-02 >
302 R_BR3.BPM10L3.y_BR3.DHZ12L4 equality     .          361.1      8.13318e-02 >
303 R_BR3.BPM10L3.y_BR3.DHZ13L4 equality     .          365.06     9.21301e-02 >
304 R_BR3.BPM10L3.y_BR3.DHZ14L1 equality     .          360.05     5.90171e-03 >
305 R_BR3.BPM10L3.y_BR3.DHZ8L1 equality     .          362.18     4.09360e-02 >
306 R_BR3.BPM10L3.y_BR3.DHZ9L1 equality     .          360.3      1.42695e-01 >
307 R_BR3.BPM10L3.y_BR3.DVT12L4 equality     .          353.68     2.62711e-02 >
308 R_BR3.BPM10L3.y_BR3.DVT13L4 equality     .          361.01     1.63917e-01 >
309 R_BR3.BPM10L3.y_BR3.DVT2L4 equality     .          359.21     2.95725e-01 >
310 R_BR3.BPM10L3.y_BR3.DVT6L4 equality     .          357.42     2.07203e-02 >
311 R_BR3.BPM10L3.y_BR3.DVT8L1 equality     .          358.72     3.22835e-01 >
312 R_BR3.BPM10L3.y_BR3.DVT9L1 equality     .          358.93     4.36195e-02 >
313 R_BR3.BPM11L3.y_BR3.DHZ11L4 equality     .          314.76     2.00917e-01 >
314 R_BR3.BPM11L3.y_BR3.DHZ12L4 equality     .          315.18     1.02131e-01 >
315 R_BR3.BPM11L3.y_BR3.DHZ13L4 equality     .          316.42     1.92160e-01 >
316 R_BR3.BPM11L3.y_BR3.DHZ14L1 equality     .          314.28     1.71352e-01 >
317 R_BR3.BPM11L3.y_BR3.DHZ8L1 equality     .          316.55     1.73186e-01 >
318 R_BR3.BPM11L3.y_BR3.DHZ9L1 equality     .          316.05     1.57033e-02 >
319 R_BR3.BPM11L3.y_BR3.DVT12L4 equality     .          316.6      4.49783e-02 >
320 R_BR3.BPM11L3.y_BR3.DVT13L4 equality     .          318.64     4.34841e-02 >
321 R_BR3.BPM11L3.y_BR3.DVT2L4 equality     .          315.94     1.52357e-02 >
322 R_BR3.BPM11L3.y_BR3.DVT6L4 equality     .          320.03     1.61056e-02 >
323 R_BR3.BPM11L3.y_BR3.DVT8L1 equality     .          315.62     1.66641e-01 >
324 R_BR3.BPM11L3.y_BR3.DVT9L1 equality     .          314.61     6.98794e-02 >
325 R_BR3.BPM12L3.y_BR3.DHZ11L4 equality     .          228.8      2.08710e-02 >
326 R_BR3.BPM12L3.y_BR3.DHZ12L4 equality     .          228.91     1.09072e-01 >
327 R_BR3.BPM12L3.y_BR3.DHZ13L4 equality     .          230.97     1.60487e-02 >
328 R_BR3.BPM12L3.y_BR3.DHZ14L1 equality     .          230.37     1.40396e-02 >
329 R_BR3.BPM12L3.y_BR3.DHZ8L1 equality     .          229.93     6.25585e-02 >
330 R_BR3.BPM12L3.y_BR3.DHZ9L1 equality     .          229.83     6.67159e-02 >
331 R_BR3.BPM12L3.y_BR3.DVT12L4 equality     .          231.68     5.64861e-01 >
332 R_BR3.BPM12L3.y_BR3.DVT13L4 equality     .          233.07     2.46306e-01 >
333 R_BR3.BPM12L3.y_BR3.DVT2L4 equality     .          235.5      7.28603e-02 >
334 R_BR3.BPM12L3.y_BR3.DVT6L4 equality     .          233.25     2.38333e-01 >
335 R_BR3.BPM12L3.y_BR3.DVT8L1 equality     .          234.35     1.94365e-03 >
336 R_BR3.BPM12L3.y_BR3.DVT9L1 equality     .          229.28     8.35396e-03 >
337 R_BR3.BPM13L3.y_BR3.DHZ11L4 equality     .          314.55     1.13676e-01 >
338 R_BR3.BPM13L3.y_BR3.DHZ12L4 equality     .          314.09     2.70375e-02 >
339 R_BR3.BPM13L3.y_BR3.DHZ13L4 equality     .          315.96     2.00710e-01 >
340 R_BR3.BPM13L3.y_BR3.DHZ14L1 equality     .          314.14     1.66096e-01 >
341 R_BR3.BPM13L3.y_BR3.DHZ8L1 equality     .          315.03     1.30630e-01 >
342 R_BR3.BPM13L3.y_BR3.DHZ9L1 equality     .          315.1      7.97213e-03 >
343 R_BR3.BPM13L3.y_BR3.DVT12L4 equality     .          317.15     8.70801e-02 >
344 R_BR3.BPM13L3.y_BR3.DVT13L4 equality     .          316.65     6.75544e-02 >
345 R_BR3.BPM13L3.y_BR3.DVT2L4 equality     .          317.63     6.48958e-02 >
346 R_BR3.BPM13L3.y_BR3.DVT6L4 equality     .          315.62     4.35001e-02 >
347 R_BR3.BPM13L3.y_BR3.DVT8L1 equality     .          316.73     4.49986e-02 >
348 R_BR3.BPM13L3.y_BR3.DVT9L1 equality     .          321.44     1.23462e-01 >
349 R_BR3.BPM14L3.y_BR3.DHZ11L4 equality     .          244.66     1.37074e-02 >
350 R_BR3.BPM14L3.y_BR3.DHZ12L4 equality     .          243.67     6.49728e-02 >
351 R_BR3.BPM14L3.y_BR3.DHZ13L4 equality     .          244.53     1.32738e-02 >
352 R_BR3.BPM14L3.y_BR3.DHZ14L1 equality     .          242.81     2.69270e-02 >
353 R_BR3.BPM14L3.y_BR3.DHZ8L1 equality     .          243.28     4.27686e-02 >
354 R_BR3.BPM14L3.y_BR3.DHZ9L1 equality     .          245.34     1.09202e-01 >
355 R_BR3.BPM14L3.y_BR3.DVT12L4 equality     .          242.94     1.58066e-01 >
356 R_BR3.BPM14L3.y_BR3.DVT13L4 equality     .          243.07     3.54682e-01 >
357 R_BR3.BPM14L3.y_BR3.DVT2L4 equality     .          245.05     1.17195e-01 >
358 R_BR3.BPM14L3.y_BR3.DVT6L4 equality     .          242.43     7.54424e-02 >
359 R_BR3.BPM14L3.y_BR3.DVT8L1 equality     .          244.61     6.95964e-02 >
360 R_BR3.BPM14L3.y_BR3.DVT9L1 equality     .          244.38     2.67565e-01 >
361 R_BR3.BPM15L3.y_BR3.DHZ11L4 equality     .          334.51     1.37667e-01 >
362 R_BR3.BPM15L3.y_BR3.DHZ12L4 equality     .          333.44     8.57814e-02 >
363 R_BR3.BPM15L3.y_BR3.DHZ13L4 equality     .          334.64     1.94807e-01 >
364 R_BR3.BPM15L3.y_BR3.DHZ14L1 equality     .          335.39     1.50395e-01 >
365 R_BR3.BPM15L3.y_BR3.DHZ8L1 equality     .          335.75     1.64294e-01 >
366 R_BR3.BPM15L3.y_BR3.DHZ9L1 equality     .          333.43     4.57348e-02 >
367 R_BR3.BPM15L3.y_BR3.DVT12L4 equality     .          333.67     8.72216e-02 >
368 R_BR3.BPM15L3.y_BR3.DVT13L4 equality     .          332.45     7.46996e-02 >
369 R_BR3.BPM15L3.y_BR3.DVT2L4 equality     .          339.53     1.76769e-01 >
370 R_BR3.BPM15L3.y_BR3.DVT6L4 equality     .          337.55     2.36396e-02 >
371 R_BR3.BPM15L3.y_BR3.DVT8L1 equality     .          338.21     5.73543e-02 >
372 R_BR3.BPM15L3.y_BR3.DVT9L1 equality     .          337.47     8.42385e-02 >
373 R_BR3.BPM16L3.y_BR3.DHZ11L4 equality     .          367.37     4.71369e-02 >
374 R_BR3.BPM16L3.y_BR3.DHZ12L4 equality     .          367.91     7.48064e-02 >
375 R_BR3.BPM16L3.y_BR3.DHZ13L4 equality     .          368.33     1.99234e-02 >
376 R_BR3.BPM16L3.y_BR3.DHZ14L1 equality     .          367.79     2.27469e-02 >
377 R_BR3.BPM16L3.y_BR3.DHZ8L1 equality     .          369.47     6.54757e-02 >
378 R_BR3.BPM16L3.y_BR3.DHZ9L1 equality     .          365.49     1.05904e-01 >
379 R_BR3.BPM16L3.y_BR3.DVT12L4 equality     .          363.83     9.63105e-03 >
380 R_BR3.BPM16L3.y_BR3.DVT13L4 equality     .          364.82     2.07902e-01 >
381 R_BR3.BPM16L3.y_BR3.DVT2L4 equality     .          370.96     7.02291e-02 >
382 R_BR3.BPM16L3.y_BR3.DVT6L4 equality     .          368.48     1.44606e-01 >
383 R_BR3.BPM16L3.y_BR3.DVT8L1 equality     .          369.37     2.43676e-02 >
384 R_BR3.BPM16L3.y_BR3.DVT9L1 equality     .          364.81     3.76592e-01 >

 Variables                  Final Value  Init. Value  Lower Limit  Upper Limit
--------------------------------------------------------------------------------
 1 BR.QFOCELL1.dk1l         3.26877e-03  0.00000e+00   .            .         
 2 BR.QDE1.dk1l            -1.92649e-03  0.00000e+00   .            .         
 3 BR.QFOCELL2.dk1l         3.57413e-05  0.00000e+00   .            .         
 4 BR.QDE2.dk1l            -4.57723e-04  0.00000e+00   .            .         
 5 BR.QFOCELL3.dk1l        -7.99535e-03  0.00000e+00   .            .         
 6 BR.QDE3.dk1l             5.83149e-03  0.00000e+00   .            .         
 7 BR.QFOCELL4.dk1l         3.50224e-03  0.00000e+00   .            .         
 8 BR.QDE4.dk1l            -3.76024e-03  0.00000e+00   .            .         
 9 BR.QFOCELL5.dk1l         1.34607e-02  0.00000e+00   .            .         
10 BR.QDE5.dk1l            -1.34395e-02  0.00000e+00   .            .         
11 BR.QFOCELL6.dk1l        -7.05386e-03  0.00000e+00   .            .         
12 BR.QDE6.dk1l             7.88123e-03  0.00000e+00   .            .         
13 BR.QFOCELL7.dk1l        -4.42080e-03  0.00000e+00   .            .         
14 BR.QDE7.dk1l             5.68774e-03  0.00000e+00   .            .         
15 BR.QFOCELL8.dk1l         1.82559e-02  0.00000e+00   .            .         
16 BR.QDE8.dk1l            -1.89226e-02  0.00000e+00   .            .         
17 BR.QFOCELL9.dk1l         1.19757e-02  0.00000e+00   .            .         
18 BR.QDE9.dk1l            -1.24341e-02  0.00000e+00   .            .         
19 BR.QFOCELL10.dk1l       -1.22703e-02  0.00000e+00   .            .         
20 BR.QDE10.dk1l            1.30484e-02  0.00000e+00   .            .         
21 BR.QFOCELL11.dk1l       -4.42728e-03  0.00000e+00   .            .         
22 BR.QDE11.dk1l            2.47069e-03  0.00000e+00   .            .         
23 BR.QFOCELL12.dk1l        2.01853e-03  0.00000e+00   .            .         
24 BR.QDE12.dk1l           -2.40396e-03  0.00000e+00   .            .         
25 BR.QFOCELL13.dk1l        1.73080e-02  0.00000e+00   .            .         
26 BR.QDE13.dk1l           -1.79374e-02  0.00000e+00   .            .         
27 BR.QFOCELL14.dk1l        7.43604e-03  0.00000e+00   .            .         
28 BR.QDE14.dk1l           -8.03733e-03  0.00000e+00   .            .         
29 BR.QFOCELL15.dk1l       -1.19587e-02  0.00000e+00   .            .         
30 BR.QDE15.dk1l            1.03098e-02  0.00000e+00   .            .         
31 BR.QFOCELL16.dk1l       -1.10827e-03  0.00000e+00   .            .         
32 BR.QDE16.dk1l            2.35382e-03  0.00000e+00   .            .         

ncall=331 [8.3s], fbst[331]=2.74387e-01, fstp=-2.20346e-12, status=XTOL.

INFO psb_md.optimisation: Wrote optimisation results (48 knobs from loco_method1 stage) to results/benchmark/normal_qde14_qde3_err/method1/knobs.csv
INFO __main__: Method 1 done: weighted response RMS 1.1472e+02 -> 7.7271e+01 (XTOL, 331 calls)
