@ NAME                 %s               "PSB3"
@ TYPE                 %s              "twiss"
@ TITLE                %n                  nil
@ ORIGIN               %s "MAD 1.1.15 Linux 64"
@ DATE                 %s           "11/09/26"
@ TIME                 %s           "23:14:48"
@ REFCOL               %s               "name"
@ DIRECTION            %le                    1
@ OBSERVE              %le                    0
@ ENERGY               %le          1.098272088
@ DELTAP               %le                    0
@ LENGTH               %le               157.08
@ ALFAP                %le         0.0652588018
@ Q1                   %le          4.168668957
@ Q2                   %le          4.221052512
@ Q3                   %le                    0
@ DQ1                  %le         -6.446467748
@ DQ2                  %le         -12.95707443
@ DQ3                  %le                    0
* NAME                                INDEX                 KIND                    S                 BETX                 ALFX                 BETY                 ALFY                  MUX                  MUY                    X                   PX                    Y                   PY                   DX                  DPX                   DY                  DPY                  R11                  R12                  R21                  R22                  K1L                  K2L                  K3L                  K4L                  K5L                 K1SL                 K2SL                 K3SL                 K4SL                 K5SL
$ %s                                     %d                   %s                  %le                  %le                  %le                  %le                  %le                  %le                  %le                  %le                  %le                  %le                  %le                  %le                  %le                  %le                  %le                  %le                  %le                  %le                  %le                  %le                  %le                  %le                  %le                  %le                  %le                  %le                  %le                  %le                  %le
  "DRIFT_0"                               1              "drift"               0.1795          5.920696804         0.2019999633           4.53199189         0.2714635881       0.004794339827       0.006233453607                    0                    0                    0                    0         -2.825281199      9.936745667e-05                    0                    0                    0                    0                    0                    0                    0                    0                    0                    0                    0                    0                    0                    0                    0                    0
  "BI3.BSW1L1.1"                          2              "rbend"               0.4925          5.811466876         0.1469774451          4.385265915         0.1973094955        0.01329086764        0.01741699622                    0                    0                    0                    0         -2.825250097      9.936745667e-05                    0                    0                    0                    0                    0                    0                    0                    0                    0                    0                    0                    0                    0                    0                    0                    0
  "DRIFT_1"                               3              "drift"               0.8695          5.725630852        0.08070431626           4.27016691         0.1079929048        0.02370004931        0.03130027383                    0                    0                    0                    0         -2.825212636      9.936745667e-05                    0                    0                    0                    0                    0                    0                    0                    0                    0                    0                    0                    0                    0                    0                    0                    0
  "BI3.BSW1L1.2"                          4              "rbend"               1.1945          5.691740948         0.0235723086          4.224995566        0.03099584379        0.03276580766        0.04348996267                    0                    0                    0                    0         -2.825180341      9.936745667e-05                    0                    0                    0                    0                    0                    0                    0                    0                    0                    0                    0                    0                    0                    0                    0                    0
  "DRIFT_2"                               5              "drift"             1.327628          5.688580231      0.0001696319354           4.22094158     -0.0005440476964         0.0364897647        0.04850811338                    0                    0                    0                    0         -2.825167113      9.936745667e-05                    0                    0                    0                    0                    0                    0                    0                    0                    0                    0                    0                    0                    0                    0                    0                    0
  "BI3.BTV1L1"                            6         "instrument"             1.327628          5.688580231      0.0001696319354           4.22094158     -0.0005440476964         0.0364897647        0.04850811338                    0                    0                    0                    0         -2.825167113      9.936745667e-05                    0                    0                    0                    0                    0                    0                    0                    0                    0                    0                    0                    0                    0                    0                    0                    0
  "DRIFT_3"                               7              "drift"                1.334          5.688585207     -0.0009505069963          4.220958132       -0.00205366392         0.0366680403        0.04874837581                    0                    0                    0                    0         -2.825166479      9.936745667e-05                    0                    0                    0                    0                    0                    0                    0                    0                    0                    0                    0                    0                    0                    0                    0                    0
  "BI3.BCSF1L1"                           8         "instrument"                1.334          5.688585207     -0.0009505069963          4.220958132       -0.00205366392         0.0366680403        0.04874837581                    0                    0                    0                    0         -2.825166479      9.936745667e-05                    0                    0                    0                    0                    0                    0                    0                    0                    0                    0                    0                    0                    0                    0                    0                    0
  "BI3.TSTR1L1"                           9         "instrument"                1.334          5.688585207     -0.0009505069963          4.220958132       -0.00205366392         0.0366680403        0.04874837581                    0                    0                    0                    0         -2.825166479      9.936745667e-05                    0                    0                    0                    0                    0                    0                    0                    0                    0                    0                    0                    0                    0                    0                    0                    0
  "DRIFT_4"                              10              "drift"               1.3975          5.689414754       -0.01211322234          4.222174244       -0.01709770506        0.03844454738        0.05114244466                    0                    0                    0                    0          -2.82516017      9.936745667e-05                    0                    0                    0                    0                    0                    0                    0                    0                    0                    0                    0                    0                    0                    0                    0                    0
  "BI3.BSW1L1.3"                         11              "rbend"               1.7225          5.715856251          -0.06924523          4.258311797       -0.09409476604        0.04751991917         0.0633532087                    0                    0                    0                    0         -2.825127875      9.936745667e-05                    0                    0                    0                    0                    0                    0                    0                    0                    0                    0                    0                    0                    0                    0                    0                    0
  "DRIFT_5"                              12              "drift"               2.0935          5.791432232        -0.1344636141          4.360739198        -0.1819898726        0.05778971539        0.07707254925                    0                    0                    0                    0          -2.82509101      9.936745667e-05                    0                    0                    0                    0                    0                    0                    0                    0                    0                    0                    0                    0                    0                    0                    0                    0
  "BI3.BSW1L1.4"                         13              "rbend"               2.4185          5.897401484        -0.1915956218           4.50405666        -0.2589869336        0.06664503536        0.08875439694                    0                    0                    0                    0         -2.825058715      9.936745667e-05                    0                    0                    0                    0                    0                    0                    0                    0                    0                    0                    0                    0                    0                    0                    0                    0
  "DRIFT_6"                              14              "drift"                2.456          5.912018361        -0.1981877765          4.523813841        -0.2678712098        0.06765581407        0.09007661203                    0                    0                    0                    0         -2.825054989      9.936745667e-05                    0                    0                    0                    0                    0                    0                    0                    0                    0                    0                    0                    0                    0                    0                    0                    0
  "BI3.TDI1L1"                           15         "collimator"                2.526          5.940626025         -0.210493132          4.562476689        -0.2844551922        0.06953575531        0.09252896323                    0                    0                    0                    0         -2.825048033      9.936745667e-05                    0                    0                    0                    0                    0                    0                    0                    0                    0                    0                    0                    0                    0                    0                    0                    0
  "DRIFT_7"                              16              "drift"             2.654001          5.997392889        -0.2329945293          4.639179447        -0.3147804254        0.07294901577        0.09695758535                    0                    0                    0                    0         -2.825035314      9.936745667e-05                    0                    0                    0                    0                    0                    0                    0                    0                    0                    0                    0                    0                    0                    0                    0                    0
  "BR.BHZ11"                             17              "sbend"             4.271697          7.200539516        -0.5155468456          6.088943425          -0.56485182         0.1122757231         0.1461809567                    0                    0                    0                    0         -3.129457512         -0.378893781                    0                    0                    0                    0                    0                    0                    0                    0                    0                    0                    0                    0                    0                    0                    0                    0
  "DRIFT_8"                              18              "drift"               4.2717          7.200542609         -0.515547373          6.088946814        -0.5648524699         0.1122757894         0.1461810351                    0                    0                    0                    0         -3.129458649         -0.378893781                    0                    0                    0                    0                    0                    0                    0                    0                    0                    0                    0                    0                    0                    0                    0                    0
  "BR.SPSCRAP11"                         19         "collimator"               4.2717          7.200542609         -0.515547373          6.088946814        -0.5648524699         0.1122757894         0.1461810351                    0                    0                    0                    0         -3.129458649         -0.378893781                    0                    0                    0                    0                    0                    0                    0                    0                    0                    0                    0                    0                    0                    0                    0                    0
  "DRIFT_9"                              20              "drift"             4.514819          7.461611772        -0.5582854547          6.376403961        -0.6175197287         0.1175556172         0.1523924463                    0                    0                    0                    0         -3.221574926         -0.378893781                    0                    0                    0                    0                    0                    0                    0                    0                    0                    0                    0                    0                    0                    0                    0                    0
  "BR3.VVS1L2"                           21             "marker"             4.514819          7.461611772        -0.5582854547          6.376403961        -0.6175197287         0.1175556172         0.1523924463                    0                    0                    0                    0         -3.221574926         -0.378893781                    0                    0                    0                    0                    0                    0                    0                    0                    0                    0                    0                    0                    0                    0                    0                    0
  "DRIFT_10"                             22              "drift"             4.638012          7.601833384        -0.5799416499          6.531839889        -0.6442072259          0.120159072         0.1554307198                    0                    0                    0                    0         -3.268251987         -0.378893781                    0                    0                    0                    0                    0                    0                    0                    0                    0                    0                    0                    0                    0                    0                    0                    0
  "BR.QFO11"                             23         "quadrupole"             5.141582          6.838933278          2.000493848          8.604341476         -3.721701987         0.1309437753         0.1664622924                    0                    0                    0                    0         -3.156058868         0.8176059039                    0                    0                    0                    0                    0                    0         0.3667408638                    0                    0                    0                    0                    0                    0                    0                    0                    0
  "DRIFT_11"                             24              "drift"             5.467797          5.611583591          1.761901159          11.21616557         -4.284748027         0.1393284858         0.1717482403                    0                    0                    0                    0         -2.889343558         0.8176059039                    0                    0                    0                    0                    0                    0                    0                    0                    0                    0                    0                    0                    0                    0                    0                    0
  "BR3.BPM1L3"                           25            "monitor"             5.467797          5.611583591          1.761901159          11.21616557         -4.284748027         0.1393284858         0.1717482403                    0                    0                    0                    0         -2.889343558         0.8176059039                    0                    0                    0                    0                    0                    0                    0                    0                    0                    0                    0                    0                    0                    0                    0                    0
  "BR3.ONOH0.1L3"                        26          "multipole"             5.467797          5.611583591          1.761901159          11.21616557         -4.284748027         0.1393284858         0.1717482403                    0                    0                    0                    0         -2.889343558         0.8176059039                    0                    0                    0                    0                    0                    0                    0                    0                    0                    0                    0                    0                    0                    0                    0                    0
  "BR3.QSKH0.1L3"                        27          "multipole"             5.467797          5.611583591          1.761901159          11.21616557         -4.284748027         0.1393284858         0.1717482403                    0                    0                    0                    0         -2.889343558         0.8176059039                    0                    0                    0                    0                    0                    0                    0                    0                    0                    0                    0                    0                    0                    0                    0                    0
  "BR3.XNOH0.1L3"                        28          "multipole"             5.467797          5.611583591          1.761901159          11.21616557         -4.284748027         0.1393284858         0.1717482403                    0                    0                    0                    0         -2.889343558         0.8176059039                    0                    0                    0                    0                    0                    0                    0                    0                    0                    0                    0                    0                    0                    0                    0                    0
  "DRIFT_12"                             29              "drift"             5.795327          4.535893896          1.522346682          14.20809047         -4.850063752         0.1496680585         0.1758780486                    0                    0                    0                    0         -2.621553096         0.8176059039                    0                    0                    0                    0                    0                    0                    0                    0                    0                    0                    0                    0                    0                    0                    0                    0
  "BR.QDE1"                              30         "quadrupole"             6.674267          4.536076002         -1.522592093          14.20931007          4.848952556         0.1838064914         0.1848123111                    0                    0                    0                    0         -2.621626362        -0.8177805205                    0                    0                    0                    0                    0                    0        -0.6533869961                    0                    0                    0                    0                    0                    0                    0                    0                    0
  "DRIFT_13"                             31              "drift"             6.816797           4.98496704          -1.62685741          12.86211252          4.603075456         0.1885776094         0.1864903106                    0                    0                    0                    0          -2.73818462        -0.8177805205                    0                    0                    0                    0                    0                    0                    0                    0                    0                    0                    0                    0                    0                    0                    0                    0
  "BI3.KSW1L4"                           32            "hkicker"             7.186797          6.288988312         -1.897524408           9.69200152          3.964792099         0.1991024833         0.1917655052                    0                    0                    0                    0         -3.040763412        -0.8177805205                    0                    0                    0                    0                    0                    0                    0                    0                    0                    0                    0                    0                    0                    0                    0                    0
  "DRIFT_14"                             33              "drift"             7.329012            6.8434965         -2.001559292          8.599185835          3.719458403         0.2025528889         0.1942449115                    0                    0                    0                    0         -3.157064069        -0.8177805205                    0                    0                    0                    0                    0                    0                    0                    0                    0                    0                    0                    0                    0                    0                    0                    0
  "BR.QFO12"                             34         "quadrupole"             7.832582          7.606582488         0.5806609734          6.527975883         0.6437298677         0.2133306193         0.2052830665                    0                    0                    0                    0         -3.269251038         0.3790924474                    0                    0                    0                    0                    0                    0         0.3667408638                    0                    0                    0                    0                    0                    0                    0                    0                    0
  "DRIFT_15"                             35              "drift"             7.997852           7.41945239         0.5516080291          6.321115455         0.6079215356          0.216832235         0.2093782744                    0                    0                    0                    0         -3.206598429         0.3790924474                    0                    0                    0                    0                    0                    0                    0                    0                    0                    0                    0                    0                    0                    0                    0                    0
  "BR3.BPP1L5"                           36            "monitor"             7.997852           7.41945239         0.5516080291          6.321115455         0.6079215356          0.216832235         0.2093782744                    0                    0                    0                    0         -3.206598429         0.3790924474                    0                    0                    0                    0                    0                    0                    0                    0                    0                    0                    0                    0                    0                    0                    0                    0
  "DRIFT_16"                             37              "drift"             8.199799          7.203830421         0.5161076059          6.084415781         0.5641665574         0.2212291201          0.214561833                    0                    0                    0                    0         -3.130041847         0.3790924474                    0                    0                    0                    0                    0                    0                    0                    0                    0                    0                    0                    0                    0                    0                    0                    0
  "BR.STSCRAP12"                         38         "collimator"             8.199799          7.203830421         0.5161076059          6.084415781         0.5641665574         0.2212291201          0.214561833                    0                    0                    0                    0         -3.130041847         0.3790924474                    0                    0                    0                    0                    0                    0                    0                    0                    0                    0                    0                    0                    0                    0                    0                    0
  "DRIFT_17"                             39              "drift"             8.199804           7.20382526         0.5161067269           6.08441014         0.5641654741         0.2212292305         0.2145619638                    0                    0                    0                    0         -3.130039951         0.3790924474                    0                    0                    0                    0                    0                    0                    0                    0                    0                    0                    0                    0                    0                    0                    0                    0
  "BR.BHZ12"                             40              "sbend"               9.8175          5.998878815         0.2335544106            4.6370808         0.3139895746         0.2605418098         0.2638157888                    0                    0                    0                    0         -2.825298433      9.929895323e-05                    0                    0                    0                    0                    0                    0                    0                    0                    0                    0                    0                    0                    0                    0                    0                    0
  "DRIFT_18"                             41              "drift"              10.7355          5.718216037        0.07217846281          4.260249072        0.09650250433         0.2855909001         0.2969258648                    0                    0                    0                    0         -2.825207276      9.929895323e-05                    0                    0                    0                    0                    0                    0                    0                    0                    0                    0                    0                    0                    0                    0                    0                    0
  "BR3.BWS.2L1.V_ROT"                    42            "monitor"              10.7355          5.718216037        0.07217846281          4.260249072        0.09650250433         0.2855909001         0.2969258648                    0                    0                    0                    0         -2.825207276      9.929895323e-05                    0                    0                    0                    0                    0                    0                    0                    0                    0                    0                    0                    0                    0                    0                    0                    0
  "DRIFT_19"                             43              "drift"              10.8335          5.705757353        0.05495096511          4.243609903        0.07328493038         0.2883216415          0.300594457                    0                    0                    0                    0         -2.825197545      9.929895323e-05                    0                    0                    0                    0                    0                    0                    0                    0                    0                    0                    0                    0                    0                    0                    0                    0
  "BR3.BWS.2L1.H_ROT"                    44            "monitor"              10.8335          5.705757353        0.05495096511          4.243609903        0.07328493038         0.2883216415          0.300594457                    0                    0                    0                    0         -2.825197545      9.929895323e-05                    0                    0                    0                    0                    0                    0                    0                    0                    0                    0                    0                    0                    0                    0                    0                    0
  "DRIFT_20"                             45              "drift"              11.3695           5.69735391       -0.03927289983          4.233112908       -0.05370098429         0.3033058379         0.3207758779                    0                    0                    0                    0         -2.825144321      9.929895323e-05                    0                    0                    0                    0                    0                    0                    0                    0                    0                    0                    0                    0                    0                    0                    0                    0
  "BI3.KSW2L1"                           46            "hkicker"              11.7395          5.750481615        -0.1043154932          4.305285166        -0.1413591717         0.3136010682         0.3345872299                    0                    0                    0                    0          -2.82510758      9.929895323e-05                    0                    0                    0                    0                    0                    0                    0                    0                    0                    0                    0                    0                    0                    0                    0                    0
  "DRIFT_21"                             47              "drift"            12.471501          5.997392889        -0.2329945293           4.63917984        -0.3147804711         0.3334908256         0.3607733688                    0                    0                    0                    0         -2.825034893      9.929895323e-05                    0                    0                    0                    0                    0                    0                    0                    0                    0                    0                    0                    0                    0                    0                    0                    0
  "BR.BHZ21"                             48              "sbend"            14.089197          7.200539516        -0.5155468456          6.088943913        -0.5648518316          0.372817533          0.409996736                    0                    0                    0                    0         -3.129457201        -0.3788938495                    0                    0                    0                    0                    0                    0                    0                    0                    0                    0                    0                    0                    0                    0                    0                    0
  "DRIFT_22"                             49              "drift"           14.0891995          7.200542093        -0.5155472851          6.088946737        -0.5648523732         0.3728175882         0.4099968013                    0                    0                    0                    0         -3.129458148        -0.3788938495                    0                    0                    0                    0                    0                    0                    0                    0                    0                    0                    0                    0                    0                    0                    0                    0
  "BR.STSCRAP21"                         50         "collimator"           14.0891995          7.200542093        -0.5155472851          6.088946737        -0.5648523732         0.3728175882         0.4099968013                    0                    0                    0                    0         -3.129458148        -0.3788938495                    0                    0                    0                    0                    0                    0                    0                    0                    0                    0                    0                    0                    0                    0                    0                    0
  "DRIFT_23"                             51              "drift"            14.455512          7.601833384        -0.5799416499          6.531840384        -0.6442072319         0.3807008818         0.4192464984                    0                    0                    0                    0         -3.268251701        -0.3788938495                    0                    0                    0                    0                    0                    0                    0                    0                    0                    0                    0                    0                    0                    0                    0                    0
  "BR.QFO21"                             52         "quadrupole"            14.959082          6.838933278          2.000493848           8.60434207         -3.721702191         0.3914855852         0.4302780702                    0                    0                    0                    0         -3.156058642           0.81760574                    0                    0                    0                    0                    0                    0         0.3667408638                    0                    0                    0                    0                    0                    0                    0                    0                    0
  "DRIFT_24"                             53              "drift"            15.285302          5.611565972          1.761897502          11.21620915          -4.28475688         0.3998704375         0.4355640887                    0                    0                    0                    0         -2.889339297           0.81760574                    0                    0                    0                    0                    0                    0                    0                    0                    0                    0                    0                    0                    0                    0                    0                    0
  "BR3.BPM2L3"                           54            "monitor"            15.285302          5.611565972          1.761897502          11.21620915          -4.28475688         0.3998704375         0.4355640887                    0                    0                    0                    0         -2.889339297           0.81760574                    0                    0                    0                    0                    0                    0                    0                    0                    0                    0                    0                    0                    0                    0                    0                    0
  "BR3.ONOH0.2L3"                        55          "multipole"            15.285302          5.611565972          1.761897502          11.21620915          -4.28475688         0.3998704375         0.4355640887                    0                    0                    0                    0         -2.889339297           0.81760574                    0                    0                    0                    0                    0                    0                    0                    0                    0                    0                    0                    0                    0                    0                    0                    0
  "BR3.QSK2L3"                           56          "multipole"            15.285302          5.611565972          1.761897502          11.21620915          -4.28475688         0.3998704375         0.4355640887                    0                    0                    0                    0         -2.889339297           0.81760574                    0                    0                    0                    0                    0                    0                    0                    0                    0                    0                    0                    0                    0                    0                    0                    0
  "BR3.XNOH0.2L3"                        57          "multipole"            15.285302          5.611565972          1.761897502          11.21620915          -4.28475688         0.3998704375         0.4355640887                    0                    0                    0                    0         -2.889339297           0.81760574                    0                    0                    0                    0                    0                    0                    0                    0                    0                    0                    0                    0                    0                    0                    0                    0
  "DRIFT_25"                             58              "drift"            15.612827          4.535893896          1.522346682          14.20809135         -4.850063994         0.4102098683         0.4396938258                    0                    0                    0                    0         -2.621552977           0.81760574                    0                    0                    0                    0                    0                    0                    0                    0                    0                    0                    0                    0                    0                    0                    0                    0
  "BR.QDE2"                              59         "quadrupole"            16.491767          4.536076002         -1.522592093          14.20931085           4.84895289         0.4443483013         0.4486280878                    0                    0                    0                    0         -2.621626365        -0.8177806482                    0                    0                    0                    0                    0                    0        -0.6533869961                    0                    0                    0                    0                    0                    0                    0                    0                    0
  "DRIFT_26"                             60              "drift"            16.819302          5.611958601         -1.762194566          11.21797355          4.283925443         0.4546874782         0.4527574489                    0                    0                    0                    0          -2.88947815        -0.8177806482                    0                    0                    0                    0                    0                    0                    0                    0                    0                    0                    0                    0                    0                    0                    0                    0
  "BR3.DHZ2L4"                           61            "hkicker"            16.819302          5.611958601         -1.762194566          11.21797355          4.283925443         0.4546874782         0.4527574489                    0                    0                    0                    0          -2.88947815        -0.8177806482                    0                    0                    0                    0                    0                    0                    0                    0                    0                    0                    0                    0                    0                    0                    0                    0
  "BR3.DVT2L4"                           62            "vkicker"            16.819302          5.611958601         -1.762194566          11.21797355          4.283925443         0.4546874782         0.4527574489                    0                    0                    0                    0          -2.88947815        -0.8177806482                    0                    0                    0                    0                    0                    0                    0                    0                    0                    0                    0                    0                    0                    0                    0                    0
  "BR3.OSK2L4"                           63          "multipole"            16.819302          5.611958601         -1.762194566          11.21797355          4.283925443         0.4546874782         0.4527574489                    0                    0                    0                    0          -2.88947815        -0.8177806482                    0                    0                    0                    0                    0                    0                    0                    0                    0                    0                    0                    0                    0                    0                    0                    0
  "BR3.XSK2L4"                           64          "multipole"            16.819302          5.611958601         -1.762194566          11.21797355          4.283925443         0.4546874782         0.4527574489                    0                    0                    0                    0          -2.88947815        -0.8177806482                    0                    0                    0                    0                    0                    0                    0                    0                    0                    0                    0                    0                    0                    0                    0                    0
  "DRIFT_27"                             65              "drift"            17.146512            6.8434965         -2.001559292          8.599186237          3.719458651         0.4630946987         0.4580606877                    0                    0                    0                    0         -3.157064156        -0.8177806482                    0                    0                    0                    0                    0                    0                    0                    0                    0                    0                    0                    0                    0                    0                    0                    0
  "BR.QFO22"                             66         "quadrupole"            17.650082          7.606582488         0.5806609734          6.527976119           0.64372997         0.4738724291         0.4690988422                    0                    0                    0                    0         -3.269251179         0.3790923621                    0                    0                    0                    0                    0                    0         0.3667408638                    0                    0                    0                    0                    0                    0                    0                    0                    0
  "DRIFT_28"                             67              "drift"            18.017299          7.203830421         0.5161076059          6.084415944         0.5641666552         0.4817709299         0.4783776084                    0                    0                    0                    0         -3.130042019         0.3790923621                    0                    0                    0                    0                    0                    0                    0                    0                    0                    0                    0                    0                    0                    0                    0                    0
  "BR.STSCRAP22"                         68         "collimator"            18.017299          7.203830421         0.5161076059          6.084415944         0.5641666552         0.4817709299         0.4783776084                    0                    0                    0                    0         -3.130042019         0.3790923621                    0                    0                    0                    0                    0                    0                    0                    0                    0                    0                    0                    0                    0                    0                    0                    0
  "DRIFT_29"                             69              "drift"            18.017304           7.20382526         0.5161067269          6.084410303         0.5641655719         0.4817710404         0.4783777392                    0                    0                    0                    0         -3.130040123         0.3790923621                    0                    0                    0                    0                    0                    0                    0                    0                    0                    0                    0                    0                    0                    0                    0                    0
  "BR.BHZ22"                             70              "sbend"               19.635          5.998878815         0.2335544106          4.637080679         0.3139896493         0.5210836197         0.5276315642                    0                    0                    0                    0         -2.825298742      9.921368743e-05                    0                    0                    0                    0                    0                    0                    0                    0                    0                    0                    0                    0                    0                    0                    0                    0
  "DRIFT_30"                             71              "drift"               20.159          5.802381725         0.1414400352          4.373070435         0.1898466943         0.5352378371         0.5461933966                    0                    0                    0                    0         -2.825246754      9.921368743e-05                    0                    0                    0                    0                    0                    0                    0                    0                    0                    0                    0                    0                    0                    0                    0                    0
  "BR3.DES3L1"                           72            "hkicker"               20.724          5.698671301        0.04211823724          4.234172554        0.05599026384         0.5509010161         0.5671512557                    0                    0                    0                    0         -2.825190698      9.921368743e-05                    0                    0                    0                    0                    0                    0                    0                    0                    0                    0                    0                    0                    0                    0                    0                    0
  "HACMAP"                               73             "marker"               20.724          5.698671301        0.04211823724          4.234172554        0.05599026384         0.5509010161         0.5671512557                    0                    0                    0                    0         -2.825190698      9.921368743e-05                    0                    0                    0                    0                    0                    0                    0                    0                    0                    0                    0                    0                    0                    0                    0                    0
  "VACMAP"                               74             "marker"               20.724          5.698671301        0.04211823724          4.234172554        0.05599026384         0.5509010161         0.5671512557                    0                    0                    0                    0         -2.825190698      9.921368743e-05                    0                    0                    0                    0                    0                    0                    0                    0                    0                    0                    0                    0                    0                    0                    0                    0
  "DRIFT_31"                             75              "drift"               21.098          5.691755773       -0.02362751927          4.225430424        -0.0326155857         0.5613601191         0.5812421808                    0                    0                    0                    0         -2.825153592      9.921368743e-05                    0                    0                    0                    0                    0                    0                    0                    0                    0                    0                    0                    0                    0                    0                    0                    0
  "BR3.ONO3L1"                           76          "multipole"               21.098          5.691755773       -0.02362751927          4.225430424        -0.0326155857         0.5613601191         0.5812421808                    0                    0                    0                    0         -2.825153592      9.921368743e-05                    0                    0                    0                    0                    0                    0                    0                    0                    0                    0                    0                    0                    0                    0                    0                    0
  "BR3.QNO3L1"                           77          "multipole"               21.098          5.691755773       -0.02362751927          4.225430424        -0.0326155857         0.5613601191         0.5812421808                    0                    0                    0                    0         -2.825153592      9.921368743e-05                    0                    0                    0                    0                    0                    0                    0                    0                    0                    0                    0                    0                    0                    0                    0                    0
  "BR3.XNO3L1"                           78          "multipole"               21.098          5.691755773       -0.02362751927          4.225430424        -0.0326155857         0.5613601191         0.5812421808                    0                    0                    0                    0         -2.825153592      9.921368743e-05                    0                    0                    0                    0                    0                    0                    0                    0                    0                    0                    0                    0                    0                    0                    0                    0
  "DRIFT_32"                             79              "drift"               21.678          5.778299718        -0.1255861791          4.342962385        -0.1700257267         0.5774839456          0.602857194                    0                    0                    0                    0         -2.825096048      9.921368743e-05                    0                    0                    0                    0                    0                    0                    0                    0                    0                    0                    0                    0                    0                    0                    0                    0
  "BR3.BPMT3L1"                          80            "monitor"               21.678          5.778299718        -0.1255861791          4.342962385        -0.1700257267         0.5774839456          0.602857194                    0                    0                    0                    0         -2.825096048      9.921368743e-05                    0                    0                    0                    0                    0                    0                    0                    0                    0                    0                    0                    0                    0                    0                    0                    0
  "DRIFT_33"                             81              "drift"           22.2890015          5.997393122        -0.2329946172          4.639179752        -0.3147805582         0.5940326487         0.6245891676                    0                    0                    0                    0         -2.825035429      9.921368743e-05                    0                    0                    0                    0                    0                    0                    0                    0                    0                    0                    0                    0                    0                    0                    0                    0
  "BR.BHZ31"                             82              "sbend"           23.9066975          7.200540031        -0.5155469335          6.088944147        -0.5648519401         0.6333593539         0.6738125343                    0                    0                    0                    0         -3.129457874        -0.3788939348                    0                    0                    0                    0                    0                    0                    0                    0                    0                    0                    0                    0                    0                    0                    0                    0
  "DRIFT_34"                             83              "drift"              23.9067          7.200542609         -0.515547373          6.088946971        -0.5648524817         0.6333594091         0.6738125996                    0                    0                    0                    0         -3.129458821        -0.3788939348                    0                    0                    0                    0                    0                    0                    0                    0                    0                    0                    0                    0                    0                    0                    0                    0
  "BR.STSCRAP31"                         84         "collimator"              23.9067          7.200542609         -0.515547373          6.088946971        -0.5648524817         0.6333594091         0.6738125996                    0                    0                    0                    0         -3.129458821        -0.3788939348                    0                    0                    0                    0                    0                    0                    0                    0                    0                    0                    0                    0                    0                    0                    0                    0
  "DRIFT_35"                             85              "drift"            24.273012          7.601833384        -0.5799416499          6.531840055        -0.6442072364         0.6412426917         0.6830622841                    0                    0                    0                    0         -3.268252216        -0.3788939348                    0                    0                    0                    0                    0                    0                    0                    0                    0                    0                    0                    0                    0                    0                    0                    0
  "BR.QFO31"                             86         "quadrupole"            24.776582          6.838933278          2.000493848          8.604341685         -3.721702068          0.652027395         0.6940938564                    0                    0                    0                    0         -3.156059151         0.8176058454                    0                    0                    0                    0                    0                    0         0.3667408638                    0                    0                    0                    0                    0                    0                    0                    0                    0
  "DRIFT_36"                             87              "drift"            25.102807          5.611548353          1.761893845          11.21625153         -4.284765377         0.6604123891         0.6993799461                    0                    0                    0                    0         -2.889335684         0.8176058454                    0                    0                    0                    0                    0                    0                    0                    0                    0                    0                    0                    0                    0                    0                    0                    0
  "BR3.BPM3L3"                           88            "monitor"            25.102807          5.611548353          1.761893845          11.21625153         -4.284765377         0.6604123891         0.6993799461                    0                    0                    0                    0         -2.889335684         0.8176058454                    0                    0                    0                    0                    0                    0                    0                    0                    0                    0                    0                    0                    0                    0                    0                    0
  "BR3.ONOH0.3L3"                        89          "multipole"            25.102807          5.611548353          1.761893845          11.21625153         -4.284765377         0.6604123891         0.6993799461                    0                    0                    0                    0         -2.889335684         0.8176058454                    0                    0                    0                    0                    0                    0                    0                    0                    0                    0                    0                    0                    0                    0                    0                    0
  "BR3.QSKH0.3L3"                        90          "multipole"            25.102807          5.611548353          1.761893845          11.21625153         -4.284765377         0.6604123891         0.6993799461                    0                    0                    0                    0         -2.889335684         0.8176058454                    0                    0                    0                    0                    0                    0                    0                    0                    0                    0                    0                    0                    0                    0                    0                    0
  "BR3.XNOH0.3L3"                        91          "multipole"            25.102807          5.611548353          1.761893845          11.21625153         -4.284765377         0.6604123891         0.6993799461                    0                    0                    0                    0         -2.889335684         0.8176058454                    0                    0                    0                    0                    0                    0                    0                    0                    0                    0                    0                    0                    0                    0                    0                    0
  "DRIFT_37"                             92              "drift"            25.430327          4.535893896          1.522346682           14.2080908         -4.850063852         0.6707516781         0.7035096124                    0                    0                    0                    0         -2.621553418         0.8176058454                    0                    0                    0                    0                    0                    0                    0                    0                    0                    0                    0                    0                    0                    0                    0                    0
  "BR.QDE3"                              93         "quadrupole"            26.309267          4.536076002         -1.522592093          14.20931037          4.848952675         0.7048901111         0.7124438747                    0                    0                    0                    0         -2.621626836        -0.8177808272                    0                    0                    0                    0                    0                    0        -0.6533869961                    0                    0                    0                    0                    0                    0                    0                    0                    0
  "DRIFT_38"                             94              "drift"            26.636807          5.611976223         -1.762198224          11.21793036          4.283916632         0.7152294298         0.7165733069                    0                    0                    0                    0         -2.889482768        -0.8177808272                    0                    0                    0                    0                    0                    0                    0                    0                    0                    0                    0                    0                    0                    0                    0                    0
  "BR3.DHZ3L4"                           95            "hkicker"            26.636807          5.611976223         -1.762198224          11.21793036          4.283916632         0.7152294298         0.7165733069                    0                    0                    0                    0         -2.889482768        -0.8177808272                    0                    0                    0                    0                    0                    0                    0                    0                    0                    0                    0                    0                    0                    0                    0                    0
  "BR3.DVT3L4"                           96            "vkicker"            26.636807          5.611976223         -1.762198224          11.21793036          4.283916632         0.7152294298         0.7165733069                    0                    0                    0                    0         -2.889482768        -0.8177808272                    0                    0                    0                    0                    0                    0                    0                    0                    0                    0                    0                    0                    0                    0                    0                    0
  "DRIFT_39"                             97              "drift"            26.964012            6.8434965         -2.001559292          8.599186004          3.719458493         0.7236365085         0.7218764749                    0                    0                    0                    0         -3.157064744        -0.8177808272                    0                    0                    0                    0                    0                    0                    0                    0                    0                    0                    0                    0                    0                    0                    0                    0
  "BR.QFO32"                             98         "quadrupole"            27.467582          7.606582488         0.5806609734          6.527975994         0.6437298983          0.734414239         0.7329146297                    0                    0                    0                    0         -3.269251801         0.3790924087                    0                    0                    0                    0                    0                    0         0.3667408638                    0                    0                    0                    0                    0                    0                    0                    0                    0
  "DRIFT_40"                             99              "drift"            27.834799          7.203830421         0.5161076059          6.084415871         0.5641665872         0.7423127398         0.7421933961                    0                    0                    0                    0         -3.130042624         0.3790924087                    0                    0                    0                    0                    0                    0                    0                    0                    0                    0                    0                    0                    0                    0                    0                    0
  "BR.STSCRAP32"                        100         "collimator"            27.834799          7.203830421         0.5161076059          6.084415871         0.5641665872         0.7423127398         0.7421933961                    0                    0                    0                    0         -3.130042624         0.3790924087                    0                    0                    0                    0                    0                    0                    0                    0                    0                    0                    0                    0                    0                    0                    0                    0
  "DRIFT_41"                            101              "drift"            27.834804           7.20382526         0.5161067269          6.084410229         0.5641655038         0.7423128502         0.7421935269                    0                    0                    0                    0         -3.130040729         0.3790924087                    0                    0                    0                    0                    0                    0                    0                    0                    0                    0                    0                    0                    0                    0                    0                    0
  "BR.BHZ32"                            102              "sbend"              29.4525          5.998878815         0.2335544106          4.637080798         0.3139896004         0.7816254295         0.7914473515                    0                    0                    0                    0         -2.825299272      9.926023926e-05                    0                    0                    0                    0                    0                    0                    0                    0                    0                    0                    0                    0                    0                    0                    0                    0
  "DRIFT_42"                            103              "drift"              29.8225           5.85011431         0.1685118173          4.437162024         0.2263314118         0.7915723215         0.8044439487                    0                    0                    0                    0         -2.825262546      9.926023926e-05                    0                    0                    0                    0                    0                    0                    0                    0                    0                    0                    0                    0                    0                    0                    0                    0
  "BR3.ONO4L1"                          104          "multipole"              29.8225           5.85011431         0.1685118173          4.437162024         0.2263314118         0.7915723215         0.8044439487                    0                    0                    0                    0         -2.825262546      9.926023926e-05                    0                    0                    0                    0                    0                    0                    0                    0                    0                    0                    0                    0                    0                    0                    0                    0
  "BR3.OSK4L1"                          105          "multipole"              29.8225           5.85011431         0.1685118173          4.437162024         0.2263314118         0.7915723215         0.8044439487                    0                    0                    0                    0         -2.825262546      9.926023926e-05                    0                    0                    0                    0                    0                    0                    0                    0                    0                    0                    0                    0                    0                    0                    0                    0
  "BR3.XNO4L1"                          106          "multipole"              29.8225           5.85011431         0.1685118173          4.437162024         0.2263314118         0.7915723215         0.8044439487                    0                    0                    0                    0         -2.825262546      9.926023926e-05                    0                    0                    0                    0                    0                    0                    0                    0                    0                    0                    0                    0                    0                    0                    0                    0
  "BR3.XSK4L1"                          107          "multipole"              29.8225           5.85011431         0.1685118173          4.437162024         0.2263314118         0.7915723215         0.8044439487                    0                    0                    0                    0         -2.825262546      9.926023926e-05                    0                    0                    0                    0                    0                    0                    0                    0                    0                    0                    0                    0                    0                    0                    0                    0
  "DRIFT_43"                            108              "drift"              30.3565          5.720271489        0.07463953391          4.262997531         0.0998193232         0.8062849278         0.8240345815                    0                    0                    0                    0         -2.825209541      9.926023926e-05                    0                    0                    0                    0                    0                    0                    0                    0                    0                    0                    0                    0                    0                    0                    0                    0
  "BE3.DHZ4L1"                          109            "hkicker"              30.3565          5.720271489        0.07463953391          4.262997531         0.0998193232         0.8062849278         0.8240345815                    0                    0                    0                    0         -2.825209541      9.926023926e-05                    0                    0                    0                    0                    0                    0                    0                    0                    0                    0                    0                    0                    0                    0                    0                    0
  "BE3.DVT4L1"                          110            "vkicker"              30.3565          5.720271489        0.07463953391          4.262997531         0.0998193232         0.8062849278         0.8240345815                    0                    0                    0                    0         -2.825209541      9.926023926e-05                    0                    0                    0                    0                    0                    0                    0                    0                    0                    0                    0                    0                    0                    0                    0                    0
  "DRIFT_44"                            111              "drift"              30.7885          5.688589712      -0.001302088582          4.220967479      -0.002527534951         0.8183494257         0.8402711376                    0                    0                    0                    0         -2.825166661      9.926023926e-05                    0                    0                    0                    0                    0                    0                    0                    0                    0                    0                    0                    0                    0                    0                    0                    0
  "BR3.BSGHV4L1"                        112            "monitor"              30.7885          5.688589712      -0.001302088582          4.220967479      -0.002527534951         0.8183494257         0.8402711376                    0                    0                    0                    0         -2.825166661      9.926023926e-05                    0                    0                    0                    0                    0                    0                    0                    0                    0                    0                    0                    0                    0                    0                    0                    0
  "DRIFT_45"                            113              "drift"              31.5865          5.802612126        -0.1415831412          4.375869222        -0.1915849257         0.8405270659         0.8699954997                    0                    0                    0                    0         -2.825087451      9.926023926e-05                    0                    0                    0                    0                    0                    0                    0                    0                    0                    0                    0                    0                    0                    0                    0                    0
  "BR3.BWSH4L1"                         114            "monitor"              31.5865          5.802612126        -0.1415831412          4.375869222        -0.1915849257         0.8405270659         0.8699954997                    0                    0                    0                    0         -2.825087451      9.926023926e-05                    0                    0                    0                    0                    0                    0                    0                    0                    0                    0                    0                    0                    0                    0                    0                    0
  "DRIFT_46"                            115              "drift"            32.106501          5.997392889        -0.2329945293          4.639179726        -0.3147804548         0.8545744453         0.8884049329                    0                    0                    0                    0         -2.825035836      9.926023926e-05                    0                    0                    0                    0                    0                    0                    0                    0                    0                    0                    0                    0                    0                    0                    0                    0
  "BR.BHZ41"                            116              "sbend"            33.724197          7.200539516        -0.5155468456          6.088943761        -0.5648518247         0.8939011527         0.9376283013                    0                    0                    0                    0         -3.129458206        -0.3788938882                    0                    0                    0                    0                    0                    0                    0                    0                    0                    0                    0                    0                    0                    0                    0                    0
  "DRIFT_47"                            117              "drift"           33.7241995          7.200542093        -0.5155472851          6.088946585        -0.5648523663         0.8939012079         0.9376283666                    0                    0                    0                    0         -3.129459153        -0.3788938882                    0                    0                    0                    0                    0                    0                    0                    0                    0                    0                    0                    0                    0                    0                    0                    0
  "BR.STSCRAP41"                        118         "collimator"           33.7241995          7.200542093        -0.5155472851          6.088946585        -0.5648523663         0.8939012079         0.9376283666                    0                    0                    0                    0         -3.129459153        -0.3788938882                    0                    0                    0                    0                    0                    0                    0                    0                    0                    0                    0                    0                    0                    0                    0                    0
  "DRIFT_48"                            119              "drift"            34.090512          7.601833384        -0.5799416499          6.531840227        -0.6442072266         0.9017845015          0.946878064                    0                    0                    0                    0          -3.26825272        -0.3788938882                    0                    0                    0                    0                    0                    0                    0                    0                    0                    0                    0                    0                    0                    0                    0                    0
  "BR.QFO41"                            120         "quadrupole"            34.594082          6.838933278          2.000493848          8.604341877         -3.721702122         0.9125692049          0.957909636                    0                    0                    0                    0         -3.156059587         0.8176060671                    0                    0                    0                    0                    0                    0         0.3667408638                    0                    0                    0                    0                    0                    0                    0                    0                    0
  "DRIFT_49"                            121              "drift"            34.920312          5.611530734          1.761890188           11.2162946         -4.284774063         0.9209543408         0.9631957965                    0                    0                    0                    0          -2.88933196         0.8176060671                    0                    0                    0                    0                    0                    0                    0                    0                    0                    0                    0                    0                    0                    0                    0                    0
  "BR3.BPM4L3"                          122            "monitor"            34.920312          5.611530734          1.761890188           11.2162946         -4.284774063         0.9209543408         0.9631957965                    0                    0                    0                    0          -2.88933196         0.8176060671                    0                    0                    0                    0                    0                    0                    0                    0                    0                    0                    0                    0                    0                    0                    0                    0
  "BR3.ONOH0.4L3"                       123          "multipole"            34.920312          5.611530734          1.761890188           11.2162946         -4.284774063         0.9209543408         0.9631957965                    0                    0                    0                    0          -2.88933196         0.8176060671                    0                    0                    0                    0                    0                    0                    0                    0                    0                    0                    0                    0                    0                    0                    0                    0
  "BR3.QNO4L3"                          124          "multipole"            34.920312          5.611530734          1.761890188           11.2162946         -4.284774063         0.9209543408         0.9631957965                    0                    0                    0                    0          -2.88933196         0.8176060671                    0                    0                    0                    0                    0                    0                    0                    0                    0                    0                    0                    0                    0                    0                    0                    0
  "BR3.XNOH0.4L3"                       125          "multipole"            34.920312          5.611530734          1.761890188           11.2162946         -4.284774063         0.9209543408         0.9631957965                    0                    0                    0                    0          -2.88933196         0.8176060671                    0                    0                    0                    0                    0                    0                    0                    0                    0                    0                    0                    0                    0                    0                    0                    0
  "DRIFT_50"                            126              "drift"            35.247827          4.535893896          1.522346682          14.20809106          -4.85006391          0.931293488         0.9673253918                    0                    0                    0                    0         -2.621553708         0.8176060671                    0                    0                    0                    0                    0                    0                    0                    0                    0                    0                    0                    0                    0                    0                    0                    0
  "BR.QDE4"                             127         "quadrupole"            36.126767          4.536076002         -1.522592093          14.20931059          4.848952782          0.965431921          0.976259654                    0                    0                    0                    0         -2.621627001        -0.8177807475                    0                    0                    0                    0                    0                    0        -0.6533869961                    0                    0                    0                    0                    0                    0                    0                    0                    0
  "DRIFT_51"                            128              "drift"            36.454312          5.611993845         -1.762201882          11.21788767          4.283908097         0.9757713815          0.980389157                    0                    0                    0                    0         -2.889486996        -0.8177807475                    0                    0                    0                    0                    0                    0                    0                    0                    0                    0                    0                    0                    0                    0                    0                    0
  "BR3.DHZ4L4"                          129            "hkicker"            36.454312          5.611993845         -1.762201882          11.21788767          4.283908097         0.9757713815          0.980389157                    0                    0                    0                    0         -2.889486996        -0.8177807475                    0                    0                    0                    0                    0                    0                    0                    0                    0                    0                    0                    0                    0                    0                    0                    0
  "BR3.DVT4L4"                          130            "vkicker"            36.454312          5.611993845         -1.762201882          11.21788767          4.283908097         0.9757713815          0.980389157                    0                    0                    0                    0         -2.889486996        -0.8177807475                    0                    0                    0                    0                    0                    0                    0                    0                    0                    0                    0                    0                    0                    0                    0                    0
  "DRIFT_52"                            131              "drift"            36.781512            6.8434965         -2.001559292          8.599186096          3.719458569         0.9841783184          0.985692254                    0                    0                    0                    0         -3.157064856        -0.8177807475                    0                    0                    0                    0                    0                    0                    0                    0                    0                    0                    0                    0                    0                    0                    0                    0
  "BR.QFO42"                            132         "quadrupole"            37.285082          7.606582488         0.5806609734          6.527976031         0.6437299391         0.9949560488         0.9967304087                    0                    0                    0                    0         -3.269251864          0.379092521                    0                    0                    0                    0                    0                    0         0.3667408638                    0                    0                    0                    0                    0                    0                    0                    0                    0
  "DRIFT_53"                            133              "drift"             37.45044          7.419355308         0.5515925595          6.321008588         0.6079025389         0.9984595522          1.000827832                    0                    0                    0                    0         -3.206565883          0.379092521                    0                    0                    0                    0                    0                    0                    0                    0                    0                    0                    0                    0                    0                    0                    0                    0
  "BR3.BPTF4L5"                         134            "monitor"             37.45044          7.419355308         0.5515925595          6.321008588         0.6079025389         0.9984595522          1.000827832                    0                    0                    0                    0         -3.206565883          0.379092521                    0                    0                    0                    0                    0                    0                    0                    0                    0                    0                    0                    0                    0                    0                    0                    0
  "DRIFT_54"                            135              "drift"            37.652299          7.203830421         0.5161076059          6.084415879         0.5641666255           1.00285455          1.006009175                    0                    0                    0                    0         -3.130042646          0.379092521                    0                    0                    0                    0                    0                    0                    0                    0                    0                    0                    0                    0                    0                    0                    0                    0
  "BR.STSCRAP42"                        136         "collimator"            37.652299          7.203830421         0.5161076059          6.084415879         0.5641666255           1.00285455          1.006009175                    0                    0                    0                    0         -3.130042646          0.379092521                    0                    0                    0                    0                    0                    0                    0                    0                    0                    0                    0                    0                    0                    0                    0                    0
  "DRIFT_55"                            137              "drift"            37.652304           7.20382526         0.5161067269          6.084410237         0.5641655421           1.00285466          1.006009306                    0                    0                    0                    0         -3.130040751          0.379092521                    0                    0                    0                    0                    0                    0                    0                    0                    0                    0                    0                    0                    0                    0                    0                    0
  "BR.BHZ42"                            138              "sbend"                39.27          5.998878815         0.2335544106          4.637080702         0.3139896253          1.042167239          1.055263131                    0                    0                    0                    0         -2.825299114      9.937258145e-05                    0                    0                    0                    0                    0                    0                    0                    0                    0                    0                    0                    0                    0                    0                    0                    0
  "DRIFT_56"                            139              "drift"            39.521261          5.892610625         0.1893850402          4.494250885         0.2544623687          1.048895234          1.064027361                    0                    0                    0                    0         -2.825274145      9.937258145e-05                    0                    0                    0                    0                    0                    0                    0                    0                    0                    0                    0                    0                    0                    0                    0                    0
  "BR3.ACWF5L1.1"                       140           "rfcavity"            40.464261          5.691752226         0.0236143226          4.225010424        0.03105243676          1.074926364          1.098744091                    0                    0                    0                    0         -2.825180437      9.937258145e-05                    0                    0                    0                    0                    0                    0                    0                    0                    0                    0                    0                    0                    0                    0                    0                    0
  "DRIFT_57"                            141              "drift"            40.575761          5.688671707       0.004013649202          4.221031105       0.004636522219          1.078045213          1.102946732                    0                    0                    0                    0         -2.825169357      9.937258145e-05                    0                    0                    0                    0                    0                    0                    0                    0                    0                    0                    0                    0                    0                    0                    0                    0
  "BR3.ACWF5L1.2"                       142           "rfcavity"            41.518761          5.837423752        -0.1617570684           4.42296219        -0.2187734098          1.104207362           1.13796345                    0                    0                    0                    0         -2.825075649      9.937258145e-05                    0                    0                    0                    0                    0                    0                    0                    0                    0                    0                    0                    0                    0                    0                    0                    0
  "DRIFT_58"                            143              "drift"            41.924001          5.997392889        -0.2329945293          4.639179557         -0.314780452          1.115116255          1.152220716                    0                    0                    0                    0         -2.825035379      9.937258145e-05                    0                    0                    0                    0                    0                    0                    0                    0                    0                    0                    0                    0                    0                    0                    0                    0
  "BR.BHZ51"                            144              "sbend"            43.541697          7.200539516        -0.5155468456           6.08894361         -0.564851839          1.154442963          1.201444086                    0                    0                    0                    0         -3.129457568        -0.3788937759                    0                    0                    0                    0                    0                    0                    0                    0                    0                    0                    0                    0                    0                    0                    0                    0
  "DRIFT_59"                            145              "drift"           43.5416995          7.200542093        -0.5155472851          6.088946434        -0.5648523806          1.154443018          1.201444151                    0                    0                    0                    0         -3.129458516        -0.3788937759                    0                    0                    0                    0                    0                    0                    0                    0                    0                    0                    0                    0                    0                    0                    0                    0
  "BR.STSCRAP51"                        146         "collimator"           43.5416995          7.200542093        -0.5155472851          6.088946434        -0.5648523806          1.154443018          1.201444151                    0                    0                    0                    0         -3.129458516        -0.3788937759                    0                    0                    0                    0                    0                    0                    0                    0                    0                    0                    0                    0                    0                    0                    0                    0
  "DRIFT_60"                            147              "drift"            43.908012          7.601833384        -0.5799416499          6.531840088        -0.6442072438          1.162326311          1.210693848                    0                    0                    0                    0         -3.268252042        -0.3788937759                    0                    0                    0                    0                    0                    0                    0                    0                    0                    0                    0                    0                    0                    0                    0                    0
  "BR.QFO51"                            148         "quadrupole"            44.411582          6.838933278          2.000493848          8.604341732         -3.721702093          1.173111015          1.221725421                    0                    0                    0                    0         -3.156058915          0.817605928                    0                    0                    0                    0                    0                    0         0.3667408638                    0                    0                    0                    0                    0                    0                    0                    0                    0
  "DRIFT_61"                            149              "drift"            44.737806          5.611551877          1.761894576          11.21624302         -4.284763679           1.18149598          1.227011496                    0                    0                    0                    0         -2.889336239          0.817605928                    0                    0                    0                    0                    0                    0                    0                    0                    0                    0                    0                    0                    0                    0                    0                    0
  "BR3.BPM5L3"                          150            "monitor"            44.737806          5.611551877          1.761894576          11.21624302         -4.284763679           1.18149598          1.227011496                    0                    0                    0                    0         -2.889336239          0.817605928                    0                    0                    0                    0                    0                    0                    0                    0                    0                    0                    0                    0                    0                    0                    0                    0
  "BR3.ONOH0.5L3"                       151          "multipole"            44.737806          5.611551877          1.761894576          11.21624302         -4.284763679           1.18149598          1.227011496                    0                    0                    0                    0         -2.889336239          0.817605928                    0                    0                    0                    0                    0                    0                    0                    0                    0                    0                    0                    0                    0                    0                    0                    0
  "BR3.QSKH0.5L3"                       152          "multipole"            44.737806          5.611551877          1.761894576          11.21624302         -4.284763679           1.18149598          1.227011496                    0                    0                    0                    0         -2.889336239          0.817605928                    0                    0                    0                    0                    0                    0                    0                    0                    0                    0                    0                    0                    0                    0                    0                    0
  "BR3.XNOH0.5L3"                       153          "multipole"            44.737806          5.611551877          1.761894576          11.21624302         -4.284763679           1.18149598          1.227011496                    0                    0                    0                    0         -2.889336239          0.817605928                    0                    0                    0                    0                    0                    0                    0                    0                    0                    0                    0                    0                    0                    0                    0                    0
  "DRIFT_62"                            154              "drift"            45.065327          4.535893896          1.522346682          14.20809088         -4.850063883          1.191835298          1.231141177                    0                    0                    0                    0         -2.621553128          0.817605928                    0                    0                    0                    0                    0                    0                    0                    0                    0                    0                    0                    0                    0                    0                    0                    0
  "BR.QDE5"                             155         "quadrupole"            45.944267          4.536076002         -1.522592093          14.20931046          4.848952703          1.225973731          1.240075439                    0                    0                    0                    0          -2.62162638        -0.8177805117                    0                    0                    0                    0                    0                    0        -0.6533869961                    0                    0                    0                    0                    0                    0                    0                    0                    0
  "DRIFT_63"                            156              "drift"            46.110806          5.063507158         -1.644420772          12.64207678          4.561657905          1.231505418          1.242053098                    0                    0                    0                    0         -2.757818728        -0.8177805117                    0                    0                    0                    0                    0                    0                    0                    0                    0                    0                    0                    0                    0                    0                    0                    0
  "BR3.DHZ5L4"                          157            "hkicker"            46.110806          5.063507158         -1.644420772          12.64207678          4.561657905          1.231505418          1.242053098                    0                    0                    0                    0         -2.757818728        -0.8177805117                    0                    0                    0                    0                    0                    0                    0                    0                    0                    0                    0                    0                    0                    0                    0                    0
  "BR3.DVT5L4"                          158            "vkicker"            46.110806          5.063507158         -1.644420772          12.64207678          4.561657905          1.231505418          1.242053098                    0                    0                    0                    0         -2.757818728        -0.8177805117                    0                    0                    0                    0                    0                    0                    0                    0                    0                    0                    0                    0                    0                    0                    0                    0
  "DRIFT_64"                            159              "drift"            46.599012            6.8434965         -2.001559292          8.599186059          3.719458516          1.244720128          1.249508039                    0                    0                    0                    0         -3.157064081        -0.8177805117                    0                    0                    0                    0                    0                    0                    0                    0                    0                    0                    0                    0                    0                    0                    0                    0
  "BR.QFO52"                            160         "quadrupole"            47.102582          7.606582488         0.5806609734          6.527976037         0.6437299021          1.255497859          1.260546194                    0                    0                    0                    0         -3.269251044         0.3790924596                    0                    0                    0                    0                    0                    0         0.3667408638                    0                    0                    0                    0                    0                    0                    0                    0                    0
  "DRIFT_65"                            161              "drift"            47.469799          7.203830421         0.5161076059           6.08441591         0.5641665912          1.263396359           1.26982496                    0                    0                    0                    0         -3.130041849         0.3790924596                    0                    0                    0                    0                    0                    0                    0                    0                    0                    0                    0                    0                    0                    0                    0                    0
  "BR.STSCRAP52"                        162         "collimator"            47.469799          7.203830421         0.5161076059           6.08441591         0.5641665912          1.263396359           1.26982496                    0                    0                    0                    0         -3.130041849         0.3790924596                    0                    0                    0                    0                    0                    0                    0                    0                    0                    0                    0                    0                    0                    0                    0                    0
  "DRIFT_66"                            163              "drift"            47.469804           7.20382526         0.5161067269          6.084410269         0.5641655079           1.26339647          1.269825091                    0                    0                    0                    0         -3.130039953         0.3790924596                    0                    0                    0                    0                    0                    0                    0                    0                    0                    0                    0                    0                    0                    0                    0                    0
  "BR.BHZ52"                            164              "sbend"              49.0875          5.998878815         0.2335544106          4.637080822         0.3139896061          1.302709049          1.319078915                    0                    0                    0                    0         -2.825298415      9.931115827e-05                    0                    0                    0                    0                    0                    0                    0                    0                    0                    0                    0                    0                    0                    0                    0                    0
  "DRIFT_67"                            165              "drift"              49.4575           5.85011431         0.1685118173          4.437162043         0.2263314176          1.312655941          1.332075512                    0                    0                    0                    0          -2.82526167      9.931115827e-05                    0                    0                    0                    0                    0                    0                    0                    0                    0                    0                    0                    0                    0                    0                    0                    0
  "BR3.ONO6L1"                          166          "multipole"              49.4575           5.85011431         0.1685118173          4.437162043         0.2263314176          1.312655941          1.332075512                    0                    0                    0                    0          -2.82526167      9.931115827e-05                    0                    0                    0                    0                    0                    0                    0                    0                    0                    0                    0                    0                    0                    0                    0                    0
  "BR3.OSK6L1"                          167          "multipole"              49.4575           5.85011431         0.1685118173          4.437162043         0.2263314176          1.312655941          1.332075512                    0                    0                    0                    0          -2.82526167      9.931115827e-05                    0                    0                    0                    0                    0                    0                    0                    0                    0                    0                    0                    0                    0                    0                    0                    0
  "BR3.XNO6L1"                          168          "multipole"              49.4575           5.85011431         0.1685118173          4.437162043         0.2263314176          1.312655941          1.332075512                    0                    0                    0                    0          -2.82526167      9.931115827e-05                    0                    0                    0                    0                    0                    0                    0                    0                    0                    0                    0                    0                    0                    0                    0                    0
  "BR3.XSK6L1"                          169          "multipole"              49.4575           5.85011431         0.1685118173          4.437162043         0.2263314176          1.312655941          1.332075512                    0                    0                    0                    0          -2.82526167      9.931115827e-05                    0                    0                    0                    0                    0                    0                    0                    0                    0                    0                    0                    0                    0                    0                    0                    0
  "DRIFT_68"                            170              "drift"           51.7415015          5.997393122        -0.2329946172          4.639180032        -0.3147805665          1.375658078          1.416036514                    0                    0                    0                    0         -2.825034843      9.931115827e-05                    0                    0                    0                    0                    0                    0                    0                    0                    0                    0                    0                    0                    0                    0                    0                    0
  "BR.BHZ61"                            171              "sbend"           53.3591975          7.200540031        -0.5155469335          6.088944408        -0.5648519207          1.414984783          1.465259878                    0                    0                    0                    0         -3.129457131        -0.3788938373                    0                    0                    0                    0                    0                    0                    0                    0                    0                    0                    0                    0                    0                    0                    0                    0
  "DRIFT_69"                            172              "drift"              53.3592          7.200542609         -0.515547373          6.088947232        -0.5648524623          1.414984839          1.465259943                    0                    0                    0                    0         -3.129458078        -0.3788938373                    0                    0                    0                    0                    0                    0                    0                    0                    0                    0                    0                    0                    0                    0                    0                    0
  "BR.STSCRAP61"                        173         "collimator"              53.3592          7.200542609         -0.515547373          6.088947232        -0.5648524623          1.414984839          1.465259943                    0                    0                    0                    0         -3.129458078        -0.3788938373                    0                    0                    0                    0                    0                    0                    0                    0                    0                    0                    0                    0                    0                    0                    0                    0
  "DRIFT_70"                            174              "drift"            53.725512          7.601833384        -0.5799416499            6.5318403        -0.6442072123          1.422868121          1.474509627                    0                    0                    0                    0         -3.268251438        -0.3788938373                    0                    0                    0                    0                    0                    0                    0                    0                    0                    0                    0                    0                    0                    0                    0                    0
  "BR.QFO61"                            175         "quadrupole"            54.229082          6.838933278          2.000493848          8.604341947         -3.721702129          1.433652825          1.485541199                    0                    0                    0                    0         -3.156058396         0.8176056574                    0                    0                    0                    0                    0                    0         0.3667408638                    0                    0                    0                    0                    0                    0                    0                    0                    0
  "DRIFT_71"                            176              "drift"            54.555311          5.611534258          1.761890919          11.21628611         -4.284772342          1.442037932          1.490827345                    0                    0                    0                    0          -2.88933172         0.8176056574                    0                    0                    0                    0                    0                    0                    0                    0                    0                    0                    0                    0                    0                    0                    0                    0
  "BR3.BPM6L3"                          177            "monitor"            54.555311          5.611534258          1.761890919          11.21628611         -4.284772342          1.442037932          1.490827345                    0                    0                    0                    0          -2.88933172         0.8176056574                    0                    0                    0                    0                    0                    0                    0                    0                    0                    0                    0                    0                    0                    0                    0                    0
  "BR3.ONOH0.6L3"                       178          "multipole"            54.555311          5.611534258          1.761890919          11.21628611         -4.284772342          1.442037932          1.490827345                    0                    0                    0                    0          -2.88933172         0.8176056574                    0                    0                    0                    0                    0                    0                    0                    0                    0                    0                    0                    0                    0                    0                    0                    0
  "BR3.QSK6L3"                          179          "multipole"            54.555311          5.611534258          1.761890919          11.21628611         -4.284772342          1.442037932          1.490827345                    0                    0                    0                    0          -2.88933172         0.8176056574                    0                    0                    0                    0                    0                    0                    0                    0                    0                    0                    0                    0                    0                    0                    0                    0
  "BR3.XNOH0.6L3"                       180          "multipole"            54.555311          5.611534258          1.761890919          11.21628611         -4.284772342          1.442037932          1.490827345                    0                    0                    0                    0          -2.88933172         0.8176056574                    0                    0                    0                    0                    0                    0                    0                    0                    0                    0                    0                    0                    0                    0                    0                    0
  "DRIFT_72"                            181              "drift"            54.882827          4.535893896          1.522346682          14.20809114         -4.850063912          1.452377108          1.494956955                    0                    0                    0                    0         -2.621552786         0.8176056574                    0                    0                    0                    0                    0                    0                    0                    0                    0                    0                    0                    0                    0                    0                    0                    0
  "BR.QDE6"                             182         "quadrupole"            55.761767          4.536076002         -1.522592093          14.20931062          4.848952819          1.486515541          1.503891217                    0                    0                    0                    0         -2.621626196        -0.8177806182                    0                    0                    0                    0                    0                    0        -0.6533869961                    0                    0                    0                    0                    0                    0                    0                    0                    0
  "DRIFT_73"                            183              "drift"            56.089311           5.61199032          -1.76220115          11.21789625          4.283909853          1.496854973          1.508020706                    0                    0                    0                    0          -2.88948533        -0.8177806182                    0                    0                    0                    0                    0                    0                    0                    0                    0                    0                    0                    0                    0                    0                    0                    0
  "BR3.DHZ6L4"                          184            "hkicker"            56.089311           5.61199032          -1.76220115          11.21789625          4.283909853          1.496854973          1.508020706                    0                    0                    0                    0          -2.88948533        -0.8177806182                    0                    0                    0                    0                    0                    0                    0                    0                    0                    0                    0                    0                    0                    0                    0                    0
  "BR3.DVT6L4"                          185            "vkicker"            56.089311           5.61199032          -1.76220115          11.21789625          4.283909853          1.496854973          1.508020706                    0                    0                    0                    0          -2.88948533        -0.8177806182                    0                    0                    0                    0                    0                    0                    0                    0                    0                    0                    0                    0                    0                    0                    0                    0
  "BR3.OSK6L4"                          186          "multipole"            56.089311           5.61199032          -1.76220115          11.21789625          4.283909853          1.496854973          1.508020706                    0                    0                    0                    0          -2.88948533        -0.8177806182                    0                    0                    0                    0                    0                    0                    0                    0                    0                    0                    0                    0                    0                    0                    0                    0
  "BR3.XSK6L4"                          187          "multipole"            56.089311           5.61199032          -1.76220115          11.21789625          4.283909853          1.496854973          1.508020706                    0                    0                    0                    0          -2.88948533        -0.8177806182                    0                    0                    0                    0                    0                    0                    0                    0                    0                    0                    0                    0                    0                    0                    0                    0
  "DRIFT_74"                            188              "drift"            56.416512            6.8434965         -2.001559292          8.599186094          3.719458593          1.505261938          1.513323817                    0                    0                    0                    0         -3.157063966        -0.8177806182                    0                    0                    0                    0                    0                    0                    0                    0                    0                    0                    0                    0                    0                    0                    0                    0
  "BR.QFO62"                            189         "quadrupole"            56.920082          7.606582488         0.5806609734          6.527976008         0.6437299607          1.516039668          1.524361972                    0                    0                    0                    0         -3.269250992         0.3790923222                    0                    0                    0                    0                    0                    0         0.3667408638                    0                    0                    0                    0                    0                    0                    0                    0                    0
  "DRIFT_75"                            190              "drift"              57.2873          7.203829389         0.5161074301          6.084414712         0.5641664286          1.523938191          1.533640764                    0                    0                    0                    0         -3.130041468         0.3790923222                    0                    0                    0                    0                    0                    0                    0                    0                    0                    0                    0                    0                    0                    0                    0                    0
  "BR.STSCRAP62"                        191         "collimator"              57.2873          7.203829389         0.5161074301          6.084414712         0.5641664286          1.523938191          1.533640764                    0                    0                    0                    0         -3.130041468         0.3790923222                    0                    0                    0                    0                    0                    0                    0                    0                    0                    0                    0                    0                    0                    0                    0                    0
  "DRIFT_76"                            192              "drift"           57.2873045          7.203824744          0.516106639          6.084409634         0.5641654536          1.523938291          1.533640882                    0                    0                    0                    0         -3.130039762         0.3790923222                    0                    0                    0                    0                    0                    0                    0                    0                    0                    0                    0                    0                    0                    0                    0                    0
  "BR.BHZ62"                            193              "sbend"           58.9050005          5.998878581         0.2335543227          4.637080416         0.3139895218          1.563250872          1.582894711                    0                    0                    0                    0         -2.825298445      9.917370829e-05                    0                    0                    0                    0                    0                    0                    0                    0                    0                    0                    0                    0                    0                    0                    0                    0
  "DRIFT_77"                            194              "drift"            59.156261          5.892610625         0.1893850402          4.494250906         0.2544623836          1.569978854          1.591658923                    0                    0                    0                    0         -2.825273526      9.917370829e-05                    0                    0                    0                    0                    0                    0                    0                    0                    0                    0                    0                    0                    0                    0                    0                    0
  "BR3.ACWF7L1.1"                       195           "rfcavity"            60.099261          5.691752226         0.0236143226          4.225010417        0.03105245105          1.596009984          1.626375653                    0                    0                    0                    0         -2.825180006      9.917370829e-05                    0                    0                    0                    0                    0                    0                    0                    0                    0                    0                    0                    0                    0                    0                    0                    0
  "DRIFT_78"                            196              "drift"            60.210761          5.688671707       0.004013649202          4.221031095       0.004636536437          1.599128833          1.630578295                    0                    0                    0                    0         -2.825168948      9.917370829e-05                    0                    0                    0                    0                    0                    0                    0                    0                    0                    0                    0                    0                    0                    0                    0                    0
  "BR3.ACWF7L1.2"                       197           "rfcavity"            61.153761          5.837423752        -0.1617570684          4.422962153        -0.2187733961          1.625290982          1.665595013                    0                    0                    0                    0         -2.825075427      9.917370829e-05                    0                    0                    0                    0                    0                    0                    0                    0                    0                    0                    0                    0                    0                    0                    0                    0
  "DRIFT_79"                            198              "drift"           61.5590015          5.997393122        -0.2329946172          4.639179824        -0.3147805571          1.636199888          1.679852296                    0                    0                    0                    0         -2.825035238      9.917370829e-05                    0                    0                    0                    0                    0                    0                    0                    0                    0                    0                    0                    0                    0                    0                    0                    0
  "BR.BHZ71"                            199              "sbend"           63.1766975          7.200540031        -0.5155469335          6.088944203        -0.5648519314          1.675526593          1.729075662                    0                    0                    0                    0         -3.129457747        -0.3788939748                    0                    0                    0                    0                    0                    0                    0                    0                    0                    0                    0                    0                    0                    0                    0                    0
  "DRIFT_80"                            200              "drift"              63.1767          7.200542609         -0.515547373          6.088947027         -0.564852473          1.675526649          1.729075727                    0                    0                    0                    0         -3.129458694        -0.3788939748                    0                    0                    0                    0                    0                    0                    0                    0                    0                    0                    0                    0                    0                    0                    0                    0
  "BR.STSCRAP71"                        201         "collimator"              63.1767          7.200542609         -0.515547373          6.088947027         -0.564852473          1.675526649          1.729075727                    0                    0                    0                    0         -3.129458694        -0.3788939748                    0                    0                    0                    0                    0                    0                    0                    0                    0                    0                    0                    0                    0                    0                    0                    0
  "DRIFT_81"                            202              "drift"            63.543012          7.601833384        -0.5799416499          6.531840103        -0.6442072264          1.683409931          1.738325412                    0                    0                    0                    0         -3.268252104        -0.3788939748                    0                    0                    0                    0                    0                    0                    0                    0                    0                    0                    0                    0                    0                    0                    0                    0
  "BR.QFO71"                            203         "quadrupole"            64.046582          6.838933278          2.000493848           8.60434173         -3.721702073          1.694194634          1.749356984                    0                    0                    0                    0         -3.156059069         0.8176057692                    0                    0                    0                    0                    0                    0         0.3667408638                    0                    0                    0                    0                    0                    0                    0                    0                    0
  "DRIFT_82"                            204              "drift"            64.372816          5.611516639          1.761887262           11.2163287         -4.284780914          1.702579884          1.754643201                    0                    0                    0                    0         -2.889328268         0.8176057692                    0                    0                    0                    0                    0                    0                    0                    0                    0                    0                    0                    0                    0                    0                    0                    0
  "BR3.BPM7L3"                          205            "monitor"            64.372816          5.611516639          1.761887262           11.2163287         -4.284780914          1.702579884          1.754643201                    0                    0                    0                    0         -2.889328268         0.8176057692                    0                    0                    0                    0                    0                    0                    0                    0                    0                    0                    0                    0                    0                    0                    0                    0
  "BR3.ONOH0.7L3"                       206          "multipole"            64.372816          5.611516639          1.761887262           11.2163287         -4.284780914          1.702579884          1.754643201                    0                    0                    0                    0         -2.889328268         0.8176057692                    0                    0                    0                    0                    0                    0                    0                    0                    0                    0                    0                    0                    0                    0                    0                    0
  "BR3.QSKH0.7L3"                       207          "multipole"            64.372816          5.611516639          1.761887262           11.2163287         -4.284780914          1.702579884          1.754643201                    0                    0                    0                    0         -2.889328268         0.8176057692                    0                    0                    0                    0                    0                    0                    0                    0                    0                    0                    0                    0                    0                    0                    0                    0
  "BR3.XNOH0.7L3"                       208          "multipole"            64.372816          5.611516639          1.761887262           11.2163287         -4.284780914          1.702579884          1.754643201                    0                    0                    0                    0         -2.889328268         0.8176057692                    0                    0                    0                    0                    0                    0                    0                    0                    0                    0                    0                    0                    0                    0                    0                    0
  "DRIFT_83"                            209              "drift"            64.700327          4.535893896          1.522346682          14.20809085         -4.850063852          1.712918918           1.75877274                    0                    0                    0                    0         -2.621553385         0.8176057692                    0                    0                    0                    0                    0                    0                    0                    0                    0                    0                    0                    0                    0                    0                    0                    0
  "BR.QDE7"                             210         "quadrupole"            65.579267          4.536076002         -1.522592093           14.2093104          4.848952699           1.74705735          1.767707002                    0                    0                    0                    0         -2.621626867        -0.8177809029                    0                    0                    0                    0                    0                    0        -0.6533869961                    0                    0                    0                    0                    0                    0                    0                    0                    0
  "DRIFT_84"                            211              "drift"            65.906816          5.612007942         -1.762204808          11.21785326          4.283901125          1.757396924          1.771836562                    0                    0                    0                    0         -2.889490184        -0.8177809029                    0                    0                    0                    0                    0                    0                    0                    0                    0                    0                    0                    0                    0                    0                    0                    0
  "BR3.DSHAH7L4"                        212            "hkicker"            65.906816          5.612007942         -1.762204808          11.21785326          4.283901125          1.757396924          1.771836562                    0                    0                    0                    0         -2.889490184        -0.8177809029                    0                    0                    0                    0                    0                    0                    0                    0                    0                    0                    0                    0                    0                    0                    0                    0
  "BR3.DSHAV7L4"                        213            "vkicker"            65.906816          5.612007942         -1.762204808          11.21785326          4.283901125          1.757396924          1.771836562                    0                    0                    0                    0         -2.889490184        -0.8177809029                    0                    0                    0                    0                    0                    0                    0                    0                    0                    0                    0                    0                    0                    0                    0                    0
  "DRIFT_85"                            214              "drift"            66.234012            6.8434965         -2.001559292          8.599186001          3.719458509          1.765803748          1.777139602                    0                    0                    0                    0         -3.157064825        -0.8177809029                    0                    0                    0                    0                    0                    0                    0                    0                    0                    0                    0                    0                    0                    0                    0                    0
  "BR.QFO72"                            215         "quadrupole"            66.737582          7.606582488         0.5806609734          6.527975977         0.6437299129          1.776581478          1.788177757                    0                    0                    0                    0         -3.269251912         0.3790923685                    0                    0                    0                    0                    0                    0         0.3667408638                    0                    0                    0                    0                    0                    0                    0                    0                    0
  "DRIFT_86"                            216              "drift"              67.1048          7.203829389         0.5161074301          6.084414715         0.5641663838          1.784480001           1.79745655                    0                    0                    0                    0          -3.13004237         0.3790923685                    0                    0                    0                    0                    0                    0                    0                    0                    0                    0                    0                    0                    0                    0                    0                    0
  "BR.STSCRAP72"                        217         "collimator"              67.1048          7.203829389         0.5161074301          6.084414715         0.5641663838          1.784480001           1.79745655                    0                    0                    0                    0          -3.13004237         0.3790923685                    0                    0                    0                    0                    0                    0                    0                    0                    0                    0                    0                    0                    0                    0                    0                    0
  "DRIFT_87"                            218              "drift"           67.1048045          7.203824744          0.516106639          6.084409637         0.5641654089          1.784480101          1.797456667                    0                    0                    0                    0         -3.130040664         0.3790923685                    0                    0                    0                    0                    0                    0                    0                    0                    0                    0                    0                    0                    0                    0                    0                    0
  "BR.BHZ72"                            219              "sbend"           68.7225005          5.998878581         0.2335543227          4.637080539         0.3139894938          1.823792682          1.846710496                    0                    0                    0                    0         -2.825299273      9.922008778e-05                    0                    0                    0                    0                    0                    0                    0                    0                    0                    0                    0                    0                    0                    0                    0                    0
  "DRIFT_88"                            220              "drift"             69.08625          5.852227575         0.1696105097          4.440000467         0.2278121366          1.833569557          1.859482969                    0                    0                    0                    0         -2.825263181      9.922008778e-05                    0                    0                    0                    0                    0                    0                    0                    0                    0                    0                    0                    0                    0                    0                    0                    0
  "BR3.ONO8L1"                          221          "multipole"             69.08625          5.852227575         0.1696105097          4.440000467         0.2278121366          1.833569557          1.859482969                    0                    0                    0                    0         -2.825263181      9.922008778e-05                    0                    0                    0                    0                    0                    0                    0                    0                    0                    0                    0                    0                    0                    0                    0                    0
  "BR3.QNO8L1"                          222          "multipole"             69.08625          5.852227575         0.1696105097          4.440000467         0.2278121366          1.833569557          1.859482969                    0                    0                    0                    0         -2.825263181      9.922008778e-05                    0                    0                    0                    0                    0                    0                    0                    0                    0                    0                    0                    0                    0                    0                    0                    0
  "BR3.XNO8L1"                          223          "multipole"             69.08625          5.852227575         0.1696105097          4.440000467         0.2278121366          1.833569557          1.859482969                    0                    0                    0                    0         -2.825263181      9.922008778e-05                    0                    0                    0                    0                    0                    0                    0                    0                    0                    0                    0                    0                    0                    0                    0                    0
  "DRIFT_89"                            224              "drift"             69.59625           5.72494804        0.07995720539          4.269253424         0.1069859853          1.847610862          1.878169172                    0                    0                    0                    0         -2.825212579      9.922008778e-05                    0                    0                    0                    0                    0                    0                    0                    0                    0                    0                    0                    0                    0                    0                    0                    0
  "BR3.DHZ8L1"                          225            "hkicker"             69.59625           5.72494804        0.07995720539          4.269253424         0.1069859853          1.847610862          1.878169172                    0                    0                    0                    0         -2.825212579      9.922008778e-05                    0                    0                    0                    0                    0                    0                    0                    0                    0                    0                    0                    0                    0                    0                    0                    0
  "BR3.DVT8L1"                          226            "vkicker"             69.59625           5.72494804        0.07995720539          4.269253424         0.1069859853          1.847610862          1.878169172                    0                    0                    0                    0         -2.825212579      9.922008778e-05                    0                    0                    0                    0                    0                    0                    0                    0                    0                    0                    0                    0                    0                    0                    0                    0
  "DRIFT_90"                            227              "drift"             69.94025          5.690739862        0.01948517267          4.223682524        0.02548756158          1.857208662          1.891076404                    0                    0                    0                    0         -2.825178447      9.922008778e-05                    0                    0                    0                    0                    0                    0                    0                    0                    0                    0                    0                    0                    0                    0                    0                    0
  "BR3.BCTI8L1"                         228            "monitor"             70.46955          5.719362141       -0.07356089396          4.263074866       -0.09991103042          1.871995962          1.910980737                    0                    0                    0                    0          -2.82512593      9.922008778e-05                    0                    0                    0                    0                    0                    0                    0                    0                    0                    0                    0                    0                    0                    0                    0                    0
  "DRIFT_91"                            229              "drift"            70.565273          5.735055832       -0.09038811602          4.284373251        -0.1225891514          1.874656161          1.914545803                    0                    0                    0                    0         -2.825116433      9.922008778e-05                    0                    0                    0                    0                    0                    0                    0                    0                    0                    0                    0                    0                    0                    0                    0                    0
  "BR3.BCW8L1"                          230            "monitor"            70.905773          5.816991368         -0.150244881          4.395324334         -0.203258376          1.884044118          1.927046804                    0                    0                    0                    0         -2.825082648      9.922008778e-05                    0                    0                    0                    0                    0                    0                    0                    0                    0                    0                    0                    0                    0                    0                    0                    0
  "DRIFT_92"                            231              "drift"            71.041223          5.860917887        -0.1740557439           4.45473362        -0.2353483803          1.887736495          1.931919403                    0                    0                    0                    0         -2.825069209      9.922008778e-05                    0                    0                    0                    0                    0                    0                    0                    0                    0                    0                    0                    0                    0                    0                    0                    0
  "BR3.VVS8L1"                          232             "marker"            71.041223          5.860917887        -0.1740557439           4.45473362        -0.2353483803          1.887736495          1.931919403                    0                    0                    0                    0         -2.825069209      9.922008778e-05                    0                    0                    0                    0                    0                    0                    0                    0                    0                    0                    0                    0                    0                    0                    0                    0
  "DRIFT_93"                            233              "drift"            71.188223          5.915888939        -0.1998969904          4.529045518        -0.2701747416          1.891710146           1.93712896                    0                    0                    0                    0         -2.825054623      9.922008778e-05                    0                    0                    0                    0                    0                    0                    0                    0                    0                    0                    0                    0                    0                    0                    0                    0
  "BR3.BPP8L1"                          234            "monitor"            71.188223          5.915888939        -0.1998969904          4.529045518        -0.2701747416          1.891710146           1.93712896                    0                    0                    0                    0         -2.825054623      9.922008778e-05                    0                    0                    0                    0                    0                    0                    0                    0                    0                    0                    0                    0                    0                    0                    0                    0
  "DRIFT_94"                            235              "drift"            71.376501          5.997392889        -0.2329945293           4.63917971        -0.3147804399          1.896741685           1.94366806                    0                    0                    0                    0         -2.825035942      9.922008778e-05                    0                    0                    0                    0                    0                    0                    0                    0                    0                    0                    0                    0                    0                    0                    0                    0
  "BR.BHZ81"                            236              "sbend"            72.994197          7.200539516        -0.5155468456          6.088943694        -0.5648518093          1.936068392          1.992891428                    0                    0                    0                    0         -3.129458377        -0.3788939284                    0                    0                    0                    0                    0                    0                    0                    0                    0                    0                    0                    0                    0                    0                    0                    0
  "DRIFT_95"                            237              "drift"           72.9941995          7.200542093        -0.5155472851          6.088946519        -0.5648523509          1.936068447          1.992891494                    0                    0                    0                    0         -3.129459324        -0.3788939284                    0                    0                    0                    0                    0                    0                    0                    0                    0                    0                    0                    0                    0                    0                    0                    0
  "BR.STSCRAP81"                        238         "collimator"           72.9941995          7.200542093        -0.5155472851          6.088946519        -0.5648523509          1.936068447          1.992891494                    0                    0                    0                    0         -3.129459324        -0.3788939284                    0                    0                    0                    0                    0                    0                    0                    0                    0                    0                    0                    0                    0                    0                    0                    0
  "DRIFT_96"                            239              "drift"            73.360512          7.601833384        -0.5799416499          6.531840149         -0.644207211          1.943951741          2.002141191                    0                    0                    0                    0         -3.268252906        -0.3788939284                    0                    0                    0                    0                    0                    0                    0                    0                    0                    0                    0                    0                    0                    0                    0                    0
  "BR.QFO81"                            240         "quadrupole"            73.864082          6.838933278          2.000493848          8.604341767         -3.721702067          1.954736444          2.013172763                    0                    0                    0                    0         -3.156059776         0.8176060967                    0                    0                    0                    0                    0                    0         0.3667408638                    0                    0                    0                    0                    0                    0                    0                    0                    0
  "DRIFT_97"                            241              "drift"            74.190321           5.61149902          1.761883605          11.21637158         -4.284789535          1.963121835          2.018459052                    0                    0                    0                    0          -2.88932478         0.8176060967                    0                    0                    0                    0                    0                    0                    0                    0                    0                    0                    0                    0                    0                    0                    0                    0
  "BR3.BPM8L3"                          242            "monitor"            74.190321           5.61149902          1.761883605          11.21637158         -4.284789535          1.963121835          2.018459052                    0                    0                    0                    0          -2.88932478         0.8176060967                    0                    0                    0                    0                    0                    0                    0                    0                    0                    0                    0                    0                    0                    0                    0                    0
  "BR3.ONOH0.8L3"                       243          "multipole"            74.190321           5.61149902          1.761883605          11.21637158         -4.284789535          1.963121835          2.018459052                    0                    0                    0                    0          -2.88932478         0.8176060967                    0                    0                    0                    0                    0                    0                    0                    0                    0                    0                    0                    0                    0                    0                    0                    0
  "BR3.QNO8L3"                          244          "multipole"            74.190321           5.61149902          1.761883605          11.21637158         -4.284789535          1.963121835          2.018459052                    0                    0                    0                    0          -2.88932478         0.8176060967                    0                    0                    0                    0                    0                    0                    0                    0                    0                    0                    0                    0                    0                    0                    0                    0
  "BR3.XNOH0.8L3"                       245          "multipole"            74.190321           5.61149902          1.761883605          11.21637158         -4.284789535          1.963121835          2.018459052                    0                    0                    0                    0          -2.88932478         0.8176060967                    0                    0                    0                    0                    0                    0                    0                    0                    0                    0                    0                    0                    0                    0                    0                    0
  "DRIFT_98"                            246              "drift"            74.517827          4.535893896          1.522346682          14.20809087          -4.85006384          1.973460727          2.022588519                    0                    0                    0                    0         -2.621553878         0.8176060967                    0                    0                    0                    0                    0                    0                    0                    0                    0                    0                    0                    0                    0                    0                    0                    0
  "BR.QDE8"                             247         "quadrupole"            75.396767          4.536076002         -1.522592093          14.20931039          4.848952717           2.00759916          2.031522782                    0                    0                    0                    0         -2.621627193        -0.8177808305                    0                    0                    0                    0                    0                    0        -0.6533869961                    0                    0                    0                    0                    0                    0                    0                    0                    0
  "DRIFT_99"                            248              "drift"            75.693797          5.505127841          -1.73987917          11.48094076          4.336549168          2.017064858          2.035224338                    0                    0                    0                    0         -2.864532633        -0.8177808305                    0                    0                    0                    0                    0                    0                    0                    0                    0                    0                    0                    0                    0                    0                    0                    0
  "BR3.TSAA8L4"                         249         "collimator"            75.693797          5.505127841          -1.73987917          11.48094076          4.336549168          2.017064858          2.035224338                    0                    0                    0                    0         -2.864532633        -0.8177808305                    0                    0                    0                    0                    0                    0                    0                    0                    0                    0                    0                    0                    0                    0                    0                    0
  "DRIFT_100"                           250              "drift"            75.865797          6.125287931         -1.865702747          10.04020292          4.039833649          2.021779679          2.037774144                    0                    0                    0                    0         -3.005190935        -0.8177808305                    0                    0                    0                    0                    0                    0                    0                    0                    0                    0                    0                    0                    0                    0                    0                    0
  "BR3.TSAB8L4"                         251         "collimator"            75.865797          6.125287931         -1.865702747          10.04020292          4.039833649          2.021779679          2.037774144                    0                    0                    0                    0         -3.005190935        -0.8177808305                    0                    0                    0                    0                    0                    0                    0                    0                    0                    0                    0                    0                    0                    0                    0                    0
  "DRIFT_101"                           252              "drift"            76.051512            6.8434965         -2.001559292          8.599185974          3.719458518          2.026345558          2.040955382                    0                    0                    0                    0         -3.157065102        -0.8177808305                    0                    0                    0                    0                    0                    0                    0                    0                    0                    0                    0                    0                    0                    0                    0                    0
  "BR.QFO82"                            253         "quadrupole"            76.555082          7.606582488         0.5806609734          6.527975938         0.6437299293          2.037123288          2.051993537                    0                    0                    0                    0         -3.269252129         0.3790925331                    0                    0                    0                    0                    0                    0         0.3667408638                    0                    0                    0                    0                    0                    0                    0                    0                    0
  "DRIFT_102"                           254              "drift"              76.9223          7.203829389         0.5161074301          6.084414664         0.5641663986          2.045021811          2.061272329                    0                    0                    0                    0         -3.130042527         0.3790925331                    0                    0                    0                    0                    0                    0                    0                    0                    0                    0                    0                    0                    0                    0                    0                    0
  "BR.STSCRAP82"                        255         "collimator"              76.9223          7.203829389         0.5161074301          6.084414664         0.5641663986          2.045021811          2.061272329                    0                    0                    0                    0         -3.130042527         0.3790925331                    0                    0                    0                    0                    0                    0                    0                    0                    0                    0                    0                    0                    0                    0                    0                    0
  "DRIFT_103"                           256              "drift"           76.9223045          7.203824744          0.516106639          6.084409587         0.5641654236           2.04502191          2.061272447                    0                    0                    0                    0         -3.130040821         0.3790925331                    0                    0                    0                    0                    0                    0                    0                    0                    0                    0                    0                    0                    0                    0                    0                    0
  "BR.BHZ82"                            257              "sbend"           78.5400005          5.998878581         0.2335543227          4.637080455         0.3139894991          2.084334492          2.110526276                    0                    0                    0                    0         -2.825299165      9.938463695e-05                    0                    0                    0                    0                    0                    0                    0                    0                    0                    0                    0                    0                    0                    0                    0                    0
  "DRIFT_104"                           258              "drift"               78.924          5.845430434         0.1660507462          4.430871137         0.2230146311            2.0946624          2.124025374                    0                    0                    0                    0         -2.825261001      9.938463695e-05                    0                    0                    0                    0                    0                    0                    0                    0                    0                    0                    0                    0                    0                    0                    0                    0
  "BR3.DHZ9L1"                          259            "hkicker"               78.924          5.845430434         0.1660507462          4.430871137         0.2230146311            2.0946624          2.124025374                    0                    0                    0                    0         -2.825261001      9.938463695e-05                    0                    0                    0                    0                    0                    0                    0                    0                    0                    0                    0                    0                    0                    0                    0                    0
  "BR3.DVT9L1"                          260            "vkicker"               78.924          5.845430434         0.1660507462          4.430871137         0.2230146311            2.0946624          2.124025374                    0                    0                    0                    0         -2.825261001      9.938463695e-05                    0                    0                    0                    0                    0                    0                    0                    0                    0                    0                    0                    0                    0                    0                    0                    0
  "DRIFT_105"                           261              "drift"              79.4089           5.72572776        0.08080979073          4.270296672         0.1081350193           2.10801785           2.14180417                    0                    0                    0                    0         -2.825212809      9.938463695e-05                    0                    0                    0                    0                    0                    0                    0                    0                    0                    0                    0                    0                    0                    0                    0                    0
  "BR3.BCTDC9L1"                        262            "monitor"              79.7289          5.692010471        0.02455673704          4.225350256        0.03232253051            2.1169437          2.153805279                    0                    0                    0                    0         -2.825181006      9.938463695e-05                    0                    0                    0                    0                    0                    0                    0                    0                    0                    0                    0                    0                    0                    0                    0                    0
  "DRIFT_106"                           263              "drift"               80.634           5.79156674        -0.1345515095          4.360921406        -0.1821083556          2.142137935          2.187617055                    0                    0                    0                    0         -2.825091053      9.938463695e-05                    0                    0                    0                    0                    0                    0                    0                    0                    0                    0                    0                    0                    0                    0                    0                    0
  "BR3.ONO9L1"                          264          "multipole"               80.634           5.79156674        -0.1345515095          4.360921406        -0.1821083556          2.142137935          2.187617055                    0                    0                    0                    0         -2.825091053      9.938463695e-05                    0                    0                    0                    0                    0                    0                    0                    0                    0                    0                    0                    0                    0                    0                    0                    0
  "BR3.OSK9L1"                          265          "multipole"               80.634           5.79156674        -0.1345515095          4.360921406        -0.1821083556          2.142137935          2.187617055                    0                    0                    0                    0         -2.825091053      9.938463695e-05                    0                    0                    0                    0                    0                    0                    0                    0                    0                    0                    0                    0                    0                    0                    0                    0
  "BR3.XNO9L1"                          266          "multipole"               80.634           5.79156674        -0.1345515095          4.360921406        -0.1821083556          2.142137935          2.187617055                    0                    0                    0                    0         -2.825091053      9.938463695e-05                    0                    0                    0                    0                    0                    0                    0                    0                    0                    0                    0                    0                    0                    0                    0                    0
  "BR3.XSK9L1"                          267          "multipole"               80.634           5.79156674        -0.1345515095          4.360921406        -0.1821083556          2.142137935          2.187617055                    0                    0                    0                    0         -2.825091053      9.938463695e-05                    0                    0                    0                    0                    0                    0                    0                    0                    0                    0                    0                    0                    0                    0                    0                    0
  "DRIFT_107"                           268              "drift"            81.194001          5.997392889        -0.2329945293          4.639179633        -0.3147804478          2.157283495          2.207483842                    0                    0                    0                    0         -2.825035398      9.938463695e-05                    0                    0                    0                    0                    0                    0                    0                    0                    0                    0                    0                    0                    0                    0                    0                    0
  "BR.BHZ91"                            269              "sbend"            82.811697          7.200539516        -0.5155468456          6.088943659        -0.5648518263          2.196610202          2.256707211                    0                    0                    0                    0         -3.129457568        -0.3788937638                    0                    0                    0                    0                    0                    0                    0                    0                    0                    0                    0                    0                    0                    0                    0                    0
  "DRIFT_108"                           270              "drift"           82.8116995          7.200542093        -0.5155472851          6.088946483        -0.5648523679          2.196610257          2.256707277                    0                    0                    0                    0         -3.129458515        -0.3788937638                    0                    0                    0                    0                    0                    0                    0                    0                    0                    0                    0                    0                    0                    0                    0                    0
  "BR.STSCRAP91"                        271         "collimator"           82.8116995          7.200542093        -0.5155472851          6.088946483        -0.5648523679          2.196610257          2.256707277                    0                    0                    0                    0         -3.129458515        -0.3788937638                    0                    0                    0                    0                    0                    0                    0                    0                    0                    0                    0                    0                    0                    0                    0                    0
  "DRIFT_109"                           272              "drift"            83.178012          7.601833384        -0.5799416499          6.531840127        -0.6442072296          2.204493551          2.265956974                    0                    0                    0                    0         -3.268252037        -0.3788937638                    0                    0                    0                    0                    0                    0                    0                    0                    0                    0                    0                    0                    0                    0                    0                    0
  "BR.QFO91"                            273         "quadrupole"            83.681582          6.838933278          2.000493848          8.604341762         -3.721702087          2.215278254          2.276988546                    0                    0                    0                    0         -3.156058905         0.8176059372                    0                    0                    0                    0                    0                    0         0.3667408638                    0                    0                    0                    0                    0                    0                    0                    0                    0
  "DRIFT_110"                           274              "drift"            84.007826          5.611481401          1.761879948          11.21641444         -4.284798189          2.223663787          2.282274906                    0                    0                    0                    0         -2.889319873         0.8176059372                    0                    0                    0                    0                    0                    0                    0                    0                    0                    0                    0                    0                    0                    0                    0                    0
  "BR3.BPM9L3"                          275            "monitor"            84.007826          5.611481401          1.761879948          11.21641444         -4.284798189          2.223663787          2.282274906                    0                    0                    0                    0         -2.889319873         0.8176059372                    0                    0                    0                    0                    0                    0                    0                    0                    0                    0                    0                    0                    0                    0                    0                    0
  "BR3.ONOH0.9L3"                       276          "multipole"            84.007826          5.611481401          1.761879948          11.21641444         -4.284798189          2.223663787          2.282274906                    0                    0                    0                    0         -2.889319873         0.8176059372                    0                    0                    0                    0                    0                    0                    0                    0                    0                    0                    0                    0                    0                    0                    0                    0
  "BR3.QSKH0.9L3"                       277          "multipole"            84.007826          5.611481401          1.761879948          11.21641444         -4.284798189          2.223663787          2.282274906                    0                    0                    0                    0         -2.889319873         0.8176059372                    0                    0                    0                    0                    0                    0                    0                    0                    0                    0                    0                    0                    0                    0                    0                    0
  "BR3.XNOH0.9L3"                       278          "multipole"            84.007826          5.611481401          1.761879948          11.21641444         -4.284798189          2.223663787          2.282274906                    0                    0                    0                    0         -2.889319873         0.8176059372                    0                    0                    0                    0                    0                    0                    0                    0                    0                    0                    0                    0                    0                    0                    0                    0
  "DRIFT_111"                           279              "drift"            84.335327          4.535893896          1.522346682           14.2080909          -4.85006387          2.234002537          2.286404302                    0                    0                    0                    0         -2.621553111         0.8176059372                    0                    0                    0                    0                    0                    0                    0                    0                    0                    0                    0                    0                    0                    0                    0                    0
  "BR.QDE9"                             280         "quadrupole"            85.214267          4.536076002         -1.522592093          14.20931045          4.848952717           2.26814097          2.295338564                    0                    0                    0                    0         -2.621626349         -0.817780488                    0                    0                    0                    0                    0                    0        -0.6533869961                    0                    0                    0                    0                    0                    0                    0                    0                    0
  "DRIFT_112"                           281              "drift"            85.541826          5.612043186         -1.762212123          11.21776762          4.283883891          2.278480828          2.299468266                    0                    0                    0                    0         -2.889497708         -0.817780488                    0                    0                    0                    0                    0                    0                    0                    0                    0                    0                    0                    0                    0                    0                    0                    0
  "BR3.DSHAH9L4"                        282            "hkicker"            85.541826          5.612043186         -1.762212123          11.21776762          4.283883891          2.278480828          2.299468266                    0                    0                    0                    0         -2.889497708         -0.817780488                    0                    0                    0                    0                    0                    0                    0                    0                    0                    0                    0                    0                    0                    0                    0                    0
  "BR3.DSHAV9L4"                        283            "vkicker"            85.541826          5.612043186         -1.762212123          11.21776762          4.283883891          2.278480828          2.299468266                    0                    0                    0                    0         -2.889497708         -0.817780488                    0                    0                    0                    0                    0                    0                    0                    0                    0                    0                    0                    0                    0                    0                    0                    0
  "DRIFT_113"                           284              "drift"            85.869012            6.8434965         -2.001559292          8.599186032          3.719458523          2.286887368          2.304771165                    0                    0                    0                    0         -3.157064035         -0.817780488                    0                    0                    0                    0                    0                    0                    0                    0                    0                    0                    0                    0                    0                    0                    0                    0
  "BR.QFO92"                            285         "quadrupole"            86.372582          7.606582488         0.5806609734             6.527976         0.6437299164          2.297665098          2.315809319                    0                    0                    0                    0         -3.269250991         0.3790924649                    0                    0                    0                    0                    0                    0         0.3667408638                    0                    0                    0                    0                    0                    0                    0                    0                    0
  "DRIFT_114"                           286              "drift"            86.739799          7.203830421         0.5161076059          6.084415863         0.5641666041          2.305563599          2.325088086                    0                    0                    0                    0         -3.130041793         0.3790924649                    0                    0                    0                    0                    0                    0                    0                    0                    0                    0                    0                    0                    0                    0                    0                    0
  "BR.STSCRAP92"                        287         "collimator"            86.739799          7.203830421         0.5161076059          6.084415863         0.5641666041          2.305563599          2.325088086                    0                    0                    0                    0         -3.130041793         0.3790924649                    0                    0                    0                    0                    0                    0                    0                    0                    0                    0                    0                    0                    0                    0                    0                    0
  "DRIFT_115"                           288              "drift"            86.739804           7.20382526         0.5161067269          6.084410221         0.5641655207          2.305563709          2.325088217                    0                    0                    0                    0         -3.130039898         0.3790924649                    0                    0                    0                    0                    0                    0                    0                    0                    0                    0                    0                    0                    0                    0                    0                    0
  "BR.BHZ92"                            289              "sbend"              88.3575          5.998878815         0.2335544106          4.637080746         0.3139896105          2.344876289          2.374342042                    0                    0                    0                    0         -2.825298351       9.93164752e-05                    0                    0                    0                    0                    0                    0                    0                    0                    0                    0                    0                    0                    0                    0                    0                    0
  "DRIFT_116"                           290              "drift"            91.011501          5.997392889        -0.2329945293          4.639179649        -0.3147804555          2.417825304          2.471299624                    0                    0                    0                    0         -2.825034765       9.93164752e-05                    0                    0                    0                    0                    0                    0                    0                    0                    0                    0                    0                    0                    0                    0                    0                    0
  "BR.BHZ101"                           291              "sbend"            92.629197          7.200539516        -0.5155468456          6.088943699        -0.5648518334          2.457152012          2.520522994                    0                    0                    0                    0         -3.129457045         -0.378893832                    0                    0                    0                    0                    0                    0                    0                    0                    0                    0                    0                    0                    0                    0                    0                    0
  "DRIFT_117"                           292              "drift"           92.6291995          7.200542093        -0.5155472851          6.088946523         -0.564852375          2.457152067          2.520523059                    0                    0                    0                    0         -3.129457992         -0.378893832                    0                    0                    0                    0                    0                    0                    0                    0                    0                    0                    0                    0                    0                    0                    0                    0
  "BR.STSCRAP101"                       293         "collimator"           92.6291995          7.200542093        -0.5155472851          6.088946523         -0.564852375          2.457152067          2.520523059                    0                    0                    0                    0         -3.129457992         -0.378893832                    0                    0                    0                    0                    0                    0                    0                    0                    0                    0                    0                    0                    0                    0                    0                    0
  "DRIFT_118"                           294              "drift"            92.995512          7.601833384        -0.5799416499          6.531840172        -0.6442072367          2.465035361          2.529772756                    0                    0                    0                    0         -3.268251539         -0.378893832                    0                    0                    0                    0                    0                    0                    0                    0                    0                    0                    0                    0                    0                    0                    0                    0
  "BR.QFO101"                           295         "quadrupole"            93.499082          6.838933278          2.000493848          8.604341824         -3.721702115          2.475820064          2.540804328                    0                    0                    0                    0         -3.156058485         0.8176056982                    0                    0                    0                    0                    0                    0         0.3667408638                    0                    0                    0                    0                    0                    0                    0                    0                    0
  "DRIFT_119"                           296              "drift"             93.82532          5.611502544          1.761884337           11.2163631         -4.284787866          2.484205427          2.546090602                    0                    0                    0                    0         -2.889324438         0.8176056982                    0                    0                    0                    0                    0                    0                    0                    0                    0                    0                    0                    0                    0                    0                    0                    0
  "BR3.BPM10L3"                         297            "monitor"             93.82532          5.611502544          1.761884337           11.2163631         -4.284787866          2.484205427          2.546090602                    0                    0                    0                    0         -2.889324438         0.8176056982                    0                    0                    0                    0                    0                    0                    0                    0                    0                    0                    0                    0                    0                    0                    0                    0
  "BR3.ONOH0.10L3"                      298          "multipole"             93.82532          5.611502544          1.761884337           11.2163631         -4.284787866          2.484205427          2.546090602                    0                    0                    0                    0         -2.889324438         0.8176056982                    0                    0                    0                    0                    0                    0                    0                    0                    0                    0                    0                    0                    0                    0                    0                    0
  "BR3.QSK10L3"                         299          "multipole"             93.82532          5.611502544          1.761884337           11.2163631         -4.284787866          2.484205427          2.546090602                    0                    0                    0                    0         -2.889324438         0.8176056982                    0                    0                    0                    0                    0                    0                    0                    0                    0                    0                    0                    0                    0                    0                    0                    0
  "BR3.XNOH0.10L3"                      300          "multipole"             93.82532          5.611502544          1.761884337           11.2163631         -4.284787866          2.484205427          2.546090602                    0                    0                    0                    0         -2.889324438         0.8176056982                    0                    0                    0                    0                    0                    0                    0                    0                    0                    0                    0                    0                    0                    0                    0                    0
  "DRIFT_120"                           301              "drift"            94.152827          4.535893896          1.522346682            14.208091         -4.850063907          2.494544347          2.550220084                    0                    0                    0                    0         -2.621552848         0.8176056982                    0                    0                    0                    0                    0                    0                    0                    0                    0                    0                    0                    0                    0                    0                    0                    0
  "BR.QDE10"                            302         "quadrupole"            95.031767          4.536076002         -1.522592093          14.20931055          4.848952753           2.52868278          2.559154346                    0                    0                    0                    0         -2.621626238        -0.8177806101                    0                    0                    0                    0                    0                    0        -0.6533869961                    0                    0                    0                    0                    0                    0                    0                    0                    0
  "DRIFT_121"                           303              "drift"             95.35932           5.61202204         -1.762207734          11.21781911          4.283894273          2.539022467          2.563283963                    0                    0                    0                    0          -2.88949273        -0.8177806101                    0                    0                    0                    0                    0                    0                    0                    0                    0                    0                    0                    0                    0                    0                    0                    0
  "BR3.DHZ10L4"                         304            "hkicker"             95.35932           5.61202204         -1.762207734          11.21781911          4.283894273          2.539022467          2.563283963                    0                    0                    0                    0          -2.88949273        -0.8177806101                    0                    0                    0                    0                    0                    0                    0                    0                    0                    0                    0                    0                    0                    0                    0                    0
  "BR3.DVT10L4"                         305            "vkicker"             95.35932           5.61202204         -1.762207734          11.21781911          4.283894273          2.539022467          2.563283963                    0                    0                    0                    0          -2.88949273        -0.8177806101                    0                    0                    0                    0                    0                    0                    0                    0                    0                    0                    0                    0                    0                    0                    0                    0
  "DRIFT_122"                           306              "drift"            95.686512            6.8434965         -2.001559292          8.599186095          3.719458551          2.547429177          2.568586947                    0                    0                    0                    0         -3.157064003        -0.8177806101                    0                    0                    0                    0                    0                    0                    0                    0                    0                    0                    0                    0                    0                    0                    0                    0
  "BR.QFO102"                           307         "quadrupole"            96.190082          7.606582488         0.5806609734          6.527976046          0.643729923          2.558206908          2.579625101                    0                    0                    0                    0         -3.269251022         0.3790923426                    0                    0                    0                    0                    0                    0         0.3667408638                    0                    0                    0                    0                    0                    0                    0                    0                    0
  "DRIFT_123"                           308              "drift"              96.5573          7.203829389         0.5161074301          6.084414776         0.5641663941          2.566105431          2.588903894                    0                    0                    0                    0          -3.13004149         0.3790923426                    0                    0                    0                    0                    0                    0                    0                    0                    0                    0                    0                    0                    0                    0                    0                    0
  "BR.STSCRAP102"                       309         "collimator"              96.5573          7.203829389         0.5161074301          6.084414776         0.5641663941          2.566105431          2.588903894                    0                    0                    0                    0          -3.13004149         0.3790923426                    0                    0                    0                    0                    0                    0                    0                    0                    0                    0                    0                    0                    0                    0                    0                    0
  "DRIFT_124"                           310              "drift"           96.5573045          7.203824744          0.516106639          6.084409699         0.5641654191           2.56610553          2.588904011                    0                    0                    0                    0         -3.130039784         0.3790923426                    0                    0                    0                    0                    0                    0                    0                    0                    0                    0                    0                    0                    0                    0                    0                    0
  "BR.BHZ102"                           311              "sbend"           98.1750005          5.998878581         0.2335543227          4.637080565         0.3139895051          2.605418112           2.63815784                    0                    0                    0                    0         -2.825298434      9.919418767e-05                    0                    0                    0                    0                    0                    0                    0                    0                    0                    0                    0                    0                    0                    0                    0                    0
  "DRIFT_125"                           312              "drift"               98.471           5.87601669         0.1815203359          4.471956481         0.2438630729          2.613356176          2.648510365                    0                    0                    0                    0         -2.825269073      9.919418767e-05                    0                    0                    0                    0                    0                    0                    0                    0                    0                    0                    0                    0                    0                    0                    0                    0
  "BE3.DHZ11L1"                         313            "hkicker"               98.471           5.87601669         0.1815203359          4.471956481         0.2438630729          2.613356176          2.648510365                    0                    0                    0                    0         -2.825269073      9.919418767e-05                    0                    0                    0                    0                    0                    0                    0                    0                    0                    0                    0                    0                    0                    0                    0                    0
  "BE3.DVT11L1"                         314            "vkicker"               98.471           5.87601669         0.1815203359          4.471956481         0.2438630729          2.613356176          2.648510365                    0                    0                    0                    0         -2.825269073      9.919418767e-05                    0                    0                    0                    0                    0                    0                    0                    0                    0                    0                    0                    0                    0                    0                    0                    0
  "DRIFT_126"                           315              "drift"               99.638          5.691755773       -0.02362751927           4.22543067       -0.03261559138          2.645694598          2.691768436                    0                    0                    0                    0         -2.825153313      9.919418767e-05                    0                    0                    0                    0                    0                    0                    0                    0                    0                    0                    0                    0                    0                    0                    0                    0
  "BR3.ONO11L1"                         316          "multipole"               99.638          5.691755773       -0.02362751927           4.22543067       -0.03261559138          2.645694598          2.691768436                    0                    0                    0                    0         -2.825153313      9.919418767e-05                    0                    0                    0                    0                    0                    0                    0                    0                    0                    0                    0                    0                    0                    0                    0                    0
  "BR3.QNO11L1"                         317          "multipole"               99.638          5.691755773       -0.02362751927           4.22543067       -0.03261559138          2.645694598          2.691768436                    0                    0                    0                    0         -2.825153313      9.919418767e-05                    0                    0                    0                    0                    0                    0                    0                    0                    0                    0                    0                    0                    0                    0                    0                    0
  "BR3.XNO11L1"                         318          "multipole"               99.638          5.691755773       -0.02362751927           4.22543067       -0.03261559138          2.645694598          2.691768436                    0                    0                    0                    0         -2.825153313      9.919418767e-05                    0                    0                    0                    0                    0                    0                    0                    0                    0                    0                    0                    0                    0                    0                    0                    0
  "DRIFT_127"                           319              "drift"           100.338677          5.811170475        -0.1468000846          4.387449186        -0.1986157979          2.665133124          2.717783936                    0                    0                    0                    0          -2.82508381      9.919418767e-05                    0                    0                    0                    0                    0                    0                    0                    0                    0                    0                    0                    0                    0                    0                    0                    0
  "BR3.BWSV11L1"                        320            "monitor"           100.338677          5.811170475        -0.1468000846          4.387449186        -0.1986157979          2.665133124          2.717783936                    0                    0                    0                    0          -2.82508381      9.919418767e-05                    0                    0                    0                    0                    0                    0                    0                    0                    0                    0                    0                    0                    0                    0                    0                    0
  "DRIFT_128"                           321              "drift"           100.829001          5.997392889        -0.2329945293          4.639179677        -0.3147804291          2.678367114          2.735115403                    0                    0                    0                    0         -2.825035173      9.919418767e-05                    0                    0                    0                    0                    0                    0                    0                    0                    0                    0                    0                    0                    0                    0                    0                    0
  "BR.BHZ111"                           322              "sbend"           102.446697          7.200539516        -0.5155468456          6.088943629        -0.5648518004          2.717693822          2.784338773                    0                    0                    0                    0         -3.129457649        -0.3788939543                    0                    0                    0                    0                    0                    0                    0                    0                    0                    0                    0                    0                    0                    0                    0                    0
  "DRIFT_129"                           323              "drift"          102.4466995          7.200542093        -0.5155472851          6.088946453         -0.564852342          2.717693877          2.784338838                    0                    0                    0                    0         -3.129458596        -0.3788939543                    0                    0                    0                    0                    0                    0                    0                    0                    0                    0                    0                    0                    0                    0                    0                    0
  "BR.STSCRAP111"                       324         "collimator"          102.4466995          7.200542093        -0.5155472851          6.088946453         -0.564852342          2.717693877          2.784338838                    0                    0                    0                    0         -3.129458596        -0.3788939543                    0                    0                    0                    0                    0                    0                    0                    0                    0                    0                    0                    0                    0                    0                    0                    0
  "DRIFT_130"                           325              "drift"             102.4787           7.23371765        -0.5211726784          6.125319406        -0.5717846613          2.718399568          2.785172794                    0                    0                    0                    0         -3.141583392        -0.3788939543                    0                    0                    0                    0                    0                    0                    0                    0                    0                    0                    0                    0                    0                    0                    0                    0
  "BR3.BPP11L2"                         326            "monitor"             102.4787           7.23371765        -0.5211726784          6.125319406        -0.5717846613          2.718399568          2.785172794                    0                    0                    0                    0         -3.141583392        -0.3788939543                    0                    0                    0                    0                    0                    0                    0                    0                    0                    0                    0                    0                    0                    0                    0                    0
  "DRIFT_131"                           327              "drift"           102.813012          7.601833384        -0.5799416499          6.531840078        -0.6442072023           2.72557717          2.793588535                    0                    0                    0                    0         -3.268252188        -0.3788939543                    0                    0                    0                    0                    0                    0                    0                    0                    0                    0                    0                    0                    0                    0                    0                    0
  "BR.QFO111"                           328         "quadrupole"           103.316582          6.838933278          2.000493848          8.604341671         -3.721702026          2.736361874          2.804620108                    0                    0                    0                    0         -3.156059135         0.8176058177                    0                    0                    0                    0                    0                    0         0.3667408638                    0                    0                    0                    0                    0                    0                    0                    0                    0
  "DRIFT_132"                           329              "drift"           103.642825          5.611484925           1.76188068          11.21640573         -4.284796392          2.744747378          2.809906453                    0                    0                    0                    0          -2.88932096         0.8176058177                    0                    0                    0                    0                    0                    0                    0                    0                    0                    0                    0                    0                    0                    0                    0                    0
  "BR3.BPM11L3"                         330            "monitor"           103.642825          5.611484925           1.76188068          11.21640573         -4.284796392          2.744747378          2.809906453                    0                    0                    0                    0          -2.88932096         0.8176058177                    0                    0                    0                    0                    0                    0                    0                    0                    0                    0                    0                    0                    0                    0                    0                    0
  "BR3.ONOH0.11L3"                      331          "multipole"           103.642825          5.611484925           1.76188068          11.21640573         -4.284796392          2.744747378          2.809906453                    0                    0                    0                    0          -2.88932096         0.8176058177                    0                    0                    0                    0                    0                    0                    0                    0                    0                    0                    0                    0                    0                    0                    0                    0
  "BR3.QSKH0.11L3"                      332          "multipole"           103.642825          5.611484925           1.76188068          11.21640573         -4.284796392          2.744747378          2.809906453                    0                    0                    0                    0          -2.88932096         0.8176058177                    0                    0                    0                    0                    0                    0                    0                    0                    0                    0                    0                    0                    0                    0                    0                    0
  "BR3.XNOH0.11L3"                      333          "multipole"           103.642825          5.611484925           1.76188068          11.21640573         -4.284796392          2.744747378          2.809906453                    0                    0                    0                    0          -2.88932096         0.8176058177                    0                    0                    0                    0                    0                    0                    0                    0                    0                    0                    0                    0                    0                    0                    0                    0
  "DRIFT_133"                           334              "drift"           103.970327          4.535893896          1.522346682          14.20809071         -4.850063788          2.755086157          2.814035864                    0                    0                    0                    0          -2.62155342         0.8176058177                    0                    0                    0                    0                    0                    0                    0                    0                    0                    0                    0                    0                    0                    0                    0                    0
  "BR.QDE11"                            335         "quadrupole"           104.849267          4.536076002         -1.522592093          14.20931023          4.848952662           2.78922459          2.822970126                    0                    0                    0                    0         -2.621626866        -0.8177808647                    0                    0                    0                    0                    0                    0        -0.6533869961                    0                    0                    0                    0                    0                    0                    0                    0                    0
  "DRIFT_134"                           336              "drift"           105.176825          5.612039662         -1.762211392          11.21777601          4.283885565          2.799564419          2.827099814                    0                    0                    0                    0          -2.88949753        -0.8177808647                    0                    0                    0                    0                    0                    0                    0                    0                    0                    0                    0                    0                    0                    0                    0                    0
  "BR3.DHZ11L4"                         337            "hkicker"           105.176825          5.612039662         -1.762211392          11.21777601          4.283885565          2.799564419          2.827099814                    0                    0                    0                    0          -2.88949753        -0.8177808647                    0                    0                    0                    0                    0                    0                    0                    0                    0                    0                    0                    0                    0                    0                    0                    0
  "BR3.DVT11L4"                         338            "vkicker"           105.176825          5.612039662         -1.762211392          11.21777601          4.283885565          2.799564419          2.827099814                    0                    0                    0                    0          -2.88949753        -0.8177808647                    0                    0                    0                    0                    0                    0                    0                    0                    0                    0                    0                    0                    0                    0                    0                    0
  "BR3.OSK11L4"                         339          "multipole"           105.176825          5.612039662         -1.762211392          11.21777601          4.283885565          2.799564419          2.827099814                    0                    0                    0                    0          -2.88949753        -0.8177808647                    0                    0                    0                    0                    0                    0                    0                    0                    0                    0                    0                    0                    0                    0                    0                    0
  "BR3.XSK11L4"                         340          "multipole"           105.176825          5.612039662         -1.762211392          11.21777601          4.283885565          2.799564419          2.827099814                    0                    0                    0                    0          -2.88949753        -0.8177808647                    0                    0                    0                    0                    0                    0                    0                    0                    0                    0                    0                    0                    0                    0                    0                    0
  "DRIFT_135"                           341              "drift"           105.504012            6.8434965         -2.001559292          8.599185884          3.719458475          2.807970987          2.832402726                    0                    0                    0                    0         -3.157064798        -0.8177808647                    0                    0                    0                    0                    0                    0                    0                    0                    0                    0                    0                    0                    0                    0                    0                    0
  "BR.QFO112"                           342         "quadrupole"           106.007582          7.606582488         0.5806609734          6.527975874         0.6437299179          2.818748718          2.843440881                    0                    0                    0                    0         -3.269251869         0.3790923938                    0                    0                    0                    0                    0                    0         0.3667408638                    0                    0                    0                    0                    0                    0                    0                    0                    0
  "DRIFT_136"                           343              "drift"             106.3748          7.203829389         0.5161074301          6.084414609         0.5641663872          2.826647241          2.852719674                    0                    0                    0                    0         -3.130042318         0.3790923938                    0                    0                    0                    0                    0                    0                    0                    0                    0                    0                    0                    0                    0                    0                    0                    0
  "BR.STSCRAP112"                       344         "collimator"             106.3748          7.203829389         0.5161074301          6.084414609         0.5641663872          2.826647241          2.852719674                    0                    0                    0                    0         -3.130042318         0.3790923938                    0                    0                    0                    0                    0                    0                    0                    0                    0                    0                    0                    0                    0                    0                    0                    0
  "DRIFT_137"                           345              "drift"           106.374804           7.20382526         0.5161067269          6.084410095         0.5641655206          2.826647329          2.852719779                    0                    0                    0                    0         -3.130040802         0.3790923938                    0                    0                    0                    0                    0                    0                    0                    0                    0                    0                    0                    0                    0                    0                    0                    0
  "BR.BHZ112"                           346              "sbend"             107.9925          5.998878815         0.2335544106          4.637080637         0.3139896005          2.865959908          2.901973605                    0                    0                    0                    0         -2.825299369      9.924529858e-05                    0                    0                    0                    0                    0                    0                    0                    0                    0                    0                    0                    0                    0                    0                    0                    0
  "DRIFT_138"                           347              "drift"             108.2915           5.87492915         0.1809929636          4.470495207          0.243152305           2.87397925          2.912432934                    0                    0                    0                    0         -2.825269695      9.924529858e-05                    0                    0                    0                    0                    0                    0                    0                    0                    0                    0                    0                    0                    0                    0                    0                    0
  "BR3.KQM12L1"                         348             "kicker"             109.5215           5.69564035       -0.03522971159          4.230767775       -0.04825195409          2.908081336          2.958068708                    0                    0                    0                    0         -2.825147623      9.924529858e-05                    0                    0                    0                    0                    0                    0                    0                    0                    0                    0                    0                    0                    0                    0                    0                    0
  "DRIFT_139"                           349              "drift"             110.0865           5.79156674        -0.1345515095          4.360921365         -0.182108382          2.923763364          2.979064402                    0                    0                    0                    0          -2.82509155      9.924529858e-05                    0                    0                    0                    0                    0                    0                    0                    0                    0                    0                    0                    0                    0                    0                    0                    0
  "BR3.ONO12L1"                         350          "multipole"             110.0865           5.79156674        -0.1345515095          4.360921365         -0.182108382          2.923763364          2.979064402                    0                    0                    0                    0          -2.82509155      9.924529858e-05                    0                    0                    0                    0                    0                    0                    0                    0                    0                    0                    0                    0                    0                    0                    0                    0
  "BR3.OSK12L1"                         351          "multipole"             110.0865           5.79156674        -0.1345515095          4.360921365         -0.182108382          2.923763364          2.979064402                    0                    0                    0                    0          -2.82509155      9.924529858e-05                    0                    0                    0                    0                    0                    0                    0                    0                    0                    0                    0                    0                    0                    0                    0                    0
  "BR3.XNO12L1"                         352          "multipole"             110.0865           5.79156674        -0.1345515095          4.360921365         -0.182108382          2.923763364          2.979064402                    0                    0                    0                    0          -2.82509155      9.924529858e-05                    0                    0                    0                    0                    0                    0                    0                    0                    0                    0                    0                    0                    0                    0                    0                    0
  "BR3.XSK12L1"                         353          "multipole"             110.0865           5.79156674        -0.1345515095          4.360921365         -0.182108382          2.923763364          2.979064402                    0                    0                    0                    0          -2.82509155      9.924529858e-05                    0                    0                    0                    0                    0                    0                    0                    0                    0                    0                    0                    0                    0                    0                    0                    0
  "DRIFT_140"                           354              "drift"           110.646501          5.997392889        -0.2329945293          4.639179623        -0.3147804767          2.938908924          2.998931189                    0                    0                    0                    0         -2.825035972      9.924529858e-05                    0                    0                    0                    0                    0                    0                    0                    0                    0                    0                    0                    0                    0                    0                    0                    0
  "BR.BHZ121"                           355              "sbend"           112.264197          7.200539516        -0.5155468456          6.088943752        -0.5648518604          2.978235631          3.048154558                    0                    0                    0                    0         -3.129458366        -0.3788939032                    0                    0                    0                    0                    0                    0                    0                    0                    0                    0                    0                    0                    0                    0                    0                    0
  "DRIFT_141"                           356              "drift"          112.2641995          7.200542093        -0.5155472851          6.088946576         -0.564852402          2.978235687          3.048154624                    0                    0                    0                    0         -3.129459314        -0.3788939032                    0                    0                    0                    0                    0                    0                    0                    0                    0                    0                    0                    0                    0                    0                    0                    0
  "BR.STSCRAP121"                       357         "collimator"          112.2641995          7.200542093        -0.5155472851          6.088946576         -0.564852402          2.978235687          3.048154624                    0                    0                    0                    0         -3.129459314        -0.3788939032                    0                    0                    0                    0                    0                    0                    0                    0                    0                    0                    0                    0                    0                    0                    0                    0
  "DRIFT_142"                           358              "drift"           112.630512          7.601833384        -0.5799416499          6.531840246        -0.6442072648           2.98611898          3.057404321                    0                    0                    0                    0         -3.268252886        -0.3788939032                    0                    0                    0                    0                    0                    0                    0                    0                    0                    0                    0                    0                    0                    0                    0                    0
  "BR.QFO121"                           359         "quadrupole"           113.134082          6.838933278          2.000493848          8.604341945         -3.721702186          2.996903684          3.068435893                    0                    0                    0                    0         -3.156059745         0.8176061126                    0                    0                    0                    0                    0                    0         0.3667408638                    0                    0                    0                    0                    0                    0                    0                    0                    0
  "DRIFT_143"                           360              "drift"            113.46033          5.611467306          1.761877023          11.21644897          -4.28480521           3.00528933          3.073722309                    0                    0                    0                    0         -2.889317386         0.8176061126                    0                    0                    0                    0                    0                    0                    0                    0                    0                    0                    0                    0                    0                    0                    0                    0
  "BR3.BPM12L3"                         361            "monitor"            113.46033          5.611467306          1.761877023          11.21644897          -4.28480521           3.00528933          3.073722309                    0                    0                    0                    0         -2.889317386         0.8176061126                    0                    0                    0                    0                    0                    0                    0                    0                    0                    0                    0                    0                    0                    0                    0                    0
  "BR3.ONOH0.12L3"                      362          "multipole"            113.46033          5.611467306          1.761877023          11.21644897          -4.28480521           3.00528933          3.073722309                    0                    0                    0                    0         -2.889317386         0.8176061126                    0                    0                    0                    0                    0                    0                    0                    0                    0                    0                    0                    0                    0                    0                    0                    0
  "BR3.QNO12L3"                         363          "multipole"            113.46033          5.611467306          1.761877023          11.21644897          -4.28480521           3.00528933          3.073722309                    0                    0                    0                    0         -2.889317386         0.8176061126                    0                    0                    0                    0                    0                    0                    0                    0                    0                    0                    0                    0                    0                    0                    0                    0
  "BR3.XNOH0.12L3"                      364          "multipole"            113.46033          5.611467306          1.761877023          11.21644897          -4.28480521           3.00528933          3.073722309                    0                    0                    0                    0         -2.889317386         0.8176061126                    0                    0                    0                    0                    0                    0                    0                    0                    0                    0                    0                    0                    0                    0                    0                    0
  "DRIFT_144"                           365              "drift"           113.787827          4.535893896          1.522346682          14.20809123         -4.850064003          3.015627967          3.077851649                    0                    0                    0                    0         -2.621553837         0.8176061126                    0                    0                    0                    0                    0                    0                    0                    0                    0                    0                    0                    0                    0                    0                    0                    0
  "BR.QDE12"                            366         "quadrupole"           114.666767          4.536076002         -1.522592093          14.20931081          4.848952825            3.0497664          3.086785911                    0                    0                    0                    0         -2.621627124        -0.8177807806                    0                    0                    0                    0                    0                    0        -0.6533869961                    0                    0                    0                    0                    0                    0                    0                    0                    0
  "DRIFT_145"                           367              "drift"            114.99433          5.612057284         -1.762215049          11.21773365          4.283877089          3.060106371          3.090915669                    0                    0                    0                    0          -2.88950185        -0.8177807806                    0                    0                    0                    0                    0                    0                    0                    0                    0                    0                    0                    0                    0                    0                    0                    0
  "BR3.DHZ12L4"                         368            "hkicker"            114.99433          5.612057284         -1.762215049          11.21773365          4.283877089          3.060106371          3.090915669                    0                    0                    0                    0          -2.88950185        -0.8177807806                    0                    0                    0                    0                    0                    0                    0                    0                    0                    0                    0                    0                    0                    0                    0                    0
  "BR3.DVT12L4"                         369            "vkicker"            114.99433          5.612057284         -1.762215049          11.21773365          4.283877089          3.060106371          3.090915669                    0                    0                    0                    0          -2.88950185        -0.8177807806                    0                    0                    0                    0                    0                    0                    0                    0                    0                    0                    0                    0                    0                    0                    0                    0
  "BR3.OSK12L4"                         370          "multipole"            114.99433          5.612057284         -1.762215049          11.21773365          4.283877089          3.060106371          3.090915669                    0                    0                    0                    0          -2.88950185        -0.8177807806                    0                    0                    0                    0                    0                    0                    0                    0                    0                    0                    0                    0                    0                    0                    0                    0
  "BR3.XSK12L4"                         371          "multipole"            114.99433          5.612057284         -1.762215049          11.21773365          4.283877089          3.060106371          3.090915669                    0                    0                    0                    0          -2.88950185        -0.8177807806                    0                    0                    0                    0                    0                    0                    0                    0                    0                    0                    0                    0                    0                    0                    0                    0
  "DRIFT_146"                           372              "drift"           115.321512            6.8434965         -2.001559292          8.599186264          3.719458611          3.068512797          3.096218511                    0                    0                    0                    0         -3.157065001        -0.8177807806                    0                    0                    0                    0                    0                    0                    0                    0                    0                    0                    0                    0                    0                    0                    0                    0
  "BR.QFO122"                           373         "quadrupole"           115.825082          7.606582488         0.5806609734          6.527976186         0.6437299265          3.079290528          3.107256665                    0                    0                    0                    0         -3.269252013         0.3790925425                    0                    0                    0                    0                    0                    0         0.3667408638                    0                    0                    0                    0                    0                    0                    0                    0                    0
  "DRIFT_147"                           374              "drift"           116.192299          7.203830421         0.5161076059          6.084416041         0.5641666156          3.087189028          3.116535431                    0                    0                    0                    0         -3.130042786         0.3790925425                    0                    0                    0                    0                    0                    0                    0                    0                    0                    0                    0                    0                    0                    0                    0                    0
  "BR.STSCRAP122"                       375         "collimator"           116.192299          7.203830421         0.5161076059          6.084416041         0.5641666156          3.087189028          3.116535431                    0                    0                    0                    0         -3.130042786         0.3790925425                    0                    0                    0                    0                    0                    0                    0                    0                    0                    0                    0                    0                    0                    0                    0                    0
  "DRIFT_148"                           376              "drift"           116.192304           7.20382526         0.5161067269          6.084410399         0.5641655323          3.087189139          3.116535562                    0                    0                    0                    0         -3.130040891         0.3790925425                    0                    0                    0                    0                    0                    0                    0                    0                    0                    0                    0                    0                    0                    0                    0                    0
  "BR.BHZ122"                           377              "sbend"               117.81          5.998878815         0.2335544106           4.63708087         0.3139896319          3.126501718          3.165789386                    0                    0                    0                    0         -2.825299219      9.939405899e-05                    0                    0                    0                    0                    0                    0                    0                    0                    0                    0                    0                    0                    0                    0                    0                    0
  "DRIFT_149"                           378              "drift"           118.061261          5.892610625         0.1893850402          4.494251049         0.2544623773          3.133229713          3.174553615                    0                    0                    0                    0         -2.825274246      9.939405899e-05                    0                    0                    0                    0                    0                    0                    0                    0                    0                    0                    0                    0                    0                    0                    0                    0
  "BR3.ACWF13L1.1"                      379           "rfcavity"           119.004261          5.691752226         0.0236143226          4.225010565        0.03105245253          3.159260843          3.209270344                    0                    0                    0                    0         -2.825180517      9.939405899e-05                    0                    0                    0                    0                    0                    0                    0                    0                    0                    0                    0                    0                    0                    0                    0                    0
  "DRIFT_150"                           380              "drift"           119.115761          5.688671707       0.004013649202          4.221031242       0.004636538846          3.162379692          3.213472985                    0                    0                    0                    0         -2.825169435      9.939405899e-05                    0                    0                    0                    0                    0                    0                    0                    0                    0                    0                    0                    0                    0                    0                    0                    0
  "BR3.ACWF13L1.2"                      381           "rfcavity"           120.058761          5.837423752        -0.1617570684          4.422962289        -0.2187733859          3.188541841          3.248489702                    0                    0                    0                    0         -2.825075706      9.939405899e-05                    0                    0                    0                    0                    0                    0                    0                    0                    0                    0                    0                    0                    0                    0                    0                    0
  "DRIFT_151"                           382              "drift"           120.464001          5.997392889        -0.2329945293          4.639179635         -0.314780425          3.199450734          3.262746967                    0                    0                    0                    0         -2.825035428      9.939405899e-05                    0                    0                    0                    0                    0                    0                    0                    0                    0                    0                    0                    0                    0                    0                    0                    0
  "BR.BHZ131"                           383              "sbend"           122.081697          7.200539516        -0.5155468456           6.08894358        -0.5648518001          3.238777441          3.311970337                    0                    0                    0                    0         -3.129457583        -0.3788937544                    0                    0                    0                    0                    0                    0                    0                    0                    0                    0                    0                    0                    0                    0                    0                    0
  "DRIFT_152"                           384              "drift"          122.0816995          7.200542093        -0.5155472851          6.088946404        -0.5648523416          3.238777497          3.311970402                    0                    0                    0                    0          -3.12945853        -0.3788937544                    0                    0                    0                    0                    0                    0                    0                    0                    0                    0                    0                    0                    0                    0                    0                    0
  "BR.STSCRAP131"                       385         "collimator"          122.0816995          7.200542093        -0.5155472851          6.088946404        -0.5648523416          3.238777497          3.311970402                    0                    0                    0                    0          -3.12945853        -0.3788937544                    0                    0                    0                    0                    0                    0                    0                    0                    0                    0                    0                    0                    0                    0                    0                    0
  "DRIFT_153"                           386              "drift"           122.448012          7.601833384        -0.5799416499          6.531840028        -0.6442072026           3.24666079            3.3212201                    0                    0                    0                    0         -3.268252048        -0.3788937544                    0                    0                    0                    0                    0                    0                    0                    0                    0                    0                    0                    0                    0                    0                    0                    0
  "BR.QFO131"                           387         "quadrupole"           122.951582          6.838933278          2.000493848          8.604341613         -3.721702007          3.257445493          3.332251672                    0                    0                    0                    0          -3.15605891         0.8176059498                    0                    0                    0                    0                    0                    0         0.3667408638                    0                    0                    0                    0                    0                    0                    0                    0                    0
  "DRIFT_154"                           388              "drift"           123.277835          5.611449688          1.761873366          11.21649136         -4.284813631          3.265831282          3.337538159                    0                    0                    0                    0         -2.889312516         0.8176059498                    0                    0                    0                    0                    0                    0                    0                    0                    0                    0                    0                    0                    0                    0                    0                    0
  "BR3.BPM13L3"                         389            "monitor"           123.277835          5.611449688          1.761873366          11.21649136         -4.284813631          3.265831282          3.337538159                    0                    0                    0                    0         -2.889312516         0.8176059498                    0                    0                    0                    0                    0                    0                    0                    0                    0                    0                    0                    0                    0                    0                    0                    0
  "BR3.ONOH0.13L3"                      390          "multipole"           123.277835          5.611449688          1.761873366          11.21649136         -4.284813631          3.265831282          3.337538159                    0                    0                    0                    0         -2.889312516         0.8176059498                    0                    0                    0                    0                    0                    0                    0                    0                    0                    0                    0                    0                    0                    0                    0                    0
  "BR3.QSKH0.13L3"                      391          "multipole"           123.277835          5.611449688          1.761873366          11.21649136         -4.284813631          3.265831282          3.337538159                    0                    0                    0                    0         -2.889312516         0.8176059498                    0                    0                    0                    0                    0                    0                    0                    0                    0                    0                    0                    0                    0                    0                    0                    0
  "BR3.XNOH0.13L3"                      392          "multipole"           123.277835          5.611449688          1.761873366          11.21649136         -4.284813631          3.265831282          3.337538159                    0                    0                    0                    0         -2.889312516         0.8176059498                    0                    0                    0                    0                    0                    0                    0                    0                    0                    0                    0                    0                    0                    0                    0                    0
  "DRIFT_155"                           393              "drift"           123.605327          4.535893896          1.522346682          14.20809063         -4.850063765          3.276169777          3.341667428                    0                    0                    0                    0         -2.621553109         0.8176059498                    0                    0                    0                    0                    0                    0                    0                    0                    0                    0                    0                    0                    0                    0                    0                    0
  "BR.QDE13"                            394         "quadrupole"           124.484267          4.536076002         -1.522592093          14.20931016           4.84895263           3.31030821          3.350601691                    0                    0                    0                    0         -2.621626334        -0.8177804698                    0                    0                    0                    0                    0                    0        -0.6533869961                    0                    0                    0                    0                    0                    0                    0                    0                    0
  "DRIFT_156"                           395              "drift"           124.811835          5.612074906         -1.762218707          11.21769028          4.283868285          3.320648322           3.35473152                    0                    0                    0                    0         -2.889505047        -0.8177804698                    0                    0                    0                    0                    0                    0                    0                    0                    0                    0                    0                    0                    0                    0                    0                    0
  "BR3.DHZ13L4"                         396            "hkicker"           124.811835          5.612074906         -1.762218707          11.21769028          4.283868285          3.320648322           3.35473152                    0                    0                    0                    0         -2.889505047        -0.8177804698                    0                    0                    0                    0                    0                    0                    0                    0                    0                    0                    0                    0                    0                    0                    0                    0
  "BR3.DVT13L4"                         397            "vkicker"           124.811835          5.612074906         -1.762218707          11.21769028          4.283868285          3.320648322           3.35473152                    0                    0                    0                    0         -2.889505047        -0.8177804698                    0                    0                    0                    0                    0                    0                    0                    0                    0                    0                    0                    0                    0                    0                    0                    0
  "DRIFT_157"                           398              "drift"           125.139012            6.8434965         -2.001559292          8.599185847          3.719458451          3.329054607          3.360034291                    0                    0                    0                    0         -3.157064008        -0.8177804698                    0                    0                    0                    0                    0                    0                    0                    0                    0                    0                    0                    0                    0                    0                    0                    0
  "BR.QFO132"                           399         "quadrupole"           125.642582          7.606582488         0.5806609734          6.527975854         0.6437299073          3.339832337          3.371072446                    0                    0                    0                    0         -3.269250957         0.3790924717                    0                    0                    0                    0                    0                    0         0.3667408638                    0                    0                    0                    0                    0                    0                    0                    0                    0
  "DRIFT_158"                           400              "drift"           126.009799          7.203830421         0.5161076059          6.084415724         0.5641665938          3.347730838          3.380351213                    0                    0                    0                    0         -3.130041757         0.3790924717                    0                    0                    0                    0                    0                    0                    0                    0                    0                    0                    0                    0                    0                    0                    0                    0
  "BR.STSCRAP132"                       401         "collimator"           126.009799          7.203830421         0.5161076059          6.084415724         0.5641665938          3.347730838          3.380351213                    0                    0                    0                    0         -3.130041757         0.3790924717                    0                    0                    0                    0                    0                    0                    0                    0                    0                    0                    0                    0                    0                    0                    0                    0
  "DRIFT_159"                           402              "drift"           126.009804           7.20382526         0.5161067269          6.084410082         0.5641655105          3.347730949          3.380351343                    0                    0                    0                    0         -3.130039862         0.3790924717                    0                    0                    0                    0                    0                    0                    0                    0                    0                    0                    0                    0                    0                    0                    0                    0
  "BR.BHZ132"                           403              "sbend"             127.6275          5.998878815         0.2335544106          4.637080653         0.3139895931          3.387043528           3.42960517                    0                    0                    0                    0         -2.825298304      9.932325584e-05                    0                    0                    0                    0                    0                    0                    0                    0                    0                    0                    0                    0                    0                    0                    0                    0
  "DRIFT_160"                           404              "drift"            127.93409          5.872191803         0.1796587114          4.466817823         0.2413541207          3.395268535          3.440334823                    0                    0                    0                    0         -2.825267853      9.932325584e-05                    0                    0                    0                    0                    0                    0                    0                    0                    0                    0                    0                    0                    0                    0                    0                    0
  "BR3.DHZ14L1"                         405            "hkicker"            127.93409          5.872191803         0.1796587114          4.466817823         0.2413541207          3.395268535          3.440334823                    0                    0                    0                    0         -2.825267853      9.932325584e-05                    0                    0                    0                    0                    0                    0                    0                    0                    0                    0                    0                    0                    0                    0                    0                    0
  "BR3.DVT14L1"                         406            "vkicker"            127.93409          5.872191803         0.1796587114          4.466817823         0.2413541207          3.395268535          3.440334823                    0                    0                    0                    0         -2.825267853      9.932325584e-05                    0                    0                    0                    0                    0                    0                    0                    0                    0                    0                    0                    0                    0                    0                    0                    0
  "DRIFT_161"                           407              "drift"          128.1511955          5.802467878         0.1414935635          4.373186104         0.1899187817          3.401189393           3.44815592                    0                    0                    0                    0         -2.825246289      9.932325584e-05                    0                    0                    0                    0                    0                    0                    0                    0                    0                    0                    0                    0                    0                    0                    0                    0
  "BE3.KFA14L1"                         408            "hkicker"          130.1569845          5.942095086         -0.211105675          4.564462138        -0.2852807735          3.456672625          3.522255656                    0                    0                    0                    0         -2.825047067      9.932325584e-05                    0                    0                    0                    0                    0                    0                    0                    0                    0                    0                    0                    0                    0                    0                    0                    0
  "DRIFT_162"                           409              "drift"           130.281501          5.997392889        -0.2329945293          4.639179665        -0.3147804793          3.459992544          3.526562753                    0                    0                    0                    0           -2.8250347      9.932325584e-05                    0                    0                    0                    0                    0                    0                    0                    0                    0                    0                    0                    0                    0                    0                    0                    0
  "BR.BHZ141"                           410              "sbend"           131.899197          7.200539516        -0.5155468456          6.088943796         -0.564851859          3.499319251          3.575786122                    0                    0                    0                    0         -3.129456969        -0.3788938252                    0                    0                    0                    0                    0                    0                    0                    0                    0                    0                    0                    0                    0                    0                    0                    0
  "DRIFT_163"                           411              "drift"          131.8991995          7.200542093        -0.5155472851          6.088946621        -0.5648524005          3.499319306          3.575786187                    0                    0                    0                    0         -3.129457916        -0.3788938252                    0                    0                    0                    0                    0                    0                    0                    0                    0                    0                    0                    0                    0                    0                    0                    0
  "BR.STSCRAP141"                       412         "collimator"          131.8991995          7.200542093        -0.5155472851          6.088946621        -0.5648524005          3.499319306          3.575786187                    0                    0                    0                    0         -3.129457916        -0.3788938252                    0                    0                    0                    0                    0                    0                    0                    0                    0                    0                    0                    0                    0                    0                    0                    0
  "DRIFT_164"                           413              "drift"                  132          7.306263106        -0.5332670849          6.205022567        -0.5866889739          3.501531212          3.578396302                    0                    0                    0                    0         -3.167650603        -0.3788938252                    0                    0                    0                    0                    0                    0                    0                    0                    0                    0                    0                    0                    0                    0                    0                    0
  "BR3.VVS14L2"                         414             "marker"                  132          7.306263106        -0.5332670849          6.205022567        -0.5866889739          3.501531212          3.578396302                    0                    0                    0                    0         -3.167650603        -0.3788938252                    0                    0                    0                    0                    0                    0                    0                    0                    0                    0                    0                    0                    0                    0                    0                    0
  "DRIFT_165"                           415              "drift"           132.265512          7.601833384        -0.5799416499          6.531840288        -0.6442072627            3.5072026          3.585035885                    0                    0                    0                    0          -3.26825146        -0.3788938252                    0                    0                    0                    0                    0                    0                    0                    0                    0                    0                    0                    0                    0                    0                    0                    0
  "BR.QFO141"                           416         "quadrupole"           132.769082          6.838933278          2.000493848          8.604341993           -3.7217022          3.517987303          3.596067456                    0                    0                    0                    0         -3.156058411         0.8176056764                    0                    0                    0                    0                    0                    0         0.3667408638                    0                    0                    0                    0                    0                    0                    0                    0                    0
  "DRIFT_166"                           417              "drift"           133.095339          5.611435593           1.76187044          11.21652615         -4.284820758          3.526373205             3.601354                    0                    0                    0                    0         -2.889308835         0.8176056764                    0                    0                    0                    0                    0                    0                    0                    0                    0                    0                    0                    0                    0                    0                    0                    0
  "BR3.BPM14L3"                         418            "monitor"           133.095339          5.611435593           1.76187044          11.21652615         -4.284820758          3.526373205             3.601354                    0                    0                    0                    0         -2.889308835         0.8176056764                    0                    0                    0                    0                    0                    0                    0                    0                    0                    0                    0                    0                    0                    0                    0                    0
  "BR3.ONOH0.14L3"                      419          "multipole"           133.095339          5.611435593           1.76187044          11.21652615         -4.284820758          3.526373205             3.601354                    0                    0                    0                    0         -2.889308835         0.8176056764                    0                    0                    0                    0                    0                    0                    0                    0                    0                    0                    0                    0                    0                    0                    0                    0
  "BR3.QSK14L3"                         420          "multipole"           133.095339          5.611435593           1.76187044          11.21652615         -4.284820758          3.526373205             3.601354                    0                    0                    0                    0         -2.889308835         0.8176056764                    0                    0                    0                    0                    0                    0                    0                    0                    0                    0                    0                    0                    0                    0                    0                    0
  "BR3.XNOH0.14L3"                      421          "multipole"           133.095339          5.611435593           1.76187044          11.21652615         -4.284820758          3.526373205             3.601354                    0                    0                    0                    0         -2.889308835         0.8176056764                    0                    0                    0                    0                    0                    0                    0                    0                    0                    0                    0                    0                    0                    0                    0                    0
  "DRIFT_167"                           422              "drift"           133.422827          4.535893896          1.522346682           14.2080913         -4.850064018          3.536711586          3.605483212                    0                    0                    0                    0         -2.621552788         0.8176056764                    0                    0                    0                    0                    0                    0                    0                    0                    0                    0                    0                    0                    0                    0                    0                    0
  "BR.QDE14"                            423         "quadrupole"           134.301767          4.536076002         -1.522592093          14.20931086          4.848952852          3.570850019          3.614417474                    0                    0                    0                    0          -2.62162618         -0.817780595                    0                    0                    0                    0                    0                    0        -0.6533869961                    0                    0                    0                    0                    0                    0                    0                    0                    0
  "DRIFT_168"                           424              "drift"            134.42124          4.910335038         -1.609990467          13.07529657          4.642851144          3.574879421          3.615812503                    0                    0                    0                    0         -2.719328881         -0.817780595                    0                    0                    0                    0                    0                    0                    0                    0                    0                    0                    0                    0                    0                    0                    0                    0
  "BR3.BPP14L4"                         425            "monitor"            134.42124          4.910335038         -1.609990467          13.07529657          4.642851144          3.574879421          3.615812503                    0                    0                    0                    0         -2.719328881         -0.817780595                    0                    0                    0                    0                    0                    0                    0                    0                    0                    0                    0                    0                    0                    0                    0                    0
  "DRIFT_169"                           426              "drift"            134.45724          5.027202418         -1.636325634            12.743247          4.580747894          3.576032629          3.616256375                    0                    0                    0                    0         -2.748768982         -0.817780595                    0                    0                    0                    0                    0                    0                    0                    0                    0                    0                    0                    0                    0                    0                    0                    0
  "BE3.BSW14L4"                         427            "hkicker"            134.92724          6.726944027         -1.980145874          8.818416418          3.769955472          3.588909782          3.623315079                    0                    0                    0                    0         -3.133125862         -0.817780595                    0                    0                    0                    0                    0                    0                    0                    0                    0                    0                    0                    0                    0                    0                    0                    0
  "DRIFT_170"                           428              "drift"           134.956512            6.8434965         -2.001559292          8.599186289           3.71945863          3.589596417          3.623850074                    0                    0                    0                    0         -3.157063936         -0.817780595                    0                    0                    0                    0                    0                    0                    0                    0                    0                    0                    0                    0                    0                    0                    0                    0
  "BR.QFO142"                           429         "quadrupole"           135.460082          7.606582488         0.5806609734          6.527976196         0.6437299365          3.600374147          3.634888228                    0                    0                    0                    0         -3.269250953         0.3790923323                    0                    0                    0                    0                    0                    0         0.3667408638                    0                    0                    0                    0                    0                    0                    0                    0                    0
  "DRIFT_171"                           430              "drift"           135.827299          7.203830421         0.5161076059          6.084416044         0.5641666251          3.608272648          3.644166995                    0                    0                    0                    0         -3.130041804         0.3790923323                    0                    0                    0                    0                    0                    0                    0                    0                    0                    0                    0                    0                    0                    0                    0                    0
  "BR.SPSCRAP142"                       431         "collimator"           135.827299          7.203830421         0.5161076059          6.084416044         0.5641666251          3.608272648          3.644166995                    0                    0                    0                    0         -3.130041804         0.3790923323                    0                    0                    0                    0                    0                    0                    0                    0                    0                    0                    0                    0                    0                    0                    0                    0
  "DRIFT_172"                           432              "drift"           135.827304           7.20382526         0.5161067269          6.084410403         0.5641655417          3.608272758          3.644167125                    0                    0                    0                    0         -3.130039909         0.3790923323                    0                    0                    0                    0                    0                    0                    0                    0                    0                    0                    0                    0                    0                    0                    0                    0
  "BR.BHZ142"                           433              "sbend"              137.445          5.998878815         0.2335544106          4.637080847         0.3139896381          3.647585338          3.693420949                    0                    0                    0                    0         -2.825298575      9.918386803e-05                    0                    0                    0                    0                    0                    0                    0                    0                    0                    0                    0                    0                    0                    0                    0                    0
  "DRIFT_173"                           434              "drift"           137.670173          5.902611619         0.1939710704          4.507689093         0.2606429961          3.653609311          3.701262697                    0                    0                    0                    0         -2.825276242      9.918386803e-05                    0                    0                    0                    0                    0                    0                    0                    0                    0                    0                    0                    0                    0                    0                    0                    0
  "BE3.BTV10"                           435         "instrument"           137.670173          5.902611619         0.1939710704          4.507689093         0.2606429961          3.653609311          3.701262697                    0                    0                    0                    0         -2.825276242      9.918386803e-05                    0                    0                    0                    0                    0                    0                    0                    0                    0                    0                    0                    0                    0                    0                    0                    0
  "DRIFT_174"                           436              "drift"           137.715573          5.885361379         0.1859901684          4.484511027         0.2498870993          3.654835257          3.702869819                    0                    0                    0                    0         -2.825271739      9.918386803e-05                    0                    0                    0                    0                    0                    0                    0                    0                    0                    0                    0                    0                    0                    0                    0                    0
  "BR3.BTV15L1"                         437         "instrument"           137.715573          5.885361379         0.1859901684          4.484511027         0.2498870993          3.654835257          3.702869819                    0                    0                    0                    0         -2.825271739      9.918386803e-05                    0                    0                    0                    0                    0                    0                    0                    0                    0                    0                    0                    0                    0                    0                    0                    0
  "DRIFT_175"                           438              "drift"           137.996102          5.794844231         0.1366757531           4.36295418         0.1834258445          3.662483429          3.712970289                    0                    0                    0                    0         -2.825243915      9.918386803e-05                    0                    0                    0                    0                    0                    0                    0                    0                    0                    0                    0                    0                    0                    0                    0                    0
  "BE3.SMH15L1"                         439            "hkicker"           138.946102           5.69381149       -0.03032550005          4.228259984       -0.04164248033          3.688927075          3.748466251                    0                    0                    0                    0          -2.82514969      9.918386803e-05                    0                    0                    0                    0                    0                    0                    0                    0                    0                    0                    0                    0                    0                    0                    0                    0
  "DRIFT_176"                           440              "drift"           139.287652          5.735033961       -0.09036684533            4.2843435        -0.1225604659          3.698445472          3.761251779                    0                    0                    0                    0         -2.825115814      9.918386803e-05                    0                    0                    0                    0                    0                    0                    0                    0                    0                    0                    0                    0                    0                    0                    0                    0
  "BR3.DHZ15L1"                         441            "hkicker"           139.287652          5.735033961       -0.09036684533            4.2843435        -0.1225604659          3.698445472          3.761251779                    0                    0                    0                    0         -2.825115814      9.918386803e-05                    0                    0                    0                    0                    0                    0                    0                    0                    0                    0                    0                    0                    0                    0                    0                    0
  "BR3.DVT15L1"                         442            "vkicker"           139.287652          5.735033961       -0.09036684533            4.2843435        -0.1225604659          3.698445472          3.761251779                    0                    0                    0                    0         -2.825115814      9.918386803e-05                    0                    0                    0                    0                    0                    0                    0                    0                    0                    0                    0                    0                    0                    0                    0                    0
  "DRIFT_177"                           443              "drift"            139.63066          5.817709639        -0.1506644936          4.396295939        -0.2038238722          3.707902092          3.773843699                    0                    0                    0                    0         -2.825081793      9.918386803e-05                    0                    0                    0                    0                    0                    0                    0                    0                    0                    0                    0                    0                    0                    0                    0                    0
  "BE3.BSW15L1"                         444            "hkicker"            139.99666          5.951544279        -0.2150039238          4.577231069        -0.2905344058           3.71780792           3.78684358                    0                    0                    0                    0         -2.825045492      9.918386803e-05                    0                    0                    0                    0                    0                    0                    0                    0                    0                    0                    0                    0                    0                    0                    0                    0
  "DRIFT_178"                           445              "drift"           140.099001          5.997392889        -0.2329945293          4.639179594        -0.3147804241          3.720534354          3.790378531                    0                    0                    0                    0         -2.825035341      9.918386803e-05                    0                    0                    0                    0                    0                    0                    0                    0                    0                    0                    0                    0                    0                    0                    0                    0
  "BR.BHZ151"                           446              "sbend"           141.716697          7.200539516        -0.5155468456          6.088943542        -0.5648518033          3.759861061          3.839601901                    0                    0                    0                    0         -3.129457834        -0.3788939646                    0                    0                    0                    0                    0                    0                    0                    0                    0                    0                    0                    0                    0                    0                    0                    0
  "DRIFT_179"                           447              "drift"          141.7166995          7.200542093        -0.5155472851          6.088946367        -0.5648523449          3.759861116          3.839601967                    0                    0                    0                    0         -3.129458781        -0.3788939646                    0                    0                    0                    0                    0                    0                    0                    0                    0                    0                    0                    0                    0                    0                    0                    0
  "BR.SPSCRAP151"                       448         "collimator"          141.7166995          7.200542093        -0.5155472851          6.088946367        -0.5648523449          3.759861116          3.839601967                    0                    0                    0                    0         -3.129458781        -0.3788939646                    0                    0                    0                    0                    0                    0                    0                    0                    0                    0                    0                    0                    0                    0                    0                    0
  "DRIFT_180"                           449              "drift"           142.083012          7.601833384        -0.5799416499          6.531839993        -0.6442072065           3.76774441          3.848851664                    0                    0                    0                    0         -3.268252376        -0.3788939646                    0                    0                    0                    0                    0                    0                    0                    0                    0                    0                    0                    0                    0                    0                    0                    0
  "BR.QFO151"                           450         "quadrupole"           142.586582          6.838933278          2.000493848          8.604341576         -3.721701999          3.778529113          3.859883237                    0                    0                    0                    0         -3.156059311         0.8176058754                    0                    0                    0                    0                    0                    0         0.3667408638                    0                    0                    0                    0                    0                    0                    0                    0                    0
  "DRIFT_181"                           451              "drift"           142.912834          5.611453211          1.761874097          11.21648275         -4.284811898          3.786914873           3.86516971                    0                    0                    0                    0         -2.889313759         0.8176058754                    0                    0                    0                    0                    0                    0                    0                    0                    0                    0                    0                    0                    0                    0                    0                    0
  "BR3.BPM15L3"                         452            "monitor"           142.912834          5.611453211          1.761874097          11.21648275         -4.284811898          3.786914873           3.86516971                    0                    0                    0                    0         -2.889313759         0.8176058754                    0                    0                    0                    0                    0                    0                    0                    0                    0                    0                    0                    0                    0                    0                    0                    0
  "BR3.ONOH0.15L3"                      453          "multipole"           142.912834          5.611453211          1.761874097          11.21648275         -4.284811898          3.786914873           3.86516971                    0                    0                    0                    0         -2.889313759         0.8176058754                    0                    0                    0                    0                    0                    0                    0                    0                    0                    0                    0                    0                    0                    0                    0                    0
  "BR3.QSKH0.15L3"                      454          "multipole"           142.912834          5.611453211          1.761874097          11.21648275         -4.284811898          3.786914873           3.86516971                    0                    0                    0                    0         -2.889313759         0.8176058754                    0                    0                    0                    0                    0                    0                    0                    0                    0                    0                    0                    0                    0                    0                    0                    0
  "BR3.XNOH0.15L3"                      455          "multipole"           142.912834          5.611453211          1.761874097          11.21648275         -4.284811898          3.786914873           3.86516971                    0                    0                    0                    0         -2.889313759         0.8176058754                    0                    0                    0                    0                    0                    0                    0                    0                    0                    0                    0                    0                    0                    0                    0                    0
  "DRIFT_182"                           456              "drift"           143.240327          4.535893896          1.522346682          14.20809058         -4.850063758          3.797253396          3.869298993                    0                    0                    0                    0         -2.621553558         0.8176058754                    0                    0                    0                    0                    0                    0                    0                    0                    0                    0                    0                    0                    0                    0                    0                    0
  "BR.QDE15"                            457         "quadrupole"           144.119267          4.536076002         -1.522592093          14.20931013          4.848952609          3.831391829          3.878233255                    0                    0                    0                    0         -2.621626991        -0.8177808893                    0                    0                    0                    0                    0                    0        -0.6533869961                    0                    0                    0                    0                    0                    0                    0                    0                    0
  "DRIFT_183"                           458              "drift"           144.221834          4.856107122          -1.59762318          13.23277301          4.672015285          3.834870218          3.879423729                    0                    0                    0                    0         -2.705504323        -0.8177808893                    0                    0                    0                    0                    0                    0                    0                    0                    0                    0                    0                    0                    0                    0                    0                    0
  "BE3.BSW15L4"                         459            "hkicker"           144.691834          6.519468424          -1.94144342          9.222151067          3.861222899          3.848180097          3.886197142                    0                    0                    0                    0         -3.089861341        -0.8177808893                    0                    0                    0                    0                    0                    0                    0                    0                    0                    0                    0                    0                    0                    0                    0                    0
  "DRIFT_184"                           460              "drift"           144.774012            6.8434965         -2.001559292          8.599185837          3.719458438          3.850138227          3.887665856                    0                    0                    0                    0         -3.157064939        -0.8177808893                    0                    0                    0                    0                    0                    0                    0                    0                    0                    0                    0                    0                    0                    0                    0                    0
  "BR.QFO152"                           461         "quadrupole"           145.277582          7.606582488         0.5806609734          6.527975854         0.6437298982          3.860915957          3.898704011                    0                    0                    0                    0         -3.269252009         0.3790924216                    0                    0                    0                    0                    0                    0         0.3667408638                    0                    0                    0                    0                    0                    0                    0                    0                    0
  "DRIFT_185"                           462              "drift"           145.644799          7.203830421         0.5161076059          6.084415731         0.5641665853          3.868814458          3.907982777                    0                    0                    0                    0         -3.130042827         0.3790924216                    0                    0                    0                    0                    0                    0                    0                    0                    0                    0                    0                    0                    0                    0                    0                    0
  "BR.STSCRAP152"                       463         "collimator"           145.644799          7.203830421         0.5161076059          6.084415731         0.5641665853          3.868814458          3.907982777                    0                    0                    0                    0         -3.130042827         0.3790924216                    0                    0                    0                    0                    0                    0                    0                    0                    0                    0                    0                    0                    0                    0                    0                    0
  "DRIFT_186"                           464              "drift"           145.644804           7.20382526         0.5161067269          6.084410089          0.564165502          3.868814568          3.907982908                    0                    0                    0                    0         -3.130040932         0.3790924216                    0                    0                    0                    0                    0                    0                    0                    0                    0                    0                    0                    0                    0                    0                    0                    0
  "BR.BHZ152"                           465              "sbend"             147.2625          5.998878815         0.2335544106          4.637080681         0.3139895883          3.908127148          3.957236734                    0                    0                    0                    0         -2.825299455      9.927312269e-05                    0                    0                    0                    0                    0                    0                    0                    0                    0                    0                    0                    0                    0                    0                    0                    0
  "DRIFT_187"                           466              "drift"             147.6255          5.852482089         0.1697423528          4.440342164         0.2279897962           3.91788364          3.969982341                    0                    0                    0                    0         -2.825263419      9.927312269e-05                    0                    0                    0                    0                    0                    0                    0                    0                    0                    0                    0                    0                    0                    0                    0                    0
  "BR3.ONO16L1"                         467          "multipole"             147.6255          5.852482089         0.1697423528          4.440342164         0.2279897962           3.91788364          3.969982341                    0                    0                    0                    0         -2.825263419      9.927312269e-05                    0                    0                    0                    0                    0                    0                    0                    0                    0                    0                    0                    0                    0                    0                    0                    0
  "BR3.QNO16L1"                         468          "multipole"             147.6255          5.852482089         0.1697423528          4.440342164         0.2279897962           3.91788364          3.969982341                    0                    0                    0                    0         -2.825263419      9.927312269e-05                    0                    0                    0                    0                    0                    0                    0                    0                    0                    0                    0                    0                    0                    0                    0                    0
  "BR3.XNO16L1"                         469          "multipole"             147.6255          5.852482089         0.1697423528          4.440342164         0.2279897962           3.91788364          3.969982341                    0                    0                    0                    0         -2.825263419      9.927312269e-05                    0                    0                    0                    0                    0                    0                    0                    0                    0                    0                    0                    0                    0                    0                    0                    0
  "DRIFT_188"                           470              "drift"              148.038           5.74235655        0.09722865078          4.292562985         0.1302627597          3.929217977          3.985042371                    0                    0                    0                    0         -2.825222468      9.927312269e-05                    0                    0                    0                    0                    0                    0                    0                    0                    0                    0                    0                    0                    0                    0                    0                    0
  "BI3.KSW16L1"                         471            "hkicker"              148.408          5.694473108        0.03218605745          4.228602073        0.04260456937          3.939523108           3.99888162                    0                    0                    0                    0         -2.825185737      9.927312269e-05                    0                    0                    0                    0                    0                    0                    0                    0                    0                    0                    0                    0                    0                    0                    0                    0
  "DRIFT_189"                           472              "drift"            149.25851          5.766885285        -0.1173257697            4.3275067        -0.1588931804          3.963231907           4.03073723                    0                    0                    0                    0         -2.825101305      9.927312269e-05                    0                    0                    0                    0                    0                    0                    0                    0                    0                    0                    0                    0                    0                    0                    0                    0
  "BR3.DHZ16L1"                         473            "hkicker"            149.25851          5.766885285        -0.1173257697            4.3275067        -0.1588931804          3.963231907           4.03073723                    0                    0                    0                    0         -2.825101305      9.927312269e-05                    0                    0                    0                    0                    0                    0                    0                    0                    0                    0                    0                    0                    0                    0                    0                    0
  "BR3.DVT16L1"                         474            "vkicker"            149.25851          5.766885285        -0.1173257697            4.3275067        -0.1588931804          3.963231907           4.03073723                    0                    0                    0                    0         -2.825101305      9.927312269e-05                    0                    0                    0                    0                    0                    0                    0                    0                    0                    0                    0                    0                    0                    0                    0                    0
  "DRIFT_190"                           475              "drift"          149.9165015          5.997393122        -0.2329946172          4.639180019         -0.314780597          3.981076177          4.054194334                    0                    0                    0                    0         -2.825035984      9.927312269e-05                    0                    0                    0                    0                    0                    0                    0                    0                    0                    0                    0                    0                    0                    0                    0                    0
  "BR.BHZ161"                           476              "sbend"          151.5341975          7.200540031        -0.5155469335          6.088944506        -0.5648519568          4.020402882          4.103417698                    0                    0                    0                    0         -3.129458333        -0.3788938753                    0                    0                    0                    0                    0                    0                    0                    0                    0                    0                    0                    0                    0                    0                    0                    0
  "DRIFT_191"                           477              "drift"             151.5342          7.200542609         -0.515547373           6.08894733        -0.5648524984          4.020402937          4.103417763                    0                    0                    0                    0          -3.12945928        -0.3788938753                    0                    0                    0                    0                    0                    0                    0                    0                    0                    0                    0                    0                    0                    0                    0                    0
  "BR.STSCRAP161"                       478         "collimator"             151.5342          7.200542609         -0.515547373           6.08894733        -0.5648524984          4.020402937          4.103417763                    0                    0                    0                    0          -3.12945928        -0.3788938753                    0                    0                    0                    0                    0                    0                    0                    0                    0                    0                    0                    0                    0                    0                    0                    0
  "DRIFT_192"                           479              "drift"           151.900512          7.601833384        -0.5799416499          6.531840424        -0.6442072496           4.02828622          4.112667447                    0                    0                    0                    0         -3.268252653        -0.3788938753                    0                    0                    0                    0                    0                    0                    0                    0                    0                    0                    0                    0                    0                    0                    0                    0
  "BR.QFO161"                           480         "quadrupole"           152.404082          6.838933278          2.000493848          8.604342139         -3.721702234          4.039070923          4.123699019                    0                    0                    0                    0          -3.15605952          0.817606055                    0                    0                    0                    0                    0                    0         0.3667408638                    0                    0                    0                    0                    0                    0                    0                    0                    0
  "DRIFT_193"                           481              "drift"           152.730339          5.611435593           1.76187044          11.21652632         -4.284820792          4.047456825          4.128985562                    0                    0                    0                    0         -2.889309821          0.817606055                    0                    0                    0                    0                    0                    0                    0                    0                    0                    0                    0                    0                    0                    0                    0                    0
  "BR3.BPM16L3"                         482            "monitor"           152.730339          5.611435593           1.76187044          11.21652632         -4.284820792          4.047456825          4.128985562                    0                    0                    0                    0         -2.889309821          0.817606055                    0                    0                    0                    0                    0                    0                    0                    0                    0                    0                    0                    0                    0                    0                    0                    0
  "BR3.ONOH0.16L3"                      483          "multipole"           152.730339          5.611435593           1.76187044          11.21652632         -4.284820792          4.047456825          4.128985562                    0                    0                    0                    0         -2.889309821          0.817606055                    0                    0                    0                    0                    0                    0                    0                    0                    0                    0                    0                    0                    0                    0                    0                    0
  "BR3.QNO16L3"                         484          "multipole"           152.730339          5.611435593           1.76187044          11.21652632         -4.284820792          4.047456825          4.128985562                    0                    0                    0                    0         -2.889309821          0.817606055                    0                    0                    0                    0                    0                    0                    0                    0                    0                    0                    0                    0                    0                    0                    0                    0
  "BR3.XNOH0.16L3"                      485          "multipole"           152.730339          5.611435593           1.76187044          11.21652632         -4.284820792          4.047456825          4.128985562                    0                    0                    0                    0         -2.889309821          0.817606055                    0                    0                    0                    0                    0                    0                    0                    0                    0                    0                    0                    0                    0                    0                    0                    0
  "DRIFT_194"                           486              "drift"           153.057827          4.535893896          1.522346682          14.20809149         -4.850064052          4.057795206          4.133114774                    0                    0                    0                    0         -2.621553649          0.817606055                    0                    0                    0                    0                    0                    0                    0                    0                    0                    0                    0                    0                    0                    0                    0                    0
  "BR.QDE16"                            487         "quadrupole"           153.936767          4.536076002         -1.522592093            14.209311          4.848952932          4.091933639          4.142049036                    0                    0                    0                    0         -2.621626935        -0.8177807207                    0                    0                    0                    0                    0                    0        -0.6533869961                    0                    0                    0                    0                    0                    0                    0                    0                    0
  "DRIFT_195"                           488              "drift"           154.079339          4.985103697         -1.626888134          12.86172669          4.603003358          4.096706098          4.143727555                    0                    0                    0                    0         -2.738219568        -0.8177807207                    0                    0                    0                    0                    0                    0                    0                    0                    0                    0                    0                    0                    0                    0                    0                    0
  "BI3.KSW16L4"                         489            "hkicker"           154.449339          6.289147706         -1.897555132          9.691669069          3.964719949          4.107230694           4.14900292                    0                    0                    0                    0         -3.040798435        -0.8177807207                    0                    0                    0                    0                    0                    0                    0                    0                    0                    0                    0                    0                    0                    0                    0                    0
  "DRIFT_196"                           490              "drift"           154.591512            6.8434965         -2.001559292           8.59918634          3.719458686          4.110680037          4.151481636                    0                    0                    0                    0         -3.157064773        -0.8177807207                    0                    0                    0                    0                    0                    0                    0                    0                    0                    0                    0                    0                    0                    0                    0                    0
  "BR.QFO162"                           491         "quadrupole"           155.095082          7.606582488         0.5806609734          6.527976205          0.643729971          4.121457767          4.162519791                    0                    0                    0                    0         -3.269251776         0.3790925159                    0                    0                    0                    0                    0                    0         0.3667408638                    0                    0                    0                    0                    0                    0                    0                    0                    0
  "DRIFT_197"                           492              "drift"           155.218397          7.466047251         0.5589833318          6.372507828         0.6170118451          4.124062212          4.165562903                    0                    0                    0                    0         -3.222503982         0.3790925159                    0                    0                    0                    0                    0                    0                    0                    0                    0                    0                    0                    0                    0                    0                    0                    0
  "BR3.VVS16L5"                         493             "marker"           155.218397          7.466047251         0.5589833318          6.372507828         0.6170118451          4.124062212          4.165562903                    0                    0                    0                    0         -3.222503982         0.3790925159                    0                    0                    0                    0                    0                    0                    0                    0                    0                    0                    0                    0                    0                    0                    0                    0
  "DRIFT_198"                           494              "drift"           155.462299          7.203830421         0.5161076059          6.084416029         0.5641666572          4.129356268          4.171798557                    0                    0                    0                    0          -3.13004256         0.3790925159                    0                    0                    0                    0                    0                    0                    0                    0                    0                    0                    0                    0                    0                    0                    0                    0
  "BR.STSCRAP162"                       495         "collimator"           155.462299          7.203830421         0.5161076059          6.084416029         0.5641666572          4.129356268          4.171798557                    0                    0                    0                    0          -3.13004256         0.3790925159                    0                    0                    0                    0                    0                    0                    0                    0                    0                    0                    0                    0                    0                    0                    0                    0
  "DRIFT_199"                           496              "drift"           155.462304           7.20382526         0.5161067269          6.084410387         0.5641655738          4.129356378          4.171798687                    0                    0                    0                    0         -3.130040664         0.3790925159                    0                    0                    0                    0                    0                    0                    0                    0                    0                    0                    0                    0                    0                    0                    0                    0
  "BR.BHZ162"                           497              "sbend"               157.08          5.998878815         0.2335544106          4.637080747         0.3139896571          4.168668957          4.221052512                    0                    0                    0                    0         -2.825299036      9.936745667e-05                    0                    0                    0                    0                    0                    0                    0                    0                    0                    0                    0                    0                    0                    0                    0                    0
