@ NAME                 %s               "PSB3"
@ TYPE                 %s              "twiss"
@ TITLE                %n                  nil
@ ORIGIN               %s "MAD 1.1.14 Linux 64"
@ DATE                 %s           "31/08/26"
@ TIME                 %s           "03:32:16"
@ REFCOL               %s               "name"
@ DIRECTION            %le                    1
@ OBSERVE              %le                    0
@ ENERGY               %le          1.098272088
@ DELTAP               %le                    0
@ LENGTH               %le               157.08
@ ALFAP                %le        0.06525678782
@ Q1                   %le          4.168740812
@ Q2                   %le          4.220843267
@ Q3                   %le                    0
@ DQ1                  %le         -6.446429143
@ DQ2                  %le         -13.01225509
@ DQ3                  %le                    0
* NAME                                INDEX                 KIND                    S                 BETX                 ALFX                 BETY                 ALFY                  MUX                  MUY                    X                   PX                    Y                   PY                   DX                  DPX                   DY                  DPY                  R11                  R12                  R21                  R22                  K1L                  K2L                  K3L                  K4L                  K5L                 K1SL                 K2SL                 K3SL                 K4SL                 K5SL
$ %s                                     %d                   %s                  %le                  %le                  %le                  %le                  %le                  %le                  %le                  %le                  %le                  %le                  %le                  %le                  %le                  %le                  %le                  %le                  %le                  %le                  %le                  %le                  %le                  %le                  %le                  %le                  %le                  %le                  %le                  %le                  %le
  "DRIFT_0"                               1              "drift"               0.1795          5.920536704         0.2020058675          4.532373044         0.2714371123       0.004794467754       0.006232941963                    0                    0                    0                    0         -2.825164951       9.93600183e-05                    0                    0                    0                    0                    0                    0                    0                    0                    0                    0                    0                    0                    0                    0                    0                    0
  "BI3.BSW1L1.1"                          2              "rbend"               0.4925          5.811303584         0.1469817353           4.38566138         0.1972902484        0.01329123004         0.0174155085                    0                    0                    0                    0         -2.825133852       9.93600183e-05                    0                    0                    0                    0                    0                    0                    0                    0                    0                    0                    0                    0                    0                    0                    0                    0
  "DRIFT_1"                               3              "drift"               0.8695          5.725465058        0.08070666244          4.270573605         0.1079823645        0.02370070909        0.03129749582                    0                    0                    0                    0         -2.825096393       9.93600183e-05                    0                    0                    0                    0                    0                    0                    0                    0                    0                    0                    0                    0                    0                    0                    0                    0
  "BI3.BSW1L1.2"                          4              "rbend"               1.1945          5.691574174         0.0235729789          4.225406674        0.03099280931        0.03276673181        0.04348600894                    0                    0                    0                    0         -2.825064101       9.93600183e-05                    0                    0                    0                    0                    0                    0                    0                    0                    0                    0                    0                    0                    0                    0                    0                    0
  "DRIFT_2"                               5              "drift"             1.327628           5.68841337      0.0001696157503          4.221353086     -0.0005440076013        0.03649079804        0.04850367078                    0                    0                    0                    0         -2.825050873       9.93600183e-05                    0                    0                    0                    0                    0                    0                    0                    0                    0                    0                    0                    0                    0                    0                    0                    0
  "BI3.BTV1L1"                            6         "instrument"             1.327628           5.68841337      0.0001696157503          4.221353086     -0.0005440076013        0.03649079804        0.04850367078                    0                    0                    0                    0         -2.825050873       9.93600183e-05                    0                    0                    0                    0                    0                    0                    0                    0                    0                    0                    0                    0                    0                    0                    0                    0
  "DRIFT_3"                               7              "drift"                1.334          5.688418346      -0.000950556039          4.221369637      -0.002053476664        0.03666907887         0.0487439098                    0                    0                    0                    0          -2.82505024       9.93600183e-05                    0                    0                    0                    0                    0                    0                    0                    0                    0                    0                    0                    0                    0                    0                    0                    0
  "BI3.BCSF1L1"                           8         "instrument"                1.334          5.688418346      -0.000950556039          4.221369637      -0.002053476664        0.03666907887         0.0487439098                    0                    0                    0                    0          -2.82505024       9.93600183e-05                    0                    0                    0                    0                    0                    0                    0                    0                    0                    0                    0                    0                    0                    0                    0                    0
  "BI3.TSTR1L1"                           9         "instrument"                1.334          5.688418346      -0.000950556039          4.221369637      -0.002053476664        0.03666907887         0.0487439098                    0                    0                    0                    0          -2.82505024       9.93600183e-05                    0                    0                    0                    0                    0                    0                    0                    0                    0                    0                    0                    0                    0                    0                    0                    0
  "DRIFT_4"                              10              "drift"               1.3975           5.68924792       -0.01211359882          4.222585632       -0.01709605128        0.03844563806        0.05113774532                    0                    0                    0                    0         -2.825043931       9.93600183e-05                    0                    0                    0                    0                    0                    0                    0                    0                    0                    0                    0                    0                    0                    0                    0                    0
  "BI3.BSW1L1.3"                         11              "rbend"               1.7225          5.715690207       -0.06924728236          4.258719671       -0.09408560643        0.04752127503        0.06334732748                    0                    0                    0                    0         -2.825011639       9.93600183e-05                    0                    0                    0                    0                    0                    0                    0                    0                    0                    0                    0                    0                    0                    0                    0                    0
  "DRIFT_5"                              12              "drift"               2.0935           5.79126842        -0.1344675796          4.361137096        -0.1819721448        0.05779136607        0.07706538201                    0                    0                    0                    0         -2.824974776       9.93600183e-05                    0                    0                    0                    0                    0                    0                    0                    0                    0                    0                    0                    0                    0                    0                    0                    0
  "BI3.BSW1L1.4"                         13              "rbend"               2.4185          5.897240794        -0.1916012631          4.504440596        -0.2589616999        0.06664693218        0.08874619708                    0                    0                    0                    0         -2.824942484       9.93600183e-05                    0                    0                    0                    0                    0                    0                    0                    0                    0                    0                    0                    0                    0                    0                    0                    0
  "DRIFT_6"                              14              "drift"                2.456          5.911858102        -0.1981936112          4.524195851        -0.2678451101        0.06765773836            0.0900683                    0                    0                    0                    0         -2.824938758       9.93600183e-05                    0                    0                    0                    0                    0                    0                    0                    0                    0                    0                    0                    0                    0                    0                    0                    0
  "BI3.TDI1L1"                           15         "collimator"                2.526          5.940466608        -0.2104993277          4.562854932        -0.2844274758        0.06953773032        0.09252044601                    0                    0                    0                    0         -2.824931803       9.93600183e-05                    0                    0                    0                    0                    0                    0                    0                    0                    0                    0                    0                    0                    0                    0                    0                    0
  "DRIFT_7"                              16              "drift"             2.654001          5.997235143         -0.233001385          4.639550217        -0.3147497529        0.07295108147        0.09694870752                    0                    0                    0                    0         -2.824919085       9.93600183e-05                    0                    0                    0                    0                    0                    0                    0                    0                    0                    0                    0                    0                    0                    0                    0                    0
  "BR.BHZ11"                             17              "sbend"             4.271697           7.20041713        -0.5155619896          6.089058921        -0.5647201867          0.112278658         0.1461695645                    0                    0                    0                    0         -3.129341295        -0.3788937884                    0                    0                    0                    0                    0                    0                    0                    0                    0                    0                    0                    0                    0                    0                    0                    0
  "DRIFT_8"                              18              "drift"               4.2717          7.200420223        -0.5155625169          6.089062309        -0.5647208365         0.1122787243         0.1461696429                    0                    0                    0                    0         -3.129342431        -0.3788937884                    0                    0                    0                    0                    0                    0                    0                    0                    0                    0                    0                    0                    0                    0                    0                    0
  "BR.SPSCRAP11"                         19         "collimator"               4.2717          7.200420223        -0.5155625169          6.089062309        -0.5647208365         0.1122787243         0.1461696429                    0                    0                    0                    0         -3.129342431        -0.3788937884                    0                    0                    0                    0                    0                    0                    0                    0                    0                    0                    0                    0                    0                    0                    0                    0
  "DRIFT_9"                              20              "drift"             4.514819          7.461497055        -0.5583018524          6.376453764        -0.6173811596         0.1175586376         0.1523809709                    0                    0                    0                    0          -3.22145871        -0.3788937884                    0                    0                    0                    0                    0                    0                    0                    0                    0                    0                    0                    0                    0                    0                    0                    0
  "BR3.VVS1L2"                           21             "marker"             4.514819          7.461497055        -0.5583018524          6.376453764        -0.6173811596         0.1175586376         0.1523809709                    0                    0                    0                    0          -3.22145871        -0.3788937884                    0                    0                    0                    0                    0                    0                    0                    0                    0                    0                    0                    0                    0                    0                    0                    0
  "DRIFT_10"                             22              "drift"             4.638012          7.601722785        -0.5799586827          6.531855118        -0.6440651423         0.1201621313          0.155419229                    0                    0                    0                    0         -3.268135773        -0.3788937884                    0                    0                    0                    0                    0                    0                    0                    0                    0                    0                    0                    0                    0                    0                    0                    0
  "BR.QFO11"                             23         "quadrupole"             5.141582          6.838863164          2.000435857          8.604185146         -3.721481732         0.1309469699         0.1664508878                    0                    0                    0                    0         -3.155954352         0.8175601931                    0                    0                    0                    0                    0                    0         0.3667394777                    0                    0                    0                    0                    0                    0                    0                    0                    0
  "DRIFT_11"                             24              "drift"             5.467797            5.6115485          1.761851789           11.2158486         -4.284475846         0.1393317496         0.1717369585                    0                    0                    0                    0         -2.889253953         0.8175601931                    0                    0                    0                    0                    0                    0                    0                    0                    0                    0                    0                    0                    0                    0                    0                    0
  "BR3.BPM1L3"                           25            "monitor"             5.467797            5.6115485          1.761851789           11.2158486         -4.284475846         0.1393317496         0.1717369585                    0                    0                    0                    0         -2.889253953         0.8175601931                    0                    0                    0                    0                    0                    0                    0                    0                    0                    0                    0                    0                    0                    0                    0                    0
  "BR3.ONOH0.1L3"                        26          "multipole"             5.467797            5.6115485          1.761851789           11.2158486         -4.284475846         0.1393317496         0.1717369585                    0                    0                    0                    0         -2.889253953         0.8175601931                    0                    0                    0                    0                    0                    0                    0                    0                    0                    0                    0                    0                    0                    0                    0                    0
  "BR3.QSKH0.1L3"                        27          "multipole"             5.467797            5.6115485          1.761851789           11.2158486         -4.284475846         0.1393317496         0.1717369585                    0                    0                    0                    0         -2.889253953         0.8175601931                    0                    0                    0                    0                    0                    0                    0                    0                    0                    0                    0                    0                    0                    0                    0                    0
  "BR3.XNOH0.1L3"                        28          "multipole"             5.467797            5.6115485          1.761851789           11.2158486         -4.284475846         0.1393317496         0.1717369585                    0                    0                    0                    0         -2.889253953         0.8175601931                    0                    0                    0                    0                    0                    0                    0                    0                    0                    0                    0                    0                    0                    0                    0                    0
  "DRIFT_12"                             29              "drift"             5.795327           4.53588831          1.522305968          14.20757813         -4.849739436          0.149671361         0.1758668996                    0                    0                    0                    0         -2.621478463         0.8175601931                    0                    0                    0                    0                    0                    0                    0                    0                    0                    0                    0                    0                    0                    0                    0                    0
  "BR.QDE1"                              30         "quadrupole"             6.674267          4.536070412         -1.522551373          14.20879763          4.848628323         0.1838097448         0.1848015103                    0                    0                    0                    0         -2.621551727        -0.8177348045                    0                    0                    0                    0                    0                    0        -0.6533682276                    0                    0                    0                    0                    0                    0                    0                    0                    0
  "DRIFT_13"                             31              "drift"             6.816797          4.984949305         -1.626812922          12.86168927          4.602773896         0.1885808743         0.1864795676                    0                    0                    0                    0         -2.738103469        -0.8177348045                    0                    0                    0                    0                    0                    0                    0                    0                    0                    0                    0                    0                    0                    0                    0                    0
  "BI3.KSW1L4"                           32            "hkicker"             7.186797          6.288934038         -1.897470139          9.691779651          3.964549397         0.1991058124         0.1917549095                    0                    0                    0                    0         -3.040665346        -0.8177348045                    0                    0                    0                    0                    0                    0                    0                    0                    0                    0                    0                    0                    0                    0                    0                    0
  "DRIFT_14"                             33              "drift"             7.329012          6.843426255         -2.001501263           8.59902978          3.719238324         0.2025562505         0.1942343666                    0                    0                    0                    0         -3.156959501        -0.8177348045                    0                    0                    0                    0                    0                    0                    0                    0                    0                    0                    0                    0                    0                    0                    0                    0
  "BR.QFO12"                             34         "quadrupole"             7.832582          7.606471749         0.5806779851          6.527991271         0.6435878531         0.2133341162         0.2052726077                    0                    0                    0                    0         -3.269134774           0.37909244                    0                    0                    0                    0                    0                    0         0.3667394777                    0                    0                    0                    0                    0                    0                    0                    0                    0
  "DRIFT_15"                             35              "drift"             7.997852          7.419336169         0.5516241885          6.321177006         0.6077842338         0.2168357848         0.2093677907                    0                    0                    0                    0         -3.206482167           0.37909244                    0                    0                    0                    0                    0                    0                    0                    0                    0                    0                    0                    0                    0                    0                    0                    0
  "BR3.BPP1L5"                           36            "monitor"             7.997852          7.419336169         0.5516241885          6.321177006         0.6077842338         0.2168357848         0.2093677907                    0                    0                    0                    0         -3.206482167           0.37909244                    0                    0                    0                    0                    0                    0                    0                    0                    0                    0                    0                    0                    0                    0                    0                    0
  "DRIFT_16"                             37              "drift"             8.199799          7.203707883          0.516122724          6.084531624         0.5640350144         0.2212327418         0.2145512748                    0                    0                    0                    0         -3.129925586           0.37909244                    0                    0                    0                    0                    0                    0                    0                    0                    0                    0                    0                    0                    0                    0                    0                    0
  "BR.STSCRAP12"                         38         "collimator"             8.199799          7.203707883          0.516122724          6.084531624         0.5640350144         0.2212327418         0.2145512748                    0                    0                    0                    0         -3.129925586           0.37909244                    0                    0                    0                    0                    0                    0                    0                    0                    0                    0                    0                    0                    0                    0                    0                    0
  "DRIFT_17"                             39              "drift"             8.199804          7.203702722          0.516121845          6.084525984         0.5640339312         0.2212328522         0.2145514056                    0                    0                    0                    0          -3.12992369           0.37909244                    0                    0                    0                    0                    0                    0                    0                    0                    0                    0                    0                    0                    0                    0                    0                    0
  "BR.BHZ12"                             40              "sbend"               9.8175          5.998720999         0.2335612404          4.637451706         0.3139589533         0.2605463008         0.2638027111                    0                    0                    0                    0         -2.825182184      9.929153889e-05                    0                    0                    0                    0                    0                    0                    0                    0                    0                    0                    0                    0                    0                    0                    0                    0
  "DRIFT_18"                             41              "drift"              10.7355          5.718050028        0.07218055889          4.260656735        0.09649308408         0.2855960899         0.2969098362                    0                    0                    0                    0         -2.825091034      9.929153889e-05                    0                    0                    0                    0                    0                    0                    0                    0                    0                    0                    0                    0                    0                    0                    0                    0
  "BR3.BWS.2L1.V_ROT"                    42            "monitor"              10.7355          5.718050028        0.07218055889          4.260656735        0.09649308408         0.2855960899         0.2969098362                    0                    0                    0                    0         -2.825091034      9.929153889e-05                    0                    0                    0                    0                    0                    0                    0                    0                    0                    0                    0                    0                    0                    0                    0                    0
  "DRIFT_19"                             43              "drift"              10.8335          5.705590982        0.05495255586          4.244019191        0.07327777343         0.2883269108          0.300578076                    0                    0                    0                    0         -2.825081304      9.929153889e-05                    0                    0                    0                    0                    0                    0                    0                    0                    0                    0                    0                    0                    0                    0                    0                    0
  "BR3.BWS.2L1.H_ROT"                    44            "monitor"              10.8335          5.705590982        0.05495255586          4.244019191        0.07327777343         0.2883269108          0.300578076                    0                    0                    0                    0         -2.825081304      9.929153889e-05                    0                    0                    0                    0                    0                    0                    0                    0                    0                    0                    0                    0                    0                    0                    0                    0
  "DRIFT_20"                             45              "drift"              11.3695          5.697187316         -0.039274073          4.233523234       -0.05369576238          0.303311546         0.3207575353                    0                    0                    0                    0         -2.825028083      9.929153889e-05                    0                    0                    0                    0                    0                    0                    0                    0                    0                    0                    0                    0                    0                    0                    0                    0
  "BI3.KSW2L1"                           46            "hkicker"              11.7395          5.750316595        -0.1043185743          4.305688465        -0.1413454046          0.313607075         0.3345675677                    0                    0                    0                    0         -2.824991346      9.929153889e-05                    0                    0                    0                    0                    0                    0                    0                    0                    0                    0                    0                    0                    0                    0                    0                    0
  "DRIFT_21"                             47              "drift"            12.471501          5.997235143         -0.233001385           4.63955061        -0.3147497987         0.3334973822         0.3607514132                    0                    0                    0                    0         -2.824918664      9.929153889e-05                    0                    0                    0                    0                    0                    0                    0                    0                    0                    0                    0                    0                    0                    0                    0                    0
  "BR.BHZ21"                             48              "sbend"            14.089197           7.20041713        -0.5155619896          6.089059409        -0.5647201982         0.3728249588          0.409972266                    0                    0                    0                    0         -3.129340984        -0.3788938569                    0                    0                    0                    0                    0                    0                    0                    0                    0                    0                    0                    0                    0                    0                    0                    0
  "DRIFT_22"                             49              "drift"           14.0891995          7.200419708         -0.515562429          6.089062232        -0.5647207398         0.3728250141         0.4099723313                    0                    0                    0                    0         -3.129341931        -0.3788938569                    0                    0                    0                    0                    0                    0                    0                    0                    0                    0                    0                    0                    0                    0                    0                    0
  "BR.STSCRAP21"                         50         "collimator"           14.0891995          7.200419708         -0.515562429          6.089062232        -0.5647207398         0.3728250141         0.4099723313                    0                    0                    0                    0         -3.129341931        -0.3788938569                    0                    0                    0                    0                    0                    0                    0                    0                    0                    0                    0                    0                    0                    0                    0                    0
  "DRIFT_23"                             51              "drift"            14.455512          7.601722785        -0.5799586827          6.531855613        -0.6440651483         0.3807084321         0.4192219298                    0                    0                    0                    0         -3.268135487        -0.3788938569                    0                    0                    0                    0                    0                    0                    0                    0                    0                    0                    0                    0                    0                    0                    0                    0
  "BR.QFO21"                             52         "quadrupole"            14.959082          6.838863164          2.000435857           8.60418574         -3.721481936         0.3914932707         0.4302535878                    0                    0                    0                    0         -3.155954125         0.8175600293                    0                    0                    0                    0                    0                    0         0.3667394777                    0                    0                    0                    0                    0                    0                    0                    0                    0
  "DRIFT_24"                             53              "drift"            15.285302          5.611530882          1.761848132          11.21589218         -4.284484698         0.3998781922         0.4355397291                    0                    0                    0                    0         -2.889249693         0.8175600293                    0                    0                    0                    0                    0                    0                    0                    0                    0                    0                    0                    0                    0                    0                    0                    0
  "BR3.BPM2L3"                           54            "monitor"            15.285302          5.611530882          1.761848132          11.21589218         -4.284484698         0.3998781922         0.4355397291                    0                    0                    0                    0         -2.889249693         0.8175600293                    0                    0                    0                    0                    0                    0                    0                    0                    0                    0                    0                    0                    0                    0                    0                    0
  "BR3.ONOH0.2L3"                        55          "multipole"            15.285302          5.611530882          1.761848132          11.21589218         -4.284484698         0.3998781922         0.4355397291                    0                    0                    0                    0         -2.889249693         0.8175600293                    0                    0                    0                    0                    0                    0                    0                    0                    0                    0                    0                    0                    0                    0                    0                    0
  "BR3.QSK2L3"                           56          "multipole"            15.285302          5.611530882          1.761848132          11.21589218         -4.284484698         0.3998781922         0.4355397291                    0                    0                    0                    0         -2.889249693         0.8175600293                    0                    0                    0                    0                    0                    0                    0                    0                    0                    0                    0                    0                    0                    0                    0                    0
  "BR3.XNOH0.2L3"                        57          "multipole"            15.285302          5.611530882          1.761848132          11.21589218         -4.284484698         0.3998781922         0.4355397291                    0                    0                    0                    0         -2.889249693         0.8175600293                    0                    0                    0                    0                    0                    0                    0                    0                    0                    0                    0                    0                    0                    0                    0                    0
  "DRIFT_25"                             58              "drift"            15.612827           4.53588831          1.522305968          14.20757901         -4.849739678         0.4102176618          0.439669599                    0                    0                    0                    0         -2.621478344         0.8175600293                    0                    0                    0                    0                    0                    0                    0                    0                    0                    0                    0                    0                    0                    0                    0                    0
  "BR.QDE2"                              59         "quadrupole"            16.491767          4.536070412         -1.522551373          14.20879841          4.848628657         0.4443560456         0.4486042091                    0                    0                    0                    0          -2.62155173        -0.8177349322                    0                    0                    0                    0                    0                    0        -0.6533682276                    0                    0                    0                    0                    0                    0                    0                    0                    0
  "DRIFT_26"                             60              "drift"            16.819302            5.6119235         -1.762145188          11.21765644          4.283653313         0.4546952613         0.4527337031                    0                    0                    0                    0         -2.889388541        -0.8177349322                    0                    0                    0                    0                    0                    0                    0                    0                    0                    0                    0                    0                    0                    0                    0                    0
  "BR3.DHZ2L4"                           61            "hkicker"            16.819302            5.6119235         -1.762145188          11.21765644          4.283653313         0.4546952613         0.4527337031                    0                    0                    0                    0         -2.889388541        -0.8177349322                    0                    0                    0                    0                    0                    0                    0                    0                    0                    0                    0                    0                    0                    0                    0                    0
  "BR3.DVT2L4"                           62            "vkicker"            16.819302            5.6119235         -1.762145188          11.21765644          4.283653313         0.4546952613         0.4527337031                    0                    0                    0                    0         -2.889388541        -0.8177349322                    0                    0                    0                    0                    0                    0                    0                    0                    0                    0                    0                    0                    0                    0                    0                    0
  "BR3.OSK2L4"                           63          "multipole"            16.819302            5.6119235         -1.762145188          11.21765644          4.283653313         0.4546952613         0.4527337031                    0                    0                    0                    0         -2.889388541        -0.8177349322                    0                    0                    0                    0                    0                    0                    0                    0                    0                    0                    0                    0                    0                    0                    0                    0
  "BR3.XSK2L4"                           64          "multipole"            16.819302            5.6119235         -1.762145188          11.21765644          4.283653313         0.4546952613         0.4527337031                    0                    0                    0                    0         -2.889388541        -0.8177349322                    0                    0                    0                    0                    0                    0                    0                    0                    0                    0                    0                    0                    0                    0                    0                    0
  "DRIFT_27"                             65              "drift"            17.146512          6.843426255         -2.001501263          8.599030183          3.719238571         0.4631025513          0.458037065                    0                    0                    0                    0         -3.156959588        -0.8177349322                    0                    0                    0                    0                    0                    0                    0                    0                    0                    0                    0                    0                    0                    0                    0                    0
  "BR.QFO22"                             66         "quadrupole"            17.650082          7.606471749         0.5806779851          6.527991508         0.6435879554          0.473880417         0.4690753056                    0                    0                    0                    0         -3.269134916         0.3790923548                    0                    0                    0                    0                    0                    0         0.3667394777                    0                    0                    0                    0                    0                    0                    0                    0                    0
  "DRIFT_28"                             67              "drift"            18.017299          7.203707883          0.516122724          6.084531788         0.5640351122         0.4817790425         0.4783539724                    0                    0                    0                    0         -3.129925758         0.3790923548                    0                    0                    0                    0                    0                    0                    0                    0                    0                    0                    0                    0                    0                    0                    0                    0
  "BR.STSCRAP22"                         68         "collimator"            18.017299          7.203707883          0.516122724          6.084531788         0.5640351122         0.4817790425         0.4783539724                    0                    0                    0                    0         -3.129925758         0.3790923548                    0                    0                    0                    0                    0                    0                    0                    0                    0                    0                    0                    0                    0                    0                    0                    0
  "DRIFT_29"                             69              "drift"            18.017304          7.203702722          0.516121845          6.084526147          0.564034029          0.481779153         0.4783541032                    0                    0                    0                    0         -3.129923863         0.3790923548                    0                    0                    0                    0                    0                    0                    0                    0                    0                    0                    0                    0                    0                    0                    0                    0
  "BR.BHZ22"                             70              "sbend"               19.635          5.998720999         0.2335612404          4.637451585          0.313959028         0.5210926015         0.5276054087                    0                    0                    0                    0         -2.825182493      9.920632581e-05                    0                    0                    0                    0                    0                    0                    0                    0                    0                    0                    0                    0                    0                    0                    0                    0
  "DRIFT_30"                             71              "drift"               20.159          5.802218168         0.1414441629           4.37346709         0.1898281747         0.5352472057         0.5461656498                    0                    0                    0                    0         -2.825130509      9.920632581e-05                    0                    0                    0                    0                    0                    0                    0                    0                    0                    0                    0                    0                    0                    0                    0                    0
  "BR3.DES3L1"                           72            "hkicker"               20.724          5.698504726        0.04211945155          4.234582764        0.05598479286         0.5509108358          0.567121532                    0                    0                    0                    0         -2.825074458      9.920632581e-05                    0                    0                    0                    0                    0                    0                    0                    0                    0                    0                    0                    0                    0                    0                    0                    0
  "HACMAP"                               73             "marker"               20.724          5.698504726        0.04211945155          4.234582764        0.05598479286         0.5509108358          0.567121532                    0                    0                    0                    0         -2.825074458      9.920632581e-05                    0                    0                    0                    0                    0                    0                    0                    0                    0                    0                    0                    0                    0                    0                    0                    0
  "VACMAP"                               74             "marker"               20.724          5.698504726        0.04211945155          4.234582764        0.05598479286         0.5509108358          0.567121532                    0                    0                    0                    0         -2.825074458      9.920632581e-05                    0                    0                    0                    0                    0                    0                    0                    0                    0                    0                    0                    0                    0                    0                    0                    0
  "DRIFT_31"                             75              "drift"               21.098           5.69158901       -0.02362823351          4.225841496       -0.03261241919         0.5613702453         0.5812110856                    0                    0                    0                    0         -2.825037354      9.920632581e-05                    0                    0                    0                    0                    0                    0                    0                    0                    0                    0                    0                    0                    0                    0                    0                    0
  "BR3.ONO3L1"                           76          "multipole"               21.098           5.69158901       -0.02362823351          4.225841496       -0.03261241919         0.5613702453         0.5812110856                    0                    0                    0                    0         -2.825037354      9.920632581e-05                    0                    0                    0                    0                    0                    0                    0                    0                    0                    0                    0                    0                    0                    0                    0                    0
  "BR3.QNO3L1"                           77          "multipole"               21.098           5.69158901       -0.02362823351          4.225841496       -0.03261241919         0.5613702453         0.5812110856                    0                    0                    0                    0         -2.825037354      9.920632581e-05                    0                    0                    0                    0                    0                    0                    0                    0                    0                    0                    0                    0                    0                    0                    0                    0
  "BR3.XNO3L1"                           78          "multipole"               21.098           5.69158901       -0.02362823351          4.225841496       -0.03261241919         0.5613702453         0.5812110856                    0                    0                    0                    0         -2.825037354      9.920632581e-05                    0                    0                    0                    0                    0                    0                    0                    0                    0                    0                    0                    0                    0                    0                    0                    0
  "DRIFT_32"                             79              "drift"               21.678          5.778135519        -0.1255898841          4.343362015        -0.1700091652         0.5774945388         0.6028240404                    0                    0                    0                    0         -2.824979815      9.920632581e-05                    0                    0                    0                    0                    0                    0                    0                    0                    0                    0                    0                    0                    0                    0                    0                    0
  "BR3.BPMT3L1"                          80            "monitor"               21.678          5.778135519        -0.1255898841          4.343362015        -0.1700091652         0.5774945388         0.6028240404                    0                    0                    0                    0         -2.824979815      9.920632581e-05                    0                    0                    0                    0                    0                    0                    0                    0                    0                    0                    0                    0                    0                    0                    0                    0
  "DRIFT_33"                             81              "drift"           22.2890015          5.997235376        -0.2330014729          4.639550522        -0.3147498856         0.5940436963         0.6245541343                    0                    0                    0                    0           -2.8249192      9.920632581e-05                    0                    0                    0                    0                    0                    0                    0                    0                    0                    0                    0                    0                    0                    0                    0                    0
  "BR.BHZ31"                             82              "sbend"           23.9066975          7.200417645        -0.5155620775          6.089059643        -0.5647203067         0.6333712706         0.6737749865                    0                    0                    0                    0         -3.129341656        -0.3788939421                    0                    0                    0                    0                    0                    0                    0                    0                    0                    0                    0                    0                    0                    0                    0                    0
  "DRIFT_34"                             83              "drift"              23.9067          7.200420223        -0.5155625169          6.089062466        -0.5647208482         0.6333713259         0.6737750519                    0                    0                    0                    0         -3.129342603        -0.3788939421                    0                    0                    0                    0                    0                    0                    0                    0                    0                    0                    0                    0                    0                    0                    0                    0
  "BR.STSCRAP31"                         84         "collimator"              23.9067          7.200420223        -0.5155625169          6.089062466        -0.5647208482         0.6333713259         0.6737750519                    0                    0                    0                    0         -3.129342603        -0.3788939421                    0                    0                    0                    0                    0                    0                    0                    0                    0                    0                    0                    0                    0                    0                    0                    0
  "DRIFT_35"                             85              "drift"            24.273012          7.601722785        -0.5799586827          6.531855284        -0.6440651528         0.6412547329         0.6830246378                    0                    0                    0                    0         -3.268136001        -0.3788939421                    0                    0                    0                    0                    0                    0                    0                    0                    0                    0                    0                    0                    0                    0                    0                    0
  "BR.QFO31"                             86         "quadrupole"            24.776582          6.838863164          2.000435857          8.604185355         -3.721481813         0.6520395715         0.6940562963                    0                    0                    0                    0         -3.155954635         0.8175601347                    0                    0                    0                    0                    0                    0         0.3667394777                    0                    0                    0                    0                    0                    0                    0                    0                    0
  "DRIFT_36"                             87              "drift"            25.102807          5.611513263          1.761844475          11.21593455         -4.284493194         0.6604246348         0.6993425088                    0                    0                    0                    0          -2.88924608         0.8175601347                    0                    0                    0                    0                    0                    0                    0                    0                    0                    0                    0                    0                    0                    0                    0                    0
  "BR3.BPM3L3"                           88            "monitor"            25.102807          5.611513263          1.761844475          11.21593455         -4.284493194         0.6604246348         0.6993425088                    0                    0                    0                    0          -2.88924608         0.8175601347                    0                    0                    0                    0                    0                    0                    0                    0                    0                    0                    0                    0                    0                    0                    0                    0
  "BR3.ONOH0.3L3"                        89          "multipole"            25.102807          5.611513263          1.761844475          11.21593455         -4.284493194         0.6604246348         0.6993425088                    0                    0                    0                    0          -2.88924608         0.8175601347                    0                    0                    0                    0                    0                    0                    0                    0                    0                    0                    0                    0                    0                    0                    0                    0
  "BR3.QSKH0.3L3"                        90          "multipole"            25.102807          5.611513263          1.761844475          11.21593455         -4.284493194         0.6604246348         0.6993425088                    0                    0                    0                    0          -2.88924608         0.8175601347                    0                    0                    0                    0                    0                    0                    0                    0                    0                    0                    0                    0                    0                    0                    0                    0
  "BR3.XNOH0.3L3"                        91          "multipole"            25.102807          5.611513263          1.761844475          11.21593455         -4.284493194         0.6604246348         0.6993425088                    0                    0                    0                    0          -2.88924608         0.8175601347                    0                    0                    0                    0                    0                    0                    0                    0                    0                    0                    0                    0                    0                    0                    0                    0
  "DRIFT_37"                             92              "drift"            25.430327           4.53588831          1.522305968          14.20757846         -4.849739536         0.6707639626         0.7034723079                    0                    0                    0                    0         -2.621478784         0.8175601347                    0                    0                    0                    0                    0                    0                    0                    0                    0                    0                    0                    0                    0                    0                    0                    0
  "BR.QDE3"                              93         "quadrupole"            26.309267          4.536070412         -1.522551373          14.20879793          4.848628442         0.7049023464         0.7124069183                    0                    0                    0                    0         -2.621552201         -0.817735111                    0                    0                    0                    0                    0                    0        -0.6533682276                    0                    0                    0                    0                    0                    0                    0                    0                    0
  "DRIFT_38"                             94              "drift"            26.636807          5.611941122         -1.762148845          11.21761325          4.283644502         0.7152417039         0.7165364834                    0                    0                    0                    0         -2.889393159         -0.817735111                    0                    0                    0                    0                    0                    0                    0                    0                    0                    0                    0                    0                    0                    0                    0                    0
  "BR3.DHZ3L4"                           95            "hkicker"            26.636807          5.611941122         -1.762148845          11.21761325          4.283644502         0.7152417039         0.7165364834                    0                    0                    0                    0         -2.889393159         -0.817735111                    0                    0                    0                    0                    0                    0                    0                    0                    0                    0                    0                    0                    0                    0                    0                    0
  "BR3.DVT3L4"                           96            "vkicker"            26.636807          5.611941122         -1.762148845          11.21761325          4.283644502         0.7152417039         0.7165364834                    0                    0                    0                    0         -2.889393159         -0.817735111                    0                    0                    0                    0                    0                    0                    0                    0                    0                    0                    0                    0                    0                    0                    0                    0
  "DRIFT_39"                             97              "drift"            26.964012          6.843426255         -2.001501263          8.599029949          3.719238414         0.7236488521         0.7218397745                    0                    0                    0                    0         -3.156960176         -0.817735111                    0                    0                    0                    0                    0                    0                    0                    0                    0                    0                    0                    0                    0                    0                    0                    0
  "BR.QFO32"                             98         "quadrupole"            27.467582          7.606471749         0.5806779851          6.527991383         0.6435878837         0.7344267178         0.7328780153                    0                    0                    0                    0         -3.269135537         0.3790924013                    0                    0                    0                    0                    0                    0         0.3667394777                    0                    0                    0                    0                    0                    0                    0                    0                    0
  "DRIFT_40"                             99              "drift"            27.834799          7.203707883          0.516122724          6.084531714         0.5640350441         0.7423253433         0.7421566823                    0                    0                    0                    0         -3.129926363         0.3790924013                    0                    0                    0                    0                    0                    0                    0                    0                    0                    0                    0                    0                    0                    0                    0                    0
  "BR.STSCRAP32"                        100         "collimator"            27.834799          7.203707883          0.516122724          6.084531714         0.5640350441         0.7423253433         0.7421566823                    0                    0                    0                    0         -3.129926363         0.3790924013                    0                    0                    0                    0                    0                    0                    0                    0                    0                    0                    0                    0                    0                    0                    0                    0
  "DRIFT_41"                            101              "drift"            27.834804          7.203702722          0.516121845          6.084526074         0.5640339609         0.7423254538         0.7421568131                    0                    0                    0                    0         -3.129924468         0.3790924013                    0                    0                    0                    0                    0                    0                    0                    0                    0                    0                    0                    0                    0                    0                    0                    0
  "BR.BHZ32"                            102              "sbend"              29.4525          5.998720999         0.2335612404          4.637451704         0.3139589791         0.7816389023         0.7914081182                    0                    0                    0                    0         -2.825183023      9.925285052e-05                    0                    0                    0                    0                    0                    0                    0                    0                    0                    0                    0                    0                    0                    0                    0                    0
  "DRIFT_42"                            103              "drift"              29.8225          5.849952147         0.1685167391          4.437552427         0.2263093355         0.7915860633         0.8044036216                    0                    0                    0                    0           -2.8251463      9.925285052e-05                    0                    0                    0                    0                    0                    0                    0                    0                    0                    0                    0                    0                    0                    0                    0                    0
  "BR3.ONO4L1"                          104          "multipole"              29.8225          5.849952147         0.1685167391          4.437552427         0.2263093355         0.7915860633         0.8044036216                    0                    0                    0                    0           -2.8251463      9.925285052e-05                    0                    0                    0                    0                    0                    0                    0                    0                    0                    0                    0                    0                    0                    0                    0                    0
  "BR3.OSK4L1"                          105          "multipole"              29.8225          5.849952147         0.1685167391          4.437552427         0.2263093355         0.7915860633         0.8044036216                    0                    0                    0                    0           -2.8251463      9.925285052e-05                    0                    0                    0                    0                    0                    0                    0                    0                    0                    0                    0                    0                    0                    0                    0                    0
  "BR3.XNO4L1"                          106          "multipole"              29.8225          5.849952147         0.1685167391          4.437552427         0.2263093355         0.7915860633         0.8044036216                    0                    0                    0                    0           -2.8251463      9.925285052e-05                    0                    0                    0                    0                    0                    0                    0                    0                    0                    0                    0                    0                    0                    0                    0                    0
  "BR3.XSK4L1"                          107          "multipole"              29.8225          5.849952147         0.1685167391          4.437552427         0.2263093355         0.7915860633         0.8044036216                    0                    0                    0                    0           -2.8251463      9.925285052e-05                    0                    0                    0                    0                    0                    0                    0                    0                    0                    0                    0                    0                    0                    0                    0                    0
  "DRIFT_43"                            108              "drift"              30.3565          5.720105539        0.07464170218          4.263404927        0.09980957963         0.8062990882         0.8239924474                    0                    0                    0                    0         -2.825093299      9.925285052e-05                    0                    0                    0                    0                    0                    0                    0                    0                    0                    0                    0                    0                    0                    0                    0                    0
  "BE3.DHZ4L1"                          109            "hkicker"              30.3565          5.720105539        0.07464170218          4.263404927        0.09980957963         0.8062990882         0.8239924474                    0                    0                    0                    0         -2.825093299      9.925285052e-05                    0                    0                    0                    0                    0                    0                    0                    0                    0                    0                    0                    0                    0                    0                    0                    0
  "BE3.DVT4L1"                          110            "vkicker"              30.3565          5.720105539        0.07464170218          4.263404927        0.09980957963         0.8062990882         0.8239924474                    0                    0                    0                    0         -2.825093299      9.925285052e-05                    0                    0                    0                    0                    0                    0                    0                    0                    0                    0                    0                    0                    0                    0                    0                    0
  "DRIFT_44"                            111              "drift"              30.7885          5.688422852      -0.001302147938          4.221378983      -0.002527301539         0.8183639387          0.840227431                    0                    0                    0                    0         -2.825050421      9.925285052e-05                    0                    0                    0                    0                    0                    0                    0                    0                    0                    0                    0                    0                    0                    0                    0                    0
  "BR3.BSGHV4L1"                        112            "monitor"              30.7885          5.688422852      -0.001302147938          4.221378983      -0.002527301539         0.8183639387          0.840227431                    0                    0                    0                    0         -2.825050421      9.925285052e-05                    0                    0                    0                    0                    0                    0                    0                    0                    0                    0                    0                    0                    0                    0                    0                    0
  "DRIFT_45"                            113              "drift"              31.5865          5.802448644        -0.1415873155          4.376265647        -0.1915662626         0.8405422208          0.869948965                    0                    0                    0                    0         -2.824971218      9.925285052e-05                    0                    0                    0                    0                    0                    0                    0                    0                    0                    0                    0                    0                    0                    0                    0                    0
  "BR3.BWSH4L1"                         114            "monitor"              31.5865          5.802448644        -0.1415873155          4.376265647        -0.1915662626         0.8405422208          0.869948965                    0                    0                    0                    0         -2.824971218      9.925285052e-05                    0                    0                    0                    0                    0                    0                    0                    0                    0                    0                    0                    0                    0                    0                    0                    0
  "DRIFT_46"                            115              "drift"            32.106501          5.997235143         -0.233001385          4.639550496        -0.3147497824         0.8545899838         0.8883568218                    0                    0                    0                    0         -2.824919606      9.925285052e-05                    0                    0                    0                    0                    0                    0                    0                    0                    0                    0                    0                    0                    0                    0                    0                    0
  "BR.BHZ41"                            116              "sbend"            33.724197           7.20041713        -0.5155619896          6.089059257        -0.5647201914         0.8939175604         0.9375776758                    0                    0                    0                    0         -3.129341988        -0.3788938956                    0                    0                    0                    0                    0                    0                    0                    0                    0                    0                    0                    0                    0                    0                    0                    0
  "DRIFT_47"                            117              "drift"           33.7241995          7.200419708         -0.515562429           6.08906208        -0.5647207329         0.8939176156         0.9375777412                    0                    0                    0                    0         -3.129342935        -0.3788938956                    0                    0                    0                    0                    0                    0                    0                    0                    0                    0                    0                    0                    0                    0                    0                    0
  "BR.STSCRAP41"                        118         "collimator"           33.7241995          7.200419708         -0.515562429           6.08906208        -0.5647207329         0.8939176156         0.9375777412                    0                    0                    0                    0         -3.129342935        -0.3788938956                    0                    0                    0                    0                    0                    0                    0                    0                    0                    0                    0                    0                    0                    0                    0                    0
  "DRIFT_48"                            119              "drift"            34.090512          7.601722785        -0.5799586827          6.531855456         -0.644065143         0.9018010336         0.9468273399                    0                    0                    0                    0         -3.268136505        -0.3788938956                    0                    0                    0                    0                    0                    0                    0                    0                    0                    0                    0                    0                    0                    0                    0                    0
  "BR.QFO41"                            120         "quadrupole"            34.594082          6.838863164          2.000435857          8.604185548         -3.721481866         0.9125858722         0.9578589981                    0                    0                    0                    0          -3.15595507         0.8175603562                    0                    0                    0                    0                    0                    0         0.3667394777                    0                    0                    0                    0                    0                    0                    0                    0                    0
  "DRIFT_49"                            121              "drift"            34.920312          5.611495645          1.761840818          11.21597762         -4.284501879         0.9209710774         0.9631452814                    0                    0                    0                    0         -2.889242355         0.8175603562                    0                    0                    0                    0                    0                    0                    0                    0                    0                    0                    0                    0                    0                    0                    0                    0
  "BR3.BPM4L3"                          122            "monitor"            34.920312          5.611495645          1.761840818          11.21597762         -4.284501879         0.9209710774         0.9631452814                    0                    0                    0                    0         -2.889242355         0.8175603562                    0                    0                    0                    0                    0                    0                    0                    0                    0                    0                    0                    0                    0                    0                    0                    0
  "BR3.ONOH0.4L3"                       123          "multipole"            34.920312          5.611495645          1.761840818          11.21597762         -4.284501879         0.9209710774         0.9631452814                    0                    0                    0                    0         -2.889242355         0.8175603562                    0                    0                    0                    0                    0                    0                    0                    0                    0                    0                    0                    0                    0                    0                    0                    0
  "BR3.QNO4L3"                          124          "multipole"            34.920312          5.611495645          1.761840818          11.21597762         -4.284501879         0.9209710774         0.9631452814                    0                    0                    0                    0         -2.889242355         0.8175603562                    0                    0                    0                    0                    0                    0                    0                    0                    0                    0                    0                    0                    0                    0                    0                    0
  "BR3.XNOH0.4L3"                       125          "multipole"            34.920312          5.611495645          1.761840818          11.21597762         -4.284501879         0.9209710774         0.9631452814                    0                    0                    0                    0         -2.889242355         0.8175603562                    0                    0                    0                    0                    0                    0                    0                    0                    0                    0                    0                    0                    0                    0                    0                    0
  "DRIFT_50"                            126              "drift"            35.247827           4.53588831          1.522305968          14.20757872         -4.849739594         0.9313102633         0.9672750095                    0                    0                    0                    0         -2.621479075         0.8175603562                    0                    0                    0                    0                    0                    0                    0                    0                    0                    0                    0                    0                    0                    0                    0                    0
  "BR.QDE4"                             127         "quadrupole"            36.126767          4.536070412         -1.522551373          14.20879815          4.848628549         0.9654486472         0.9762096198                    0                    0                    0                    0         -2.621552365        -0.8177350314                    0                    0                    0                    0                    0                    0        -0.6533682276                    0                    0                    0                    0                    0                    0                    0                    0                    0
  "DRIFT_51"                            128              "drift"            36.454312          5.611958743         -1.762152503          11.21757056          4.283635969         0.9757881464         0.9803392557                    0                    0                    0                    0         -2.889397386        -0.8177350314                    0                    0                    0                    0                    0                    0                    0                    0                    0                    0                    0                    0                    0                    0                    0                    0
  "BR3.DHZ4L4"                          129            "hkicker"            36.454312          5.611958743         -1.762152503          11.21757056          4.283635969         0.9757881464         0.9803392557                    0                    0                    0                    0         -2.889397386        -0.8177350314                    0                    0                    0                    0                    0                    0                    0                    0                    0                    0                    0                    0                    0                    0                    0                    0
  "BR3.DVT4L4"                          130            "vkicker"            36.454312          5.611958743         -1.762152503          11.21757056          4.283635969         0.9757881464         0.9803392557                    0                    0                    0                    0         -2.889397386        -0.8177350314                    0                    0                    0                    0                    0                    0                    0                    0                    0                    0                    0                    0                    0                    0                    0                    0
  "DRIFT_52"                            131              "drift"            36.781512          6.843426255         -2.001501263          8.599030042           3.71923849         0.9841951529         0.9856424759                    0                    0                    0                    0         -3.156960289        -0.8177350314                    0                    0                    0                    0                    0                    0                    0                    0                    0                    0                    0                    0                    0                    0                    0                    0
  "BR.QFO42"                            132         "quadrupole"            37.285082          7.606471749         0.5806779851           6.52799142         0.6435879245         0.9949730185         0.9966807166                    0                    0                    0                    0         -3.269135601         0.3790925136                    0                    0                    0                    0                    0                    0         0.3667394777                    0                    0                    0                    0                    0                    0                    0                    0                    0
  "DRIFT_53"                            133              "drift"             37.45044          7.419239084         0.5516087185          6.321070163         0.6077652397         0.9984765749          1.000778115                    0                    0                    0                    0         -3.206449621         0.3790925136                    0                    0                    0                    0                    0                    0                    0                    0                    0                    0                    0                    0                    0                    0                    0                    0
  "BR3.BPTF4L5"                         134            "monitor"             37.45044          7.419239084         0.5516087185          6.321070163         0.6077652397         0.9984765749          1.000778115                    0                    0                    0                    0         -3.206449621         0.3790925136                    0                    0                    0                    0                    0                    0                    0                    0                    0                    0                    0                    0                    0                    0                    0                    0
  "DRIFT_54"                            135              "drift"            37.652299          7.203707883          0.516122724          6.084531722         0.5640350824          1.002871644          1.005959384                    0                    0                    0                    0         -3.129926385         0.3790925136                    0                    0                    0                    0                    0                    0                    0                    0                    0                    0                    0                    0                    0                    0                    0                    0
  "BR.STSCRAP42"                        136         "collimator"            37.652299          7.203707883          0.516122724          6.084531722         0.5640350824          1.002871644          1.005959384                    0                    0                    0                    0         -3.129926385         0.3790925136                    0                    0                    0                    0                    0                    0                    0                    0                    0                    0                    0                    0                    0                    0                    0                    0
  "DRIFT_55"                            137              "drift"            37.652304          7.203702722          0.516121845          6.084526081         0.5640339993          1.002871755          1.005959514                    0                    0                    0                    0          -3.12992449         0.3790925136                    0                    0                    0                    0                    0                    0                    0                    0                    0                    0                    0                    0                    0                    0                    0                    0
  "BR.BHZ42"                            138              "sbend"                39.27          5.998720999         0.2335612404          4.637451607          0.313959004          1.042185203           1.05521082                    0                    0                    0                    0         -2.825182865      9.936514187e-05                    0                    0                    0                    0                    0                    0                    0                    0                    0                    0                    0                    0                    0                    0                    0                    0
  "DRIFT_56"                            139              "drift"            39.521261          5.892449703         0.1893905744          4.494635721         0.2544375503          1.048913379          1.063974323                    0                    0                    0                    0         -2.825157898      9.936514187e-05                    0                    0                    0                    0                    0                    0                    0                    0                    0                    0                    0                    0                    0                    0                    0                    0
  "BR3.ACWF5L1.1"                       140           "rfcavity"            40.464261          5.691585452        0.02361499413           4.22542153        0.03104939677          1.074945252          1.098687827                    0                    0                    0                    0         -2.825064197      9.936514187e-05                    0                    0                    0                    0                    0                    0                    0                    0                    0                    0                    0                    0                    0                    0                    0                    0
  "DRIFT_57"                            141              "drift"            40.575761          5.688504848       0.004013745775          4.221442602       0.004636057305          1.078064192          1.102890058                    0                    0                    0                    0         -2.825053118      9.936514187e-05                    0                    0                    0                    0                    0                    0                    0                    0                    0                    0                    0                    0                    0                    0                    0                    0
  "BR3.ACWF5L1.2"                       142           "rfcavity"            41.518761          5.837261296        -0.1617618345          4.423354026        -0.2187520962          1.104227096          1.137903465                    0                    0                    0                    0         -2.824959416      9.936514187e-05                    0                    0                    0                    0                    0                    0                    0                    0                    0                    0                    0                    0                    0                    0                    0                    0
  "DRIFT_58"                            143              "drift"            41.924001          5.997235143         -0.233001385          4.639550326        -0.3147497795          1.115136285          1.152159527                    0                    0                    0                    0          -2.82491915      9.936514187e-05                    0                    0                    0                    0                    0                    0                    0                    0                    0                    0                    0                    0                    0                    0                    0                    0
  "BR.BHZ51"                            144              "sbend"            43.541697           7.20041713        -0.5155619896          6.089059106        -0.5647202057          1.154463861          1.201380382                    0                    0                    0                    0         -3.129341351        -0.3788937833                    0                    0                    0                    0                    0                    0                    0                    0                    0                    0                    0                    0                    0                    0                    0                    0
  "DRIFT_59"                            145              "drift"           43.5416995          7.200419708         -0.515562429          6.089061929        -0.5647207472          1.154463916          1.201380448                    0                    0                    0                    0         -3.129342298        -0.3788937833                    0                    0                    0                    0                    0                    0                    0                    0                    0                    0                    0                    0                    0                    0                    0                    0
  "BR.STSCRAP51"                        146         "collimator"           43.5416995          7.200419708         -0.515562429          6.089061929        -0.5647207472          1.154463916          1.201380448                    0                    0                    0                    0         -3.129342298        -0.3788937833                    0                    0                    0                    0                    0                    0                    0                    0                    0                    0                    0                    0                    0                    0                    0                    0
  "DRIFT_60"                            147              "drift"            43.908012          7.601722785        -0.5799586827          6.531855317        -0.6440651602          1.162347334          1.210630047                    0                    0                    0                    0         -3.268135827        -0.3788937833                    0                    0                    0                    0                    0                    0                    0                    0                    0                    0                    0                    0                    0                    0                    0                    0
  "BR.QFO51"                            148         "quadrupole"            44.411582          6.838863164          2.000435857          8.604185402         -3.721481837          1.173132173          1.221661705                    0                    0                    0                    0         -3.155954399         0.8175602172                    0                    0                    0                    0                    0                    0         0.3667394777                    0                    0                    0                    0                    0                    0                    0                    0                    0
  "DRIFT_61"                            149              "drift"            44.737806          5.611516787          1.761845206          11.21592605         -4.284491496          1.181517208          1.226947903                    0                    0                    0                    0         -2.889246635         0.8175602172                    0                    0                    0                    0                    0                    0                    0                    0                    0                    0                    0                    0                    0                    0                    0                    0
  "BR3.BPM5L3"                          150            "monitor"            44.737806          5.611516787          1.761845206          11.21592605         -4.284491496          1.181517208          1.226947903                    0                    0                    0                    0         -2.889246635         0.8175602172                    0                    0                    0                    0                    0                    0                    0                    0                    0                    0                    0                    0                    0                    0                    0                    0
  "BR3.ONOH0.5L3"                       151          "multipole"            44.737806          5.611516787          1.761845206          11.21592605         -4.284491496          1.181517208          1.226947903                    0                    0                    0                    0         -2.889246635         0.8175602172                    0                    0                    0                    0                    0                    0                    0                    0                    0                    0                    0                    0                    0                    0                    0                    0
  "BR3.QSKH0.5L3"                       152          "multipole"            44.737806          5.611516787          1.761845206          11.21592605         -4.284491496          1.181517208          1.226947903                    0                    0                    0                    0         -2.889246635         0.8175602172                    0                    0                    0                    0                    0                    0                    0                    0                    0                    0                    0                    0                    0                    0                    0                    0
  "BR3.XNOH0.5L3"                       153          "multipole"            44.737806          5.611516787          1.761845206          11.21592605         -4.284491496          1.181517208          1.226947903                    0                    0                    0                    0         -2.889246635         0.8175602172                    0                    0                    0                    0                    0                    0                    0                    0                    0                    0                    0                    0                    0                    0                    0                    0
  "DRIFT_62"                            154              "drift"            45.065327           4.53588831          1.522305968          14.20757854         -4.849739567          1.191856564          1.231077717                    0                    0                    0                    0         -2.621478495         0.8175602172                    0                    0                    0                    0                    0                    0                    0                    0                    0                    0                    0                    0                    0                    0                    0                    0
  "BR.QDE5"                             155         "quadrupole"            45.944267          4.536070412         -1.522551373          14.20879802          4.848628469          1.225994948          1.240012327                    0                    0                    0                    0         -2.621551744        -0.8177347958                    0                    0                    0                    0                    0                    0        -0.6533682276                    0                    0                    0                    0                    0                    0                    0                    0                    0
  "DRIFT_63"                            156              "drift"            46.110806          5.063487272         -1.644375649          12.64166792          4.561360164           1.23152665          1.241990054                    0                    0                    0                    0          -2.75773648        -0.8177347958                    0                    0                    0                    0                    0                    0                    0                    0                    0                    0                    0                    0                    0                    0                    0                    0
  "BR3.DHZ5L4"                          157            "hkicker"            46.110806          5.063487272         -1.644375649          12.64166792          4.561360164           1.23152665          1.241990054                    0                    0                    0                    0          -2.75773648        -0.8177347958                    0                    0                    0                    0                    0                    0                    0                    0                    0                    0                    0                    0                    0                    0                    0                    0
  "BR3.DVT5L4"                          158            "vkicker"            46.110806          5.063487272         -1.644375649          12.64166792          4.561360164           1.23152665          1.241990054                    0                    0                    0                    0          -2.75773648        -0.8177347958                    0                    0                    0                    0                    0                    0                    0                    0                    0                    0                    0                    0                    0                    0                    0                    0
  "DRIFT_64"                            159              "drift"            46.599012          6.843426255         -2.001501263          8.599030004          3.719238436          1.244741454          1.249445183                    0                    0                    0                    0         -3.156959513        -0.8177347958                    0                    0                    0                    0                    0                    0                    0                    0                    0                    0                    0                    0                    0                    0                    0                    0
  "BR.QFO52"                            160         "quadrupole"            47.102582          7.606471749         0.5806779851          6.527991425         0.6435878874          1.255519319          1.260483424                    0                    0                    0                    0         -3.269134781         0.3790924522                    0                    0                    0                    0                    0                    0         0.3667394777                    0                    0                    0                    0                    0                    0                    0                    0                    0
  "DRIFT_65"                            161              "drift"            47.469799          7.203707883          0.516122724          6.084531754         0.5640350481          1.263417945          1.269762091                    0                    0                    0                    0         -3.129925588         0.3790924522                    0                    0                    0                    0                    0                    0                    0                    0                    0                    0                    0                    0                    0                    0                    0                    0
  "BR.STSCRAP52"                        162         "collimator"            47.469799          7.203707883          0.516122724          6.084531754         0.5640350481          1.263417945          1.269762091                    0                    0                    0                    0         -3.129925588         0.3790924522                    0                    0                    0                    0                    0                    0                    0                    0                    0                    0                    0                    0                    0                    0                    0                    0
  "DRIFT_66"                            163              "drift"            47.469804          7.203702722          0.516121845          6.084526113         0.5640339649          1.263418055          1.269762222                    0                    0                    0                    0         -3.129923693         0.3790924522                    0                    0                    0                    0                    0                    0                    0                    0                    0                    0                    0                    0                    0                    0                    0                    0
  "BR.BHZ52"                            164              "sbend"              49.0875          5.998720999         0.2335612404          4.637451727         0.3139589848          1.302731504          1.319013526                    0                    0                    0                    0         -2.825182166      9.930374622e-05                    0                    0                    0                    0                    0                    0                    0                    0                    0                    0                    0                    0                    0                    0                    0                    0
  "DRIFT_67"                            165              "drift"              49.4575          5.849952147         0.1685167391          4.437552447         0.2263093413          1.312678665           1.33200903                    0                    0                    0                    0         -2.825145424      9.930374622e-05                    0                    0                    0                    0                    0                    0                    0                    0                    0                    0                    0                    0                    0                    0                    0                    0
  "BR3.ONO6L1"                          166          "multipole"              49.4575          5.849952147         0.1685167391          4.437552447         0.2263093413          1.312678665           1.33200903                    0                    0                    0                    0         -2.825145424      9.930374622e-05                    0                    0                    0                    0                    0                    0                    0                    0                    0                    0                    0                    0                    0                    0                    0                    0
  "BR3.OSK6L1"                          167          "multipole"              49.4575          5.849952147         0.1685167391          4.437552447         0.2263093413          1.312678665           1.33200903                    0                    0                    0                    0         -2.825145424      9.930374622e-05                    0                    0                    0                    0                    0                    0                    0                    0                    0                    0                    0                    0                    0                    0                    0                    0
  "BR3.XNO6L1"                          168          "multipole"              49.4575          5.849952147         0.1685167391          4.437552447         0.2263093413          1.312678665           1.33200903                    0                    0                    0                    0         -2.825145424      9.930374622e-05                    0                    0                    0                    0                    0                    0                    0                    0                    0                    0                    0                    0                    0                    0                    0                    0
  "BR3.XSK6L1"                          169          "multipole"              49.4575          5.849952147         0.1685167391          4.437552447         0.2263093413          1.312678665           1.33200903                    0                    0                    0                    0         -2.825145424      9.930374622e-05                    0                    0                    0                    0                    0                    0                    0                    0                    0                    0                    0                    0                    0                    0                    0                    0
  "DRIFT_68"                            170              "drift"           51.7415015          5.997235376        -0.2330014729          4.639550802         -0.314749894          1.375682599          1.415962247                    0                    0                    0                    0         -2.824918614      9.930374622e-05                    0                    0                    0                    0                    0                    0                    0                    0                    0                    0                    0                    0                    0                    0                    0                    0
  "BR.BHZ61"                            171              "sbend"           53.3591975          7.200417645        -0.5155620775          6.089059904        -0.5647202873          1.415010173          1.465183097                    0                    0                    0                    0         -3.129340914        -0.3788938447                    0                    0                    0                    0                    0                    0                    0                    0                    0                    0                    0                    0                    0                    0                    0                    0
  "DRIFT_69"                            172              "drift"              53.3592          7.200420223        -0.5155625169          6.089062728        -0.5647208289          1.415010228          1.465183162                    0                    0                    0                    0         -3.129341861        -0.3788938447                    0                    0                    0                    0                    0                    0                    0                    0                    0                    0                    0                    0                    0                    0                    0                    0
  "BR.STSCRAP61"                        173         "collimator"              53.3592          7.200420223        -0.5155625169          6.089062728        -0.5647208289          1.415010228          1.465183162                    0                    0                    0                    0         -3.129341861        -0.3788938447                    0                    0                    0                    0                    0                    0                    0                    0                    0                    0                    0                    0                    0                    0                    0                    0
  "DRIFT_70"                            174              "drift"            53.725512          7.601722785        -0.5799586827          6.531855529        -0.6440651287          1.422893635          1.474432747                    0                    0                    0                    0         -3.268135223        -0.3788938447                    0                    0                    0                    0                    0                    0                    0                    0                    0                    0                    0                    0                    0                    0                    0                    0
  "BR.QFO61"                            175         "quadrupole"            54.229082          6.838863164          2.000435857          8.604185617         -3.721481873          1.433678474          1.485464406                    0                    0                    0                    0          -3.15595388         0.8175599467                    0                    0                    0                    0                    0                    0         0.3667394777                    0                    0                    0                    0                    0                    0                    0                    0                    0
  "DRIFT_71"                            176              "drift"            54.555311          5.611499168           1.76184155          11.21596913         -4.284500158          1.442063651          1.490750675                    0                    0                    0                    0         -2.889242116         0.8175599467                    0                    0                    0                    0                    0                    0                    0                    0                    0                    0                    0                    0                    0                    0                    0                    0
  "BR3.BPM6L3"                          177            "monitor"            54.555311          5.611499168           1.76184155          11.21596913         -4.284500158          1.442063651          1.490750675                    0                    0                    0                    0         -2.889242116         0.8175599467                    0                    0                    0                    0                    0                    0                    0                    0                    0                    0                    0                    0                    0                    0                    0                    0
  "BR3.ONOH0.6L3"                       178          "multipole"            54.555311          5.611499168           1.76184155          11.21596913         -4.284500158          1.442063651          1.490750675                    0                    0                    0                    0         -2.889242116         0.8175599467                    0                    0                    0                    0                    0                    0                    0                    0                    0                    0                    0                    0                    0                    0                    0                    0
  "BR3.QSK6L3"                          179          "multipole"            54.555311          5.611499168           1.76184155          11.21596913         -4.284500158          1.442063651          1.490750675                    0                    0                    0                    0         -2.889242116         0.8175599467                    0                    0                    0                    0                    0                    0                    0                    0                    0                    0                    0                    0                    0                    0                    0                    0
  "BR3.XNOH0.6L3"                       180          "multipole"            54.555311          5.611499168           1.76184155          11.21596913         -4.284500158          1.442063651          1.490750675                    0                    0                    0                    0         -2.889242116         0.8175599467                    0                    0                    0                    0                    0                    0                    0                    0                    0                    0                    0                    0                    0                    0                    0                    0
  "DRIFT_72"                            181              "drift"            54.882827           4.53588831          1.522305968           14.2075788         -4.849739596          1.452402865          1.494880417                    0                    0                    0                    0         -2.621478153         0.8175599467                    0                    0                    0                    0                    0                    0                    0                    0                    0                    0                    0                    0                    0                    0                    0                    0
  "BR.QDE6"                             182         "quadrupole"            55.761767          4.536070412         -1.522551373          14.20879818          4.848628585          1.486541249          1.503815027                    0                    0                    0                    0          -2.62155156        -0.8177349022                    0                    0                    0                    0                    0                    0        -0.6533682276                    0                    0                    0                    0                    0                    0                    0                    0                    0
  "DRIFT_73"                            183              "drift"            56.089311          5.611955219         -1.762151771          11.21757915          4.283637724           1.49688072          1.507944649                    0                    0                    0                    0         -2.889395721        -0.8177349022                    0                    0                    0                    0                    0                    0                    0                    0                    0                    0                    0                    0                    0                    0                    0                    0
  "BR3.DHZ6L4"                          184            "hkicker"            56.089311          5.611955219         -1.762151771          11.21757915          4.283637724           1.49688072          1.507944649                    0                    0                    0                    0         -2.889395721        -0.8177349022                    0                    0                    0                    0                    0                    0                    0                    0                    0                    0                    0                    0                    0                    0                    0                    0
  "BR3.DVT6L4"                          185            "vkicker"            56.089311          5.611955219         -1.762151771          11.21757915          4.283637724           1.49688072          1.507944649                    0                    0                    0                    0         -2.889395721        -0.8177349022                    0                    0                    0                    0                    0                    0                    0                    0                    0                    0                    0                    0                    0                    0                    0                    0
  "BR3.OSK6L4"                          186          "multipole"            56.089311          5.611955219         -1.762151771          11.21757915          4.283637724           1.49688072          1.507944649                    0                    0                    0                    0         -2.889395721        -0.8177349022                    0                    0                    0                    0                    0                    0                    0                    0                    0                    0                    0                    0                    0                    0                    0                    0
  "BR3.XSK6L4"                          187          "multipole"            56.089311          5.611955219         -1.762151771          11.21757915          4.283637724           1.49688072          1.507944649                    0                    0                    0                    0         -2.889395721        -0.8177349022                    0                    0                    0                    0                    0                    0                    0                    0                    0                    0                    0                    0                    0                    0                    0                    0
  "DRIFT_74"                            188              "drift"            56.416512          6.843426255         -2.001501263           8.59903004          3.719238513          1.505287754          1.513247883                    0                    0                    0                    0         -3.156959399        -0.8177349022                    0                    0                    0                    0                    0                    0                    0                    0                    0                    0                    0                    0                    0                    0                    0                    0
  "BR.QFO62"                            189         "quadrupole"            56.920082          7.606471749         0.5806779851          6.527991396         0.6435879462           1.51606562          1.524286124                    0                    0                    0                    0         -3.269134729         0.3790923148                    0                    0                    0                    0                    0                    0         0.3667394777                    0                    0                    0                    0                    0                    0                    0                    0                    0
  "DRIFT_75"                            190              "drift"              57.2873          7.203706851         0.5161225482          6.084530555         0.5640348856          1.523964268          1.533564817                    0                    0                    0                    0         -3.129925207         0.3790923148                    0                    0                    0                    0                    0                    0                    0                    0                    0                    0                    0                    0                    0                    0                    0                    0
  "BR.STSCRAP62"                        191         "collimator"              57.2873          7.203706851         0.5161225482          6.084530555         0.5640348856          1.523964268          1.533564817                    0                    0                    0                    0         -3.129925207         0.3790923148                    0                    0                    0                    0                    0                    0                    0                    0                    0                    0                    0                    0                    0                    0                    0                    0
  "DRIFT_76"                            192              "drift"           57.2873045          7.203702206         0.5161217571          6.084525479         0.5640339107          1.523964367          1.533564935                    0                    0                    0                    0         -3.129923501         0.3790923148                    0                    0                    0                    0                    0                    0                    0                    0                    0                    0                    0                    0                    0                    0                    0                    0
  "BR.BHZ62"                            193              "sbend"           58.9050005          5.998720766         0.2335611525          4.637451321         0.3139589006          1.563277818          1.582816245                    0                    0                    0                    0         -2.825182196      9.916634599e-05                    0                    0                    0                    0                    0                    0                    0                    0                    0                    0                    0                    0                    0                    0                    0                    0
  "DRIFT_77"                            194              "drift"            59.156261          5.892449703         0.1893905744          4.494635741         0.2544375652           1.57000598           1.59157973                    0                    0                    0                    0          -2.82515728      9.916634599e-05                    0                    0                    0                    0                    0                    0                    0                    0                    0                    0                    0                    0                    0                    0                    0                    0
  "BR3.ACWF7L1.1"                       195           "rfcavity"            60.099261          5.691585452        0.02361499413          4.225421523        0.03104941107          1.596037853          1.626293234                    0                    0                    0                    0         -2.825063766      9.916634599e-05                    0                    0                    0                    0                    0                    0                    0                    0                    0                    0                    0                    0                    0                    0                    0                    0
  "DRIFT_78"                            196              "drift"            60.210761          5.688504848       0.004013745775          4.221442591       0.004636071538          1.599156794          1.630495466                    0                    0                    0                    0         -2.825052709      9.916634599e-05                    0                    0                    0                    0                    0                    0                    0                    0                    0                    0                    0                    0                    0                    0                    0                    0
  "BR3.ACWF7L1.2"                       197           "rfcavity"            61.153761          5.837261296        -0.1617618345           4.42335399        -0.2187520825          1.625319697          1.665508873                    0                    0                    0                    0         -2.824959195      9.916634599e-05                    0                    0                    0                    0                    0                    0                    0                    0                    0                    0                    0                    0                    0                    0                    0                    0
  "DRIFT_79"                            198              "drift"           61.5590015          5.997235376        -0.2330014729          4.639550594        -0.3147498845          1.636228899          1.679764951                    0                    0                    0                    0         -2.824919009      9.916634599e-05                    0                    0                    0                    0                    0                    0                    0                    0                    0                    0                    0                    0                    0                    0                    0                    0
  "BR.BHZ71"                            199              "sbend"           63.1766975          7.200417645        -0.5155620775          6.089059698         -0.564720298          1.675556474          1.728985803                    0                    0                    0                    0         -3.129341529        -0.3788939821                    0                    0                    0                    0                    0                    0                    0                    0                    0                    0                    0                    0                    0                    0                    0                    0
  "DRIFT_80"                            200              "drift"              63.1767          7.200420223        -0.5155625169          6.089062522        -0.5647208395          1.675556529          1.728985868                    0                    0                    0                    0         -3.129342477        -0.3788939821                    0                    0                    0                    0                    0                    0                    0                    0                    0                    0                    0                    0                    0                    0                    0                    0
  "BR.STSCRAP71"                        201         "collimator"              63.1767          7.200420223        -0.5155625169          6.089062522        -0.5647208395          1.675556529          1.728985868                    0                    0                    0                    0         -3.129342477        -0.3788939821                    0                    0                    0                    0                    0                    0                    0                    0                    0                    0                    0                    0                    0                    0                    0                    0
  "DRIFT_81"                            202              "drift"            63.543012          7.601722785        -0.5799586827          6.531855332        -0.6440651428          1.683439936          1.738235454                    0                    0                    0                    0         -3.268135889        -0.3788939821                    0                    0                    0                    0                    0                    0                    0                    0                    0                    0                    0                    0                    0                    0                    0                    0
  "BR.QFO71"                            203         "quadrupole"            64.046582          6.838863164          2.000435857            8.6041854         -3.721481817          1.694224775          1.749267113                    0                    0                    0                    0         -3.155954552         0.8175600585                    0                    0                    0                    0                    0                    0         0.3667394777                    0                    0                    0                    0                    0                    0                    0                    0                    0
  "DRIFT_82"                            204              "drift"            64.372816           5.61148155          1.761837893          11.21601172         -4.284508729          1.702610093          1.754553453                    0                    0                    0                    0         -2.889238664         0.8175600585                    0                    0                    0                    0                    0                    0                    0                    0                    0                    0                    0                    0                    0                    0                    0                    0
  "BR3.BPM7L3"                          205            "monitor"            64.372816           5.61148155          1.761837893          11.21601172         -4.284508729          1.702610093          1.754553453                    0                    0                    0                    0         -2.889238664         0.8175600585                    0                    0                    0                    0                    0                    0                    0                    0                    0                    0                    0                    0                    0                    0                    0                    0
  "BR3.ONOH0.7L3"                       206          "multipole"            64.372816           5.61148155          1.761837893          11.21601172         -4.284508729          1.702610093          1.754553453                    0                    0                    0                    0         -2.889238664         0.8175600585                    0                    0                    0                    0                    0                    0                    0                    0                    0                    0                    0                    0                    0                    0                    0                    0
  "BR3.QSKH0.7L3"                       207          "multipole"            64.372816           5.61148155          1.761837893          11.21601172         -4.284508729          1.702610093          1.754553453                    0                    0                    0                    0         -2.889238664         0.8175600585                    0                    0                    0                    0                    0                    0                    0                    0                    0                    0                    0                    0                    0                    0                    0                    0
  "BR3.XNOH0.7L3"                       208          "multipole"            64.372816           5.61148155          1.761837893          11.21601172         -4.284508729          1.702610093          1.754553453                    0                    0                    0                    0         -2.889238664         0.8175600585                    0                    0                    0                    0                    0                    0                    0                    0                    0                    0                    0                    0                    0                    0                    0                    0
  "DRIFT_83"                            209              "drift"            64.700327           4.53588831          1.522305968           14.2075785         -4.849739536          1.712949166          1.758683124                    0                    0                    0                    0         -2.621478752         0.8175600585                    0                    0                    0                    0                    0                    0                    0                    0                    0                    0                    0                    0                    0                    0                    0                    0
  "BR.QDE7"                             210         "quadrupole"            65.579267          4.536070412         -1.522551373          14.20879796          4.848628466          1.747087549          1.767617735                    0                    0                    0                    0         -2.621552232        -0.8177351868                    0                    0                    0                    0                    0                    0        -0.6533682276                    0                    0                    0                    0                    0                    0                    0                    0                    0
  "DRIFT_84"                            211              "drift"            65.906816           5.61197284         -1.762155429          11.21753616          4.283628997          1.757427162          1.771747427                    0                    0                    0                    0         -2.889400575        -0.8177351868                    0                    0                    0                    0                    0                    0                    0                    0                    0                    0                    0                    0                    0                    0                    0                    0
  "BR3.DSHAH7L4"                        212            "hkicker"            65.906816           5.61197284         -1.762155429          11.21753616          4.283628997          1.757427162          1.771747427                    0                    0                    0                    0         -2.889400575        -0.8177351868                    0                    0                    0                    0                    0                    0                    0                    0                    0                    0                    0                    0                    0                    0                    0                    0
  "BR3.DSHAV7L4"                        213            "vkicker"            65.906816           5.61197284         -1.762155429          11.21753616          4.283628997          1.757427162          1.771747427                    0                    0                    0                    0         -2.889400575        -0.8177351868                    0                    0                    0                    0                    0                    0                    0                    0                    0                    0                    0                    0                    0                    0                    0                    0
  "DRIFT_85"                            214              "drift"            66.234012          6.843426255         -2.001501263          8.599029946          3.719238429          1.765834055          1.777050591                    0                    0                    0                    0         -3.156960257        -0.8177351868                    0                    0                    0                    0                    0                    0                    0                    0                    0                    0                    0                    0                    0                    0                    0                    0
  "BR.QFO72"                            215         "quadrupole"            66.737582          7.606471749         0.5806779851          6.527991365         0.6435878983          1.776611921          1.788088832                    0                    0                    0                    0         -3.269135648         0.3790923612                    0                    0                    0                    0                    0                    0         0.3667394777                    0                    0                    0                    0                    0                    0                    0                    0                    0
  "DRIFT_86"                            216              "drift"              67.1048          7.203706851         0.5161225482          6.084530558         0.5640348408          1.784510569          1.797367525                    0                    0                    0                    0         -3.129926109         0.3790923612                    0                    0                    0                    0                    0                    0                    0                    0                    0                    0                    0                    0                    0                    0                    0                    0
  "BR.STSCRAP72"                        217         "collimator"              67.1048          7.203706851         0.5161225482          6.084530558         0.5640348408          1.784510569          1.797367525                    0                    0                    0                    0         -3.129926109         0.3790923612                    0                    0                    0                    0                    0                    0                    0                    0                    0                    0                    0                    0                    0                    0                    0                    0
  "DRIFT_87"                            218              "drift"           67.1048045          7.203702206         0.5161217571          6.084525482         0.5640338659          1.784510668          1.797367643                    0                    0                    0                    0         -3.129924403         0.3790923612                    0                    0                    0                    0                    0                    0                    0                    0                    0                    0                    0                    0                    0                    0                    0                    0
  "BR.BHZ72"                            219              "sbend"           68.7225005          5.998720766         0.2335611525          4.637451444         0.3139588725          1.823824119          1.846618952                    0                    0                    0                    0         -2.825183023      9.921269817e-05                    0                    0                    0                    0                    0                    0                    0                    0                    0                    0                    0                    0                    0                    0                    0                    0
  "DRIFT_88"                            220              "drift"             69.08625          5.852065473         0.1696154638          4.440390594          0.227789916          1.833601258           1.85939035                    0                    0                    0                    0         -2.825146935      9.921269817e-05                    0                    0                    0                    0                    0                    0                    0                    0                    0                    0                    0                    0                    0                    0                    0                    0
  "BR3.ONO8L1"                          221          "multipole"             69.08625          5.852065473         0.1696154638          4.440390594          0.227789916          1.833601258           1.85939035                    0                    0                    0                    0         -2.825146935      9.921269817e-05                    0                    0                    0                    0                    0                    0                    0                    0                    0                    0                    0                    0                    0                    0                    0                    0
  "BR3.QNO8L1"                          222          "multipole"             69.08625          5.852065473         0.1696154638          4.440390594          0.227789916          1.833601258           1.85939035                    0                    0                    0                    0         -2.825146935      9.921269817e-05                    0                    0                    0                    0                    0                    0                    0                    0                    0                    0                    0                    0                    0                    0                    0                    0
  "BR3.XNO8L1"                          223          "multipole"             69.08625          5.852065473         0.1696154638          4.440390594          0.227789916          1.833601258           1.85939035                    0                    0                    0                    0         -2.825146935      9.921269817e-05                    0                    0                    0                    0                    0                    0                    0                    0                    0                    0                    0                    0                    0                    0                    0                    0
  "DRIFT_89"                            224              "drift"             69.59625          5.724782227        0.07995952965          4.269660209         0.1069755431          1.847642962          1.878074834                    0                    0                    0                    0         -2.825096336      9.921269817e-05                    0                    0                    0                    0                    0                    0                    0                    0                    0                    0                    0                    0                    0                    0                    0                    0
  "BR3.DHZ8L1"                          225            "hkicker"             69.59625          5.724782227        0.07995952965          4.269660209         0.1069755431          1.847642962          1.878074834                    0                    0                    0                    0         -2.825096336      9.921269817e-05                    0                    0                    0                    0                    0                    0                    0                    0                    0                    0                    0                    0                    0                    0                    0                    0
  "BR3.DVT8L1"                          226            "vkicker"             69.59625          5.724782227        0.07995952965          4.269660209         0.1069755431          1.847642962          1.878074834                    0                    0                    0                    0         -2.825096336      9.921269817e-05                    0                    0                    0                    0                    0                    0                    0                    0                    0                    0                    0                    0                    0                    0                    0                    0
  "DRIFT_90"                            227              "drift"             69.94025           5.69057306        0.01948572307          4.224093761        0.02548506402          1.857241042          1.890980821                    0                    0                    0                    0         -2.825062207      9.921269817e-05                    0                    0                    0                    0                    0                    0                    0                    0                    0                    0                    0                    0                    0                    0                    0                    0
  "BR3.BCTI8L1"                         228            "monitor"             70.46955          5.719196201       -0.07356307292          4.263482276       -0.09990130387          1.872028774          1.910883223                    0                    0                    0                    0         -2.825009694      9.921269817e-05                    0                    0                    0                    0                    0                    0                    0                    0                    0                    0                    0                    0                    0                    0                    0                    0
  "DRIFT_91"                            229              "drift"            70.565273          5.734890356       -0.09039078858          4.284778587        -0.1225772141           1.87468905          1.914447951                    0                    0                    0                    0         -2.825000197      9.921269817e-05                    0                    0                    0                    0                    0                    0                    0                    0                    0                    0                    0                    0                    0                    0                    0                    0
  "BR3.BCW8L1"                          230            "monitor"            70.905773           5.81682831        -0.1502493093          4.395718864        -0.2032385749          1.884077274          1.926947797                    0                    0                    0                    0         -2.824966415      9.921269817e-05                    0                    0                    0                    0                    0                    0                    0                    0                    0                    0                    0                    0                    0                    0                    0                    0
  "DRIFT_92"                            231              "drift"            71.041223          5.860756124        -0.1740608707          4.455122361         -0.235325451          1.887769754          1.931819964                    0                    0                    0                    0         -2.824952977      9.921269817e-05                    0                    0                    0                    0                    0                    0                    0                    0                    0                    0                    0                    0                    0                    0                    0                    0
  "BR3.VVS8L1"                          232             "marker"            71.041223          5.860756124        -0.1740608707          4.455122361         -0.235325451          1.887769754          1.931819964                    0                    0                    0                    0         -2.824952977      9.921269817e-05                    0                    0                    0                    0                    0                    0                    0                    0                    0                    0                    0                    0                    0                    0                    0                    0
  "DRIFT_93"                            233              "drift"            71.188223          5.915728794        -0.1999028752           4.52942702        -0.2701484174          1.891743514          1.937029075                    0                    0                    0                    0         -2.824938393      9.921269817e-05                    0                    0                    0                    0                    0                    0                    0                    0                    0                    0                    0                    0                    0                    0                    0                    0
  "BR3.BPP8L1"                          234            "monitor"            71.188223          5.915728794        -0.1999028752           4.52942702        -0.2701484174          1.891743514          1.937029075                    0                    0                    0                    0         -2.824938393      9.921269817e-05                    0                    0                    0                    0                    0                    0                    0                    0                    0                    0                    0                    0                    0                    0                    0                    0
  "DRIFT_94"                            235              "drift"            71.376501          5.997235143         -0.233001385           4.63955048        -0.3147497674          1.896775187          1.943567638                    0                    0                    0                    0         -2.824919713      9.921269817e-05                    0                    0                    0                    0                    0                    0                    0                    0                    0                    0                    0                    0                    0                    0                    0                    0
  "BR.BHZ81"                            236              "sbend"            72.994197           7.20041713        -0.5155619896           6.08905919         -0.564720176          1.936102763          1.992788492                    0                    0                    0                    0         -3.129342159        -0.3788939358                    0                    0                    0                    0                    0                    0                    0                    0                    0                    0                    0                    0                    0                    0                    0                    0
  "DRIFT_95"                            237              "drift"           72.9941995          7.200419708         -0.515562429          6.089062014        -0.5647207175          1.936102819          1.992788557                    0                    0                    0                    0         -3.129343107        -0.3788939358                    0                    0                    0                    0                    0                    0                    0                    0                    0                    0                    0                    0                    0                    0                    0                    0
  "BR.STSCRAP81"                        238         "collimator"           72.9941995          7.200419708         -0.515562429          6.089062014        -0.5647207175          1.936102819          1.992788557                    0                    0                    0                    0         -3.129343107        -0.3788939358                    0                    0                    0                    0                    0                    0                    0                    0                    0                    0                    0                    0                    0                    0                    0                    0
  "DRIFT_96"                            239              "drift"            73.360512          7.601722785        -0.5799586827          6.531855379        -0.6440651274          1.943986237          2.002038156                    0                    0                    0                    0         -3.268136691        -0.3788939358                    0                    0                    0                    0                    0                    0                    0                    0                    0                    0                    0                    0                    0                    0                    0                    0
  "BR.QFO81"                            240         "quadrupole"            73.864082          6.838863164          2.000435857          8.604185437         -3.721481812          1.954771075          2.013069814                    0                    0                    0                    0         -3.155955259         0.8175603859                    0                    0                    0                    0                    0                    0         0.3667394777                    0                    0                    0                    0                    0                    0                    0                    0                    0
  "DRIFT_97"                            241              "drift"            74.190321          5.611463932          1.761834236           11.2160546          -4.28451735          1.963156536          2.018356226                    0                    0                    0                    0         -2.889235176         0.8175603859                    0                    0                    0                    0                    0                    0                    0                    0                    0                    0                    0                    0                    0                    0                    0                    0
  "BR3.BPM8L3"                          242            "monitor"            74.190321          5.611463932          1.761834236           11.2160546          -4.28451735          1.963156536          2.018356226                    0                    0                    0                    0         -2.889235176         0.8175603859                    0                    0                    0                    0                    0                    0                    0                    0                    0                    0                    0                    0                    0                    0                    0                    0
  "BR3.ONOH0.8L3"                       243          "multipole"            74.190321          5.611463932          1.761834236           11.2160546          -4.28451735          1.963156536          2.018356226                    0                    0                    0                    0         -2.889235176         0.8175603859                    0                    0                    0                    0                    0                    0                    0                    0                    0                    0                    0                    0                    0                    0                    0                    0
  "BR3.QNO8L3"                          244          "multipole"            74.190321          5.611463932          1.761834236           11.2160546          -4.28451735          1.963156536          2.018356226                    0                    0                    0                    0         -2.889235176         0.8175603859                    0                    0                    0                    0                    0                    0                    0                    0                    0                    0                    0                    0                    0                    0                    0                    0
  "BR3.XNOH0.8L3"                       245          "multipole"            74.190321          5.611463932          1.761834236           11.2160546          -4.28451735          1.963156536          2.018356226                    0                    0                    0                    0         -2.889235176         0.8175603859                    0                    0                    0                    0                    0                    0                    0                    0                    0                    0                    0                    0                    0                    0                    0                    0
  "DRIFT_98"                            246              "drift"            74.517827           4.53588831          1.522305968          14.20757853         -4.849739524          1.973495466          2.022485826                    0                    0                    0                    0         -2.621479244         0.8175603859                    0                    0                    0                    0                    0                    0                    0                    0                    0                    0                    0                    0                    0                    0                    0                    0
  "BR.QDE8"                             247         "quadrupole"            75.396767          4.536070412         -1.522551373          14.20879795          4.848628484           2.00763385          2.031420436                    0                    0                    0                    0         -2.621552557        -0.8177351144                    0                    0                    0                    0                    0                    0        -0.6533682276                    0                    0                    0                    0                    0                    0                    0                    0                    0
  "DRIFT_99"                            248              "drift"            75.693797          5.505095729         -1.739830597           11.4806069          4.336272185          2.017099582          2.035122113                    0                    0                    0                    0         -2.864444418        -0.8177351144                    0                    0                    0                    0                    0                    0                    0                    0                    0                    0                    0                    0                    0                    0                    0                    0
  "BR3.TSAA8L4"                         249         "collimator"            75.693797          5.505095729         -1.739830597           11.4806069          4.336272185          2.017099582          2.035122113                    0                    0                    0                    0         -2.864444418        -0.8177351144                    0                    0                    0                    0                    0                    0                    0                    0                    0                    0                    0                    0                    0                    0                    0                    0
  "DRIFT_100"                           250              "drift"            75.865797          6.125238328         -1.865649628          10.03995963          4.039584027          2.021814435          2.037671988                    0                    0                    0                    0         -3.005094858        -0.8177351144                    0                    0                    0                    0                    0                    0                    0                    0                    0                    0                    0                    0                    0                    0                    0                    0
  "BR3.TSAB8L4"                         251         "collimator"            75.865797          6.125238328         -1.865649628          10.03995963          4.039584027          2.021814435          2.037671988                    0                    0                    0                    0         -3.005094858        -0.8177351144                    0                    0                    0                    0                    0                    0                    0                    0                    0                    0                    0                    0                    0                    0                    0                    0
  "DRIFT_101"                           252              "drift"            76.051512          6.843426255         -2.001501263          8.599029919          3.719238439          2.026380356          2.040853293                    0                    0                    0                    0         -3.156960535        -0.8177351144                    0                    0                    0                    0                    0                    0                    0                    0                    0                    0                    0                    0                    0                    0                    0                    0
  "BR.QFO82"                            253         "quadrupole"            76.555082          7.606471749         0.5806779851          6.527991326         0.6435879148          2.037158222          2.051891533                    0                    0                    0                    0         -3.269135865         0.3790925257                    0                    0                    0                    0                    0                    0         0.3667394777                    0                    0                    0                    0                    0                    0                    0                    0                    0
  "DRIFT_102"                           254              "drift"              76.9223          7.203706851         0.5161225482          6.084530508         0.5640348556          2.045056869          2.061170227                    0                    0                    0                    0         -3.129926266         0.3790925257                    0                    0                    0                    0                    0                    0                    0                    0                    0                    0                    0                    0                    0                    0                    0                    0
  "BR.STSCRAP82"                        255         "collimator"              76.9223          7.203706851         0.5161225482          6.084530508         0.5640348556          2.045056869          2.061170227                    0                    0                    0                    0         -3.129926266         0.3790925257                    0                    0                    0                    0                    0                    0                    0                    0                    0                    0                    0                    0                    0                    0                    0                    0
  "DRIFT_103"                           256              "drift"           76.9223045          7.203702206         0.5161217571          6.084525431         0.5640338808          2.045056969          2.061170344                    0                    0                    0                    0          -3.12992456         0.3790925257                    0                    0                    0                    0                    0                    0                    0                    0                    0                    0                    0                    0                    0                    0                    0                    0
  "BR.BHZ82"                            257              "sbend"           78.5400005          5.998720766         0.2335611525          4.637451361         0.3139588779          2.084370419          2.110421654                    0                    0                    0                    0         -2.825182916      9.937719952e-05                    0                    0                    0                    0                    0                    0                    0                    0                    0                    0                    0                    0                    0                    0                    0                    0
  "DRIFT_104"                           258              "drift"               78.924          5.845268134         0.1660555958          4.431262155         0.2229928782          2.094698607          2.123919614                    0                    0                    0                    0         -2.825144755      9.937719952e-05                    0                    0                    0                    0                    0                    0                    0                    0                    0                    0                    0                    0                    0                    0                    0                    0
  "BR3.DHZ9L1"                          259            "hkicker"               78.924          5.845268134         0.1660555958          4.431262155         0.2229928782          2.094698607          2.123919614                    0                    0                    0                    0         -2.825144755      9.937719952e-05                    0                    0                    0                    0                    0                    0                    0                    0                    0                    0                    0                    0                    0                    0                    0                    0
  "BR3.DVT9L1"                          260            "vkicker"               78.924          5.845268134         0.1660555958          4.431262155         0.2229928782          2.094698607          2.123919614                    0                    0                    0                    0         -2.825144755      9.937719952e-05                    0                    0                    0                    0                    0                    0                    0                    0                    0                    0                    0                    0                    0                    0                    0                    0
  "DRIFT_105"                           261              "drift"              79.4089          5.725561969        0.08081214001          4.270703355         0.1081244651          2.108054437          2.141696772                    0                    0                    0                    0         -2.825096567      9.937719952e-05                    0                    0                    0                    0                    0                    0                    0                    0                    0                    0                    0                    0                    0                    0                    0                    0
  "BR3.BCTDC9L1"                        262            "monitor"              79.7289          5.691843705        0.02455743621          4.225761329        0.03231936672          2.116980547          2.153696723                    0                    0                    0                    0         -2.825064766      9.937719952e-05                    0                    0                    0                    0                    0                    0                    0                    0                    0                    0                    0                    0                    0                    0                    0                    0
  "DRIFT_106"                           263              "drift"               80.634          5.791402932        -0.1345554775          4.361319287        -0.1820906162          2.142175513          2.187505264                    0                    0                    0                    0          -2.82497482      9.937719952e-05                    0                    0                    0                    0                    0                    0                    0                    0                    0                    0                    0                    0                    0                    0                    0                    0
  "BR3.ONO9L1"                          264          "multipole"               80.634          5.791402932        -0.1345554775          4.361319287        -0.1820906162          2.142175513          2.187505264                    0                    0                    0                    0          -2.82497482      9.937719952e-05                    0                    0                    0                    0                    0                    0                    0                    0                    0                    0                    0                    0                    0                    0                    0                    0
  "BR3.OSK9L1"                          265          "multipole"               80.634          5.791402932        -0.1345554775          4.361319287        -0.1820906162          2.142175513          2.187505264                    0                    0                    0                    0          -2.82497482      9.937719952e-05                    0                    0                    0                    0                    0                    0                    0                    0                    0                    0                    0                    0                    0                    0                    0                    0
  "BR3.XNO9L1"                          266          "multipole"               80.634          5.791402932        -0.1345554775          4.361319287        -0.1820906162          2.142175513          2.187505264                    0                    0                    0                    0          -2.82497482      9.937719952e-05                    0                    0                    0                    0                    0                    0                    0                    0                    0                    0                    0                    0                    0                    0                    0                    0
  "BR3.XSK9L1"                          267          "multipole"               80.634          5.791402932        -0.1345554775          4.361319287        -0.1820906162          2.142175513          2.187505264                    0                    0                    0                    0          -2.82497482      9.937719952e-05                    0                    0                    0                    0                    0                    0                    0                    0                    0                    0                    0                    0                    0                    0                    0                    0
  "DRIFT_107"                           268              "drift"            81.194001          5.997235143         -0.233001385          4.639550403        -0.3147497753          2.157321488          2.207370342                    0                    0                    0                    0         -2.824919169      9.937719952e-05                    0                    0                    0                    0                    0                    0                    0                    0                    0                    0                    0                    0                    0                    0                    0                    0
  "BR.BHZ91"                            269              "sbend"            82.811697           7.20041713        -0.5155619896          6.089059154         -0.564720193          2.196649064          2.256591197                    0                    0                    0                    0         -3.129341351        -0.3788937713                    0                    0                    0                    0                    0                    0                    0                    0                    0                    0                    0                    0                    0                    0                    0                    0
  "DRIFT_108"                           270              "drift"           82.8116995          7.200419708         -0.515562429          6.089061978        -0.5647207345          2.196649119          2.256591262                    0                    0                    0                    0         -3.129342298        -0.3788937713                    0                    0                    0                    0                    0                    0                    0                    0                    0                    0                    0                    0                    0                    0                    0                    0
  "BR.STSCRAP91"                        271         "collimator"           82.8116995          7.200419708         -0.515562429          6.089061978        -0.5647207345          2.196649119          2.256591262                    0                    0                    0                    0         -3.129342298        -0.3788937713                    0                    0                    0                    0                    0                    0                    0                    0                    0                    0                    0                    0                    0                    0                    0                    0
  "DRIFT_109"                           272              "drift"            83.178012          7.601722785        -0.5799586827          6.531855356         -0.644065146          2.204532538          2.265840861                    0                    0                    0                    0         -3.268135822        -0.3788937713                    0                    0                    0                    0                    0                    0                    0                    0                    0                    0                    0                    0                    0                    0                    0                    0
  "BR.QFO91"                            273         "quadrupole"            83.681582          6.838863164          2.000435857          8.604185432         -3.721481831          2.215317376           2.27687252                    0                    0                    0                    0         -3.155954389         0.8175602264                    0                    0                    0                    0                    0                    0         0.3667394777                    0                    0                    0                    0                    0                    0                    0                    0                    0
  "DRIFT_110"                           274              "drift"            84.007826          5.611446313          1.761830579          11.21609745         -4.284526004          2.223702978          2.282159002                    0                    0                    0                    0          -2.88923027         0.8175602264                    0                    0                    0                    0                    0                    0                    0                    0                    0                    0                    0                    0                    0                    0                    0                    0
  "BR3.BPM9L3"                          275            "monitor"            84.007826          5.611446313          1.761830579          11.21609745         -4.284526004          2.223702978          2.282159002                    0                    0                    0                    0          -2.88923027         0.8175602264                    0                    0                    0                    0                    0                    0                    0                    0                    0                    0                    0                    0                    0                    0                    0                    0
  "BR3.ONOH0.9L3"                       276          "multipole"            84.007826          5.611446313          1.761830579          11.21609745         -4.284526004          2.223702978          2.282159002                    0                    0                    0                    0          -2.88923027         0.8175602264                    0                    0                    0                    0                    0                    0                    0                    0                    0                    0                    0                    0                    0                    0                    0                    0
  "BR3.QSKH0.9L3"                       277          "multipole"            84.007826          5.611446313          1.761830579          11.21609745         -4.284526004          2.223702978          2.282159002                    0                    0                    0                    0          -2.88923027         0.8175602264                    0                    0                    0                    0                    0                    0                    0                    0                    0                    0                    0                    0                    0                    0                    0                    0
  "BR3.XNOH0.9L3"                       278          "multipole"            84.007826          5.611446313          1.761830579          11.21609745         -4.284526004          2.223702978          2.282159002                    0                    0                    0                    0          -2.88923027         0.8175602264                    0                    0                    0                    0                    0                    0                    0                    0                    0                    0                    0                    0                    0                    0                    0                    0
  "DRIFT_111"                           279              "drift"            84.335327           4.53588831          1.522305968          14.20757856         -4.849739554          2.234041767          2.286288531                    0                    0                    0                    0         -2.621478478         0.8175602264                    0                    0                    0                    0                    0                    0                    0                    0                    0                    0                    0                    0                    0                    0                    0                    0
  "BR.QDE9"                             280         "quadrupole"            85.214267          4.536070412         -1.522551373          14.20879801          4.848628484          2.268180151          2.295223141                    0                    0                    0                    0         -2.621551714         -0.817734772                    0                    0                    0                    0                    0                    0        -0.6533682276                    0                    0                    0                    0                    0                    0                    0                    0                    0
  "DRIFT_112"                           281              "drift"            85.541826          5.612008084         -1.762162744          11.21745052          4.283611764          2.278520047          2.299352976                    0                    0                    0                    0         -2.889408098         -0.817734772                    0                    0                    0                    0                    0                    0                    0                    0                    0                    0                    0                    0                    0                    0                    0                    0
  "BR3.DSHAH9L4"                        282            "hkicker"            85.541826          5.612008084         -1.762162744          11.21745052          4.283611764          2.278520047          2.299352976                    0                    0                    0                    0         -2.889408098         -0.817734772                    0                    0                    0                    0                    0                    0                    0                    0                    0                    0                    0                    0                    0                    0                    0                    0
  "BR3.DSHAV9L4"                        283            "vkicker"            85.541826          5.612008084         -1.762162744          11.21745052          4.283611764          2.278520047          2.299352976                    0                    0                    0                    0         -2.889408098         -0.817734772                    0                    0                    0                    0                    0                    0                    0                    0                    0                    0                    0                    0                    0                    0                    0                    0
  "DRIFT_113"                           284              "drift"            85.869012          6.843426255         -2.001501263          8.599029977          3.719238443          2.286926657          2.304655998                    0                    0                    0                    0         -3.156959468         -0.817734772                    0                    0                    0                    0                    0                    0                    0                    0                    0                    0                    0                    0                    0                    0                    0                    0
  "BR.QFO92"                            285         "quadrupole"            86.372582          7.606471749         0.5806779851          6.527991388         0.6435879018          2.297704522          2.315694238                    0                    0                    0                    0         -3.269134728         0.3790924575                    0                    0                    0                    0                    0                    0         0.3667394777                    0                    0                    0                    0                    0                    0                    0                    0                    0
  "DRIFT_114"                           286              "drift"            86.739799          7.203707883          0.516122724          6.084531706          0.564035061          2.305603148          2.324972905                    0                    0                    0                    0         -3.129925533         0.3790924575                    0                    0                    0                    0                    0                    0                    0                    0                    0                    0                    0                    0                    0                    0                    0                    0
  "BR.STSCRAP92"                        287         "collimator"            86.739799          7.203707883          0.516122724          6.084531706          0.564035061          2.305603148          2.324972905                    0                    0                    0                    0         -3.129925533         0.3790924575                    0                    0                    0                    0                    0                    0                    0                    0                    0                    0                    0                    0                    0                    0                    0                    0
  "DRIFT_115"                           288              "drift"            86.739804          7.203702722          0.516121845          6.084526066         0.5640339778          2.305603258          2.324973036                    0                    0                    0                    0         -3.129923637         0.3790924575                    0                    0                    0                    0                    0                    0                    0                    0                    0                    0                    0                    0                    0                    0                    0                    0
  "BR.BHZ92"                            289              "sbend"              88.3575          5.998720999         0.2335612404          4.637451651         0.3139589892          2.344916707          2.374224342                    0                    0                    0                    0         -2.825182103      9.930906214e-05                    0                    0                    0                    0                    0                    0                    0                    0                    0                    0                    0                    0                    0                    0                    0                    0
  "DRIFT_116"                           290              "drift"            91.011501          5.997235143         -0.233001385          4.639550419         -0.314749783          2.417867788          2.471173047                    0                    0                    0                    0         -2.824918536      9.930906214e-05                    0                    0                    0                    0                    0                    0                    0                    0                    0                    0                    0                    0                    0                    0                    0                    0
  "BR.BHZ101"                           291              "sbend"            92.629197           7.20041713        -0.5155619896          6.089059195        -0.5647202001          2.457195365          2.520393901                    0                    0                    0                    0         -3.129340828        -0.3788938394                    0                    0                    0                    0                    0                    0                    0                    0                    0                    0                    0                    0                    0                    0                    0                    0
  "DRIFT_117"                           292              "drift"           92.6291995          7.200419708         -0.515562429          6.089062018        -0.5647207416           2.45719542          2.520393967                    0                    0                    0                    0         -3.129341775        -0.3788938394                    0                    0                    0                    0                    0                    0                    0                    0                    0                    0                    0                    0                    0                    0                    0                    0
  "BR.STSCRAP101"                       293         "collimator"           92.6291995          7.200419708         -0.515562429          6.089062018        -0.5647207416           2.45719542          2.520393967                    0                    0                    0                    0         -3.129341775        -0.3788938394                    0                    0                    0                    0                    0                    0                    0                    0                    0                    0                    0                    0                    0                    0                    0                    0
  "DRIFT_118"                           294              "drift"            92.995512          7.601722785        -0.5799586827          6.531855401        -0.6440651531          2.465078838          2.529643566                    0                    0                    0                    0         -3.268135325        -0.3788938394                    0                    0                    0                    0                    0                    0                    0                    0                    0                    0                    0                    0                    0                    0                    0                    0
  "BR.QFO101"                           295         "quadrupole"            93.499082          6.838863164          2.000435857          8.604185494          -3.72148186          2.475863677          2.540675224                    0                    0                    0                    0         -3.155953969         0.8175599875                    0                    0                    0                    0                    0                    0         0.3667394777                    0                    0                    0                    0                    0                    0                    0                    0                    0
  "DRIFT_119"                           296              "drift"             93.82532          5.611467455          1.761834967          11.21604612         -4.284515681          2.484249109          2.545961621                    0                    0                    0                    0         -2.889234834         0.8175599875                    0                    0                    0                    0                    0                    0                    0                    0                    0                    0                    0                    0                    0                    0                    0                    0
  "BR3.BPM10L3"                         297            "monitor"             93.82532          5.611467455          1.761834967          11.21604612         -4.284515681          2.484249109          2.545961621                    0                    0                    0                    0         -2.889234834         0.8175599875                    0                    0                    0                    0                    0                    0                    0                    0                    0                    0                    0                    0                    0                    0                    0                    0
  "BR3.ONOH0.10L3"                      298          "multipole"             93.82532          5.611467455          1.761834967          11.21604612         -4.284515681          2.484249109          2.545961621                    0                    0                    0                    0         -2.889234834         0.8175599875                    0                    0                    0                    0                    0                    0                    0                    0                    0                    0                    0                    0                    0                    0                    0                    0
  "BR3.QSK10L3"                         299          "multipole"             93.82532          5.611467455          1.761834967          11.21604612         -4.284515681          2.484249109          2.545961621                    0                    0                    0                    0         -2.889234834         0.8175599875                    0                    0                    0                    0                    0                    0                    0                    0                    0                    0                    0                    0                    0                    0                    0                    0
  "BR3.XNOH0.10L3"                      300          "multipole"             93.82532          5.611467455          1.761834967          11.21604612         -4.284515681          2.484249109          2.545961621                    0                    0                    0                    0         -2.889234834         0.8175599875                    0                    0                    0                    0                    0                    0                    0                    0                    0                    0                    0                    0                    0                    0                    0                    0
  "DRIFT_120"                           301              "drift"            94.152827           4.53588831          1.522305968          14.20757866         -4.849739591          2.494588068          2.550091235                    0                    0                    0                    0         -2.621478215         0.8175599875                    0                    0                    0                    0                    0                    0                    0                    0                    0                    0                    0                    0                    0                    0                    0                    0
  "BR.QDE10"                            302         "quadrupole"            95.031767          4.536070412         -1.522551373          14.20879811           4.84862852          2.528726452          2.559025846                    0                    0                    0                    0         -2.621551603        -0.8177348941                    0                    0                    0                    0                    0                    0        -0.6533682276                    0                    0                    0                    0                    0                    0                    0                    0                    0
  "DRIFT_121"                           303              "drift"             95.35932          5.611986938         -1.762158355          11.21750201          4.283622146          2.539066178          2.563155595                    0                    0                    0                    0          -2.88940312        -0.8177348941                    0                    0                    0                    0                    0                    0                    0                    0                    0                    0                    0                    0                    0                    0                    0                    0
  "BR3.DHZ10L4"                         304            "hkicker"             95.35932          5.611986938         -1.762158355          11.21750201          4.283622146          2.539066178          2.563155595                    0                    0                    0                    0          -2.88940312        -0.8177348941                    0                    0                    0                    0                    0                    0                    0                    0                    0                    0                    0                    0                    0                    0                    0                    0
  "BR3.DVT10L4"                         305            "vkicker"             95.35932          5.611986938         -1.762158355          11.21750201          4.283622146          2.539066178          2.563155595                    0                    0                    0                    0          -2.88940312        -0.8177348941                    0                    0                    0                    0                    0                    0                    0                    0                    0                    0                    0                    0                    0                    0                    0                    0
  "DRIFT_122"                           306              "drift"            95.686512          6.843426255         -2.001501263           8.59903004          3.719238472          2.547472958          2.568458702                    0                    0                    0                    0         -3.156959436        -0.8177348941                    0                    0                    0                    0                    0                    0                    0                    0                    0                    0                    0                    0                    0                    0                    0                    0
  "BR.QFO102"                           307         "quadrupole"            96.190082          7.606471749         0.5806779851          6.527991434         0.6435879085          2.558250823          2.579496942                    0                    0                    0                    0         -3.269134759         0.3790923353                    0                    0                    0                    0                    0                    0         0.3667394777                    0                    0                    0                    0                    0                    0                    0                    0                    0
  "DRIFT_123"                           308              "drift"              96.5573          7.203706851         0.5161225482           6.08453062         0.5640348511          2.566149471          2.588775636                    0                    0                    0                    0         -3.129925229         0.3790923353                    0                    0                    0                    0                    0                    0                    0                    0                    0                    0                    0                    0                    0                    0                    0                    0
  "BR.STSCRAP102"                       309         "collimator"              96.5573          7.203706851         0.5161225482           6.08453062         0.5640348511          2.566149471          2.588775636                    0                    0                    0                    0         -3.129925229         0.3790923353                    0                    0                    0                    0                    0                    0                    0                    0                    0                    0                    0                    0                    0                    0                    0                    0
  "DRIFT_124"                           310              "drift"           96.5573045          7.203702206         0.5161217571          6.084525544         0.5640338762           2.56614957          2.588775753                    0                    0                    0                    0         -3.129923524         0.3790923353                    0                    0                    0                    0                    0                    0                    0                    0                    0                    0                    0                    0                    0                    0                    0                    0
  "BR.BHZ102"                           311              "sbend"           98.1750005          5.998720766         0.2335611525           4.63745147         0.3139588838          2.605463021          2.638027062                    0                    0                    0                    0         -2.825182185      9.918682396e-05                    0                    0                    0                    0                    0                    0                    0                    0                    0                    0                    0                    0                    0                    0                    0                    0
  "DRIFT_125"                           312              "drift"               98.471          5.875855283         0.1815256394          4.472343491         0.2438392877          2.613401299          2.648378724                    0                    0                    0                    0         -2.825152826      9.918682396e-05                    0                    0                    0                    0                    0                    0                    0                    0                    0                    0                    0                    0                    0                    0                    0                    0
  "BE3.DHZ11L1"                         313            "hkicker"               98.471          5.875855283         0.1815256394          4.472343491         0.2438392877          2.613401299          2.648378724                    0                    0                    0                    0         -2.825152826      9.918682396e-05                    0                    0                    0                    0                    0                    0                    0                    0                    0                    0                    0                    0                    0                    0                    0                    0
  "BE3.DVT11L1"                         314            "vkicker"               98.471          5.875855283         0.1815256394          4.472343491         0.2438392877          2.613401299          2.648378724                    0                    0                    0                    0         -2.825152826      9.918682396e-05                    0                    0                    0                    0                    0                    0                    0                    0                    0                    0                    0                    0                    0                    0                    0                    0
  "DRIFT_126"                           315              "drift"               99.638           5.69158901       -0.02362823351          4.225841742       -0.03261242487          2.645740652          2.691632719                    0                    0                    0                    0         -2.825037075      9.918682396e-05                    0                    0                    0                    0                    0                    0                    0                    0                    0                    0                    0                    0                    0                    0                    0                    0
  "BR3.ONO11L1"                         316          "multipole"               99.638           5.69158901       -0.02362823351          4.225841742       -0.03261242487          2.645740652          2.691632719                    0                    0                    0                    0         -2.825037075      9.918682396e-05                    0                    0                    0                    0                    0                    0                    0                    0                    0                    0                    0                    0                    0                    0                    0                    0
  "BR3.QNO11L1"                         317          "multipole"               99.638           5.69158901       -0.02362823351          4.225841742       -0.03261242487          2.645740652          2.691632719                    0                    0                    0                    0         -2.825037075      9.918682396e-05                    0                    0                    0                    0                    0                    0                    0                    0                    0                    0                    0                    0                    0                    0                    0                    0
  "BR3.XNO11L1"                         318          "multipole"               99.638           5.69158901       -0.02362823351          4.225841742       -0.03261242487          2.645740652          2.691632719                    0                    0                    0                    0         -2.825037075      9.918682396e-05                    0                    0                    0                    0                    0                    0                    0                    0                    0                    0                    0                    0                    0                    0                    0                    0
  "DRIFT_127"                           319              "drift"           100.338677          5.811007245        -0.1468044119          4.387844482        -0.1985964494          2.665179738           2.71764576                    0                    0                    0                    0         -2.824967577      9.918682396e-05                    0                    0                    0                    0                    0                    0                    0                    0                    0                    0                    0                    0                    0                    0                    0                    0
  "BR3.BWSV11L1"                        320            "monitor"           100.338677          5.811007245        -0.1468044119          4.387844482        -0.1985964494          2.665179738           2.71764576                    0                    0                    0                    0         -2.824967577      9.918682396e-05                    0                    0                    0                    0                    0                    0                    0                    0                    0                    0                    0                    0                    0                    0                    0                    0
  "DRIFT_128"                           321              "drift"           100.829001          5.997235143         -0.233001385          4.639550447        -0.3147497566          2.678414089          2.734975748                    0                    0                    0                    0         -2.824918943      9.918682396e-05                    0                    0                    0                    0                    0                    0                    0                    0                    0                    0                    0                    0                    0                    0                    0                    0
  "BR.BHZ111"                           322              "sbend"           102.446697           7.20041713        -0.5155619896          6.089059125        -0.5647201671          2.717741666          2.784196603                    0                    0                    0                    0         -3.129341431        -0.3788939616                    0                    0                    0                    0                    0                    0                    0                    0                    0                    0                    0                    0                    0                    0                    0                    0
  "DRIFT_129"                           323              "drift"          102.4466995          7.200419708         -0.515562429          6.089061948        -0.5647207086          2.717741721          2.784196668                    0                    0                    0                    0         -3.129342379        -0.3788939616                    0                    0                    0                    0                    0                    0                    0                    0                    0                    0                    0                    0                    0                    0                    0                    0
  "BR.STSCRAP111"                       324         "collimator"          102.4466995          7.200419708         -0.515562429          6.089061948        -0.5647207086          2.717741721          2.784196668                    0                    0                    0                    0         -3.129342379        -0.3788939616                    0                    0                    0                    0                    0                    0                    0                    0                    0                    0                    0                    0                    0                    0                    0                    0
  "DRIFT_130"                           325              "drift"             102.4787          7.233596239        -0.5211879873          6.125426447        -0.5716521149          2.718447425          2.785030609                    0                    0                    0                    0         -3.141467175        -0.3788939616                    0                    0                    0                    0                    0                    0                    0                    0                    0                    0                    0                    0                    0                    0                    0                    0
  "BR3.BPP11L2"                         326            "monitor"             102.4787          7.233596239        -0.5211879873          6.125426447        -0.5716521149          2.718447425          2.785030609                    0                    0                    0                    0         -3.141467175        -0.3788939616                    0                    0                    0                    0                    0                    0                    0                    0                    0                    0                    0                    0                    0                    0                    0                    0
  "DRIFT_131"                           327              "drift"           102.813012          7.601722785        -0.5799586827          6.531855307        -0.6440651187          2.725625139          2.793446267                    0                    0                    0                    0         -3.268135973        -0.3788939616                    0                    0                    0                    0                    0                    0                    0                    0                    0                    0                    0                    0                    0                    0                    0                    0
  "BR.QFO111"                           328         "quadrupole"           103.316582          6.838863164          2.000435857          8.604185341          -3.72148177          2.736409978          2.804477926                    0                    0                    0                    0         -3.155954618         0.8175601069                    0                    0                    0                    0                    0                    0         0.3667394777                    0                    0                    0                    0                    0                    0                    0                    0                    0
  "DRIFT_132"                           329              "drift"           103.642825          5.611449837           1.76183131          11.21608875         -4.284524206          2.744795552          2.809764393                    0                    0                    0                    0         -2.889231356         0.8175601069                    0                    0                    0                    0                    0                    0                    0                    0                    0                    0                    0                    0                    0                    0                    0                    0
  "BR3.BPM11L3"                         330            "monitor"           103.642825          5.611449837           1.76183131          11.21608875         -4.284524206          2.744795552          2.809764393                    0                    0                    0                    0         -2.889231356         0.8175601069                    0                    0                    0                    0                    0                    0                    0                    0                    0                    0                    0                    0                    0                    0                    0                    0
  "BR3.ONOH0.11L3"                      331          "multipole"           103.642825          5.611449837           1.76183131          11.21608875         -4.284524206          2.744795552          2.809764393                    0                    0                    0                    0         -2.889231356         0.8175601069                    0                    0                    0                    0                    0                    0                    0                    0                    0                    0                    0                    0                    0                    0                    0                    0
  "BR3.QSKH0.11L3"                      332          "multipole"           103.642825          5.611449837           1.76183131          11.21608875         -4.284524206          2.744795552          2.809764393                    0                    0                    0                    0         -2.889231356         0.8175601069                    0                    0                    0                    0                    0                    0                    0                    0                    0                    0                    0                    0                    0                    0                    0                    0
  "BR3.XNOH0.11L3"                      333          "multipole"           103.642825          5.611449837           1.76183131          11.21608875         -4.284524206          2.744795552          2.809764393                    0                    0                    0                    0         -2.889231356         0.8175601069                    0                    0                    0                    0                    0                    0                    0                    0                    0                    0                    0                    0                    0                    0                    0                    0
  "DRIFT_133"                           334              "drift"           103.970327           4.53588831          1.522305968          14.20757837         -4.849739471          2.755134369          2.813893937                    0                    0                    0                    0         -2.621478786         0.8175601069                    0                    0                    0                    0                    0                    0                    0                    0                    0                    0                    0                    0                    0                    0                    0                    0
  "BR.QDE11"                            335         "quadrupole"           104.849267          4.536070412         -1.522551373          14.20879779          4.848628429          2.789272753          2.822828548                    0                    0                    0                    0          -2.62155223        -0.8177351486                    0                    0                    0                    0                    0                    0        -0.6533682276                    0                    0                    0                    0                    0                    0                    0                    0                    0
  "DRIFT_134"                           336              "drift"           105.176825          5.612004559         -1.762162012          11.21745891          4.283613438          2.799612621          2.826958368                    0                    0                    0                    0          -2.88940792        -0.8177351486                    0                    0                    0                    0                    0                    0                    0                    0                    0                    0                    0                    0                    0                    0                    0                    0
  "BR3.DHZ11L4"                         337            "hkicker"           105.176825          5.612004559         -1.762162012          11.21745891          4.283613438          2.799612621          2.826958368                    0                    0                    0                    0          -2.88940792        -0.8177351486                    0                    0                    0                    0                    0                    0                    0                    0                    0                    0                    0                    0                    0                    0                    0                    0
  "BR3.DVT11L4"                         338            "vkicker"           105.176825          5.612004559         -1.762162012          11.21745891          4.283613438          2.799612621          2.826958368                    0                    0                    0                    0          -2.88940792        -0.8177351486                    0                    0                    0                    0                    0                    0                    0                    0                    0                    0                    0                    0                    0                    0                    0                    0
  "BR3.OSK11L4"                         339          "multipole"           105.176825          5.612004559         -1.762162012          11.21745891          4.283613438          2.799612621          2.826958368                    0                    0                    0                    0          -2.88940792        -0.8177351486                    0                    0                    0                    0                    0                    0                    0                    0                    0                    0                    0                    0                    0                    0                    0                    0
  "BR3.XSK11L4"                         340          "multipole"           105.176825          5.612004559         -1.762162012          11.21745891          4.283613438          2.799612621          2.826958368                    0                    0                    0                    0          -2.88940792        -0.8177351486                    0                    0                    0                    0                    0                    0                    0                    0                    0                    0                    0                    0                    0                    0                    0                    0
  "DRIFT_135"                           341              "drift"           105.504012          6.843426255         -2.001501263          8.599029829          3.719238396          2.808019258          2.832261404                    0                    0                    0                    0          -3.15696023        -0.8177351486                    0                    0                    0                    0                    0                    0                    0                    0                    0                    0                    0                    0                    0                    0                    0                    0
  "BR.QFO112"                           342         "quadrupole"           106.007582          7.606471749         0.5806779851          6.527991262         0.6435879033          2.818797124          2.843299645                    0                    0                    0                    0         -3.269135605         0.3790923864                    0                    0                    0                    0                    0                    0         0.3667394777                    0                    0                    0                    0                    0                    0                    0                    0                    0
  "DRIFT_136"                           343              "drift"             106.3748          7.203706851         0.5161225482          6.084530452         0.5640348442          2.826695772          2.852578338                    0                    0                    0                    0         -3.129926057         0.3790923864                    0                    0                    0                    0                    0                    0                    0                    0                    0                    0                    0                    0                    0                    0                    0                    0
  "BR.STSCRAP112"                       344         "collimator"             106.3748          7.203706851         0.5161225482          6.084530452         0.5640348442          2.826695772          2.852578338                    0                    0                    0                    0         -3.129926057         0.3790923864                    0                    0                    0                    0                    0                    0                    0                    0                    0                    0                    0                    0                    0                    0                    0                    0
  "DRIFT_137"                           345              "drift"           106.374804          7.203702722          0.516121845           6.08452594         0.5640339776           2.82669586          2.852578443                    0                    0                    0                    0         -3.129924541         0.3790923864                    0                    0                    0                    0                    0                    0                    0                    0                    0                    0                    0                    0                    0                    0                    0                    0
  "BR.BHZ112"                           346              "sbend"             107.9925          5.998720999         0.2335612404          4.637451542         0.3139589791          2.866009309          2.901829749                    0                    0                    0                    0          -2.82518312      9.923790994e-05                    0                    0                    0                    0                    0                    0                    0                    0                    0                    0                    0                    0                    0                    0                    0                    0
  "DRIFT_138"                           347              "drift"             108.2915          5.874767711         0.1809982515          4.470882359          0.243128589          2.874028867          2.912288206                    0                    0                    0                    0         -2.825153448      9.923790994e-05                    0                    0                    0                    0                    0                    0                    0                    0                    0                    0                    0                    0                    0                    0                    0                    0
  "BR3.KQM12L1"                         348             "kicker"             109.5215          5.695473704       -0.03523076616          4.231178329       -0.04824726337          2.908131934          2.957919671                    0                    0                    0                    0         -2.825031386      9.923790994e-05                    0                    0                    0                    0                    0                    0                    0                    0                    0                    0                    0                    0                    0                    0                    0                    0
  "DRIFT_139"                           349              "drift"             110.0865          5.791402932        -0.1345554775          4.361319246        -0.1820906427          2.923814415          2.978913378                    0                    0                    0                    0         -2.824975316      9.923790994e-05                    0                    0                    0                    0                    0                    0                    0                    0                    0                    0                    0                    0                    0                    0                    0                    0
  "BR3.ONO12L1"                         350          "multipole"             110.0865          5.791402932        -0.1345554775          4.361319246        -0.1820906427          2.923814415          2.978913378                    0                    0                    0                    0         -2.824975316      9.923790994e-05                    0                    0                    0                    0                    0                    0                    0                    0                    0                    0                    0                    0                    0                    0                    0                    0
  "BR3.OSK12L1"                         351          "multipole"             110.0865          5.791402932        -0.1345554775          4.361319246        -0.1820906427          2.923814415          2.978913378                    0                    0                    0                    0         -2.824975316      9.923790994e-05                    0                    0                    0                    0                    0                    0                    0                    0                    0                    0                    0                    0                    0                    0                    0                    0
  "BR3.XNO12L1"                         352          "multipole"             110.0865          5.791402932        -0.1345554775          4.361319246        -0.1820906427          2.923814415          2.978913378                    0                    0                    0                    0         -2.824975316      9.923790994e-05                    0                    0                    0                    0                    0                    0                    0                    0                    0                    0                    0                    0                    0                    0                    0                    0
  "BR3.XSK12L1"                         353          "multipole"             110.0865          5.791402932        -0.1345554775          4.361319246        -0.1820906427          2.923814415          2.978913378                    0                    0                    0                    0         -2.824975316      9.923790994e-05                    0                    0                    0                    0                    0                    0                    0                    0                    0                    0                    0                    0                    0                    0                    0                    0
  "DRIFT_140"                           354              "drift"           110.646501          5.997235143         -0.233001385          4.639550393        -0.3147498043           2.93896039          2.998778456                    0                    0                    0                    0         -2.824919743      9.923790994e-05                    0                    0                    0                    0                    0                    0                    0                    0                    0                    0                    0                    0                    0                    0                    0                    0
  "BR.BHZ121"                           355              "sbend"           112.264197           7.20041713        -0.5155619896          6.089059248        -0.5647202271          2.978287967          3.047999311                    0                    0                    0                    0         -3.129342149        -0.3788939106                    0                    0                    0                    0                    0                    0                    0                    0                    0                    0                    0                    0                    0                    0                    0                    0
  "DRIFT_141"                           356              "drift"          112.2641995          7.200419708         -0.515562429          6.089062072        -0.5647207686          2.978288022          3.047999376                    0                    0                    0                    0         -3.129343096        -0.3788939106                    0                    0                    0                    0                    0                    0                    0                    0                    0                    0                    0                    0                    0                    0                    0                    0
  "BR.STSCRAP121"                       357         "collimator"          112.2641995          7.200419708         -0.515562429          6.089062072        -0.5647207686          2.978288022          3.047999376                    0                    0                    0                    0         -3.129343096        -0.3788939106                    0                    0                    0                    0                    0                    0                    0                    0                    0                    0                    0                    0                    0                    0                    0                    0
  "DRIFT_142"                           358              "drift"           112.630512          7.601722785        -0.5799586827          6.531855475        -0.6440651812           2.98617144          3.057248975                    0                    0                    0                    0         -3.268136672        -0.3788939106                    0                    0                    0                    0                    0                    0                    0                    0                    0                    0                    0                    0                    0                    0                    0                    0
  "BR.QFO121"                           359         "quadrupole"           113.134082          6.838863164          2.000435857          8.604185615         -3.721481931          2.996956278          3.068280633                    0                    0                    0                    0         -3.155955229         0.8175604017                    0                    0                    0                    0                    0                    0         0.3667394777                    0                    0                    0                    0                    0                    0                    0                    0                    0
  "DRIFT_143"                           360              "drift"            113.46033          5.611432219          1.761827654          11.21613198         -4.284533023          3.005341994          3.073567172                    0                    0                    0                    0         -2.889227783         0.8175604017                    0                    0                    0                    0                    0                    0                    0                    0                    0                    0                    0                    0                    0                    0                    0                    0
  "BR3.BPM12L3"                         361            "monitor"            113.46033          5.611432219          1.761827654          11.21613198         -4.284533023          3.005341994          3.073567172                    0                    0                    0                    0         -2.889227783         0.8175604017                    0                    0                    0                    0                    0                    0                    0                    0                    0                    0                    0                    0                    0                    0                    0                    0
  "BR3.ONOH0.12L3"                      362          "multipole"            113.46033          5.611432219          1.761827654          11.21613198         -4.284533023          3.005341994          3.073567172                    0                    0                    0                    0         -2.889227783         0.8175604017                    0                    0                    0                    0                    0                    0                    0                    0                    0                    0                    0                    0                    0                    0                    0                    0
  "BR3.QNO12L3"                         363          "multipole"            113.46033          5.611432219          1.761827654          11.21613198         -4.284533023          3.005341994          3.073567172                    0                    0                    0                    0         -2.889227783         0.8175604017                    0                    0                    0                    0                    0                    0                    0                    0                    0                    0                    0                    0                    0                    0                    0                    0
  "BR3.XNOH0.12L3"                      364          "multipole"            113.46033          5.611432219          1.761827654          11.21613198         -4.284533023          3.005341994          3.073567172                    0                    0                    0                    0         -2.889227783         0.8175604017                    0                    0                    0                    0                    0                    0                    0                    0                    0                    0                    0                    0                    0                    0                    0                    0
  "DRIFT_144"                           365              "drift"           113.787827           4.53588831          1.522305968          14.20757889         -4.849739687           3.01568067          3.077696644                    0                    0                    0                    0         -2.621479204         0.8175604017                    0                    0                    0                    0                    0                    0                    0                    0                    0                    0                    0                    0                    0                    0                    0                    0
  "BR.QDE12"                            366         "quadrupole"           114.666767          4.536070412         -1.522551373          14.20879837          4.848628592          3.049819053          3.086631255                    0                    0                    0                    0         -2.621552489        -0.8177350645                    0                    0                    0                    0                    0                    0        -0.6533682276                    0                    0                    0                    0                    0                    0                    0                    0                    0
  "DRIFT_145"                           367              "drift"            114.99433          5.612022181          -1.76216567          11.21741655          4.283604963          3.060159063          3.090761146                    0                    0                    0                    0          -2.88941224        -0.8177350645                    0                    0                    0                    0                    0                    0                    0                    0                    0                    0                    0                    0                    0                    0                    0                    0
  "BR3.DHZ12L4"                         368            "hkicker"            114.99433          5.612022181          -1.76216567          11.21741655          4.283604963          3.060159063          3.090761146                    0                    0                    0                    0          -2.88941224        -0.8177350645                    0                    0                    0                    0                    0                    0                    0                    0                    0                    0                    0                    0                    0                    0                    0                    0
  "BR3.DVT12L4"                         369            "vkicker"            114.99433          5.612022181          -1.76216567          11.21741655          4.283604963          3.060159063          3.090761146                    0                    0                    0                    0          -2.88941224        -0.8177350645                    0                    0                    0                    0                    0                    0                    0                    0                    0                    0                    0                    0                    0                    0                    0                    0
  "BR3.OSK12L4"                         370          "multipole"            114.99433          5.612022181          -1.76216567          11.21741655          4.283604963          3.060159063          3.090761146                    0                    0                    0                    0          -2.88941224        -0.8177350645                    0                    0                    0                    0                    0                    0                    0                    0                    0                    0                    0                    0                    0                    0                    0                    0
  "BR3.XSK12L4"                         371          "multipole"            114.99433          5.612022181          -1.76216567          11.21741655          4.283604963          3.060159063          3.090761146                    0                    0                    0                    0          -2.88941224        -0.8177350645                    0                    0                    0                    0                    0                    0                    0                    0                    0                    0                    0                    0                    0                    0                    0                    0
  "DRIFT_146"                           372              "drift"           115.321512          6.843426255         -2.001501263           8.59903021          3.719238532          3.068565559           3.09606411                    0                    0                    0                    0         -3.156960434        -0.8177350645                    0                    0                    0                    0                    0                    0                    0                    0                    0                    0                    0                    0                    0                    0                    0                    0
  "BR.QFO122"                           373         "quadrupole"           115.825082          7.606471749         0.5806779851          6.527991574         0.6435879119          3.079343425          3.107102351                    0                    0                    0                    0         -3.269135749         0.3790925351                    0                    0                    0                    0                    0                    0         0.3667394777                    0                    0                    0                    0                    0                    0                    0                    0                    0
  "DRIFT_147"                           374              "drift"           116.192299          7.203707883          0.516122724          6.084531884         0.5640350726           3.08724205          3.116381018                    0                    0                    0                    0         -3.129926525         0.3790925351                    0                    0                    0                    0                    0                    0                    0                    0                    0                    0                    0                    0                    0                    0                    0                    0
  "BR.STSCRAP122"                       375         "collimator"           116.192299          7.203707883          0.516122724          6.084531884         0.5640350726           3.08724205          3.116381018                    0                    0                    0                    0         -3.129926525         0.3790925351                    0                    0                    0                    0                    0                    0                    0                    0                    0                    0                    0                    0                    0                    0                    0                    0
  "DRIFT_148"                           376              "drift"           116.192304          7.203702722          0.516121845          6.084526244         0.5640339894          3.087242161          3.116381148                    0                    0                    0                    0          -3.12992463         0.3790925351                    0                    0                    0                    0                    0                    0                    0                    0                    0                    0                    0                    0                    0                    0                    0                    0
  "BR.BHZ122"                           377              "sbend"               117.81          5.998720999         0.2335612404          4.637451775         0.3139590106          3.126555609          3.165632452                    0                    0                    0                    0          -2.82518297      9.938662233e-05                    0                    0                    0                    0                    0                    0                    0                    0                    0                    0                    0                    0                    0                    0                    0                    0
  "DRIFT_149"                           378              "drift"           118.061261          5.892449703         0.1893905744          4.494635885         0.2544375588          3.133283785          3.174395955                    0                    0                    0                    0         -2.825157998      9.938662233e-05                    0                    0                    0                    0                    0                    0                    0                    0                    0                    0                    0                    0                    0                    0                    0                    0
  "BR3.ACWF13L1.1"                      379           "rfcavity"           119.004261          5.691585452        0.02361499413          4.225421671        0.03104941254          3.159315658          3.209109458                    0                    0                    0                    0         -2.825064277      9.938662233e-05                    0                    0                    0                    0                    0                    0                    0                    0                    0                    0                    0                    0                    0                    0                    0                    0
  "DRIFT_150"                           380              "drift"           119.115761          5.688504848       0.004013745775          4.221442739        0.00463607393          3.162434598          3.213311689                    0                    0                    0                    0         -2.825053195      9.938662233e-05                    0                    0                    0                    0                    0                    0                    0                    0                    0                    0                    0                    0                    0                    0                    0                    0
  "BR3.ACWF13L1.2"                      381           "rfcavity"           120.058761          5.837261296        -0.1617618345          4.423354126        -0.2187520723          3.188597502          3.248325095                    0                    0                    0                    0         -2.824959474      9.938662233e-05                    0                    0                    0                    0                    0                    0                    0                    0                    0                    0                    0                    0                    0                    0                    0                    0
  "DRIFT_151"                           382              "drift"           120.464001          5.997235143         -0.233001385          4.639550405        -0.3147497525          3.199506691          3.262581156                    0                    0                    0                    0         -2.824919198      9.938662233e-05                    0                    0                    0                    0                    0                    0                    0                    0                    0                    0                    0                    0                    0                    0                    0                    0
  "BR.BHZ131"                           383              "sbend"           122.081697           7.20041713        -0.5155619896          6.089059076        -0.5647201667          3.238834267          3.311802012                    0                    0                    0                    0         -3.129341365        -0.3788937618                    0                    0                    0                    0                    0                    0                    0                    0                    0                    0                    0                    0                    0                    0                    0                    0
  "DRIFT_152"                           384              "drift"          122.0816995          7.200419708         -0.515562429          6.089061899        -0.5647207082          3.238834323          3.311802077                    0                    0                    0                    0         -3.129342312        -0.3788937618                    0                    0                    0                    0                    0                    0                    0                    0                    0                    0                    0                    0                    0                    0                    0                    0
  "BR.STSCRAP131"                       385         "collimator"          122.0816995          7.200419708         -0.515562429          6.089061899        -0.5647207082          3.238834323          3.311802077                    0                    0                    0                    0         -3.129342312        -0.3788937618                    0                    0                    0                    0                    0                    0                    0                    0                    0                    0                    0                    0                    0                    0                    0                    0
  "DRIFT_153"                           386              "drift"           122.448012          7.601722785        -0.5799586827          6.531855258        -0.6440651189          3.246717741          3.321051676                    0                    0                    0                    0         -3.268135834        -0.3788937618                    0                    0                    0                    0                    0                    0                    0                    0                    0                    0                    0                    0                    0                    0                    0                    0
  "BR.QFO131"                           387         "quadrupole"           122.951582          6.838863164          2.000435857          8.604185283         -3.721481751          3.257502579          3.332083334                    0                    0                    0                    0         -3.155954394          0.817560239                    0                    0                    0                    0                    0                    0         0.3667394777                    0                    0                    0                    0                    0                    0                    0                    0                    0
  "DRIFT_154"                           388              "drift"           123.277835            5.6114146          1.761823997          11.21617437         -4.284541444          3.265888437          3.337369944                    0                    0                    0                    0         -2.889222913          0.817560239                    0                    0                    0                    0                    0                    0                    0                    0                    0                    0                    0                    0                    0                    0                    0                    0
  "BR3.BPM13L3"                         389            "monitor"           123.277835            5.6114146          1.761823997          11.21617437         -4.284541444          3.265888437          3.337369944                    0                    0                    0                    0         -2.889222913          0.817560239                    0                    0                    0                    0                    0                    0                    0                    0                    0                    0                    0                    0                    0                    0                    0                    0
  "BR3.ONOH0.13L3"                      390          "multipole"           123.277835            5.6114146          1.761823997          11.21617437         -4.284541444          3.265888437          3.337369944                    0                    0                    0                    0         -2.889222913          0.817560239                    0                    0                    0                    0                    0                    0                    0                    0                    0                    0                    0                    0                    0                    0                    0                    0
  "BR3.QSKH0.13L3"                      391          "multipole"           123.277835            5.6114146          1.761823997          11.21617437         -4.284541444          3.265888437          3.337369944                    0                    0                    0                    0         -2.889222913          0.817560239                    0                    0                    0                    0                    0                    0                    0                    0                    0                    0                    0                    0                    0                    0                    0                    0
  "BR3.XNOH0.13L3"                      392          "multipole"           123.277835            5.6114146          1.761823997          11.21617437         -4.284541444          3.265888437          3.337369944                    0                    0                    0                    0         -2.889222913          0.817560239                    0                    0                    0                    0                    0                    0                    0                    0                    0                    0                    0                    0                    0                    0                    0                    0
  "DRIFT_155"                           393              "drift"           123.605327           4.53588831          1.522305968          14.20757829         -4.849739449           3.27622697          3.341499346                    0                    0                    0                    0         -2.621478476          0.817560239                    0                    0                    0                    0                    0                    0                    0                    0                    0                    0                    0                    0                    0                    0                    0                    0
  "BR.QDE13"                            394         "quadrupole"           124.484267          4.536070412         -1.522551373          14.20879772          4.848628396          3.310365354          3.350433957                    0                    0                    0                    0         -2.621551699        -0.8177347538                    0                    0                    0                    0                    0                    0        -0.6533682276                    0                    0                    0                    0                    0                    0                    0                    0                    0
  "DRIFT_156"                           395              "drift"           124.811835          5.612039803         -1.762169327          11.21737319           4.28359616          3.320705506          3.354563919                    0                    0                    0                    0         -2.889415437        -0.8177347538                    0                    0                    0                    0                    0                    0                    0                    0                    0                    0                    0                    0                    0                    0                    0                    0
  "BR3.DHZ13L4"                         396            "hkicker"           124.811835          5.612039803         -1.762169327          11.21737319           4.28359616          3.320705506          3.354563919                    0                    0                    0                    0         -2.889415437        -0.8177347538                    0                    0                    0                    0                    0                    0                    0                    0                    0                    0                    0                    0                    0                    0                    0                    0
  "BR3.DVT13L4"                         397            "vkicker"           124.811835          5.612039803         -1.762169327          11.21737319           4.28359616          3.320705506          3.354563919                    0                    0                    0                    0         -2.889415437        -0.8177347538                    0                    0                    0                    0                    0                    0                    0                    0                    0                    0                    0                    0                    0                    0                    0                    0
  "DRIFT_157"                           398              "drift"           125.139012          6.843426255         -2.001501263          8.599029792          3.719238372           3.32911186          3.359866813                    0                    0                    0                    0          -3.15695944        -0.8177347538                    0                    0                    0                    0                    0                    0                    0                    0                    0                    0                    0                    0                    0                    0                    0                    0
  "BR.QFO132"                           399         "quadrupole"           125.642582          7.606471749         0.5806779851          6.527991242         0.6435878927          3.339889726          3.370905054                    0                    0                    0                    0         -3.269134694         0.3790924643                    0                    0                    0                    0                    0                    0         0.3667394777                    0                    0                    0                    0                    0                    0                    0                    0                    0
  "DRIFT_158"                           400              "drift"           126.009799          7.203707883          0.516122724          6.084531567         0.5640350507          3.347788351          3.380183721                    0                    0                    0                    0         -3.129925496         0.3790924643                    0                    0                    0                    0                    0                    0                    0                    0                    0                    0                    0                    0                    0                    0                    0                    0
  "BR.STSCRAP132"                       401         "collimator"           126.009799          7.203707883          0.516122724          6.084531567         0.5640350507          3.347788351          3.380183721                    0                    0                    0                    0         -3.129925496         0.3790924643                    0                    0                    0                    0                    0                    0                    0                    0                    0                    0                    0                    0                    0                    0                    0                    0
  "DRIFT_159"                           402              "drift"           126.009804          7.203702722          0.516121845          6.084525927         0.5640339676          3.347788462          3.380183852                    0                    0                    0                    0         -3.129923601         0.3790924643                    0                    0                    0                    0                    0                    0                    0                    0                    0                    0                    0                    0                    0                    0                    0                    0
  "BR.BHZ132"                           403              "sbend"             127.6275          5.998720999         0.2335612404          4.637451558         0.3139589718           3.38710191          3.429435159                    0                    0                    0                    0         -2.825182055       9.93158421e-05                    0                    0                    0                    0                    0                    0                    0                    0                    0                    0                    0                    0                    0                    0                    0                    0
  "DRIFT_160"                           404              "drift"            127.93409          5.872030285         0.1796639603          4.467205335           0.24133058          3.395327139          3.440163916                    0                    0                    0                    0         -2.825151606       9.93158421e-05                    0                    0                    0                    0                    0                    0                    0                    0                    0                    0                    0                    0                    0                    0                    0                    0
  "BR3.DHZ14L1"                         405            "hkicker"            127.93409          5.872030285         0.1796639603          4.467205335           0.24133058          3.395327139          3.440163916                    0                    0                    0                    0         -2.825151606       9.93158421e-05                    0                    0                    0                    0                    0                    0                    0                    0                    0                    0                    0                    0                    0                    0                    0                    0
  "BR3.DVT14L1"                         406            "vkicker"            127.93409          5.872030285         0.1796639603          4.467205335           0.24133058          3.395327139          3.440163916                    0                    0                    0                    0         -2.825151606       9.93158421e-05                    0                    0                    0                    0                    0                    0                    0                    0                    0                    0                    0                    0                    0                    0                    0                    0
  "DRIFT_161"                           407              "drift"          128.1511955          5.802304324         0.1414976928          4.373582749         0.1899002551          3.401248162          3.447984319                    0                    0                    0                    0         -2.825130044       9.93158421e-05                    0                    0                    0                    0                    0                    0                    0                    0                    0                    0                    0                    0                    0                    0                    0                    0
  "BE3.KFA14L1"                         408            "hkicker"          130.1569845          5.941935712        -0.2111118887          4.564840189        -0.2852529767          3.456732984          3.522077118                    0                    0                    0                    0         -2.824930837       9.93158421e-05                    0                    0                    0                    0                    0                    0                    0                    0                    0                    0                    0                    0                    0                    0                    0                    0
  "DRIFT_162"                           409              "drift"           130.281501          5.997235143         -0.233001385          4.639550435        -0.3147498068          3.460052992          3.526383865                    0                    0                    0                    0         -2.824918471       9.93158421e-05                    0                    0                    0                    0                    0                    0                    0                    0                    0                    0                    0                    0                    0                    0                    0                    0
  "BR.BHZ141"                           410              "sbend"           131.899197           7.20041713        -0.5155619896          6.089059292        -0.5647202256          3.499380568          3.575604719                    0                    0                    0                    0         -3.129340752        -0.3788938326                    0                    0                    0                    0                    0                    0                    0                    0                    0                    0                    0                    0                    0                    0                    0                    0
  "DRIFT_163"                           411              "drift"          131.8991995          7.200419708         -0.515562429          6.089062116        -0.5647207671          3.499380623          3.575604784                    0                    0                    0                    0         -3.129341699        -0.3788938326                    0                    0                    0                    0                    0                    0                    0                    0                    0                    0                    0                    0                    0                    0                    0                    0
  "BR.STSCRAP141"                       412         "collimator"          131.8991995          7.200419708         -0.515562429          6.089062116        -0.5647207671          3.499380623          3.575604784                    0                    0                    0                    0         -3.129341699        -0.3788938326                    0                    0                    0                    0                    0                    0                    0                    0                    0                    0                    0                    0                    0                    0                    0                    0
  "DRIFT_164"                           413              "drift"                  132          7.306143826        -0.5332827486          6.205111235        -0.5865544648          3.501592566          3.578214855                    0                    0                    0                    0         -3.167534387        -0.3788938326                    0                    0                    0                    0                    0                    0                    0                    0                    0                    0                    0                    0                    0                    0                    0                    0
  "BR3.VVS14L2"                         414             "marker"                  132          7.306143826        -0.5332827486          6.205111235        -0.5865544648          3.501592566          3.578214855                    0                    0                    0                    0         -3.167534387        -0.3788938326                    0                    0                    0                    0                    0                    0                    0                    0                    0                    0                    0                    0                    0                    0                    0                    0
  "DRIFT_165"                           415              "drift"           132.265512          7.601722785        -0.5799586827          6.531855518         -0.644065179          3.507264041          3.584854383                    0                    0                    0                    0         -3.268135246        -0.3788938326                    0                    0                    0                    0                    0                    0                    0                    0                    0                    0                    0                    0                    0                    0                    0                    0
  "BR.QFO141"                           416         "quadrupole"           132.769082          6.838863164          2.000435857          8.604185663         -3.721481945           3.51804888          3.595886041                    0                    0                    0                    0         -3.155953895         0.8175599657                    0                    0                    0                    0                    0                    0         0.3667394777                    0                    0                    0                    0                    0                    0                    0                    0                    0
  "DRIFT_166"                           417              "drift"           133.095339          5.611400506          1.761821071          11.21620916          -4.28454857          3.526434851          3.601172707                    0                    0                    0                    0         -2.889219233         0.8175599657                    0                    0                    0                    0                    0                    0                    0                    0                    0                    0                    0                    0                    0                    0                    0                    0
  "BR3.BPM14L3"                         418            "monitor"           133.095339          5.611400506          1.761821071          11.21620916          -4.28454857          3.526434851          3.601172707                    0                    0                    0                    0         -2.889219233         0.8175599657                    0                    0                    0                    0                    0                    0                    0                    0                    0                    0                    0                    0                    0                    0                    0                    0
  "BR3.ONOH0.14L3"                      419          "multipole"           133.095339          5.611400506          1.761821071          11.21620916          -4.28454857          3.526434851          3.601172707                    0                    0                    0                    0         -2.889219233         0.8175599657                    0                    0                    0                    0                    0                    0                    0                    0                    0                    0                    0                    0                    0                    0                    0                    0
  "BR3.QSK14L3"                         420          "multipole"           133.095339          5.611400506          1.761821071          11.21620916          -4.28454857          3.526434851          3.601172707                    0                    0                    0                    0         -2.889219233         0.8175599657                    0                    0                    0                    0                    0                    0                    0                    0                    0                    0                    0                    0                    0                    0                    0                    0
  "BR3.XNOH0.14L3"                      421          "multipole"           133.095339          5.611400506          1.761821071          11.21620916          -4.28454857          3.526434851          3.601172707                    0                    0                    0                    0         -2.889219233         0.8175599657                    0                    0                    0                    0                    0                    0                    0                    0                    0                    0                    0                    0                    0                    0                    0                    0
  "DRIFT_167"                           422              "drift"           133.422827           4.53588831          1.522305968          14.20757896         -4.849739702          3.536773271          3.605302052                    0                    0                    0                    0         -2.621478155         0.8175599657                    0                    0                    0                    0                    0                    0                    0                    0                    0                    0                    0                    0                    0                    0                    0                    0
  "BR.QDE14"                            423         "quadrupole"           134.301767          4.536070412         -1.522551373          14.20879842          4.848628619          3.570911655          3.614236662                    0                    0                    0                    0         -2.621551545         -0.817734879                    0                    0                    0                    0                    0                    0        -0.6533682276                    0                    0                    0                    0                    0                    0                    0                    0                    0
  "DRIFT_168"                           424              "drift"            134.42124          4.910319341         -1.609946588          13.07485933          4.642545916          3.574941066           3.61563174                    0                    0                    0                    0         -2.719248784         -0.817734879                    0                    0                    0                    0                    0                    0                    0                    0                    0                    0                    0                    0                    0                    0                    0                    0
  "BR3.BPP14L4"                         425            "monitor"            134.42124          4.910319341         -1.609946588          13.07485933          4.642545916          3.574941066           3.61563174                    0                    0                    0                    0         -2.719248784         -0.817734879                    0                    0                    0                    0                    0                    0                    0                    0                    0                    0                    0                    0                    0                    0                    0                    0
  "DRIFT_169"                           426              "drift"            134.45724          5.027183527         -1.636280804          12.74283153          4.580448393          3.576094278          3.616075626                    0                    0                    0                    0          -2.74868724         -0.817734879                    0                    0                    0                    0                    0                    0                    0                    0                    0                    0                    0                    0                    0                    0                    0                    0
  "BE3.BSW14L4"                         427            "hkicker"            134.92724          6.726877156          -1.98008862          8.818247343          3.769730737          3.588971519          3.623134514                    0                    0                    0                    0         -3.133022633         -0.817734879                    0                    0                    0                    0                    0                    0                    0                    0                    0                    0                    0                    0                    0                    0                    0                    0
  "DRIFT_170"                           428              "drift"           134.956512          6.843426255         -2.001501263          8.599030234          3.719238551          3.589658161          3.623669518                    0                    0                    0                    0         -3.156959368         -0.817734879                    0                    0                    0                    0                    0                    0                    0                    0                    0                    0                    0                    0                    0                    0                    0                    0
  "BR.QFO142"                           429         "quadrupole"           135.460082          7.606471749         0.5806779851          6.527991584         0.6435879219          3.600436026          3.634707759                    0                    0                    0                    0          -3.26913469          0.379092325                    0                    0                    0                    0                    0                    0         0.3667394777                    0                    0                    0                    0                    0                    0                    0                    0                    0
  "DRIFT_171"                           430              "drift"           135.827299          7.203707883          0.516122724          6.084531888          0.564035082          3.608334652          3.643986425                    0                    0                    0                    0         -3.129925543          0.379092325                    0                    0                    0                    0                    0                    0                    0                    0                    0                    0                    0                    0                    0                    0                    0                    0
  "BR.SPSCRAP142"                       431         "collimator"           135.827299          7.203707883          0.516122724          6.084531888          0.564035082          3.608334652          3.643986425                    0                    0                    0                    0         -3.129925543          0.379092325                    0                    0                    0                    0                    0                    0                    0                    0                    0                    0                    0                    0                    0                    0                    0                    0
  "DRIFT_172"                           432              "drift"           135.827304          7.203702722          0.516121845          6.084526247         0.5640339988          3.608334762          3.643986556                    0                    0                    0                    0         -3.129923648          0.379092325                    0                    0                    0                    0                    0                    0                    0                    0                    0                    0                    0                    0                    0                    0                    0                    0
  "BR.BHZ142"                           433              "sbend"              137.445          5.998720999         0.2335612404          4.637451753         0.3139590168          3.647648211           3.69323786                    0                    0                    0                    0         -2.825182326      9.917650325e-05                    0                    0                    0                    0                    0                    0                    0                    0                    0                    0                    0                    0                    0                    0                    0                    0
  "DRIFT_173"                           434              "drift"           137.670173           5.90245099         0.1939767391          4.508072618         0.2606175751          3.653672345           3.70107896                    0                    0                    0                    0         -2.825159994      9.917650325e-05                    0                    0                    0                    0                    0                    0                    0                    0                    0                    0                    0                    0                    0                    0                    0                    0
  "BE3.BTV10"                           435         "instrument"           137.670173           5.90245099         0.1939767391          4.508072618         0.2606175751          3.653672345           3.70107896                    0                    0                    0                    0         -2.825159994      9.917650325e-05                    0                    0                    0                    0                    0                    0                    0                    0                    0                    0                    0                    0                    0                    0                    0                    0
  "DRIFT_174"                           436              "drift"           137.715573          5.885200246          0.185995603          4.484896812         0.2498627268          3.654898325          3.702685945                    0                    0                    0                    0         -2.825155492      9.917650325e-05                    0                    0                    0                    0                    0                    0                    0                    0                    0                    0                    0                    0                    0                    0                    0                    0
  "BR3.BTV15L1"                         437         "instrument"           137.715573          5.885200246          0.185995603          4.484896812         0.2498627268          3.654898325          3.702685945                    0                    0                    0                    0         -2.825155492      9.917650325e-05                    0                    0                    0                    0                    0                    0                    0                    0                    0                    0                    0                    0                    0                    0                    0                    0
  "DRIFT_175"                           438              "drift"           137.996102          5.794680454         0.1366797411          4.363351822         0.1834079508          3.662546709          3.712785519                    0                    0                    0                    0          -2.82512767      9.917650325e-05                    0                    0                    0                    0                    0                    0                    0                    0                    0                    0                    0                    0                    0                    0                    0                    0
  "BE3.SMH15L1"                         439            "hkicker"           138.946102           5.69364479       -0.03032641077          4.228670781       -0.04163843388          3.688991123          3.748278083                    0                    0                    0                    0         -2.825033452      9.917650325e-05                    0                    0                    0                    0                    0                    0                    0                    0                    0                    0                    0                    0                    0                    0                    0                    0
  "DRIFT_176"                           440              "drift"           139.287652          5.734868484       -0.09036951727          4.284748839        -0.1225485314          3.698509797          3.761062383                    0                    0                    0                    0         -2.824999579      9.917650325e-05                    0                    0                    0                    0                    0                    0                    0                    0                    0                    0                    0                    0                    0                    0                    0                    0
  "BR3.DHZ15L1"                         441            "hkicker"           139.287652          5.734868484       -0.09036951727          4.284748839        -0.1225485314          3.698509797          3.761062383                    0                    0                    0                    0         -2.824999579      9.917650325e-05                    0                    0                    0                    0                    0                    0                    0                    0                    0                    0                    0                    0                    0                    0                    0                    0
  "BR3.DVT15L1"                         442            "vkicker"           139.287652          5.734868484       -0.09036951727          4.284748839        -0.1225485314          3.698509797          3.761062383                    0                    0                    0                    0         -2.824999579      9.917650325e-05                    0                    0                    0                    0                    0                    0                    0                    0                    0                    0                    0                    0                    0                    0                    0                    0
  "DRIFT_177"                           443              "drift"            139.63066          5.817546602        -0.1506689343          4.396690374         -0.203804016          3.707966686           3.77365314                    0                    0                    0                    0          -2.82496556      9.917650325e-05                    0                    0                    0                    0                    0                    0                    0                    0                    0                    0                    0                    0                    0                    0                    0                    0
  "BE3.BSW15L1"                         444            "hkicker"            139.99666          5.951385184        -0.2150102517          4.577607875        -0.2905060968          3.717872786            3.7866519                    0                    0                    0                    0         -2.824929262      9.917650325e-05                    0                    0                    0                    0                    0                    0                    0                    0                    0                    0                    0                    0                    0                    0                    0                    0
  "DRIFT_178"                           445              "drift"           140.099001          5.997235143         -0.233001385          4.639550364        -0.3147497516          3.720599292          3.790186565                    0                    0                    0                    0         -2.824919112      9.917650325e-05                    0                    0                    0                    0                    0                    0                    0                    0                    0                    0                    0                    0                    0                    0                    0                    0
  "BR.BHZ151"                           446              "sbend"           141.716697           7.20041713        -0.5155619896          6.089059038          -0.56472017          3.759926869           3.83940742                    0                    0                    0                    0         -3.129341616         -0.378893972                    0                    0                    0                    0                    0                    0                    0                    0                    0                    0                    0                    0                    0                    0                    0                    0
  "DRIFT_179"                           447              "drift"          141.7166995          7.200419708         -0.515562429          6.089061862        -0.5647207115          3.759926924          3.839407486                    0                    0                    0                    0         -3.129342564         -0.378893972                    0                    0                    0                    0                    0                    0                    0                    0                    0                    0                    0                    0                    0                    0                    0                    0
  "BR.SPSCRAP151"                       448         "collimator"          141.7166995          7.200419708         -0.515562429          6.089061862        -0.5647207115          3.759926924          3.839407486                    0                    0                    0                    0         -3.129342564         -0.378893972                    0                    0                    0                    0                    0                    0                    0                    0                    0                    0                    0                    0                    0                    0                    0                    0
  "DRIFT_180"                           449              "drift"           142.083012          7.601722785        -0.5799586827          6.531855223        -0.6440651229          3.767810342          3.848657085                    0                    0                    0                    0         -3.268136162         -0.378893972                    0                    0                    0                    0                    0                    0                    0                    0                    0                    0                    0                    0                    0                    0                    0                    0
  "BR.QFO151"                           450         "quadrupole"           142.586582          6.838863164          2.000435857          8.604185246         -3.721481744          3.778595181          3.859688743                    0                    0                    0                    0         -3.155954795         0.8175601646                    0                    0                    0                    0                    0                    0         0.3667394777                    0                    0                    0                    0                    0                    0                    0                    0                    0
  "DRIFT_181"                           451              "drift"           142.912834          5.611418124          1.761824728          11.21616576          -4.28453971           3.78698101          3.864975339                    0                    0                    0                    0         -2.889224156         0.8175601646                    0                    0                    0                    0                    0                    0                    0                    0                    0                    0                    0                    0                    0                    0                    0                    0
  "BR3.BPM15L3"                         452            "monitor"           142.912834          5.611418124          1.761824728          11.21616576          -4.28453971           3.78698101          3.864975339                    0                    0                    0                    0         -2.889224156         0.8175601646                    0                    0                    0                    0                    0                    0                    0                    0                    0                    0                    0                    0                    0                    0                    0                    0
  "BR3.ONOH0.15L3"                      453          "multipole"           142.912834          5.611418124          1.761824728          11.21616576          -4.28453971           3.78698101          3.864975339                    0                    0                    0                    0         -2.889224156         0.8175601646                    0                    0                    0                    0                    0                    0                    0                    0                    0                    0                    0                    0                    0                    0                    0                    0
  "BR3.QSKH0.15L3"                      454          "multipole"           142.912834          5.611418124          1.761824728          11.21616576          -4.28453971           3.78698101          3.864975339                    0                    0                    0                    0         -2.889224156         0.8175601646                    0                    0                    0                    0                    0                    0                    0                    0                    0                    0                    0                    0                    0                    0                    0                    0
  "BR3.XNOH0.15L3"                      455          "multipole"           142.912834          5.611418124          1.761824728          11.21616576          -4.28453971           3.78698101          3.864975339                    0                    0                    0                    0         -2.889224156         0.8175601646                    0                    0                    0                    0                    0                    0                    0                    0                    0                    0                    0                    0                    0                    0                    0                    0
  "DRIFT_182"                           456              "drift"           143.240327           4.53588831          1.522305968          14.20757824         -4.849739442          3.797319572          3.869104755                    0                    0                    0                    0         -2.621478925         0.8175601646                    0                    0                    0                    0                    0                    0                    0                    0                    0                    0                    0                    0                    0                    0                    0                    0
  "BR.QDE15"                            457         "quadrupole"           144.119267          4.536070412         -1.522551373          14.20879769          4.848628376          3.831457956          3.878039366                    0                    0                    0                    0         -2.621552355        -0.8177351731                    0                    0                    0                    0                    0                    0        -0.6533682276                    0                    0                    0                    0                    0                    0                    0                    0                    0
  "DRIFT_183"                           458              "drift"           144.221834          4.856092901         -1.597579748          13.23232541          4.671707367          3.834936351          3.879229881                    0                    0                    0                    0         -2.705424999        -0.8177351731                    0                    0                    0                    0                    0                    0                    0                    0                    0                    0                    0                    0                    0                    0                    0                    0
  "BE3.BSW15L4"                         459            "hkicker"           144.691834          6.519407537         -1.941387564          9.221957767          3.860989747          3.848246312           3.88600348                    0                    0                    0                    0          -3.08976053        -0.8177351731                    0                    0                    0                    0                    0                    0                    0                    0                    0                    0                    0                    0                    0                    0                    0                    0
  "DRIFT_184"                           460              "drift"           144.774012          6.843426255         -2.001501263          8.599029782          3.719238358          3.850204461          3.887472222                    0                    0                    0                    0         -3.156960371        -0.8177351731                    0                    0                    0                    0                    0                    0                    0                    0                    0                    0                    0                    0                    0                    0                    0                    0
  "BR.QFO152"                           461         "quadrupole"           145.277582          7.606471749         0.5806779851          6.527991242         0.6435878836          3.860982327          3.898510463                    0                    0                    0                    0         -3.269135745         0.3790924142                    0                    0                    0                    0                    0                    0         0.3667394777                    0                    0                    0                    0                    0                    0                    0                    0                    0
  "DRIFT_185"                           462              "drift"           145.644799          7.203707883          0.516122724          6.084531574         0.5640350423          3.868880953           3.90778913                    0                    0                    0                    0         -3.129926566         0.3790924142                    0                    0                    0                    0                    0                    0                    0                    0                    0                    0                    0                    0                    0                    0                    0                    0
  "BR.STSCRAP152"                       463         "collimator"           145.644799          7.203707883          0.516122724          6.084531574         0.5640350423          3.868880953           3.90778913                    0                    0                    0                    0         -3.129926566         0.3790924142                    0                    0                    0                    0                    0                    0                    0                    0                    0                    0                    0                    0                    0                    0                    0                    0
  "DRIFT_186"                           464              "drift"           145.644804          7.203702722          0.516121845          6.084525933         0.5640339591          3.868881063          3.907789261                    0                    0                    0                    0         -3.129924671         0.3790924142                    0                    0                    0                    0                    0                    0                    0                    0                    0                    0                    0                    0                    0                    0                    0                    0
  "BR.BHZ152"                           465              "sbend"             147.2625          5.998720999         0.2335612404          4.637451587         0.3139589669          3.908194512          3.957040568                    0                    0                    0                    0         -2.825183206      9.926573636e-05                    0                    0                    0                    0                    0                    0                    0                    0                    0                    0                    0                    0                    0                    0                    0                    0
  "DRIFT_187"                           466              "drift"             147.6255          5.852319995         0.1697473108          4.440732258         0.2279675583          3.917951268          3.969785103                    0                    0                    0                    0         -2.825147172      9.926573636e-05                    0                    0                    0                    0                    0                    0                    0                    0                    0                    0                    0                    0                    0                    0                    0                    0
  "BR3.ONO16L1"                         467          "multipole"             147.6255          5.852319995         0.1697473108          4.440732258         0.2279675583          3.917951268          3.969785103                    0                    0                    0                    0         -2.825147172      9.926573636e-05                    0                    0                    0                    0                    0                    0                    0                    0                    0                    0                    0                    0                    0                    0                    0                    0
  "BR3.QNO16L1"                         468          "multipole"             147.6255          5.852319995         0.1697473108          4.440732258         0.2279675583          3.917951268          3.969785103                    0                    0                    0                    0         -2.825147172      9.926573636e-05                    0                    0                    0                    0                    0                    0                    0                    0                    0                    0                    0                    0                    0                    0                    0                    0
  "BR3.XNO16L1"                         469          "multipole"             147.6255          5.852319995         0.1697473108          4.440732258         0.2279675583          3.917951268          3.969785103                    0                    0                    0                    0         -2.825147172      9.926573636e-05                    0                    0                    0                    0                    0                    0                    0                    0                    0                    0                    0                    0                    0                    0                    0                    0
  "DRIFT_188"                           470              "drift"              148.038          5.742191243        0.09723148168          4.292967495         0.1302500484          3.929285925          3.984843757                    0                    0                    0                    0         -2.825106225      9.926573636e-05                    0                    0                    0                    0                    0                    0                    0                    0                    0                    0                    0                    0                    0                    0                    0                    0
  "BI3.KSW16L1"                         471            "hkicker"              148.408          5.694306412        0.03218698041          4.229012828        0.04260040322          3.939591356          3.998681679                    0                    0                    0                    0         -2.825069497      9.926573636e-05                    0                    0                    0                    0                    0                    0                    0                    0                    0                    0                    0                    0                    0                    0                    0                    0
  "DRIFT_189"                           472              "drift"            149.25851          5.766720749        -0.1173292325          4.327907835        -0.1588777042          3.963300846          4.030534225                    0                    0                    0                    0          -2.82498507      9.926573636e-05                    0                    0                    0                    0                    0                    0                    0                    0                    0                    0                    0                    0                    0                    0                    0                    0
  "BR3.DHZ16L1"                         473            "hkicker"            149.25851          5.766720749        -0.1173292325          4.327907835        -0.1588777042          3.963300846          4.030534225                    0                    0                    0                    0          -2.82498507      9.926573636e-05                    0                    0                    0                    0                    0                    0                    0                    0                    0                    0                    0                    0                    0                    0                    0                    0
  "BR3.DVT16L1"                         474            "vkicker"            149.25851          5.766720749        -0.1173292325          4.327907835        -0.1588777042          3.963300846          4.030534225                    0                    0                    0                    0          -2.82498507      9.926573636e-05                    0                    0                    0                    0                    0                    0                    0                    0                    0                    0                    0                    0                    0                    0                    0                    0
  "DRIFT_190"                           475              "drift"          149.9165015          5.997235376        -0.2330014729          4.639550789        -0.3147499245          3.981145606           4.05398929                    0                    0                    0                    0         -2.824919754      9.926573636e-05                    0                    0                    0                    0                    0                    0                    0                    0                    0                    0                    0                    0                    0                    0                    0                    0
  "BR.BHZ161"                           476              "sbend"          151.5341975          7.200417645        -0.5155620775          6.089060001        -0.5647203235          4.020473181          4.103210139                    0                    0                    0                    0         -3.129342115        -0.3788938827                    0                    0                    0                    0                    0                    0                    0                    0                    0                    0                    0                    0                    0                    0                    0                    0
  "DRIFT_191"                           477              "drift"             151.5342          7.200420223        -0.5155625169          6.089062825         -0.564720865          4.020473236          4.103210205                    0                    0                    0                    0         -3.129343063        -0.3788938827                    0                    0                    0                    0                    0                    0                    0                    0                    0                    0                    0                    0                    0                    0                    0                    0
  "BR.STSCRAP161"                       478         "collimator"             151.5342          7.200420223        -0.5155625169          6.089062825         -0.564720865          4.020473236          4.103210205                    0                    0                    0                    0         -3.129343063        -0.3788938827                    0                    0                    0                    0                    0                    0                    0                    0                    0                    0                    0                    0                    0                    0                    0                    0
  "DRIFT_192"                           479              "drift"           151.900512          7.601722785        -0.5799586827          6.531855654         -0.644065166          4.028356643           4.11245979                    0                    0                    0                    0         -3.268136439        -0.3788938827                    0                    0                    0                    0                    0                    0                    0                    0                    0                    0                    0                    0                    0                    0                    0                    0
  "BR.QFO161"                           480         "quadrupole"           152.404082          6.838863164          2.000435857          8.604185809         -3.721481979          4.039141482          4.123491448                    0                    0                    0                    0         -3.155955003         0.8175603442                    0                    0                    0                    0                    0                    0         0.3667394777                    0                    0                    0                    0                    0                    0                    0                    0                    0
  "DRIFT_193"                           481              "drift"           152.730339          5.611400506          1.761821071          11.21620933         -4.284548604          4.047527452          4.128778114                    0                    0                    0                    0         -2.889220218         0.8175603442                    0                    0                    0                    0                    0                    0                    0                    0                    0                    0                    0                    0                    0                    0                    0                    0
  "BR3.BPM16L3"                         482            "monitor"           152.730339          5.611400506          1.761821071          11.21620933         -4.284548604          4.047527452          4.128778114                    0                    0                    0                    0         -2.889220218         0.8175603442                    0                    0                    0                    0                    0                    0                    0                    0                    0                    0                    0                    0                    0                    0                    0                    0
  "BR3.ONOH0.16L3"                      483          "multipole"           152.730339          5.611400506          1.761821071          11.21620933         -4.284548604          4.047527452          4.128778114                    0                    0                    0                    0         -2.889220218         0.8175603442                    0                    0                    0                    0                    0                    0                    0                    0                    0                    0                    0                    0                    0                    0                    0                    0
  "BR3.QNO16L3"                         484          "multipole"           152.730339          5.611400506          1.761821071          11.21620933         -4.284548604          4.047527452          4.128778114                    0                    0                    0                    0         -2.889220218         0.8175603442                    0                    0                    0                    0                    0                    0                    0                    0                    0                    0                    0                    0                    0                    0                    0                    0
  "BR3.XNOH0.16L3"                      485          "multipole"           152.730339          5.611400506          1.761821071          11.21620933         -4.284548604          4.047527452          4.128778114                    0                    0                    0                    0         -2.889220218         0.8175603442                    0                    0                    0                    0                    0                    0                    0                    0                    0                    0                    0                    0                    0                    0                    0                    0
  "DRIFT_194"                           486              "drift"           153.057827           4.53588831          1.522305968          14.20757915         -4.849739736          4.057865873          4.132907459                    0                    0                    0                    0         -2.621479016         0.8175603442                    0                    0                    0                    0                    0                    0                    0                    0                    0                    0                    0                    0                    0                    0                    0                    0
  "BR.QDE16"                            487         "quadrupole"           153.936767          4.536070412         -1.522551373          14.20879856          4.848628699          4.092004256          4.141842069                    0                    0                    0                    0           -2.6215523        -0.8177350046                    0                    0                    0                    0                    0                    0        -0.6533682276                    0                    0                    0                    0                    0                    0                    0                    0                    0
  "DRIFT_195"                           488              "drift"           154.079339          4.985085959         -1.626843645          12.86130347          4.602701805          4.096776727          4.143520646                    0                    0                    0                    0         -2.738138415        -0.8177350046                    0                    0                    0                    0                    0                    0                    0                    0                    0                    0                    0                    0                    0                    0                    0                    0
  "BI3.KSW16L4"                         489            "hkicker"           154.449339          6.289093426         -1.897500862           9.69144722          3.964477253          4.107301387          4.148796157                    0                    0                    0                    0         -3.040700367        -0.8177350046                    0                    0                    0                    0                    0                    0                    0                    0                    0                    0                    0                    0                    0                    0                    0                    0
  "DRIFT_196"                           490              "drift"           154.591512          6.843426255         -2.001501263          8.599030285          3.719238606          4.110750762          4.151274925                    0                    0                    0                    0         -3.156960206        -0.8177350046                    0                    0                    0                    0                    0                    0                    0                    0                    0                    0                    0                    0                    0                    0                    0                    0
  "BR.QFO162"                           491         "quadrupole"           155.095082          7.606471749         0.5806779851          6.527991593         0.6435879564          4.121528628          4.162313165                    0                    0                    0                    0         -3.269135512         0.3790925085                    0                    0                    0                    0                    0                    0         0.3667394777                    0                    0                    0                    0                    0                    0                    0                    0                    0
  "DRIFT_197"                           492              "drift"           155.218397          7.465932394         0.5589997076          6.372557807         0.6168733469          4.124133112          4.165356262                    0                    0                    0                    0          -3.22238772         0.3790925085                    0                    0                    0                    0                    0                    0                    0                    0                    0                    0                    0                    0                    0                    0                    0                    0
  "BR3.VVS16L5"                         493             "marker"           155.218397          7.465932394         0.5589997076          6.372557807         0.6168733469          4.124133112          4.165356262                    0                    0                    0                    0          -3.22238772         0.3790925085                    0                    0                    0                    0                    0                    0                    0                    0                    0                    0                    0                    0                    0                    0                    0                    0
  "DRIFT_198"                           494              "drift"           155.462299          7.203707883          0.516122724          6.084531872         0.5640351141          4.129427253          4.171591832                    0                    0                    0                    0         -3.129926299         0.3790925085                    0                    0                    0                    0                    0                    0                    0                    0                    0                    0                    0                    0                    0                    0                    0                    0
  "BR.STSCRAP162"                       495         "collimator"           155.462299          7.203707883          0.516122724          6.084531872         0.5640351141          4.129427253          4.171591832                    0                    0                    0                    0         -3.129926299         0.3790925085                    0                    0                    0                    0                    0                    0                    0                    0                    0                    0                    0                    0                    0                    0                    0                    0
  "DRIFT_199"                           496              "drift"           155.462304          7.203702722          0.516121845          6.084526232         0.5640340309          4.129427364          4.171591963                    0                    0                    0                    0         -3.129924403         0.3790925085                    0                    0                    0                    0                    0                    0                    0                    0                    0                    0                    0                    0                    0                    0                    0                    0
  "BR.BHZ162"                           497              "sbend"               157.08          5.998720999         0.2335612404          4.637451653         0.3139590358          4.168740812          4.220843267                    0                    0                    0                    0         -2.825182787       9.93600183e-05                    0                    0                    0                    0                    0                    0                    0                    0                    0                    0                    0                    0                    0                    0                    0                    0
