@ NAME                 %s               "PSB3"
@ TYPE                 %s              "twiss"
@ TITLE                %n                  nil
@ ORIGIN               %s "MAD 1.1.15 Linux 64"
@ DATE                 %s           "13/09/26"
@ TIME                 %s           "10:49:56"
@ REFCOL               %s               "name"
@ DIRECTION            %le                    1
@ OBSERVE              %le                    0
@ ENERGY               %le          1.098272088
@ DELTAP               %le                    0
@ LENGTH               %le               157.08
@ ALFAP                %le        0.06333793418
@ Q1                   %le          4.229243175
@ Q2                   %le          4.119817704
@ Q3                   %le                    0
@ DQ1                  %le         -6.488866395
@ DQ2                  %le         -12.77290526
@ DQ3                  %le                    0
* NAME                                INDEX                 KIND                    S                 BETX                 ALFX                 BETY                 ALFY                  MUX                  MUY                    X                   PX                    Y                   PY                   DX                  DPX                   DY                  DPY                  R11                  R12                  R21                  R22                  K1L                  K2L                  K3L                  K4L                  K5L                 K1SL                 K2SL                 K3SL                 K4SL                 K5SL
$ %s                                     %d                   %s                  %le                  %le                  %le                  %le                  %le                  %le                  %le                  %le                  %le                  %le                  %le                  %le                  %le                  %le                  %le                  %le                  %le                  %le                  %le                  %le                  %le                  %le                  %le                  %le                  %le                  %le                  %le                  %le                  %le
  "DRIFT_0"                               1              "drift"               0.1795          5.805361159         0.2063564703          4.689249601         0.2609881884       0.004888285281       0.006029151278                    0                    0                    0                    0         -2.736030533      9.605865255e-05                    0                    0                    0                    0                    0                    0                    0                    0                    0                    0                    0                    0                    0                    0                    0                    0
  "BI3.BSW1L1.1"                          2              "rbend"               0.4925          5.693776231         0.1501448983          4.548186323         0.1896932112        0.01355719371         0.0168242526                    0                    0                    0                    0         -2.736000467      9.605865255e-05                    0                    0                    0                    0                    0                    0                    0                    0                    0                    0                    0                    0                    0                    0                    0                    0
  "DRIFT_1"                               3              "drift"               0.8695           5.60609188        0.08243958635          4.437531711         0.1038203474        0.02418525383        0.03019583083                    0                    0                    0                    0         -2.735964253      9.605865255e-05                    0                    0                    0                    0                    0                    0                    0                    0                    0                    0                    0                    0                    0                    0                    0                    0
  "BI3.BSW1L1.2"                          4              "rbend"               1.1945           5.57147531        0.02407293811          4.394107693        0.02979201645        0.03344573093        0.04192022153                    0                    0                    0                    0         -2.735933034      9.605865255e-05                    0                    0                    0                    0                    0                    0                    0                    0                    0                    0                    0                    0                    0                    0                    0                    0
  "DRIFT_2"                               5              "drift"             1.327628          5.568248625      0.0001645222791           4.39021234     -0.0005318101325        0.03725013366        0.04674500635                    0                    0                    0                    0         -2.735920246      9.605865255e-05                    0                    0                    0                    0                    0                    0                    0                    0                    0                    0                    0                    0                    0                    0                    0                    0
  "BI3.BTV1L1"                            6         "instrument"             1.327628          5.568248625      0.0001645222791           4.39021234     -0.0005318101325        0.03725013366        0.04674500635                    0                    0                    0                    0         -2.735920246      9.605865255e-05                    0                    0                    0                    0                    0                    0                    0                    0                    0                    0                    0                    0                    0                    0                    0                    0
  "DRIFT_3"                               7              "drift"                1.334           5.56825382     -0.0009798232057          4.390228366      -0.001983220977        0.03743226185        0.04697600516                    0                    0                    0                    0         -2.735919634      9.605865255e-05                    0                    0                    0                    0                    0                    0                    0                    0                    0                    0                    0                    0                    0                    0                    0                    0
  "BI3.BCSF1L1"                           8         "instrument"                1.334           5.56825382     -0.0009798232057          4.390228366      -0.001983220977        0.03743226185        0.04697600516                    0                    0                    0                    0         -2.735919634      9.605865255e-05                    0                    0                    0                    0                    0                    0                    0                    0                    0                    0                    0                    0                    0                    0                    0                    0
  "BI3.TSTR1L1"                           9         "instrument"                1.334           5.56825382     -0.0009798232057          4.390228366      -0.001983220977        0.03743226185        0.04697600516                    0                    0                    0                    0         -2.735919634      9.605865255e-05                    0                    0                    0                    0                    0                    0                    0                    0                    0                    0                    0                    0                    0                    0                    0                    0
  "DRIFT_4"                              10              "drift"               1.3975          5.569102408       -0.01238376832          4.391398699       -0.01644721794        0.03924715539        0.04927778619                    0                    0                    0                    0         -2.735913534      9.605865255e-05                    0                    0                    0                    0                    0                    0                    0                    0                    0                    0                    0                    0                    0                    0                    0                    0
  "BI3.BSW1L1.3"                         11              "rbend"               1.7225          5.596121019       -0.07075041656          4.426148598       -0.09047554886        0.04851786471        0.06102089788                    0                    0                    0                    0         -2.735882315      9.605865255e-05                    0                    0                    0                    0                    0                    0                    0                    0                    0                    0                    0                    0                    0                    0                    0                    0
  "DRIFT_5"                              12              "drift"               2.0935          5.673336732        -0.1373781904          4.524633251        -0.1749817358        0.05900472576        0.07423044987                    0                    0                    0                    0         -2.735846677      9.605865255e-05                    0                    0                    0                    0                    0                    0                    0                    0                    0                    0                    0                    0                    0                    0                    0                    0
  "BI3.BSW1L1.4"                         13              "rbend"               2.4185          5.781601716        -0.1957448386          4.662430587        -0.2490100668        0.06804108497        0.08550161187                    0                    0                    0                    0         -2.735815458      9.605865255e-05                    0                    0                    0                    0                    0                    0                    0                    0                    0                    0                    0                    0                    0                    0                    0                    0
  "DRIFT_6"                              14              "drift"                2.456          5.796535127        -0.2024794519          4.681426657        -0.2575517972        0.06907205518        0.08677911144                    0                    0                    0                    0         -2.735811856      9.605865255e-05                    0                    0                    0                    0                    0                    0                    0                    0                    0                    0                    0                    0                    0                    0                    0                    0
  "BI3.TDI1L1"                           15         "collimator"                2.526           5.82576224          -0.21505073          4.718600028        -0.2734963608        0.07098925801        0.08914960366                    0                    0                    0                    0         -2.735805132      9.605865255e-05                    0                    0                    0                    0                    0                    0                    0                    0                    0                    0                    0                    0                    0                    0                    0                    0
  "DRIFT_7"                              16              "drift"             2.654001            5.8837581        -0.2380383895           4.79234764         -0.302652362        0.07446913839        0.09343415363                    0                    0                    0                    0         -2.735792836      9.605865255e-05                    0                    0                    0                    0                    0                    0                    0                    0                    0                    0                    0                    0                    0                    0                    0                    0
  "BR.BHZ11"                             17              "sbend"             4.271697          7.112933312        -0.5266967498          6.174085288        -0.5357054727         0.1144308475         0.1414933814                    0                    0                    0                    0         -3.040220352        -0.3788970898                    0                    0                    0                    0                    0                    0                    0                    0                    0                    0                    0                    0                    0                    0                    0                    0
  "DRIFT_8"                              18              "drift"               4.2717          7.112936472        -0.5266972886          6.174088502         -0.535706098         0.1144309146         0.1414934587                    0                    0                    0                    0         -3.040221489        -0.3788970898                    0                    0                    0                    0                    0                    0                    0                    0                    0                    0                    0                    0                    0                    0                    0                    0
  "BR.SPSCRAP11"                         19         "collimator"               4.2717          7.112936472        -0.5266972886          6.174088502         -0.535706098         0.1144309146         0.1414934587                    0                    0                    0                    0         -3.040221489        -0.3788970898                    0                    0                    0                    0                    0                    0                    0                    0                    0                    0                    0                    0                    0                    0                    0                    0
  "DRIFT_9"                              20              "drift"             4.514819          7.379651689        -0.5703589537          6.446889912        -0.5863839494         0.1197725984         0.1476280414                    0                    0                    0                    0          -3.13233857        -0.3788970898                    0                    0                    0                    0                    0                    0                    0                    0                    0                    0                    0                    0                    0                    0                    0                    0
  "BR3.VVS1L2"                           21             "marker"             4.514819          7.379651689        -0.5703589537          6.446889912        -0.5863839494         0.1197725984         0.1476280414                    0                    0                    0                    0          -3.13233857        -0.3788970898                    0                    0                    0                    0                    0                    0                    0                    0                    0                    0                    0                    0                    0                    0                    0                    0
  "DRIFT_10"                             22              "drift"             4.638012          7.522905696         -0.592483146          6.594530234        -0.6120633761         0.1224041701         0.1506352596                    0                    0                    0                    0          -3.17901604        -0.3788970898                    0                    0                    0                    0                    0                    0                    0                    0                    0                    0                    0                    0                    0                    0                    0                    0
  "BR.QFO11"                             23         "quadrupole"             5.141582          6.777113809          1.980555995          8.650350582         -3.720340172         0.1332925324         0.1615871285                    0                    0                    0                    0         -3.073003311         0.7933983837                    0                    0                    0                    0                    0                    0         0.3691853877                    0                    0                    0                    0                    0                    0                    0                    0                    0
  "DRIFT_11"                             24              "drift"             5.467797            5.5622358          1.743607543          11.26018459         -4.280009316         0.1417527497         0.1668486768                    0                    0                    0                    0         -2.814184858         0.7933983837                    0                    0                    0                    0                    0                    0                    0                    0                    0                    0                    0                    0                    0                    0                    0                    0
  "BR3.BPM1L3"                           25            "monitor"             5.467797            5.5622358          1.743607543          11.26018459         -4.280009316         0.1417527497         0.1668486768                    0                    0                    0                    0         -2.814184858         0.7933983837                    0                    0                    0                    0                    0                    0                    0                    0                    0                    0                    0                    0                    0                    0                    0                    0
  "BR3.ONOH0.1L3"                        26          "multipole"             5.467797            5.5622358          1.743607543          11.26018459         -4.280009316         0.1417527497         0.1668486768                    0                    0                    0                    0         -2.814184858         0.7933983837                    0                    0                    0                    0                    0                    0                    0                    0                    0                    0                    0                    0                    0                    0                    0                    0
  "BR3.QSKH0.1L3"                        27          "multipole"             5.467797            5.5622358          1.743607543          11.26018459         -4.280009316         0.1417527497         0.1668486768                    0                    0                    0                    0         -2.814184858         0.7933983837                    0                    0                    0                    0                    0                    0                    0                    0                    0                    0                    0                    0                    0                    0                    0                    0
  "BR3.XNOH0.1L3"                        28          "multipole"             5.467797            5.5622358          1.743607543          11.26018459         -4.280009316         0.1417527497         0.1668486768                    0                    0                    0                    0         -2.814184858         0.7933983837                    0                    0                    0                    0                    0                    0                    0                    0                    0                    0                    0                    0                    0                    0                    0                    0
  "DRIFT_12"                             29              "drift"             5.795327          4.497988813          1.505703932          14.24789486         -4.841934534         0.1521818822         0.1709646404                    0                    0                    0                    0         -2.554323085         0.7933983837                    0                    0                    0                    0                    0                    0                    0                    0                    0                    0                    0                    0                    0                    0                    0                    0
  "BR.QDE1"                              30         "quadrupole"             6.674267          4.498178034         -1.505958768           14.2491259          4.840811681         0.1865988015         0.1798776933                    0                    0                    0                    0          -2.55439665        -0.7935736812                    0                    0                    0                    0                    0                    0        -0.6506076853                    0                    0                    0                    0                    0                    0                    0                    0                    0
  "DRIFT_13"                             31              "drift"             6.816797          4.942225278         -1.609506352          12.90403859          4.596410673         0.1914106616         0.1815506221                    0                    0                    0                    0         -2.667504707        -0.7935736812                    0                    0                    0                    0                    0                    0                    0                    0                    0                    0                    0                    0                    0                    0                    0                    0
  "BI3.KSW1L4"                           32            "hkicker"             7.186797          6.232717387         -1.878310157          9.737441753          3.961959169         0.2020286949         0.1868049296                    0                    0                    0                    0         -2.961126969        -0.7935736812                    0                    0                    0                    0                    0                    0                    0                    0                    0                    0                    0                    0                    0                    0                    0                    0
  "DRIFT_14"                             33              "drift"             7.329012          6.781658619         -1.981628895          8.645222379          3.718098302         0.2055104121         0.1892719481                    0                    0                    0                    0          -3.07398505        -0.7935736812                    0                    0                    0                    0                    0                    0                    0                    0                    0                    0                    0                    0                    0                    0                    0                    0
  "BR.QFO12"                             34         "quadrupole"             7.832582          7.527641555         0.5932004634          6.590690636         0.6115896618         0.2163916898         0.2002302656                    0                    0                    0                    0          -3.17999349         0.3790891534                    0                    0                    0                    0                    0                    0         0.3691853877                    0                    0                    0                    0                    0                    0                    0                    0                    0
  "DRIFT_15"                             35              "drift"             7.997852          7.336470418         0.5635196759          6.394230309         0.5771338028          0.219931475         0.2042825646                    0                    0                    0                    0         -3.117341426         0.3790891534                    0                    0                    0                    0                    0                    0                    0                    0                    0                    0                    0                    0                    0                    0                    0                    0
  "BR3.BPP1L5"                           36            "monitor"             7.997852          7.336470418         0.5635196759          6.394230309         0.5771338028          0.219931475         0.2042825646                    0                    0                    0                    0         -3.117341426         0.3790891534                    0                    0                    0                    0                    0                    0                    0                    0                    0                    0                    0                    0                    0                    0                    0                    0
  "DRIFT_16"                             37              "drift"             8.199799          7.116192335         0.5272520774          6.169631874         0.5350314409         0.2243803139          0.209400663                    0                    0                    0                    0         -3.040785509         0.3790891534                    0                    0                    0                    0                    0                    0                    0                    0                    0                    0                    0                    0                    0                    0                    0                    0
  "BR.STSCRAP12"                         38         "collimator"             8.199799          7.116192335         0.5272520774          6.169631874         0.5350314409         0.2243803139          0.209400663                    0                    0                    0                    0         -3.040785509         0.3790891534                    0                    0                    0                    0                    0                    0                    0                    0                    0                    0                    0                    0                    0                    0                    0                    0
  "DRIFT_17"                             39              "drift"             8.199804          7.116187062         0.5272511794          6.169626524         0.5350303985         0.2243804257          0.209400792                    0                    0                    0                    0         -3.040783613         0.3790891534                    0                    0                    0                    0                    0                    0                    0                    0                    0                    0                    0                    0                    0                    0                    0                    0
  "BR.BHZ12"                             40              "sbend"               9.8175          5.885229557         0.2385928191          4.790283524         0.3018745035         0.2643276984         0.2574886149                    0                    0                    0                    0         -2.736047389      9.600497732e-05                    0                    0                    0                    0                    0                    0                    0                    0                    0                    0                    0                    0                    0                    0                    0                    0
  "DRIFT_18"                             41              "drift"              10.7355           5.59851768        0.07372948653          4.427997158        0.09277295509         0.2898907982         0.2894258351                    0                    0                    0                    0         -2.735959257      9.600497732e-05                    0                    0                    0                    0                    0                    0                    0                    0                    0                    0                    0                    0                    0                    0                    0                    0
  "BR3.BWS.2L1.V_ROT"                    42            "monitor"              10.7355           5.59851768        0.07372948653          4.427997158        0.09277295509         0.2898907982         0.2894258351                    0                    0                    0                    0         -2.735959257      9.600497732e-05                    0                    0                    0                    0                    0                    0                    0                    0                    0                    0                    0                    0                    0                    0                    0                    0
  "DRIFT_19"                             43              "drift"              10.8335           5.58579148        0.05612969722          4.412001252        0.07045056757         0.2926800618         0.2929549054                    0                    0                    0                    0         -2.735949848      9.600497732e-05                    0                    0                    0                    0                    0                    0                    0                    0                    0                    0                    0                    0                    0                    0                    0                    0
  "BR3.BWS.2L1.H_ROT"                    44            "monitor"              10.8335           5.58579148        0.05612969722          4.412001252        0.07045056757         0.2926800618         0.2929549054                    0                    0                    0                    0         -2.735949848      9.600497732e-05                    0                    0                    0                    0                    0                    0                    0                    0                    0                    0                    0                    0                    0                    0                    0                    0
  "DRIFT_20"                             45              "drift"              11.3695          5.577215844       -0.04013037494          4.401918373       -0.05163922539         0.3079875389         0.3123603105                    0                    0                    0                    0         -2.735898389      9.600497732e-05                    0                    0                    0                    0                    0                    0                    0                    0                    0                    0                    0                    0                    0                    0                    0                    0
  "BI3.KSW2L1"                           46            "hkicker"              11.7395          5.631498149        -0.1065785591          4.471314408        -0.1359176272         0.3185027297          0.325649179                    0                    0                    0                    0         -2.735862868      9.600497732e-05                    0                    0                    0                    0                    0                    0                    0                    0                    0                    0                    0                    0                    0                    0                    0                    0
  "DRIFT_21"                             47              "drift"            12.471501            5.8837581        -0.2380383895          4.792348124         -0.302652423         0.3387968368         0.3509227626                    0                    0                    0                    0         -2.735792592      9.600497732e-05                    0                    0                    0                    0                    0                    0                    0                    0                    0                    0                    0                    0                    0                    0                    0                    0
  "BR.BHZ21"                             48              "sbend"            14.089197          7.112933312        -0.5266967498          6.174085907        -0.5357054942         0.3787585459         0.3989819853                    0                    0                    0                    0         -3.040220194        -0.3788971435                    0                    0                    0                    0                    0                    0                    0                    0                    0                    0                    0                    0                    0                    0                    0                    0
  "DRIFT_22"                             49              "drift"           14.0891995          7.112935946        -0.5266971988          6.174088586        -0.5357060153         0.3787586018         0.3989820498                    0                    0                    0                    0         -3.040221141        -0.3788971435                    0                    0                    0                    0                    0                    0                    0                    0                    0                    0                    0                    0                    0                    0                    0                    0
  "BR.STSCRAP21"                         50         "collimator"           14.0891995          7.112935946        -0.5266971988          6.174088586        -0.5357060153         0.3787586018         0.3989820498                    0                    0                    0                    0         -3.040221141        -0.3788971435                    0                    0                    0                    0                    0                    0                    0                    0                    0                    0                    0                    0                    0                    0                    0                    0
  "DRIFT_23"                             51              "drift"            14.455512          7.522905696         -0.592483146          6.594530866        -0.6120633913         0.3867318685         0.4081238627                    0                    0                    0                    0         -3.179015901        -0.3788971435                    0                    0                    0                    0                    0                    0                    0                    0                    0                    0                    0                    0                    0                    0                    0                    0
  "BR.QFO21"                             52         "quadrupole"            14.959082          6.777113809          1.980555995          8.650351352         -3.720340448         0.3976202308         0.4190757306                    0                    0                    0                    0         -3.073003212         0.7933982855                    0                    0                    0                    0                    0                    0         0.3691853877                    0                    0                    0                    0                    0                    0                    0                    0                    0
  "DRIFT_24"                             53              "drift"            15.285302          5.562218364          1.743603911          11.26022835         -4.280018197         0.4060805912         0.4243373491                    0                    0                    0                    0         -2.814180823         0.7933982855                    0                    0                    0                    0                    0                    0                    0                    0                    0                    0                    0                    0                    0                    0                    0                    0
  "BR3.BPM2L3"                           54            "monitor"            15.285302          5.562218364          1.743603911          11.26022835         -4.280018197         0.4060805912         0.4243373491                    0                    0                    0                    0         -2.814180823         0.7933982855                    0                    0                    0                    0                    0                    0                    0                    0                    0                    0                    0                    0                    0                    0                    0                    0
  "BR3.ONOH0.2L3"                        55          "multipole"            15.285302          5.562218364          1.743603911          11.26022835         -4.280018197         0.4060805912         0.4243373491                    0                    0                    0                    0         -2.814180823         0.7933982855                    0                    0                    0                    0                    0                    0                    0                    0                    0                    0                    0                    0                    0                    0                    0                    0
  "BR3.QSK2L3"                           56          "multipole"            15.285302          5.562218364          1.743603911          11.26022835         -4.280018197         0.4060805912         0.4243373491                    0                    0                    0                    0         -2.814180823         0.7933982855                    0                    0                    0                    0                    0                    0                    0                    0                    0                    0                    0                    0                    0                    0                    0                    0
  "BR3.XNOH0.2L3"                        57          "multipole"            15.285302          5.562218364          1.743603911          11.26022835         -4.280018197         0.4060805912         0.4243373491                    0                    0                    0                    0         -2.814180823         0.7933982855                    0                    0                    0                    0                    0                    0                    0                    0                    0                    0                    0                    0                    0                    0                    0                    0
  "DRIFT_25"                             58              "drift"            15.612827          4.497988813          1.505703932          14.24789603         -4.841934864         0.4165095806         0.4284532416                    0                    0                    0                    0          -2.55432305         0.7933982855                    0                    0                    0                    0                    0                    0                    0                    0                    0                    0                    0                    0                    0                    0                    0                    0
  "BR.QDE2"                              59         "quadrupole"            16.491767          4.498178034         -1.505958768          14.24912695          4.840812114         0.4509264999         0.4373662938                    0                    0                    0                    0         -2.554396699        -0.7935737838                    0                    0                    0                    0                    0                    0        -0.6506076853                    0                    0                    0                    0                    0                    0                    0                    0                    0
  "DRIFT_26"                             60              "drift"            16.819302          5.562624419         -1.743911887          11.26201141          4.279176725         0.4613552073         0.4414818083                    0                    0                    0                    0         -2.814319889        -0.7935737838                    0                    0                    0                    0                    0                    0                    0                    0                    0                    0                    0                    0                    0                    0                    0                    0
  "BR3.DHZ2L4"                           61            "hkicker"            16.819302          5.562624419         -1.743911887          11.26201141          4.279176725         0.4613552073         0.4414818083                    0                    0                    0                    0         -2.814319889        -0.7935737838                    0                    0                    0                    0                    0                    0                    0                    0                    0                    0                    0                    0                    0                    0                    0                    0
  "BR3.DVT2L4"                           62            "vkicker"            16.819302          5.562624419         -1.743911887          11.26201141          4.279176725         0.4613552073         0.4414818083                    0                    0                    0                    0         -2.814319889        -0.7935737838                    0                    0                    0                    0                    0                    0                    0                    0                    0                    0                    0                    0                    0                    0                    0                    0
  "BR3.OSK2L4"                           63          "multipole"            16.819302          5.562624419         -1.743911887          11.26201141          4.279176725         0.4613552073         0.4414818083                    0                    0                    0                    0         -2.814319889        -0.7935737838                    0                    0                    0                    0                    0                    0                    0                    0                    0                    0                    0                    0                    0                    0                    0                    0
  "BR3.XSK2L4"                           64          "multipole"            16.819302          5.562624419         -1.743911887          11.26201141          4.279176725         0.4613552073         0.4414818083                    0                    0                    0                    0         -2.814319889        -0.7935737838                    0                    0                    0                    0                    0                    0                    0                    0                    0                    0                    0                    0                    0                    0                    0                    0
  "DRIFT_27"                             65              "drift"            17.146512          6.781658619         -1.981628895          8.645222938          3.718098625         0.4698381106          0.446760548                    0                    0                    0                    0         -3.073985166        -0.7935737838                    0                    0                    0                    0                    0                    0                    0                    0                    0                    0                    0                    0                    0                    0                    0                    0
  "BR.QFO22"                             66         "quadrupole"            17.650082          7.527641555         0.5932004634          6.590690982         0.6115897853         0.4807193882         0.4577188649                    0                    0                    0                    0         -3.179993646         0.3790891019                    0                    0                    0                    0                    0                    0         0.3691853877                    0                    0                    0                    0                    0                    0                    0                    0                    0
  "DRIFT_28"                             67              "drift"            18.017299          7.116192335         0.5272520774          6.169632131           0.53503156         0.4887080123         0.4668892618                    0                    0                    0                    0         -3.040785683         0.3790891019                    0                    0                    0                    0                    0                    0                    0                    0                    0                    0                    0                    0                    0                    0                    0                    0
  "BR.STSCRAP22"                         68         "collimator"            18.017299          7.116192335         0.5272520774          6.169632131           0.53503156         0.4887080123         0.4668892618                    0                    0                    0                    0         -3.040785683         0.3790891019                    0                    0                    0                    0                    0                    0                    0                    0                    0                    0                    0                    0                    0                    0                    0                    0
  "DRIFT_29"                             69              "drift"            18.017304          7.116187062         0.5272511794          6.169626781         0.5350305175         0.4887081241         0.4668893908                    0                    0                    0                    0         -3.040783788         0.3790891019                    0                    0                    0                    0                    0                    0                    0                    0                    0                    0                    0                    0                    0                    0                    0                    0
  "BR.BHZ22"                             70              "sbend"               19.635          5.885229557         0.2385928191          4.790283425         0.3018746006         0.5286553969         0.5149772132                    0                    0                    0                    0         -2.736047647      9.595340912e-05                    0                    0                    0                    0                    0                    0                    0                    0                    0                    0                    0                    0                    0                    0                    0                    0
  "DRIFT_30"                             71              "drift"               20.159            5.6844953         0.1444878232          4.536461623         0.1825181523         0.5430938155         0.5329051796                    0                    0                    0                    0         -2.735997367      9.595340912e-05                    0                    0                    0                    0                    0                    0                    0                    0                    0                    0                    0                    0                    0                    0                    0                    0
  "BR3.DES3L1"                           72            "hkicker"               20.724          5.578553578        0.04301965008          4.402929016        0.05382274529         0.5590891442         0.5530796801                    0                    0                    0                    0         -2.735943153      9.595340912e-05                    0                    0                    0                    0                    0                    0                    0                    0                    0                    0                    0                    0                    0                    0                    0                    0
  "HACMAP"                               73             "marker"               20.724          5.578553578        0.04301965008          4.402929016        0.05382274529         0.5590891442         0.5530796801                    0                    0                    0                    0         -2.735943153      9.595340912e-05                    0                    0                    0                    0                    0                    0                    0                    0                    0                    0                    0                    0                    0                    0                    0                    0
  "VACMAP"                               74             "marker"               20.724          5.578553578        0.04301965008          4.402929016        0.05382274529         0.5590891442         0.5530796801                    0                    0                    0                    0         -2.735943153      9.595340912e-05                    0                    0                    0                    0                    0                    0                    0                    0                    0                    0                    0                    0                    0                    0                    0                    0
  "DRIFT_31"                             75              "drift"               21.098          5.571495167       -0.02414689281          4.394530485       -0.03136678076         0.5697740657         0.5666281206                    0                    0                    0                    0         -2.735907267      9.595340912e-05                    0                    0                    0                    0                    0                    0                    0                    0                    0                    0                    0                    0                    0                    0                    0                    0
  "BR3.ONO3L1"                           76          "multipole"               21.098          5.571495167       -0.02414689281          4.394530485       -0.03136678076         0.5697740657         0.5666281206                    0                    0                    0                    0         -2.735907267      9.595340912e-05                    0                    0                    0                    0                    0                    0                    0                    0                    0                    0                    0                    0                    0                    0                    0                    0
  "BR3.QNO3L1"                           77          "multipole"               21.098          5.571495167       -0.02414689281          4.394530485       -0.03136678076         0.5697740657         0.5666281206                    0                    0                    0                    0         -2.735907267      9.595340912e-05                    0                    0                    0                    0                    0                    0                    0                    0                    0                    0                    0                    0                    0                    0                    0                    0
  "BR3.XNO3L1"                           78          "multipole"               21.098          5.571495167       -0.02414689281          4.394530485       -0.03136678076         0.5697740657         0.5666281206                    0                    0                    0                    0         -2.735907267      9.595340912e-05                    0                    0                    0                    0                    0                    0                    0                    0                    0                    0                    0                    0                    0                    0                    0                    0
  "DRIFT_32"                             79              "drift"               21.678          5.659919533        -0.1283089112          4.507540968          -0.16347888         0.5862417418         0.5874279135                    0                    0                    0                    0         -2.735851614      9.595340912e-05                    0                    0                    0                    0                    0                    0                    0                    0                    0                    0                    0                    0                    0                    0                    0                    0
  "BR3.BPMT3L1"                          80            "monitor"               21.678          5.659919533        -0.1283089112          4.507540968          -0.16347888         0.5862417418         0.5874279135                    0                    0                    0                    0         -2.735851614      9.595340912e-05                    0                    0                    0                    0                    0                    0                    0                    0                    0                    0                    0                    0                    0                    0                    0                    0
  "DRIFT_33"                             81              "drift"           22.2890015          5.883758338        -0.2380384793          4.792347931        -0.3026524848         0.6031245488          0.608411384                    0                    0                    0                    0         -2.735792986      9.595340912e-05                    0                    0                    0                    0                    0                    0                    0                    0                    0                    0                    0                    0                    0                    0                    0                    0
  "BR.BHZ31"                             82              "sbend"           23.9066975          7.112933839        -0.5266968396          6.174085962        -0.5357055826         0.6430862555         0.6564706076                    0                    0                    0                    0         -3.040220671        -0.3788971951                    0                    0                    0                    0                    0                    0                    0                    0                    0                    0                    0                    0                    0                    0                    0                    0
  "DRIFT_34"                             83              "drift"              23.9067          7.112936472        -0.5266972886          6.174088641        -0.5357061038         0.6430863115          0.656470672                    0                    0                    0                    0         -3.040221619        -0.3788971951                    0                    0                    0                    0                    0                    0                    0                    0                    0                    0                    0                    0                    0                    0                    0                    0
  "BR.STSCRAP31"                         84         "collimator"              23.9067          7.112936472        -0.5266972886          6.174088641        -0.5357061038         0.6430863115          0.656470672                    0                    0                    0                    0         -3.040221619        -0.3788971951                    0                    0                    0                    0                    0                    0                    0                    0                    0                    0                    0                    0                    0                    0                    0                    0
  "DRIFT_35"                             85              "drift"            24.273012          7.522905696         -0.592483146          6.594530376        -0.6120633805          0.651059567         0.6656124727                    0                    0                    0                    0         -3.179016208        -0.3788971951                    0                    0                    0                    0                    0                    0                    0                    0                    0                    0                    0                    0                    0                    0                    0                    0
  "BR.QFO31"                             86         "quadrupole"            24.776582          6.777113809          1.980555995          8.650350756         -3.720340236         0.6619479292         0.6765643414                    0                    0                    0                    0         -3.073003516         0.7933983483                    0                    0                    0                    0                    0                    0         0.3691853877                    0                    0                    0                    0                    0                    0                    0                    0                    0
  "DRIFT_36"                             87              "drift"            25.102807          5.562200928          1.743600279          11.26027041         -4.280026543         0.6704084327         0.6818260309                    0                    0                    0                    0          -2.81417714         0.7933983483                    0                    0                    0                    0                    0                    0                    0                    0                    0                    0                    0                    0                    0                    0                    0                    0
  "BR3.BPM3L3"                           88            "monitor"            25.102807          5.562200928          1.743600279          11.26027041         -4.280026543         0.6704084327         0.6818260309                    0                    0                    0                    0          -2.81417714         0.7933983483                    0                    0                    0                    0                    0                    0                    0                    0                    0                    0                    0                    0                    0                    0                    0                    0
  "BR3.ONOH0.3L3"                        89          "multipole"            25.102807          5.562200928          1.743600279          11.26027041         -4.280026543         0.6704084327         0.6818260309                    0                    0                    0                    0          -2.81417714         0.7933983483                    0                    0                    0                    0                    0                    0                    0                    0                    0                    0                    0                    0                    0                    0                    0                    0
  "BR3.QSKH0.3L3"                        90          "multipole"            25.102807          5.562200928          1.743600279          11.26027041         -4.280026543         0.6704084327         0.6818260309                    0                    0                    0                    0          -2.81417714         0.7933983483                    0                    0                    0                    0                    0                    0                    0                    0                    0                    0                    0                    0                    0                    0                    0                    0
  "BR3.XNOH0.3L3"                        91          "multipole"            25.102807          5.562200928          1.743600279          11.26027041         -4.280026543         0.6704084327         0.6818260309                    0                    0                    0                    0          -2.81417714         0.7933983483                    0                    0                    0                    0                    0                    0                    0                    0                    0                    0                    0                    0                    0                    0                    0                    0
  "DRIFT_37"                             92              "drift"            25.430327          4.497988813          1.505703932          14.24789513          -4.84193461          0.680837279         0.6859418531                    0                    0                    0                    0         -2.554323312         0.7933983483                    0                    0                    0                    0                    0                    0                    0                    0                    0                    0                    0                    0                    0                    0                    0                    0
  "BR.QDE3"                              93         "quadrupole"            26.309267          4.498178034         -1.505958768          14.24912614          4.840811779         0.7152541983         0.6948549058                    0                    0                    0                    0          -2.55439698        -0.7935738897                    0                    0                    0                    0                    0                    0        -0.6506076853                    0                    0                    0                    0                    0                    0                    0                    0                    0
  "DRIFT_38"                             94              "drift"            26.636807          5.562641859          -1.74391552          11.26196801           4.27916786         0.7256830488         0.6989704912                    0                    0                    0                    0         -2.814324172        -0.7935738897                    0                    0                    0                    0                    0                    0                    0                    0                    0                    0                    0                    0                    0                    0                    0                    0
  "BR3.DHZ3L4"                           95            "hkicker"            26.636807          5.562641859          -1.74391552          11.26196801           4.27916786         0.7256830488         0.6989704912                    0                    0                    0                    0         -2.814324172        -0.7935738897                    0                    0                    0                    0                    0                    0                    0                    0                    0                    0                    0                    0                    0                    0                    0                    0
  "BR3.DVT3L4"                           96            "vkicker"            26.636807          5.562641859          -1.74391552          11.26196801           4.27916786         0.7256830488         0.6989704912                    0                    0                    0                    0         -2.814324172        -0.7935738897                    0                    0                    0                    0                    0                    0                    0                    0                    0                    0                    0                    0                    0                    0                    0                    0
  "DRIFT_39"                             97              "drift"            26.964012          6.781658619         -1.981628895          8.645222509          3.718098376          0.734165809         0.7042491605                    0                    0                    0                    0         -3.073985517        -0.7935738897                    0                    0                    0                    0                    0                    0                    0                    0                    0                    0                    0                    0                    0                    0                    0                    0
  "BR.QFO32"                             98         "quadrupole"            27.467582          7.527641555         0.5932004634          6.590690717         0.6115896892         0.7450470867         0.7152074778                    0                    0                    0                    0         -3.179994016         0.3790891309                    0                    0                    0                    0                    0                    0         0.3691853877                    0                    0                    0                    0                    0                    0                    0                    0                    0
  "DRIFT_40"                             99              "drift"            27.834799          7.116192335         0.5272520774          6.169631936         0.5350314674         0.7530357107         0.7243778751                    0                    0                    0                    0         -3.040786042         0.3790891309                    0                    0                    0                    0                    0                    0                    0                    0                    0                    0                    0                    0                    0                    0                    0                    0
  "BR.STSCRAP32"                        100         "collimator"            27.834799          7.116192335         0.5272520774          6.169631936         0.5350314674         0.7530357107         0.7243778751                    0                    0                    0                    0         -3.040786042         0.3790891309                    0                    0                    0                    0                    0                    0                    0                    0                    0                    0                    0                    0                    0                    0                    0                    0
  "DRIFT_41"                            101              "drift"            27.834804          7.116187062         0.5272511794          6.169626586         0.5350304249         0.7530358226         0.7243780041                    0                    0                    0                    0         -3.040784147         0.3790891309                    0                    0                    0                    0                    0                    0                    0                    0                    0                    0                    0                    0                    0                    0                    0                    0
  "BR.BHZ32"                            102              "sbend"              29.4525          5.885229557         0.2385928191          4.790283507         0.3018745254         0.7929830953         0.7724658268                    0                    0                    0                    0         -2.736047959       9.59824627e-05                    0                    0                    0                    0                    0                    0                    0                    0                    0                    0                    0                    0                    0                    0                    0                    0
  "DRIFT_42"                            103              "drift"              29.8225          5.733256699         0.1721446349          4.598079367         0.2175961222         0.8031276637           0.78502624                    0                    0                    0                    0         -2.736012445       9.59824627e-05                    0                    0                    0                    0                    0                    0                    0                    0                    0                    0                    0                    0                    0                    0                    0                    0
  "BR3.ONO4L1"                          104          "multipole"              29.8225          5.733256699         0.1721446349          4.598079367         0.2175961222         0.8031276637           0.78502624                    0                    0                    0                    0         -2.736012445       9.59824627e-05                    0                    0                    0                    0                    0                    0                    0                    0                    0                    0                    0                    0                    0                    0                    0                    0
  "BR3.OSK4L1"                          105          "multipole"              29.8225          5.733256699         0.1721446349          4.598079367         0.2175961222         0.8031276637           0.78502624                    0                    0                    0                    0         -2.736012445       9.59824627e-05                    0                    0                    0                    0                    0                    0                    0                    0                    0                    0                    0                    0                    0                    0                    0                    0
  "BR3.XNO4L1"                          106          "multipole"              29.8225          5.733256699         0.1721446349          4.598079367         0.2175961222         0.8031276637           0.78502624                    0                    0                    0                    0         -2.736012445       9.59824627e-05                    0                    0                    0                    0                    0                    0                    0                    0                    0                    0                    0                    0                    0                    0                    0                    0
  "BR3.XSK4L1"                          107          "multipole"              29.8225          5.733256699         0.1721446349          4.598079367         0.2175961222         0.8031276637           0.78502624                    0                    0                    0                    0         -2.736012445       9.59824627e-05                    0                    0                    0                    0                    0                    0                    0                    0                    0                    0                    0                    0                    0                    0                    0                    0
  "DRIFT_43"                            108              "drift"              30.3565          5.600617306        0.07624374215           4.43063939        0.09596188627         0.8181482766         0.8038999963                    0                    0                    0                    0         -2.735961191       9.59824627e-05                    0                    0                    0                    0                    0                    0                    0                    0                    0                    0                    0                    0                    0                    0                    0                    0
  "BE3.DHZ4L1"                          109            "hkicker"              30.3565          5.600617306        0.07624374215           4.43063939        0.09596188627         0.8181482766         0.8038999963                    0                    0                    0                    0         -2.735961191       9.59824627e-05                    0                    0                    0                    0                    0                    0                    0                    0                    0                    0                    0                    0                    0                    0                    0                    0
  "BE3.DVT4L1"                          110            "vkicker"              30.3565          5.600617306        0.07624374215           4.43063939        0.09596188627         0.8181482766         0.8038999963                    0                    0                    0                    0         -2.735961191       9.59824627e-05                    0                    0                    0                    0                    0                    0                    0                    0                    0                    0                    0                    0                    0                    0                    0                    0
  "DRIFT_44"                            111              "drift"              30.7885          5.568258458      -0.001339002579          4.390237436       -0.00243884394         0.8304725223         0.8195143347                    0                    0                    0                    0         -2.735919726       9.59824627e-05                    0                    0                    0                    0                    0                    0                    0                    0                    0                    0                    0                    0                    0                    0                    0                    0
  "BR3.BSGHV4L1"                        112            "monitor"              30.7885          5.568258458      -0.001339002579          4.390237436       -0.00243884394         0.8304725223         0.8195143347                    0                    0                    0                    0         -2.735919726       9.59824627e-05                    0                    0                    0                    0                    0                    0                    0                    0                    0                    0                    0                    0                    0                    0                    0                    0
  "DRIFT_45"                            113              "drift"              31.5865          5.684758937        -0.1446515727          4.539180707        -0.1842068595         0.8531228411          0.848118604                    0                    0                    0                    0         -2.735843132       9.59824627e-05                    0                    0                    0                    0                    0                    0                    0                    0                    0                    0                    0                    0                    0                    0                    0                    0
  "BR3.BWSH4L1"                         114            "monitor"              31.5865          5.684758937        -0.1446515727          4.539180707        -0.1842068595         0.8531228411          0.848118604                    0                    0                    0                    0         -2.735843132       9.59824627e-05                    0                    0                    0                    0                    0                    0                    0                    0                    0                    0                    0                    0                    0                    0                    0                    0
  "DRIFT_46"                            115              "drift"            32.106501            5.8837581        -0.2380383895          4.792348015        -0.3026524107         0.8674522337         0.8658999759                    0                    0                    0                    0         -2.735793221       9.59824627e-05                    0                    0                    0                    0                    0                    0                    0                    0                    0                    0                    0                    0                    0                    0                    0                    0
  "BR.BHZ41"                            116              "sbend"            33.724197          7.112933312        -0.5266967498          6.174085772        -0.5357054909         0.9074139428         0.9139591998                    0                    0                    0                    0          -3.04022086         -0.378897166                    0                    0                    0                    0                    0                    0                    0                    0                    0                    0                    0                    0                    0                    0                    0                    0
  "DRIFT_47"                            117              "drift"           33.7241995          7.112935946        -0.5266971988          6.174088451         -0.535706012         0.9074139987         0.9139592643                    0                    0                    0                    0         -3.040221807         -0.378897166                    0                    0                    0                    0                    0                    0                    0                    0                    0                    0                    0                    0                    0                    0                    0                    0
  "BR.STSCRAP41"                        118         "collimator"           33.7241995          7.112935946        -0.5266971988          6.174088451         -0.535706012         0.9074139987         0.9139592643                    0                    0                    0                    0         -3.040221807         -0.378897166                    0                    0                    0                    0                    0                    0                    0                    0                    0                    0                    0                    0                    0                    0                    0                    0
  "DRIFT_48"                            119              "drift"            34.090512          7.522905696         -0.592483146           6.59453073        -0.6120633895         0.9153872654         0.9231010774                    0                    0                    0                    0         -3.179016575         -0.378897166                    0                    0                    0                    0                    0                    0                    0                    0                    0                    0                    0                    0                    0                    0                    0                    0
  "BR.QFO41"                            120         "quadrupole"            34.594082          6.777113809          1.980555995          8.650351188          -3.72034039         0.9262756277         0.9340529454                    0                    0                    0                    0         -3.073003835         0.7933985062                    0                    0                    0                    0                    0                    0         0.3691853877                    0                    0                    0                    0                    0                    0                    0                    0                    0
  "DRIFT_49"                            121              "drift"            34.920312          5.562183492          1.743596648          11.26031375         -4.280035291         0.9347362742         0.9393147054                    0                    0                    0                    0         -2.814173441         0.7933985062                    0                    0                    0                    0                    0                    0                    0                    0                    0                    0                    0                    0                    0                    0                    0                    0
  "BR3.BPM4L3"                          122            "monitor"            34.920312          5.562183492          1.743596648          11.26031375         -4.280035291         0.9347362742         0.9393147054                    0                    0                    0                    0         -2.814173441         0.7933985062                    0                    0                    0                    0                    0                    0                    0                    0                    0                    0                    0                    0                    0                    0                    0                    0
  "BR3.ONOH0.4L3"                       123          "multipole"            34.920312          5.562183492          1.743596648          11.26031375         -4.280035291         0.9347362742         0.9393147054                    0                    0                    0                    0         -2.814173441         0.7933985062                    0                    0                    0                    0                    0                    0                    0                    0                    0                    0                    0                    0                    0                    0                    0                    0
  "BR3.QNO4L3"                          124          "multipole"            34.920312          5.562183492          1.743596648          11.26031375         -4.280035291         0.9347362742         0.9393147054                    0                    0                    0                    0         -2.814173441         0.7933985062                    0                    0                    0                    0                    0                    0                    0                    0                    0                    0                    0                    0                    0                    0                    0                    0
  "BR3.XNOH0.4L3"                       125          "multipole"            34.920312          5.562183492          1.743596648          11.26031375         -4.280035291         0.9347362742         0.9393147054                    0                    0                    0                    0         -2.814173441         0.7933985062                    0                    0                    0                    0                    0                    0                    0                    0                    0                    0                    0                    0                    0                    0                    0                    0
  "DRIFT_50"                            126              "drift"            35.247827          4.497988813          1.505703932          14.24789578         -4.841934796         0.9451649775         0.9434304567                    0                    0                    0                    0         -2.554323529         0.7933985062                    0                    0                    0                    0                    0                    0                    0                    0                    0                    0                    0                    0                    0                    0                    0                    0
  "BR.QDE4"                             127         "quadrupole"            36.126767          4.498178034         -1.505958768          14.24912673          4.840812022         0.9795818968          0.952343509                    0                    0                    0                    0         -2.554397109        -0.7935738391                    0                    0                    0                    0                    0                    0        -0.6506076853                    0                    0                    0                    0                    0                    0                    0                    0                    0
  "DRIFT_51"                            128              "drift"            36.454312          5.562659298         -1.743919152          11.26192566          4.279159498         0.9900108903         0.9564591649                    0                    0                    0                    0         -2.814328252        -0.7935738391                    0                    0                    0                    0                    0                    0                    0                    0                    0                    0                    0                    0                    0                    0                    0                    0
  "BR3.DHZ4L4"                          129            "hkicker"            36.454312          5.562659298         -1.743919152          11.26192566          4.279159498         0.9900108903         0.9564591649                    0                    0                    0                    0         -2.814328252        -0.7935738391                    0                    0                    0                    0                    0                    0                    0                    0                    0                    0                    0                    0                    0                    0                    0                    0
  "BR3.DVT4L4"                          130            "vkicker"            36.454312          5.562659298         -1.743919152          11.26192566          4.279159498         0.9900108903         0.9564591649                    0                    0                    0                    0         -2.814328252        -0.7935738391                    0                    0                    0                    0                    0                    0                    0                    0                    0                    0                    0                    0                    0                    0                    0                    0
  "DRIFT_52"                            131              "drift"            36.781512          6.781658619         -1.981628895          8.645222823          3.718098557         0.9984935075         0.9617377634                    0                    0                    0                    0         -3.073985612        -0.7935738391                    0                    0                    0                    0                    0                    0                    0                    0                    0                    0                    0                    0                    0                    0                    0                    0
  "BR.QFO42"                            132         "quadrupole"            37.285082          7.527641555         0.5932004634          6.590690913          0.611589758          1.009374785         0.9726960803                    0                    0                    0                    0         -3.179994078         0.3790892112                    0                    0                    0                    0                    0                    0         0.3691853877                    0                    0                    0                    0                    0                    0                    0                    0                    0
  "DRIFT_53"                            133              "drift"             37.45044           7.33637124          0.563503872           6.39412898          0.577115551          1.012916479         0.9767505695                    0                    0                    0                    0         -3.117308644         0.3790892112                    0                    0                    0                    0                    0                    0                    0                    0                    0                    0                    0                    0                    0                    0                    0                    0
  "BR3.BPTF4L5"                         134            "monitor"             37.45044           7.33637124          0.563503872           6.39412898          0.577115551          1.012916479         0.9767505695                    0                    0                    0                    0         -3.117308644         0.3790892112                    0                    0                    0                    0                    0                    0                    0                    0                    0                    0                    0                    0                    0                    0                    0                    0
  "DRIFT_54"                            135              "drift"            37.652299          7.116192335         0.5272520774          6.169632082         0.5350315337          1.017363409         0.9818664774                    0                    0                    0                    0         -3.040786075         0.3790892112                    0                    0                    0                    0                    0                    0                    0                    0                    0                    0                    0                    0                    0                    0                    0                    0
  "BR.STSCRAP42"                        136         "collimator"            37.652299          7.116192335         0.5272520774          6.169632082         0.5350315337          1.017363409         0.9818664774                    0                    0                    0                    0         -3.040786075         0.3790892112                    0                    0                    0                    0                    0                    0                    0                    0                    0                    0                    0                    0                    0                    0                    0                    0
  "DRIFT_55"                            137              "drift"            37.652304          7.116187062         0.5272511794          6.169626732         0.5350304913          1.017363521         0.9818666064                    0                    0                    0                    0          -3.04078418         0.3790892112                    0                    0                    0                    0                    0                    0                    0                    0                    0                    0                    0                    0                    0                    0                    0                    0
  "BR.BHZ42"                            138              "sbend"                39.27          5.885229557         0.2385928191          4.790283454         0.3018745797          1.057310794          1.029954429                    0                    0                    0                    0         -2.736047863      9.606270077e-05                    0                    0                    0                    0                    0                    0                    0                    0                    0                    0                    0                    0                    0                    0                    0                    0
  "DRIFT_56"                            139              "drift"            39.521261          5.776669289         0.1934689348          4.652965031         0.2446424804          1.064171349           1.03842875                    0                    0                    0                    0         -2.736023726      9.606270077e-05                    0                    0                    0                    0                    0                    0                    0                    0                    0                    0                    0                    0                    0                    0                    0                    0
  "BR3.ACWF5L1.1"                       140           "rfcavity"            40.464261          5.571486827        0.02411586005          4.394121985        0.02984643319          1.090749697          1.071865994                    0                    0                    0                    0         -2.735933139      9.606270077e-05                    0                    0                    0                    0                    0                    0                    0                    0                    0                    0                    0                    0                    0                    0                    0                    0
  "DRIFT_57"                            141              "drift"            40.575761          5.568341694       0.004091609962          4.390298042       0.004449021454          1.093935916          1.075906712                    0                    0                    0                    0         -2.735922428      9.606270077e-05                    0                    0                    0                    0                    0                    0                    0                    0                    0                    0                    0                    0                    0                    0                    0                    0
  "BR3.ACWF5L1.2"                       142           "rfcavity"            41.518761          5.720324867        -0.1652614648           4.58445986        -0.2103470258           1.12065369          1.109611516                    0                    0                    0                    0         -2.735831841      9.606270077e-05                    0                    0                    0                    0                    0                    0                    0                    0                    0                    0                    0                    0                    0                    0                    0                    0
  "DRIFT_58"                            143              "drift"            41.924001            5.8837581        -0.2380383895           4.79234774        -0.3026523812          1.131779932          1.123388581                    0                    0                    0                    0         -2.735792912      9.606270077e-05                    0                    0                    0                    0                    0                    0                    0                    0                    0                    0                    0                    0                    0                    0                    0                    0
  "BR.BHZ51"                            144              "sbend"            43.541697          7.112933312        -0.5266967498          6.174085438        -0.5357054846          1.171741641          1.171447808                    0                    0                    0                    0         -3.040220422        -0.3788970858                    0                    0                    0                    0                    0                    0                    0                    0                    0                    0                    0                    0                    0                    0                    0                    0
  "DRIFT_59"                            145              "drift"           43.5416995          7.112935946        -0.5266971988          6.174088117        -0.5357060057          1.171741697          1.171447873                    0                    0                    0                    0         -3.040221369        -0.3788970858                    0                    0                    0                    0                    0                    0                    0                    0                    0                    0                    0                    0                    0                    0                    0                    0
  "BR.STSCRAP51"                        146         "collimator"           43.5416995          7.112935946        -0.5266971988          6.174088117        -0.5357060057          1.171741697          1.171447873                    0                    0                    0                    0         -3.040221369        -0.3788970858                    0                    0                    0                    0                    0                    0                    0                    0                    0                    0                    0                    0                    0                    0                    0                    0
  "DRIFT_60"                            147              "drift"            43.908012          7.522905696         -0.592483146          6.594530393        -0.6120633869          1.179714964          1.180589686                    0                    0                    0                    0         -3.179016108        -0.3788970858                    0                    0                    0                    0                    0                    0                    0                    0                    0                    0                    0                    0                    0                    0                    0                    0
  "BR.QFO51"                            148         "quadrupole"            44.411582          6.777113809          1.980555995          8.650350784         -3.720340252          1.190603326          1.191541555                    0                    0                    0                    0         -3.073003371         0.7933984118                    0                    0                    0                    0                    0                    0         0.3691853877                    0                    0                    0                    0                    0                    0                    0                    0                    0
  "DRIFT_61"                            149              "drift"            44.737806          5.562204415          1.743601006          11.26026189         -4.280024846          1.199063801           1.19680323                    0                    0                    0                    0         -2.814177768         0.7933984118                    0                    0                    0                    0                    0                    0                    0                    0                    0                    0                    0                    0                    0                    0                    0                    0
  "BR3.BPM5L3"                          150            "monitor"            44.737806          5.562204415          1.743601006          11.26026189         -4.280024846          1.199063801           1.19680323                    0                    0                    0                    0         -2.814177768         0.7933984118                    0                    0                    0                    0                    0                    0                    0                    0                    0                    0                    0                    0                    0                    0                    0                    0
  "BR3.ONOH0.5L3"                       151          "multipole"            44.737806          5.562204415          1.743601006          11.26026189         -4.280024846          1.199063801           1.19680323                    0                    0                    0                    0         -2.814177768         0.7933984118                    0                    0                    0                    0                    0                    0                    0                    0                    0                    0                    0                    0                    0                    0                    0                    0
  "BR3.QSKH0.5L3"                       152          "multipole"            44.737806          5.562204415          1.743601006          11.26026189         -4.280024846          1.199063801           1.19680323                    0                    0                    0                    0         -2.814177768         0.7933984118                    0                    0                    0                    0                    0                    0                    0                    0                    0                    0                    0                    0                    0                    0                    0                    0
  "BR3.XNOH0.5L3"                       153          "multipole"            44.737806          5.562204415          1.743601006          11.26026189         -4.280024846          1.199063801           1.19680323                    0                    0                    0                    0         -2.814177768         0.7933984118                    0                    0                    0                    0                    0                    0                    0                    0                    0                    0                    0                    0                    0                    0                    0                    0
  "DRIFT_62"                            154              "drift"            45.065327          4.497988813          1.505703932          14.24789518         -4.841934632          1.209492676          1.200919066                    0                    0                    0                    0         -2.554323127         0.7933984118                    0                    0                    0                    0                    0                    0                    0                    0                    0                    0                    0                    0                    0                    0                    0                    0
  "BR.QDE5"                             155         "quadrupole"            45.944267          4.498178034         -1.505958768           14.2491262          4.840811795          1.243909595          1.209832119                    0                    0                    0                    0         -2.554396677        -0.7935736745                    0                    0                    0                    0                    0                    0        -0.6506076853                    0                    0                    0                    0                    0                    0                    0                    0                    0
  "DRIFT_63"                            156              "drift"            46.110806           5.01992933         -1.626948813          12.68431684          4.555241737          1.249488615          1.211803722                    0                    0                    0                    0         -2.686557644        -0.7935736745                    0                    0                    0                    0                    0                    0                    0                    0                    0                    0                    0                    0                    0                    0                    0                    0
  "BR3.DHZ5L4"                          157            "hkicker"            46.110806           5.01992933         -1.626948813          12.68431684          4.555241737          1.249488615          1.211803722                    0                    0                    0                    0         -2.686557644        -0.7935736745                    0                    0                    0                    0                    0                    0                    0                    0                    0                    0                    0                    0                    0                    0                    0                    0
  "BR3.DVT5L4"                          158            "vkicker"            46.110806           5.01992933         -1.626948813          12.68431684          4.555241737          1.249488615          1.211803722                    0                    0                    0                    0         -2.686557644        -0.7935736745                    0                    0                    0                    0                    0                    0                    0                    0                    0                    0                    0                    0                    0                    0                    0                    0
  "DRIFT_64"                            159              "drift"            46.599012          6.781658619         -1.981628895          8.645222548          3.718098389          1.262821206          1.219226374                    0                    0                    0                    0         -3.073985073        -0.7935736745                    0                    0                    0                    0                    0                    0                    0                    0                    0                    0                    0                    0                    0                    0                    0                    0
  "BR.QFO52"                            160         "quadrupole"            47.102582          7.527641555         0.5932004634           6.59069075         0.6115896896          1.273702484          1.230184691                    0                    0                    0                    0         -3.179993508         0.3790891677                    0                    0                    0                    0                    0                    0         0.3691853877                    0                    0                    0                    0                    0                    0                    0                    0                    0
  "DRIFT_65"                            161              "drift"            47.469799          7.116192335         0.5272520774          6.169631968         0.5350314681          1.281691108          1.239355088                    0                    0                    0                    0         -3.040785521         0.3790891677                    0                    0                    0                    0                    0                    0                    0                    0                    0                    0                    0                    0                    0                    0                    0                    0
  "BR.STSCRAP52"                        162         "collimator"            47.469799          7.116192335         0.5272520774          6.169631968         0.5350314681          1.281691108          1.239355088                    0                    0                    0                    0         -3.040785521         0.3790891677                    0                    0                    0                    0                    0                    0                    0                    0                    0                    0                    0                    0                    0                    0                    0                    0
  "DRIFT_66"                            163              "drift"            47.469804          7.116187062         0.5272511794          6.169626618         0.5350304257          1.281691219          1.239355217                    0                    0                    0                    0         -3.040783625         0.3790891677                    0                    0                    0                    0                    0                    0                    0                    0                    0                    0                    0                    0                    0                    0                    0                    0
  "BR.BHZ52"                            164              "sbend"              49.0875          5.885229557         0.2385928191          4.790283532         0.3018745283          1.321638492           1.28744304                    0                    0                    0                    0         -2.736047378      9.601922006e-05                    0                    0                    0                    0                    0                    0                    0                    0                    0                    0                    0                    0                    0                    0                    0                    0
  "DRIFT_67"                            165              "drift"              49.4575          5.733256699         0.1721446349           4.59807939         0.2175961255          1.331783061          1.300003453                    0                    0                    0                    0         -2.736011851      9.601922006e-05                    0                    0                    0                    0                    0                    0                    0                    0                    0                    0                    0                    0                    0                    0                    0                    0
  "BR3.ONO6L1"                          166          "multipole"              49.4575          5.733256699         0.1721446349           4.59807939         0.2175961255          1.331783061          1.300003453                    0                    0                    0                    0         -2.736011851      9.601922006e-05                    0                    0                    0                    0                    0                    0                    0                    0                    0                    0                    0                    0                    0                    0                    0                    0
  "BR3.OSK6L1"                          167          "multipole"              49.4575          5.733256699         0.1721446349           4.59807939         0.2175961255          1.331783061          1.300003453                    0                    0                    0                    0         -2.736011851      9.601922006e-05                    0                    0                    0                    0                    0                    0                    0                    0                    0                    0                    0                    0                    0                    0                    0                    0
  "BR3.XNO6L1"                          168          "multipole"              49.4575          5.733256699         0.1721446349           4.59807939         0.2175961255          1.331783061          1.300003453                    0                    0                    0                    0         -2.736011851      9.601922006e-05                    0                    0                    0                    0                    0                    0                    0                    0                    0                    0                    0                    0                    0                    0                    0                    0
  "BR3.XSK6L1"                          169          "multipole"              49.4575          5.733256699         0.1721446349           4.59807939         0.2175961255          1.331783061          1.300003453                    0                    0                    0                    0         -2.736011851      9.601922006e-05                    0                    0                    0                    0                    0                    0                    0                    0                    0                    0                    0                    0                    0                    0                    0                    0
  "DRIFT_68"                            170              "drift"           51.7415015          5.883758338        -0.2380384793          4.792348322        -0.3026525194          1.396107644          1.380877205                    0                    0                    0                    0         -2.735792543      9.601922006e-05                    0                    0                    0                    0                    0                    0                    0                    0                    0                    0                    0                    0                    0                    0                    0                    0
  "BR.BHZ61"                            171              "sbend"           53.3591975          7.112933839        -0.5266968396          6.174086411        -0.5357055835          1.436069351          1.428936425                    0                    0                    0                    0         -3.040220123        -0.3788971292                    0                    0                    0                    0                    0                    0                    0                    0                    0                    0                    0                    0                    0                    0                    0                    0
  "DRIFT_69"                            172              "drift"              53.3592          7.112936472        -0.5266972886           6.17408909        -0.5357061046          1.436069407          1.428936489                    0                    0                    0                    0          -3.04022107        -0.3788971292                    0                    0                    0                    0                    0                    0                    0                    0                    0                    0                    0                    0                    0                    0                    0                    0
  "BR.STSCRAP61"                        173         "collimator"              53.3592          7.112936472        -0.5266972886           6.17408909        -0.5357061046          1.436069407          1.428936489                    0                    0                    0                    0          -3.04022107        -0.3788971292                    0                    0                    0                    0                    0                    0                    0                    0                    0                    0                    0                    0                    0                    0                    0                    0
  "DRIFT_70"                            174              "drift"            53.725512          7.522905696         -0.592483146          6.594530824        -0.6120633758          1.444042662          1.438078289                    0                    0                    0                    0         -3.179015635        -0.3788971292                    0                    0                    0                    0                    0                    0                    0                    0                    0                    0                    0                    0                    0                    0                    0                    0
  "BR.QFO61"                            175         "quadrupole"            54.229082          6.777113809          1.980555995          8.650351283         -3.720340407          1.454931025          1.449030157                    0                    0                    0                    0         -3.073002963         0.7933982031                    0                    0                    0                    0                    0                    0         0.3691853877                    0                    0                    0                    0                    0                    0                    0                    0                    0
  "DRIFT_71"                            176              "drift"            54.555311          5.562186979          1.743597374          11.26030529         -4.280033591          1.463391642          1.454291903                    0                    0                    0                    0         -2.814173461         0.7933982031                    0                    0                    0                    0                    0                    0                    0                    0                    0                    0                    0                    0                    0                    0                    0                    0
  "BR3.BPM6L3"                          177            "monitor"            54.555311          5.562186979          1.743597374          11.26030529         -4.280033591          1.463391642          1.454291903                    0                    0                    0                    0         -2.814173461         0.7933982031                    0                    0                    0                    0                    0                    0                    0                    0                    0                    0                    0                    0                    0                    0                    0                    0
  "BR3.ONOH0.6L3"                       178          "multipole"            54.555311          5.562186979          1.743597374          11.26030529         -4.280033591          1.463391642          1.454291903                    0                    0                    0                    0         -2.814173461         0.7933982031                    0                    0                    0                    0                    0                    0                    0                    0                    0                    0                    0                    0                    0                    0                    0                    0
  "BR3.QSK6L3"                          179          "multipole"            54.555311          5.562186979          1.743597374          11.26030529         -4.280033591          1.463391642          1.454291903                    0                    0                    0                    0         -2.814173461         0.7933982031                    0                    0                    0                    0                    0                    0                    0                    0                    0                    0                    0                    0                    0                    0                    0                    0
  "BR3.XNOH0.6L3"                       180          "multipole"            54.555311          5.562186979          1.743597374          11.26030529         -4.280033591          1.463391642          1.454291903                    0                    0                    0                    0         -2.814173461         0.7933982031                    0                    0                    0                    0                    0                    0                    0                    0                    0                    0                    0                    0                    0                    0                    0                    0
  "DRIFT_72"                            181              "drift"            54.882827          4.497988813          1.505703932          14.24789589          -4.84193481          1.473820374          1.458407668                    0                    0                    0                    0         -2.554322855         0.7933982031                    0                    0                    0                    0                    0                    0                    0                    0                    0                    0                    0                    0                    0                    0                    0                    0
  "BR.QDE6"                             182         "quadrupole"            55.761767          4.498178034         -1.505958768           14.2491268          4.840812073          1.508237294          1.467320721                    0                    0                    0                    0         -2.554396525        -0.7935737515                    0                    0                    0                    0                    0                    0        -0.6506076853                    0                    0                    0                    0                    0                    0                    0                    0                    0
  "DRIFT_73"                            183              "drift"            56.089311           5.56265581         -1.743918426          11.26193426          4.279161255          1.518666259          1.471436362                    0                    0                    0                    0         -2.814326846        -0.7935737515                    0                    0                    0                    0                    0                    0                    0                    0                    0                    0                    0                    0                    0                    0                    0                    0
  "BR3.DHZ6L4"                          184            "hkicker"            56.089311           5.56265581         -1.743918426          11.26193426          4.279161255          1.518666259          1.471436362                    0                    0                    0                    0         -2.814326846        -0.7935737515                    0                    0                    0                    0                    0                    0                    0                    0                    0                    0                    0                    0                    0                    0                    0                    0
  "BR3.DVT6L4"                          185            "vkicker"            56.089311           5.56265581         -1.743918426          11.26193426          4.279161255          1.518666259          1.471436362                    0                    0                    0                    0         -2.814326846        -0.7935737515                    0                    0                    0                    0                    0                    0                    0                    0                    0                    0                    0                    0                    0                    0                    0                    0
  "BR3.OSK6L4"                          186          "multipole"            56.089311           5.56265581         -1.743918426          11.26193426          4.279161255          1.518666259          1.471436362                    0                    0                    0                    0         -2.814326846        -0.7935737515                    0                    0                    0                    0                    0                    0                    0                    0                    0                    0                    0                    0                    0                    0                    0                    0
  "BR3.XSK6L4"                          187          "multipole"            56.089311           5.56265581         -1.743918426          11.26193426          4.279161255          1.518666259          1.471436362                    0                    0                    0                    0         -2.814326846        -0.7935737515                    0                    0                    0                    0                    0                    0                    0                    0                    0                    0                    0                    0                    0                    0                    0                    0
  "DRIFT_74"                            188              "drift"            56.416512          6.781658619         -1.981628895          8.645222841          3.718098591          1.527148904          1.476714975                    0                    0                    0                    0         -3.073984971        -0.7935737515                    0                    0                    0                    0                    0                    0                    0                    0                    0                    0                    0                    0                    0                    0                    0                    0
  "BR.QFO62"                            189         "quadrupole"            56.920082          7.527641555         0.5932004634          6.590690903         0.6115897835          1.538030182          1.487673292                    0                    0                    0                    0         -3.179993453         0.3790890614                    0                    0                    0                    0                    0                    0         0.3691853877                    0                    0                    0                    0                    0                    0                    0                    0                    0
  "DRIFT_75"                            190              "drift"              57.2873           7.11619128         0.5272518978          6.169630984         0.5350313489          1.546018828          1.496843715                    0                    0                    0                    0         -3.040785126         0.3790890614                    0                    0                    0                    0                    0                    0                    0                    0                    0                    0                    0                    0                    0                    0                    0                    0
  "BR.STSCRAP62"                        191         "collimator"              57.2873           7.11619128         0.5272518978          6.169630984         0.5350313489          1.546018828          1.496843715                    0                    0                    0                    0         -3.040785126         0.3790890614                    0                    0                    0                    0                    0                    0                    0                    0                    0                    0                    0                    0                    0                    0                    0                    0
  "DRIFT_76"                            192              "drift"           57.2873045          7.116186535         0.5272510897          6.169626169         0.5350304107          1.546018929          1.496843831                    0                    0                    0                    0          -3.04078342         0.3790890614                    0                    0                    0                    0                    0                    0                    0                    0                    0                    0                    0                    0                    0                    0                    0                    0
  "BR.BHZ62"                            193              "sbend"           58.9050005          5.885229318         0.2385927293           4.79028318         0.3018744845          1.585966204          1.544931657                    0                    0                    0                    0         -2.736047344      9.591290617e-05                    0                    0                    0                    0                    0                    0                    0                    0                    0                    0                    0                    0                    0                    0                    0                    0
  "DRIFT_77"                            194              "drift"            59.156261          5.776669289         0.1934689348           4.65296505         0.2446424988          1.592826746          1.553405962                    0                    0                    0                    0         -2.736023245      9.591290617e-05                    0                    0                    0                    0                    0                    0                    0                    0                    0                    0                    0                    0                    0                    0                    0                    0
  "BR3.ACWF7L1.1"                       195           "rfcavity"            60.099261          5.571486827        0.02411586005           4.39412197        0.02984645067          1.619405094          1.586843205                    0                    0                    0                    0         -2.735932799      9.591290617e-05                    0                    0                    0                    0                    0                    0                    0                    0                    0                    0                    0                    0                    0                    0                    0                    0
  "DRIFT_78"                            196              "drift"            60.210761          5.568341694       0.004091609962          4.390298023       0.004449038825          1.622591313          1.590883924                    0                    0                    0                    0         -2.735922105      9.591290617e-05                    0                    0                    0                    0                    0                    0                    0                    0                    0                    0                    0                    0                    0                    0                    0                    0
  "BR3.ACWF7L1.2"                       197           "rfcavity"            61.153761          5.720324867        -0.1652614648          4.584459809        -0.2103470093          1.649309087          1.624588728                    0                    0                    0                    0         -2.735831659      9.591290617e-05                    0                    0                    0                    0                    0                    0                    0                    0                    0                    0                    0                    0                    0                    0                    0                    0
  "DRIFT_79"                            198              "drift"           61.5590015          5.883758338        -0.2380384793          4.792347979        -0.3026524791          1.660435343           1.63836581                    0                    0                    0                    0         -2.735792791      9.591290617e-05                    0                    0                    0                    0                    0                    0                    0                    0                    0                    0                    0                    0                    0                    0                    0                    0
  "BR.BHZ71"                            199              "sbend"           63.1766975          7.112933839        -0.5266968396          6.174085982        -0.5357055716          1.700397049          1.686425033                    0                    0                    0                    0         -3.040220541        -0.3788972356                    0                    0                    0                    0                    0                    0                    0                    0                    0                    0                    0                    0                    0                    0                    0                    0
  "DRIFT_80"                            200              "drift"              63.1767          7.112936472        -0.5266972886          6.174088661        -0.5357060927          1.700397105          1.686425098                    0                    0                    0                    0         -3.040221489        -0.3788972356                    0                    0                    0                    0                    0                    0                    0                    0                    0                    0                    0                    0                    0                    0                    0                    0
  "BR.STSCRAP71"                        201         "collimator"              63.1767          7.112936472        -0.5266972886          6.174088661        -0.5357060927          1.700397105          1.686425098                    0                    0                    0                    0         -3.040221489        -0.3788972356                    0                    0                    0                    0                    0                    0                    0                    0                    0                    0                    0                    0                    0                    0                    0                    0
  "DRIFT_81"                            202              "drift"            63.543012          7.522905696         -0.592483146          6.594530387        -0.6120633685          1.708370361          1.695566899                    0                    0                    0                    0         -3.179016093        -0.3788972356                    0                    0                    0                    0                    0                    0                    0                    0                    0                    0                    0                    0                    0                    0                    0                    0
  "BR.QFO71"                            203         "quadrupole"            64.046582          6.777113809          1.980555995          8.650350756         -3.720340222          1.719258723          1.706518767                    0                    0                    0                    0         -3.073003431         0.7933982703                    0                    0                    0                    0                    0                    0         0.3691853877                    0                    0                    0                    0                    0                    0                    0                    0                    0
  "DRIFT_82"                            204              "drift"            64.372816          5.562169543          1.743593742          11.26034744         -4.280041966          1.727719484          1.711780584                    0                    0                    0                    0          -2.81416994         0.7933982703                    0                    0                    0                    0                    0                    0                    0                    0                    0                    0                    0                    0                    0                    0                    0                    0
  "BR3.BPM7L3"                          205            "monitor"            64.372816          5.562169543          1.743593742          11.26034744         -4.280041966          1.727719484          1.711780584                    0                    0                    0                    0          -2.81416994         0.7933982703                    0                    0                    0                    0                    0                    0                    0                    0                    0                    0                    0                    0                    0                    0                    0                    0
  "BR3.ONOH0.7L3"                       206          "multipole"            64.372816          5.562169543          1.743593742          11.26034744         -4.280041966          1.727719484          1.711780584                    0                    0                    0                    0          -2.81416994         0.7933982703                    0                    0                    0                    0                    0                    0                    0                    0                    0                    0                    0                    0                    0                    0                    0                    0
  "BR3.QSKH0.7L3"                       207          "multipole"            64.372816          5.562169543          1.743593742          11.26034744         -4.280041966          1.727719484          1.711780584                    0                    0                    0                    0          -2.81416994         0.7933982703                    0                    0                    0                    0                    0                    0                    0                    0                    0                    0                    0                    0                    0                    0                    0                    0
  "BR3.XNOH0.7L3"                       208          "multipole"            64.372816          5.562169543          1.743593742          11.26034744         -4.280041966          1.727719484          1.711780584                    0                    0                    0                    0          -2.81416994         0.7933982703                    0                    0                    0                    0                    0                    0                    0                    0                    0                    0                    0                    0                    0                    0                    0                    0
  "DRIFT_83"                            209              "drift"            64.700327          4.497988813          1.505703932           14.2478951         -4.841934589          1.738148073          1.715896279                    0                    0                    0                    0         -2.554323279         0.7933982703                    0                    0                    0                    0                    0                    0                    0                    0                    0                    0                    0                    0                    0                    0                    0                    0
  "BR.QDE7"                             210         "quadrupole"            65.579267          4.498178034         -1.505958768          14.24912609          4.840811777          1.772564992          1.724809332                    0                    0                    0                    0         -2.554397011        -0.7935739669                    0                    0                    0                    0                    0                    0        -0.6506076853                    0                    0                    0                    0                    0                    0                    0                    0                    0
  "DRIFT_84"                            211              "drift"            65.906816          5.562673249         -1.743922058          11.26189094          4.279152424            1.7829941          1.728925044                    0                    0                    0                    0         -2.814331371        -0.7935739669                    0                    0                    0                    0                    0                    0                    0                    0                    0                    0                    0                    0                    0                    0                    0                    0
  "BR3.DSHAH7L4"                        212            "hkicker"            65.906816          5.562673249         -1.743922058          11.26189094          4.279152424            1.7829941          1.728925044                    0                    0                    0                    0         -2.814331371        -0.7935739669                    0                    0                    0                    0                    0                    0                    0                    0                    0                    0                    0                    0                    0                    0                    0                    0
  "BR3.DSHAV7L4"                        213            "vkicker"            65.906816          5.562673249         -1.743922058          11.26189094          4.279152424            1.7829941          1.728925044                    0                    0                    0                    0         -2.814331371        -0.7935739669                    0                    0                    0                    0                    0                    0                    0                    0                    0                    0                    0                    0                    0                    0                    0                    0
  "DRIFT_85"                            214              "drift"            66.234012          6.781658619         -1.981628895          8.645222469          3.718098371          1.791476603          1.734203586                    0                    0                    0                    0         -3.073985598        -0.7935739669                    0                    0                    0                    0                    0                    0                    0                    0                    0                    0                    0                    0                    0                    0                    0                    0
  "BR.QFO72"                            215         "quadrupole"            66.737582          7.527641555         0.5932004634          6.590690676          0.611589697           1.80235788          1.745161904                    0                    0                    0                    0         -3.179994128         0.3790890901                    0                    0                    0                    0                    0                    0         0.3691853877                    0                    0                    0                    0                    0                    0                    0                    0                    0
  "DRIFT_86"                            216              "drift"              67.1048           7.11619128         0.5272518978           6.16963082         0.5350312656          1.810346527          1.754332327                    0                    0                    0                    0          -3.04078579         0.3790890901                    0                    0                    0                    0                    0                    0                    0                    0                    0                    0                    0                    0                    0                    0                    0                    0
  "BR.STSCRAP72"                        217         "collimator"              67.1048           7.11619128         0.5272518978           6.16963082         0.5350312656          1.810346527          1.754332327                    0                    0                    0                    0          -3.04078579         0.3790890901                    0                    0                    0                    0                    0                    0                    0                    0                    0                    0                    0                    0                    0                    0                    0                    0
  "DRIFT_87"                            218              "drift"           67.1048045          7.116186535         0.5272510897          6.169626004         0.5350303275          1.810346627          1.754332443                    0                    0                    0                    0         -3.040784084         0.3790890901                    0                    0                    0                    0                    0                    0                    0                    0                    0                    0                    0                    0                    0                    0                    0                    0
  "BR.BHZ72"                            219              "sbend"           68.7225005          5.885229318         0.2385927293          4.790283263         0.3018744178          1.850293903          1.802420269                    0                    0                    0                    0         -2.736047962      9.594160874e-05                    0                    0                    0                    0                    0                    0                    0                    0                    0                    0                    0                    0                    0                    0                    0                    0
  "DRIFT_88"                            220              "drift"             69.08625          5.735415522         0.1732670705           4.60080827         0.2190197509           1.86026499          1.814764396                    0                    0                    0                    0         -2.736013063      9.594160874e-05                    0                    0                    0                    0                    0                    0                    0                    0                    0                    0                    0                    0                    0                    0                    0                    0
  "BR3.ONO8L1"                          221          "multipole"             69.08625          5.735415522         0.1732670705           4.60080827         0.2190197509           1.86026499          1.814764396                    0                    0                    0                    0         -2.736013063      9.594160874e-05                    0                    0                    0                    0                    0                    0                    0                    0                    0                    0                    0                    0                    0                    0                    0                    0
  "BR3.QNO8L1"                          222          "multipole"             69.08625          5.735415522         0.1732670705           4.60080827         0.2190197509           1.86026499          1.814764396                    0                    0                    0                    0         -2.736013063      9.594160874e-05                    0                    0                    0                    0                    0                    0                    0                    0                    0                    0                    0                    0                    0                    0                    0                    0
  "BR3.XNO8L1"                          223          "multipole"             69.08625          5.735415522         0.1732670705           4.60080827         0.2190197509           1.86026499          1.814764396                    0                    0                    0                    0         -2.736013063      9.594160874e-05                    0                    0                    0                    0                    0                    0                    0                    0                    0                    0                    0                    0                    0                    0                    0                    0
  "DRIFT_89"                            224              "drift"             69.59625          5.605394388        0.08167633018          4.436653563         0.1028522232          1.874599806          1.832768527                    0                    0                    0                    0         -2.735964133      9.594160874e-05                    0                    0                    0                    0                    0                    0                    0                    0                    0                    0                    0                    0                    0                    0                    0                    0
  "BR3.DHZ8L1"                          225            "hkicker"             69.59625          5.605394388        0.08167633018          4.436653563         0.1028522232          1.874599806          1.832768527                    0                    0                    0                    0         -2.735964133      9.594160874e-05                    0                    0                    0                    0                    0                    0                    0                    0                    0                    0                    0                    0                    0                    0                    0                    0
  "BR3.DVT8L1"                          226            "vkicker"             69.59625          5.605394388        0.08167633018          4.436653563         0.1028522232          1.874599806          1.832768527                    0                    0                    0                    0         -2.735964133      9.594160874e-05                    0                    0                    0                    0                    0                    0                    0                    0                    0                    0                    0                    0                    0                    0                    0                    0
  "DRIFT_90"                            227              "drift"             69.94025          5.570452998        0.01989747789          4.392845744        0.02449608687          1.884403843          1.845182714                    0                    0                    0                    0         -2.735931129      9.594160874e-05                    0                    0                    0                    0                    0                    0                    0                    0                    0                    0                    0                    0                    0                    0                    0                    0
  "BR3.BCTI8L1"                         228            "monitor"             70.46955          5.599703103       -0.07515934337          4.430728538       -0.09606758454           1.89950974          1.864323462                    0                    0                    0                    0         -2.735880347      9.594160874e-05                    0                    0                    0                    0                    0                    0                    0                    0                    0                    0                    0                    0                    0                    0                    0                    0
  "DRIFT_91"                            229              "drift"            70.565273           5.61573762       -0.09235020697          4.451207412        -0.1178713184          1.902226627          1.867754248                    0                    0                    0                    0         -2.735871164      9.594160874e-05                    0                    0                    0                    0                    0                    0                    0                    0                    0                    0                    0                    0                    0                    0                    0                    0
  "BR3.BCW8L1"                          230            "monitor"            70.905773          5.699449784        -0.1535004953          4.557886588        -0.1954302266          1.911811358          1.879797148                    0                    0                    0                    0         -2.735838495      9.594160874e-05                    0                    0                    0                    0                    0                    0                    0                    0                    0                    0                    0                    0                    0                    0                    0                    0
  "DRIFT_92"                            231              "drift"            71.041223          5.744327947        -0.1778259184          4.615007638        -0.2262829553          1.915579295          1.884498192                    0                    0                    0                    0           -2.7358255      9.594160874e-05                    0                    0                    0                    0                    0                    0                    0                    0                    0                    0                    0                    0                    0                    0                    0                    0
  "BR3.VVS8L1"                          232             "marker"            71.041223          5.744327947        -0.1778259184          4.615007638        -0.2262829553          1.915579295          1.884498192                    0                    0                    0                    0           -2.7358255      9.594160874e-05                    0                    0                    0                    0                    0                    0                    0                    0                    0                    0                    0                    0                    0                    0                    0                    0
  "DRIFT_93"                            233              "drift"            71.188223           5.80048952        -0.2042256024          4.686456913        -0.2597665368          1.919632817          1.889529736                    0                    0                    0                    0         -2.735811397      9.594160874e-05                    0                    0                    0                    0                    0                    0                    0                    0                    0                    0                    0                    0                    0                    0                    0                    0
  "BR3.BPP8L1"                          234            "monitor"            71.188223           5.80048952        -0.2042256024          4.686456913        -0.2597665368          1.919632817          1.889529736                    0                    0                    0                    0         -2.735811397      9.594160874e-05                    0                    0                    0                    0                    0                    0                    0                    0                    0                    0                    0                    0                    0                    0                    0                    0
  "DRIFT_94"                            235              "drift"            71.376501            5.8837581        -0.2380383895          4.792348026        -0.3026523991          1.924763027          1.895854401                    0                    0                    0                    0         -2.735793333      9.594160874e-05                    0                    0                    0                    0                    0                    0                    0                    0                    0                    0                    0                    0                    0                    0                    0                    0
  "BR.BHZ81"                            236              "sbend"            72.994197          7.112933312        -0.5266967498          6.174085741        -0.5357054768          1.964724737          1.943913625                    0                    0                    0                    0         -3.040221037        -0.3788972069                    0                    0                    0                    0                    0                    0                    0                    0                    0                    0                    0                    0                    0                    0                    0                    0
  "DRIFT_95"                            237              "drift"           72.9941995          7.112935946        -0.5266971988           6.17408842        -0.5357059979          1.964724792          1.943913689                    0                    0                    0                    0         -3.040221984        -0.3788972069                    0                    0                    0                    0                    0                    0                    0                    0                    0                    0                    0                    0                    0                    0                    0                    0
  "BR.STSCRAP81"                        238         "collimator"           72.9941995          7.112935946        -0.5266971988           6.17408842        -0.5357059979          1.964724792          1.943913689                    0                    0                    0                    0         -3.040221984        -0.3788972069                    0                    0                    0                    0                    0                    0                    0                    0                    0                    0                    0                    0                    0                    0                    0                    0
  "DRIFT_96"                            239              "drift"            73.360512          7.522905696         -0.592483146          6.594530688        -0.6120633749          1.972698059          1.953055503                    0                    0                    0                    0         -3.179016768        -0.3788972069                    0                    0                    0                    0                    0                    0                    0                    0                    0                    0                    0                    0                    0                    0                    0                    0
  "BR.QFO81"                            240         "quadrupole"            73.864082          6.777113809          1.980555995          8.650351121         -3.720340352          1.983586421          1.964007371                    0                    0                    0                    0          -3.07300403         0.7933985379                    0                    0                    0                    0                    0                    0         0.3691853877                    0                    0                    0                    0                    0                    0                    0                    0                    0
  "DRIFT_97"                            241              "drift"            74.190321          5.562152107           1.74359011          11.26039069         -4.280050687          1.992047325          1.969269258                    0                    0                    0                    0         -2.814166484         0.7933985379                    0                    0                    0                    0                    0                    0                    0                    0                    0                    0                    0                    0                    0                    0                    0                    0
  "BR3.BPM8L3"                          242            "monitor"            74.190321          5.562152107           1.74359011          11.26039069         -4.280050687          1.992047325          1.969269258                    0                    0                    0                    0         -2.814166484         0.7933985379                    0                    0                    0                    0                    0                    0                    0                    0                    0                    0                    0                    0                    0                    0                    0                    0
  "BR3.ONOH0.8L3"                       243          "multipole"            74.190321          5.562152107           1.74359011          11.26039069         -4.280050687          1.992047325          1.969269258                    0                    0                    0                    0         -2.814166484         0.7933985379                    0                    0                    0                    0                    0                    0                    0                    0                    0                    0                    0                    0                    0                    0                    0                    0
  "BR3.QNO8L3"                          244          "multipole"            74.190321          5.562152107           1.74359011          11.26039069         -4.280050687          1.992047325          1.969269258                    0                    0                    0                    0         -2.814166484         0.7933985379                    0                    0                    0                    0                    0                    0                    0                    0                    0                    0                    0                    0                    0                    0                    0                    0
  "BR3.XNOH0.8L3"                       245          "multipole"            74.190321          5.562152107           1.74359011          11.26039069         -4.280050687          1.992047325          1.969269258                    0                    0                    0                    0         -2.814166484         0.7933985379                    0                    0                    0                    0                    0                    0                    0                    0                    0                    0                    0                    0                    0                    0                    0                    0
  "DRIFT_98"                            246              "drift"            74.517827          4.497988813          1.505703932          14.24789565         -4.841934744          2.002475771          1.973384882                    0                    0                    0                    0         -2.554323703         0.7933985379                    0                    0                    0                    0                    0                    0                    0                    0                    0                    0                    0                    0                    0                    0                    0                    0
  "BR.QDE8"                             247         "quadrupole"            75.396767          4.498178034         -1.505958768          14.24912659          4.840811982          2.036892691          1.982297934                    0                    0                    0                    0         -2.554397304        -0.7935739221                    0                    0                    0                    0                    0                    0        -0.6506076853                    0                    0                    0                    0                    0                    0                    0                    0                    0
  "DRIFT_99"                            248              "drift"            75.693797            5.4569044         -1.721750103          11.52467935          4.331484567          2.046440186          1.985987292                    0                    0                    0                    0         -2.790112567        -0.7935739221                    0                    0                    0                    0                    0                    0                    0                    0                    0                    0                    0                    0                    0                    0                    0                    0
  "BR3.TSAA8L4"                         249         "collimator"            75.693797            5.4569044         -1.721750103          11.52467935          4.331484567          2.046440186          1.985987292                    0                    0                    0                    0         -2.790112567        -0.7935739221                    0                    0                    0                    0                    0                    0                    0                    0                    0                    0                    0                    0                    0                    0                    0                    0
  "DRIFT_100"                           250              "drift"            75.865797          6.070679116         -1.846707548          10.08537734          4.036550333          2.051197058          1.988526548                    0                    0                    0                    0         -2.926607281        -0.7935739221                    0                    0                    0                    0                    0                    0                    0                    0                    0                    0                    0                    0                    0                    0                    0                    0
  "BR3.TSAB8L4"                         251         "collimator"            75.865797          6.070679116         -1.846707548          10.08537734          4.036550333          2.051197058          1.988526548                    0                    0                    0                    0         -2.926607281        -0.7935739221                    0                    0                    0                    0                    0                    0                    0                    0                    0                    0                    0                    0                    0                    0                    0                    0
  "DRIFT_101"                           252              "drift"            76.051512          6.781658619         -1.981628895          8.645222731          3.718098524          2.055804301          1.991692189                    0                    0                    0                    0         -3.073985862        -0.7935739221                    0                    0                    0                    0                    0                    0                    0                    0                    0                    0                    0                    0                    0                    0                    0                    0
  "BR.QFO82"                            253         "quadrupole"            76.555082          7.527641555         0.5932004634          6.590690838          0.611589756          2.066685579          2.002650506                    0                    0                    0                    0         -3.179994345         0.3790892251                    0                    0                    0                    0                    0                    0         0.3691853877                    0                    0                    0                    0                    0                    0                    0                    0                    0
  "DRIFT_102"                           254              "drift"              76.9223           7.11619128         0.5272518978          6.169630938         0.5350313225          2.074674225          2.011820929                    0                    0                    0                    0         -3.040785958         0.3790892251                    0                    0                    0                    0                    0                    0                    0                    0                    0                    0                    0                    0                    0                    0                    0                    0
  "BR.STSCRAP82"                        255         "collimator"              76.9223           7.11619128         0.5272518978          6.169630938         0.5350313225          2.074674225          2.011820929                    0                    0                    0                    0         -3.040785958         0.3790892251                    0                    0                    0                    0                    0                    0                    0                    0                    0                    0                    0                    0                    0                    0                    0                    0
  "DRIFT_103"                           256              "drift"           76.9223045          7.116186535         0.5272510897          6.169626123         0.5350303844          2.074674326          2.011821045                    0                    0                    0                    0         -3.040784252         0.3790892251                    0                    0                    0                    0                    0                    0                    0                    0                    0                    0                    0                    0                    0                    0                    0                    0
  "BR.BHZ82"                            257              "sbend"           78.5400005          5.885229318         0.2385927293          4.790283212         0.3018744639          2.114621601          2.059908871                    0                    0                    0                    0         -2.736047913      9.607665561e-05                    0                    0                    0                    0                    0                    0                    0                    0                    0                    0                    0                    0                    0                    0                    0                    0
  "DRIFT_104"                           258              "drift"               78.924          5.728471849         0.1696303793          4.592031288         0.2144072596          2.125154958          2.072954174                    0                    0                    0                    0          -2.73601102      9.607665561e-05                    0                    0                    0                    0                    0                    0                    0                    0                    0                    0                    0                    0                    0                    0                    0                    0
  "BR3.DHZ9L1"                          259            "hkicker"               78.924          5.728471849         0.1696303793          4.592031288         0.2144072596          2.125154958          2.072954174                    0                    0                    0                    0          -2.73601102      9.607665561e-05                    0                    0                    0                    0                    0                    0                    0                    0                    0                    0                    0                    0                    0                    0                    0                    0
  "BR3.DVT9L1"                          260            "vkicker"               78.924          5.728471849         0.1696303793          4.592031288         0.2144072596          2.125154958          2.072954174                    0                    0                    0                    0          -2.73601102      9.607665561e-05                    0                    0                    0                    0                    0                    0                    0                    0                    0                    0                    0                    0                    0                    0                    0                    0
  "DRIFT_105"                           261              "drift"              79.4089          5.606190873        0.08254734016          4.437656463         0.1039569925          2.138789808          2.090083166                    0                    0                    0                    0         -2.735964432      9.607665561e-05                    0                    0                    0                    0                    0                    0                    0                    0                    0                    0                    0                    0                    0                    0                    0                    0
  "BR3.BCTDC9L1"                        262            "monitor"              79.7289          5.571750559        0.02507864036          4.394448606        0.03106756074          2.147907353          2.101626251                    0                    0                    0                    0         -2.735933688      9.607665561e-05                    0                    0                    0                    0                    0                    0                    0                    0                    0                    0                    0                    0                    0                    0                    0                    0
  "DRIFT_106"                           263              "drift"               80.634          5.673474155        -0.1374679852          4.524808421        -0.1750956415           2.17364034           2.13415689                    0                    0                    0                    0         -2.735846729      9.607665561e-05                    0                    0                    0                    0                    0                    0                    0                    0                    0                    0                    0                    0                    0                    0                    0                    0
  "BR3.ONO9L1"                          264          "multipole"               80.634          5.673474155        -0.1374679852          4.524808421        -0.1750956415           2.17364034           2.13415689                    0                    0                    0                    0         -2.735846729      9.607665561e-05                    0                    0                    0                    0                    0                    0                    0                    0                    0                    0                    0                    0                    0                    0                    0                    0
  "BR3.OSK9L1"                          265          "multipole"               80.634          5.673474155        -0.1374679852          4.524808421        -0.1750956415           2.17364034           2.13415689                    0                    0                    0                    0         -2.735846729      9.607665561e-05                    0                    0                    0                    0                    0                    0                    0                    0                    0                    0                    0                    0                    0                    0                    0                    0
  "BR3.XNO9L1"                          266          "multipole"               80.634          5.673474155        -0.1374679852          4.524808421        -0.1750956415           2.17364034           2.13415689                    0                    0                    0                    0         -2.735846729      9.607665561e-05                    0                    0                    0                    0                    0                    0                    0                    0                    0                    0                    0                    0                    0                    0                    0                    0
  "BR3.XSK9L1"                          267          "multipole"               80.634          5.673474155        -0.1374679852          4.524808421        -0.1750956415           2.17364034           2.13415689                    0                    0                    0                    0         -2.735846729      9.607665561e-05                    0                    0                    0                    0                    0                    0                    0                    0                    0                    0                    0                    0                    0                    0                    0                    0
  "DRIFT_107"                           268              "drift"            81.194001            5.8837581        -0.2380383895          4.792347788        -0.3026523749          2.189090726          2.153343006                    0                    0                    0                    0         -2.735792926      9.607665561e-05                    0                    0                    0                    0                    0                    0                    0                    0                    0                    0                    0                    0                    0                    0                    0                    0
  "BR.BHZ91"                            269              "sbend"            82.811697          7.112933312        -0.5266967498          6.174085457        -0.5357054727          2.229052435          2.201402232                    0                    0                    0                    0         -3.040220413        -0.3788970718                    0                    0                    0                    0                    0                    0                    0                    0                    0                    0                    0                    0                    0                    0                    0                    0
  "DRIFT_108"                           270              "drift"           82.8116995          7.112935946        -0.5266971988          6.174088136        -0.5357059938          2.229052491          2.201402297                    0                    0                    0                    0          -3.04022136        -0.3788970718                    0                    0                    0                    0                    0                    0                    0                    0                    0                    0                    0                    0                    0                    0                    0                    0
  "BR.STSCRAP91"                        271         "collimator"           82.8116995          7.112935946        -0.5266971988          6.174088136        -0.5357059938          2.229052491          2.201402297                    0                    0                    0                    0          -3.04022136        -0.3788970718                    0                    0                    0                    0                    0                    0                    0                    0                    0                    0                    0                    0                    0                    0                    0                    0
  "DRIFT_109"                           272              "drift"            83.178012          7.522905696         -0.592483146          6.594530402         -0.612063374          2.237025758           2.21054411                    0                    0                    0                    0         -3.179016094        -0.3788970718                    0                    0                    0                    0                    0                    0                    0                    0                    0                    0                    0                    0                    0                    0                    0                    0
  "BR.QFO91"                            273         "quadrupole"            83.681582          6.777113809          1.980555995           8.65035078         -3.720340237           2.24791412          2.221495979                    0                    0                    0                    0         -3.073003352         0.7933984194                    0                    0                    0                    0                    0                    0         0.3691853877                    0                    0                    0                    0                    0                    0                    0                    0                    0
  "DRIFT_110"                           274              "drift"            84.007826          5.562134671          1.743586479          11.26043307         -4.280059139          2.256375167          2.226757937                    0                    0                    0                    0         -2.814161878         0.7933984194                    0                    0                    0                    0                    0                    0                    0                    0                    0                    0                    0                    0                    0                    0                    0                    0
  "BR3.BPM9L3"                          275            "monitor"            84.007826          5.562134671          1.743586479          11.26043307         -4.280059139          2.256375167          2.226757937                    0                    0                    0                    0         -2.814161878         0.7933984194                    0                    0                    0                    0                    0                    0                    0                    0                    0                    0                    0                    0                    0                    0                    0                    0
  "BR3.ONOH0.9L3"                       276          "multipole"            84.007826          5.562134671          1.743586479          11.26043307         -4.280059139          2.256375167          2.226757937                    0                    0                    0                    0         -2.814161878         0.7933984194                    0                    0                    0                    0                    0                    0                    0                    0                    0                    0                    0                    0                    0                    0                    0                    0
  "BR3.QSKH0.9L3"                       277          "multipole"            84.007826          5.562134671          1.743586479          11.26043307         -4.280059139          2.256375167          2.226757937                    0                    0                    0                    0         -2.814161878         0.7933984194                    0                    0                    0                    0                    0                    0                    0                    0                    0                    0                    0                    0                    0                    0                    0                    0
  "BR3.XNOH0.9L3"                       278          "multipole"            84.007826          5.562134671          1.743586479          11.26043307         -4.280059139          2.256375167          2.226757937                    0                    0                    0                    0         -2.814161878         0.7933984194                    0                    0                    0                    0                    0                    0                    0                    0                    0                    0                    0                    0                    0                    0                    0                    0
  "DRIFT_111"                           279              "drift"            84.335327          4.497988813          1.505703932          14.24789515         -4.841934608           2.26680347          2.230873491                    0                    0                    0                    0         -2.554323102         0.7933984194                    0                    0                    0                    0                    0                    0                    0                    0                    0                    0                    0                    0                    0                    0                    0                    0
  "BR.QDE9"                             280         "quadrupole"            85.214267          4.498178034         -1.505958768          14.24912615          4.840811791          2.301220389          2.239786543                    0                    0                    0                    0         -2.554396638         -0.793573647                    0                    0                    0                    0                    0                    0        -0.6506076853                    0                    0                    0                    0                    0                    0                    0                    0                    0
  "DRIFT_112"                           281              "drift"            85.541826          5.562708128         -1.743929323           11.2618054          4.279135289          2.311649783          2.243902397                    0                    0                    0                    0         -2.814338828         -0.793573647                    0                    0                    0                    0                    0                    0                    0                    0                    0                    0                    0                    0                    0                    0                    0                    0
  "BR3.DSHAH9L4"                        282            "hkicker"            85.541826          5.562708128         -1.743929323           11.2618054          4.279135289          2.311649783          2.243902397                    0                    0                    0                    0         -2.814338828         -0.793573647                    0                    0                    0                    0                    0                    0                    0                    0                    0                    0                    0                    0                    0                    0                    0                    0
  "BR3.DSHAV9L4"                        283            "vkicker"            85.541826          5.562708128         -1.743929323           11.2618054          4.279135289          2.311649783          2.243902397                    0                    0                    0                    0         -2.814338828         -0.793573647                    0                    0                    0                    0                    0                    0                    0                    0                    0                    0                    0                    0                    0                    0                    0                    0
  "DRIFT_113"                           284              "drift"            85.869012          6.781658619         -1.981628895          8.645222503          3.718098383             2.320132          2.249180798                    0                    0                    0                    0         -3.073985015         -0.793573647                    0                    0                    0                    0                    0                    0                    0                    0                    0                    0                    0                    0                    0                    0                    0                    0
  "BR.QFO92"                            285         "quadrupole"            86.372582          7.527641555         0.5932004634          6.590690704         0.6115896975          2.331013277          2.260139115                    0                    0                    0                    0         -3.179993442         0.3790891721                    0                    0                    0                    0                    0                    0         0.3691853877                    0                    0                    0                    0                    0                    0                    0                    0                    0
  "DRIFT_114"                           286              "drift"            86.739799          7.116192335         0.5272520774          6.169631917         0.5350314749          2.339001901          2.269309513                    0                    0                    0                    0         -3.040785453         0.3790891721                    0                    0                    0                    0                    0                    0                    0                    0                    0                    0                    0                    0                    0                    0                    0                    0
  "BR.STSCRAP92"                        287         "collimator"            86.739799          7.116192335         0.5272520774          6.169631917         0.5350314749          2.339001901          2.269309513                    0                    0                    0                    0         -3.040785453         0.3790891721                    0                    0                    0                    0                    0                    0                    0                    0                    0                    0                    0                    0                    0                    0                    0                    0
  "DRIFT_115"                           288              "drift"            86.739804          7.116187062         0.5272511794          6.169626567         0.5350304325          2.339002013          2.269309642                    0                    0                    0                    0         -3.040783558         0.3790891721                    0                    0                    0                    0                    0                    0                    0                    0                    0                    0                    0                    0                    0                    0                    0                    0
  "BR.BHZ92"                            289              "sbend"              88.3575          5.885229557         0.2385928191           4.79028347         0.3018745289          2.378949286          2.317397465                    0                    0                    0                    0         -2.736047304      9.602367107e-05                    0                    0                    0                    0                    0                    0                    0                    0                    0                    0                    0                    0                    0                    0                    0                    0
  "DRIFT_116"                           290              "drift"            91.011501            5.8837581        -0.2380383895          4.792347975         -0.302652413          2.453418424          2.410831615                    0                    0                    0                    0         -2.735792457      9.602367107e-05                    0                    0                    0                    0                    0                    0                    0                    0                    0                    0                    0                    0                    0                    0                    0                    0
  "BR.BHZ101"                           291              "sbend"            92.629197          7.112933312        -0.5266967498          6.174085747        -0.5357054975          2.493380133          2.458890839                    0                    0                    0                    0         -3.040220029        -0.3788971248                    0                    0                    0                    0                    0                    0                    0                    0                    0                    0                    0                    0                    0                    0                    0                    0
  "DRIFT_117"                           292              "drift"           92.6291995          7.112935946        -0.5266971988          6.174088426        -0.5357060186          2.493380189          2.458890903                    0                    0                    0                    0         -3.040220977        -0.3788971248                    0                    0                    0                    0                    0                    0                    0                    0                    0                    0                    0                    0                    0                    0                    0                    0
  "BR.STSCRAP101"                       293         "collimator"           92.6291995          7.112935946        -0.5266971988          6.174088426        -0.5357060186          2.493380189          2.458890903                    0                    0                    0                    0         -3.040220977        -0.3788971248                    0                    0                    0                    0                    0                    0                    0                    0                    0                    0                    0                    0                    0                    0                    0                    0
  "DRIFT_118"                           294              "drift"            92.995512          7.522905696         -0.592483146           6.59453071        -0.6120633968          2.501353456          2.468032716                    0                    0                    0                    0          -3.17901573        -0.3788971248                    0                    0                    0                    0                    0                    0                    0                    0                    0                    0                    0                    0                    0                    0                    0                    0
  "BR.QFO101"                           295         "quadrupole"            93.499082          6.777113809          1.980555995          8.650351172         -3.720340393          2.512241818          2.478984585                    0                    0                    0                    0         -3.073003047          0.793398241                    0                    0                    0                    0                    0                    0         0.3691853877                    0                    0                    0                    0                    0                    0                    0                    0                    0
  "DRIFT_119"                           296              "drift"             93.82532          5.562155595          1.743590837          11.26038221         -4.280049021          2.520702694          2.484246458                    0                    0                    0                    0         -2.814166391          0.793398241                    0                    0                    0                    0                    0                    0                    0                    0                    0                    0                    0                    0                    0                    0                    0                    0
  "BR3.BPM10L3"                         297            "monitor"             93.82532          5.562155595          1.743590837          11.26038221         -4.280049021          2.520702694          2.484246458                    0                    0                    0                    0         -2.814166391          0.793398241                    0                    0                    0                    0                    0                    0                    0                    0                    0                    0                    0                    0                    0                    0                    0                    0
  "BR3.ONOH0.10L3"                      298          "multipole"             93.82532          5.562155595          1.743590837          11.26038221         -4.280049021          2.520702694          2.484246458                    0                    0                    0                    0         -2.814166391          0.793398241                    0                    0                    0                    0                    0                    0                    0                    0                    0                    0                    0                    0                    0                    0                    0                    0
  "BR3.QSK10L3"                         299          "multipole"             93.82532          5.562155595          1.743590837          11.26038221         -4.280049021          2.520702694          2.484246458                    0                    0                    0                    0         -2.814166391          0.793398241                    0                    0                    0                    0                    0                    0                    0                    0                    0                    0                    0                    0                    0                    0                    0                    0
  "BR3.XNOH0.10L3"                      300          "multipole"             93.82532          5.562155595          1.743590837          11.26038221         -4.280049021          2.520702694          2.484246458                    0                    0                    0                    0         -2.814166391          0.793398241                    0                    0                    0                    0                    0                    0                    0                    0                    0                    0                    0                    0                    0                    0                    0                    0
  "DRIFT_120"                           301              "drift"            94.152827          4.497988813          1.505703932          14.24789577         -4.841934802          2.531131168          2.488362096                    0                    0                    0                    0         -2.554322914          0.793398241                    0                    0                    0                    0                    0                    0                    0                    0                    0                    0                    0                    0                    0                    0                    0                    0
  "BR.QDE10"                            302         "quadrupole"            95.031767          4.498178034         -1.505958768          14.24912674          4.840812014          2.565548087          2.497275148                    0                    0                    0                    0         -2.554396565        -0.7935737444                    0                    0                    0                    0                    0                    0        -0.6506076853                    0                    0                    0                    0                    0                    0                    0                    0                    0
  "DRIFT_121"                           303              "drift"             95.35932          5.562687201         -1.743924964           11.2618572          4.279145774           2.57597731          2.501390917                    0                    0                    0                    0         -2.814334026        -0.7935737444                    0                    0                    0                    0                    0                    0                    0                    0                    0                    0                    0                    0                    0                    0                    0                    0
  "BR3.DHZ10L4"                         304            "hkicker"             95.35932          5.562687201         -1.743924964           11.2618572          4.279145774           2.57597731          2.501390917                    0                    0                    0                    0         -2.814334026        -0.7935737444                    0                    0                    0                    0                    0                    0                    0                    0                    0                    0                    0                    0                    0                    0                    0                    0
  "BR3.DVT10L4"                         305            "vkicker"             95.35932          5.562687201         -1.743924964           11.2618572          4.279145774           2.57597731          2.501390917                    0                    0                    0                    0         -2.814334026        -0.7935737444                    0                    0                    0                    0                    0                    0                    0                    0                    0                    0                    0                    0                    0                    0                    0                    0
  "DRIFT_122"                           306              "drift"            95.686512          6.781658619         -1.981628895          8.645222837          3.718098553          2.584459698          2.506669402                    0                    0                    0                    0         -3.073985007        -0.7935737444                    0                    0                    0                    0                    0                    0                    0                    0                    0                    0                    0                    0                    0                    0                    0                    0
  "BR.QFO102"                           307         "quadrupole"            96.190082          7.527641555         0.5932004634          6.590690932         0.6115897505          2.595340976          2.517627719                    0                    0                    0                    0         -3.179993482         0.3790890805                    0                    0                    0                    0                    0                    0         0.3691853877                    0                    0                    0                    0                    0                    0                    0                    0                    0
  "DRIFT_123"                           308              "drift"              96.5573           7.11619128         0.5272518978          6.169631036         0.5350313185          2.603329622          2.526798142                    0                    0                    0                    0         -3.040785148         0.3790890805                    0                    0                    0                    0                    0                    0                    0                    0                    0                    0                    0                    0                    0                    0                    0                    0
  "BR.STSCRAP102"                       309         "collimator"              96.5573           7.11619128         0.5272518978          6.169631036         0.5350313185          2.603329622          2.526798142                    0                    0                    0                    0         -3.040785148         0.3790890805                    0                    0                    0                    0                    0                    0                    0                    0                    0                    0                    0                    0                    0                    0                    0                    0
  "DRIFT_124"                           310              "drift"           96.5573045          7.116186535         0.5272510897          6.169626221         0.5350303803          2.603329723          2.526798258                    0                    0                    0                    0         -3.040783442         0.3790890805                    0                    0                    0                    0                    0                    0                    0                    0                    0                    0                    0                    0                    0                    0                    0                    0
  "BR.BHZ102"                           311              "sbend"           98.1750005          5.885229318         0.2385927293          4.790283309         0.3018744686          2.643276998          2.574886083                    0                    0                    0                    0         -2.736047335      9.593204486e-05                    0                    0                    0                    0                    0                    0                    0                    0                    0                    0                    0                    0                    0                    0                    0                    0
  "DRIFT_125"                           312              "drift"               98.471          5.759717538         0.1854342718          4.631530984         0.2344518593          2.651371984          2.584894249                    0                    0                    0                    0         -2.736018939      9.593204486e-05                    0                    0                    0                    0                    0                    0                    0                    0                    0                    0                    0                    0                    0                    0                    0                    0
  "BE3.DHZ11L1"                         313            "hkicker"               98.471          5.759717538         0.1854342718          4.631530984         0.2344518593          2.651371984          2.584894249                    0                    0                    0                    0         -2.736018939      9.593204486e-05                    0                    0                    0                    0                    0                    0                    0                    0                    0                    0                    0                    0                    0                    0                    0                    0
  "BE3.DVT11L1"                         314            "vkicker"               98.471          5.759717538         0.1854342718          4.631530984         0.2344518593          2.651371984          2.584894249                    0                    0                    0                    0         -2.736018939      9.593204486e-05                    0                    0                    0                    0                    0                    0                    0                    0                    0                    0                    0                    0                    0                    0                    0                    0
  "DRIFT_126"                           315              "drift"               99.638          5.571495167       -0.02414689281          4.394530699       -0.03136678259          2.684395653          2.626536972                    0                    0                    0                    0         -2.735906986      9.593204486e-05                    0                    0                    0                    0                    0                    0                    0                    0                    0                    0                    0                    0                    0                    0                    0                    0
  "BR3.ONO11L1"                         316          "multipole"               99.638          5.571495167       -0.02414689281          4.394530699       -0.03136678259          2.684395653          2.626536972                    0                    0                    0                    0         -2.735906986      9.593204486e-05                    0                    0                    0                    0                    0                    0                    0                    0                    0                    0                    0                    0                    0                    0                    0                    0
  "BR3.QNO11L1"                         317          "multipole"               99.638          5.571495167       -0.02414689281          4.394530699       -0.03136678259          2.684395653          2.626536972                    0                    0                    0                    0         -2.735906986      9.593204486e-05                    0                    0                    0                    0                    0                    0                    0                    0                    0                    0                    0                    0                    0                    0                    0                    0
  "BR3.XNO11L1"                         318          "multipole"               99.638          5.571495167       -0.02414689281          4.394530699       -0.03136678259          2.684395653          2.626536972                    0                    0                    0                    0         -2.735906986      9.593204486e-05                    0                    0                    0                    0                    0                    0                    0                    0                    0                    0                    0                    0                    0                    0                    0                    0
  "DRIFT_127"                           319              "drift"           100.338677          5.693502756        -0.1499812558            4.5503146        -0.1909666185          2.704246956          2.651578127                    0                    0                    0                    0         -2.735839769      9.593204486e-05                    0                    0                    0                    0                    0                    0                    0                    0                    0                    0                    0                    0                    0                    0                    0                    0
  "BR3.BWSV11L1"                        320            "monitor"           100.338677          5.693502756        -0.1499812558            4.5503146        -0.1909666185          2.704246956          2.651578127                    0                    0                    0                    0         -2.735839769      9.593204486e-05                    0                    0                    0                    0                    0                    0                    0                    0                    0                    0                    0                    0                    0                    0                    0                    0
  "DRIFT_128"                           321              "drift"           100.829001            5.8837581        -0.2380383895          4.792347832        -0.3026523595          2.717746123          2.668320217                    0                    0                    0                    0         -2.735792731      9.593204486e-05                    0                    0                    0                    0                    0                    0                    0                    0                    0                    0                    0                    0                    0                    0                    0                    0
  "BR.BHZ111"                           322              "sbend"           102.446697          7.112933312        -0.5266967498          6.174085439        -0.5357054512          2.757707832          2.716379443                    0                    0                    0                    0         -3.040220451        -0.3788972164                    0                    0                    0                    0                    0                    0                    0                    0                    0                    0                    0                    0                    0                    0                    0                    0
  "DRIFT_129"                           323              "drift"          102.4466995          7.112935946        -0.5266971988          6.174088118        -0.5357059723          2.757707888          2.716379507                    0                    0                    0                    0         -3.040221398        -0.3788972164                    0                    0                    0                    0                    0                    0                    0                    0                    0                    0                    0                    0                    0                    0                    0                    0
  "BR.STSCRAP111"                       324         "collimator"          102.4466995          7.112935946        -0.5266971988          6.174088118        -0.5357059723          2.757707888          2.716379507                    0                    0                    0                    0         -3.040221398        -0.3788972164                    0                    0                    0                    0                    0                    0                    0                    0                    0                    0                    0                    0                    0                    0                    0                    0
  "DRIFT_130"                           325              "drift"             102.4787          7.146828999        -0.5324441586          6.208587294        -0.5423764362          2.758422215          2.717202121                    0                    0                    0                    0         -3.052346298        -0.3788972164                    0                    0                    0                    0                    0                    0                    0                    0                    0                    0                    0                    0                    0                    0                    0                    0
  "BR3.BPP11L2"                         326            "monitor"             102.4787          7.146828999        -0.5324441586          6.208587294        -0.5423764362          2.758422215          2.717202121                    0                    0                    0                    0         -3.052346298        -0.3788972164                    0                    0                    0                    0                    0                    0                    0                    0                    0                    0                    0                    0                    0                    0                    0                    0
  "DRIFT_131"                           327              "drift"           102.813012          7.522905696         -0.592483146          6.594530368        -0.6120633514          2.765681154          2.725521321                    0                    0                    0                    0         -3.179016185        -0.3788972164                    0                    0                    0                    0                    0                    0                    0                    0                    0                    0                    0                    0                    0                    0                    0                    0
  "BR.QFO111"                           328         "quadrupole"           103.316582          6.777113809          1.980555995          8.650350713         -3.720340189          2.776569517           2.73647319                    0                    0                    0                    0         -3.073003505         0.7933983206                    0                    0                    0                    0                    0                    0         0.3691853877                    0                    0                    0                    0                    0                    0                    0                    0                    0
  "DRIFT_132"                           329              "drift"           103.642825          5.562138159          1.743587205          11.26042441         -4.280057367          2.785030535          2.741735134                    0                    0                    0                    0         -2.814162857         0.7933983206                    0                    0                    0                    0                    0                    0                    0                    0                    0                    0                    0                    0                    0                    0                    0                    0
  "BR3.BPM11L3"                         330            "monitor"           103.642825          5.562138159          1.743587205          11.26042441         -4.280057367          2.785030535          2.741735134                    0                    0                    0                    0         -2.814162857         0.7933983206                    0                    0                    0                    0                    0                    0                    0                    0                    0                    0                    0                    0                    0                    0                    0                    0
  "BR3.ONOH0.11L3"                      331          "multipole"           103.642825          5.562138159          1.743587205          11.26042441         -4.280057367          2.785030535          2.741735134                    0                    0                    0                    0         -2.814162857         0.7933983206                    0                    0                    0                    0                    0                    0                    0                    0                    0                    0                    0                    0                    0                    0                    0                    0
  "BR3.QSKH0.11L3"                      332          "multipole"           103.642825          5.562138159          1.743587205          11.26042441         -4.280057367          2.785030535          2.741735134                    0                    0                    0                    0         -2.814162857         0.7933983206                    0                    0                    0                    0                    0                    0                    0                    0                    0                    0                    0                    0                    0                    0                    0                    0
  "BR3.XNOH0.11L3"                      333          "multipole"           103.642825          5.562138159          1.743587205          11.26042441         -4.280057367          2.785030535          2.741735134                    0                    0                    0                    0         -2.814162857         0.7933983206                    0                    0                    0                    0                    0                    0                    0                    0                    0                    0                    0                    0                    0                    0                    0                    0
  "DRIFT_133"                           334              "drift"           103.970327          4.497988813          1.505703932          14.24789501         -4.841934543          2.795458867          2.745850701                    0                    0                    0                    0          -2.55432332         0.7933983206                    0                    0                    0                    0                    0                    0                    0                    0                    0                    0                    0                    0                    0                    0                    0                    0
  "BR.QDE11"                            335         "quadrupole"           104.849267          4.498178034         -1.505958768          14.24912598          4.840811751          2.829875786          2.754763754                    0                    0                    0                    0         -2.554397016         -0.793573931                    0                    0                    0                    0                    0                    0        -0.6506076853                    0                    0                    0                    0                    0                    0                    0                    0                    0
  "DRIFT_134"                           336              "drift"           105.176825           5.56270464         -1.743928597          11.26181382          4.279136966          2.840305151          2.758879594                    0                    0                    0                    0         -2.814338506         -0.793573931                    0                    0                    0                    0                    0                    0                    0                    0                    0                    0                    0                    0                    0                    0                    0                    0
  "BR3.DHZ11L4"                         337            "hkicker"           105.176825           5.56270464         -1.743928597          11.26181382          4.279136966          2.840305151          2.758879594                    0                    0                    0                    0         -2.814338506         -0.793573931                    0                    0                    0                    0                    0                    0                    0                    0                    0                    0                    0                    0                    0                    0                    0                    0
  "BR3.DVT11L4"                         338            "vkicker"           105.176825           5.56270464         -1.743928597          11.26181382          4.279136966          2.840305151          2.758879594                    0                    0                    0                    0         -2.814338506         -0.793573931                    0                    0                    0                    0                    0                    0                    0                    0                    0                    0                    0                    0                    0                    0                    0                    0
  "BR3.OSK11L4"                         339          "multipole"           105.176825           5.56270464         -1.743928597          11.26181382          4.279136966          2.840305151          2.758879594                    0                    0                    0                    0         -2.814338506         -0.793573931                    0                    0                    0                    0                    0                    0                    0                    0                    0                    0                    0                    0                    0                    0                    0                    0
  "BR3.XSK11L4"                         340          "multipole"           105.176825           5.56270464         -1.743928597          11.26181382          4.279136966          2.840305151          2.758879594                    0                    0                    0                    0         -2.814338506         -0.793573931                    0                    0                    0                    0                    0                    0                    0                    0                    0                    0                    0                    0                    0                    0                    0                    0
  "DRIFT_135"                           341              "drift"           105.504012          6.781658619         -1.981628895          8.645222385          3.718098347          2.848787397          2.764158009                    0                    0                    0                    0          -3.07398558         -0.793573931                    0                    0                    0                    0                    0                    0                    0                    0                    0                    0                    0                    0                    0                    0                    0                    0
  "BR.QFO112"                           342         "quadrupole"           106.007582          7.527641555         0.5932004634          6.590690602         0.6115897008          2.859668674          2.775116327                    0                    0                    0                    0         -3.179994094         0.3790891161                    0                    0                    0                    0                    0                    0         0.3691853877                    0                    0                    0                    0                    0                    0                    0                    0                    0
  "DRIFT_136"                           343              "drift"             106.3748           7.11619128         0.5272518978          6.169630743         0.5350312684          2.867657321           2.78428675                    0                    0                    0                    0         -3.040785746         0.3790891161                    0                    0                    0                    0                    0                    0                    0                    0                    0                    0                    0                    0                    0                    0                    0                    0
  "BR.STSCRAP112"                       344         "collimator"             106.3748           7.11619128         0.5272518978          6.169630743         0.5350312684          2.867657321           2.78428675                    0                    0                    0                    0         -3.040785746         0.3790891161                    0                    0                    0                    0                    0                    0                    0                    0                    0                    0                    0                    0                    0                    0                    0                    0
  "DRIFT_137"                           345              "drift"           106.374804          7.116187062         0.5272511794          6.169626463         0.5350304345           2.86765741          2.784286853                    0                    0                    0                    0          -3.04078423         0.3790891161                    0                    0                    0                    0                    0                    0                    0                    0                    0                    0                    0                    0                    0                    0                    0                    0
  "BR.BHZ112"                           346              "sbend"             107.9925          5.885229557         0.2385928191          4.790283373         0.3018745223          2.907604683          2.832374677                    0                    0                    0                    0         -2.736048066      9.596761034e-05                    0                    0                    0                    0                    0                    0                    0                    0                    0                    0                    0                    0                    0                    0                    0                    0
  "DRIFT_138"                           347              "drift"             108.2915          5.758606549         0.1848955027          4.630126121         0.2337684595          2.915782587          2.842485965                    0                    0                    0                    0         -2.736019372      9.596761034e-05                    0                    0                    0                    0                    0                    0                    0                    0                    0                    0                    0                    0                    0                    0                    0                    0
  "BR3.KQM12L1"                         348             "kicker"             109.5215          5.575464849       -0.03599981215          4.399663277       -0.04640029356          2.950608076          2.886414574                    0                    0                    0                    0         -2.735901332      9.596761034e-05                    0                    0                    0                    0                    0                    0                    0                    0                    0                    0                    0                    0                    0                    0                    0                    0
  "DRIFT_139"                           349              "drift"             110.0865          5.673474155        -0.1374679852          4.524808511        -0.1750956964          2.966623435          2.906622713                    0                    0                    0                    0          -2.73584711      9.596761034e-05                    0                    0                    0                    0                    0                    0                    0                    0                    0                    0                    0                    0                    0                    0                    0                    0
  "BR3.ONO12L1"                         350          "multipole"             110.0865          5.673474155        -0.1374679852          4.524808511        -0.1750956964          2.966623435          2.906622713                    0                    0                    0                    0          -2.73584711      9.596761034e-05                    0                    0                    0                    0                    0                    0                    0                    0                    0                    0                    0                    0                    0                    0                    0                    0
  "BR3.OSK12L1"                         351          "multipole"             110.0865          5.673474155        -0.1374679852          4.524808511        -0.1750956964          2.966623435          2.906622713                    0                    0                    0                    0          -2.73584711      9.596761034e-05                    0                    0                    0                    0                    0                    0                    0                    0                    0                    0                    0                    0                    0                    0                    0                    0
  "BR3.XNO12L1"                         352          "multipole"             110.0865          5.673474155        -0.1374679852          4.524808511        -0.1750956964          2.966623435          2.906622713                    0                    0                    0                    0          -2.73584711      9.596761034e-05                    0                    0                    0                    0                    0                    0                    0                    0                    0                    0                    0                    0                    0                    0                    0                    0
  "BR3.XSK12L1"                         353          "multipole"             110.0865          5.673474155        -0.1374679852          4.524808511        -0.1750956964          2.966623435          2.906622713                    0                    0                    0                    0          -2.73584711      9.596761034e-05                    0                    0                    0                    0                    0                    0                    0                    0                    0                    0                    0                    0                    0                    0                    0                    0
  "DRIFT_140"                           354              "drift"           110.646501            5.8837581        -0.2380383895           4.79234794        -0.3026524296          2.982073821          2.925808828                    0                    0                    0                    0         -2.735793368      9.596761034e-05                    0                    0                    0                    0                    0                    0                    0                    0                    0                    0                    0                    0                    0                    0                    0                    0
  "BR.BHZ121"                           355              "sbend"           112.264197          7.112933312        -0.5266967498          6.174085776        -0.5357055196           3.02203553          2.973868053                    0                    0                    0                    0          -3.04022103        -0.3788971809                    0                    0                    0                    0                    0                    0                    0                    0                    0                    0                    0                    0                    0                    0                    0                    0
  "DRIFT_141"                           356              "drift"          112.2641995          7.112935946        -0.5266971988          6.174088455        -0.5357060408          3.022035586          2.973868117                    0                    0                    0                    0         -3.040221978        -0.3788971809                    0                    0                    0                    0                    0                    0                    0                    0                    0                    0                    0                    0                    0                    0                    0                    0
  "BR.STSCRAP121"                       357         "collimator"          112.2641995          7.112935946        -0.5266971988          6.174088455        -0.5357060408          3.022035586          2.973868117                    0                    0                    0                    0         -3.040221978        -0.3788971809                    0                    0                    0                    0                    0                    0                    0                    0                    0                    0                    0                    0                    0                    0                    0                    0
  "DRIFT_142"                           358              "drift"           112.630512          7.522905696         -0.592483146          6.594530755          -0.61206342          3.030008853           2.98300993                    0                    0                    0                    0         -3.179016751        -0.3788971809                    0                    0                    0                    0                    0                    0                    0                    0                    0                    0                    0                    0                    0                    0                    0                    0
  "BR.QFO121"                           359         "quadrupole"           113.134082          6.777113809          1.980555995          8.650351254         -3.720340446          3.040897215          2.993961798                    0                    0                    0                    0         -3.073004002         0.7933985557                    0                    0                    0                    0                    0                    0         0.3691853877                    0                    0                    0                    0                    0                    0                    0                    0                    0
  "DRIFT_143"                           360              "drift"            113.46033          5.562120723          1.743583573          11.26046793          -4.28006624          3.049358377          2.999223813                    0                    0                    0                    0          -2.81415931         0.7933985557                    0                    0                    0                    0                    0                    0                    0                    0                    0                    0                    0                    0                    0                    0                    0                    0
  "BR3.BPM12L3"                         361            "monitor"            113.46033          5.562120723          1.743583573          11.26046793          -4.28006624          3.049358377          2.999223813                    0                    0                    0                    0          -2.81415931         0.7933985557                    0                    0                    0                    0                    0                    0                    0                    0                    0                    0                    0                    0                    0                    0                    0                    0
  "BR3.ONOH0.12L3"                      362          "multipole"            113.46033          5.562120723          1.743583573          11.26046793          -4.28006624          3.049358377          2.999223813                    0                    0                    0                    0          -2.81415931         0.7933985557                    0                    0                    0                    0                    0                    0                    0                    0                    0                    0                    0                    0                    0                    0                    0                    0
  "BR3.QNO12L3"                         363          "multipole"            113.46033          5.562120723          1.743583573          11.26046793          -4.28006624          3.049358377          2.999223813                    0                    0                    0                    0          -2.81415931         0.7933985557                    0                    0                    0                    0                    0                    0                    0                    0                    0                    0                    0                    0                    0                    0                    0                    0
  "BR3.XNOH0.12L3"                      364          "multipole"            113.46033          5.562120723          1.743583573          11.26046793          -4.28006624          3.049358377          2.999223813                    0                    0                    0                    0          -2.81415931         0.7933985557                    0                    0                    0                    0                    0                    0                    0                    0                    0                    0                    0                    0                    0                    0                    0                    0
  "DRIFT_144"                           365              "drift"           113.787827          4.497988813          1.505703932          14.24789593         -4.841934874          3.059786565          3.003339309                    0                    0                    0                    0         -2.554323664         0.7933985557                    0                    0                    0                    0                    0                    0                    0                    0                    0                    0                    0                    0                    0                    0                    0                    0
  "BR.QDE12"                            366         "quadrupole"           114.666767          4.498178034         -1.505958768          14.24912693          4.840812063          3.094203484          3.012252362                    0                    0                    0                    0         -2.554397236         -0.793573871                    0                    0                    0                    0                    0                    0        -0.6506076853                    0                    0                    0                    0                    0                    0                    0                    0                    0
  "DRIFT_145"                           367              "drift"            114.99433          5.562722079         -1.743932229          11.26177178          4.279128672          3.104632993          3.016368272                    0                    0                    0                    0         -2.814342674         -0.793573871                    0                    0                    0                    0                    0                    0                    0                    0                    0                    0                    0                    0                    0                    0                    0                    0
  "BR3.DHZ12L4"                         368            "hkicker"            114.99433          5.562722079         -1.743932229          11.26177178          4.279128672          3.104632993          3.016368272                    0                    0                    0                    0         -2.814342674         -0.793573871                    0                    0                    0                    0                    0                    0                    0                    0                    0                    0                    0                    0                    0                    0                    0                    0
  "BR3.DVT12L4"                         369            "vkicker"            114.99433          5.562722079         -1.743932229          11.26177178          4.279128672          3.104632993          3.016368272                    0                    0                    0                    0         -2.814342674         -0.793573871                    0                    0                    0                    0                    0                    0                    0                    0                    0                    0                    0                    0                    0                    0                    0                    0
  "BR3.OSK12L4"                         370          "multipole"            114.99433          5.562722079         -1.743932229          11.26177178          4.279128672          3.104632993          3.016368272                    0                    0                    0                    0         -2.814342674         -0.793573871                    0                    0                    0                    0                    0                    0                    0                    0                    0                    0                    0                    0                    0                    0                    0                    0
  "BR3.XSK12L4"                         371          "multipole"            114.99433          5.562722079         -1.743932229          11.26177178          4.279128672          3.104632993          3.016368272                    0                    0                    0                    0         -2.814342674         -0.793573871                    0                    0                    0                    0                    0                    0                    0                    0                    0                    0                    0                    0                    0                    0                    0                    0
  "DRIFT_146"                           372              "drift"           115.321512          6.781658619         -1.981628895          8.645222966          3.718098595          3.113115095          3.021646616                    0                    0                    0                    0         -3.073985761         -0.793573871                    0                    0                    0                    0                    0                    0                    0                    0                    0                    0                    0                    0                    0                    0                    0                    0
  "BR.QFO122"                           373         "quadrupole"           115.825082          7.527641555         0.5932004634          6.590691042         0.6115897493          3.123996373          3.032604933                    0                    0                    0                    0         -3.179994228         0.3790892352                    0                    0                    0                    0                    0                    0         0.3691853877                    0                    0                    0                    0                    0                    0                    0                    0                    0
  "DRIFT_147"                           374              "drift"           116.192299          7.116192335         0.5272520774          6.169632216         0.5350315271          3.131984997          3.041775329                    0                    0                    0                    0         -3.040786217         0.3790892352                    0                    0                    0                    0                    0                    0                    0                    0                    0                    0                    0                    0                    0                    0                    0                    0
  "BR.STSCRAP122"                       375         "collimator"           116.192299          7.116192335         0.5272520774          6.169632216         0.5350315271          3.131984997          3.041775329                    0                    0                    0                    0         -3.040786217         0.3790892352                    0                    0                    0                    0                    0                    0                    0                    0                    0                    0                    0                    0                    0                    0                    0                    0
  "DRIFT_148"                           376              "drift"           116.192304          7.116187062         0.5272511794          6.169626866         0.5350304847          3.131985108          3.041775458                    0                    0                    0                    0         -3.040784321         0.3790892352                    0                    0                    0                    0                    0                    0                    0                    0                    0                    0                    0                    0                    0                    0                    0                    0
  "BR.BHZ122"                           377              "sbend"               117.81          5.885229557         0.2385928191          4.790283589         0.3018745856          3.171932381           3.08986328                    0                    0                    0                    0         -2.736047966      9.608673556e-05                    0                    0                    0                    0                    0                    0                    0                    0                    0                    0                    0                    0                    0                    0                    0                    0
  "DRIFT_149"                           378              "drift"           118.061261          5.776669289         0.1934689348          4.652965163         0.2446424878          3.178792936          3.098337601                    0                    0                    0                    0         -2.736023823      9.608673556e-05                    0                    0                    0                    0                    0                    0                    0                    0                    0                    0                    0                    0                    0                    0                    0                    0
  "BR3.ACWF13L1.1"                      379           "rfcavity"           119.004261          5.571486827        0.02411586005          4.394122098        0.02984644592          3.205371285          3.131774843                    0                    0                    0                    0         -2.735933213      9.608673556e-05                    0                    0                    0                    0                    0                    0                    0                    0                    0                    0                    0                    0                    0                    0                    0                    0
  "DRIFT_150"                           380              "drift"           119.115761          5.568341694       0.004091609962          4.390298152       0.004449034819          3.208557503          3.135815562                    0                    0                    0                    0         -2.735922499      9.608673556e-05                    0                    0                    0                    0                    0                    0                    0                    0                    0                    0                    0                    0                    0                    0                    0                    0
  "BR3.ACWF13L1.2"                      381           "rfcavity"           120.058761          5.720324867        -0.1652614648           4.58445994         -0.210347007          3.235275278          3.169520365                    0                    0                    0                    0          -2.73583189      9.608673556e-05                    0                    0                    0                    0                    0                    0                    0                    0                    0                    0                    0                    0                    0                    0                    0                    0
  "DRIFT_151"                           382              "drift"           120.464001            5.8837581        -0.2380383895          4.792347804        -0.3026523602           3.24640152           3.18329743                    0                    0                    0                    0         -2.735792951      9.608673556e-05                    0                    0                    0                    0                    0                    0                    0                    0                    0                    0                    0                    0                    0                    0                    0                    0
  "BR.BHZ131"                           383              "sbend"           122.081697          7.112933312        -0.5266967498          6.174085418        -0.5357054546          3.286363229          3.231356656                    0                    0                    0                    0         -3.040220422        -0.3788970617                    0                    0                    0                    0                    0                    0                    0                    0                    0                    0                    0                    0                    0                    0                    0                    0
  "DRIFT_152"                           384              "drift"          122.0816995          7.112935946        -0.5266971988          6.174088097        -0.5357059758          3.286363285          3.231356721                    0                    0                    0                    0          -3.04022137        -0.3788970617                    0                    0                    0                    0                    0                    0                    0                    0                    0                    0                    0                    0                    0                    0                    0                    0
  "BR.STSCRAP131"                       385         "collimator"          122.0816995          7.112935946        -0.5266971988          6.174088097        -0.5357059758          3.286363285          3.231356721                    0                    0                    0                    0          -3.04022137        -0.3788970617                    0                    0                    0                    0                    0                    0                    0                    0                    0                    0                    0                    0                    0                    0                    0                    0
  "DRIFT_153"                           386              "drift"           122.448012          7.522905696         -0.592483146           6.59453035        -0.6120633553          3.294336551          3.240498535                    0                    0                    0                    0         -3.179016099        -0.3788970617                    0                    0                    0                    0                    0                    0                    0                    0                    0                    0                    0                    0                    0                    0                    0                    0
  "BR.QFO131"                           387         "quadrupole"           122.951582          6.777113809          1.980555995          8.650350695         -3.720340188          3.305224914          3.251450403                    0                    0                    0                    0         -3.073003352         0.7933984307                    0                    0                    0                    0                    0                    0         0.3691853877                    0                    0                    0                    0                    0                    0                    0                    0                    0
  "DRIFT_154"                           388              "drift"           123.277835          5.562103287          1.743579941             11.26051         -4.280074523          3.313686218          3.256712489                    0                    0                    0                    0         -2.814154734         0.7933984307                    0                    0                    0                    0                    0                    0                    0                    0                    0                    0                    0                    0                    0                    0                    0                    0
  "BR3.BPM13L3"                         389            "monitor"           123.277835          5.562103287          1.743579941             11.26051         -4.280074523          3.313686218          3.256712489                    0                    0                    0                    0         -2.814154734         0.7933984307                    0                    0                    0                    0                    0                    0                    0                    0                    0                    0                    0                    0                    0                    0                    0                    0
  "BR3.ONOH0.13L3"                      390          "multipole"           123.277835          5.562103287          1.743579941             11.26051         -4.280074523          3.313686218          3.256712489                    0                    0                    0                    0         -2.814154734         0.7933984307                    0                    0                    0                    0                    0                    0                    0                    0                    0                    0                    0                    0                    0                    0                    0                    0
  "BR3.QSKH0.13L3"                      391          "multipole"           123.277835          5.562103287          1.743579941             11.26051         -4.280074523          3.313686218          3.256712489                    0                    0                    0                    0         -2.814154734         0.7933984307                    0                    0                    0                    0                    0                    0                    0                    0                    0                    0                    0                    0                    0                    0                    0                    0
  "BR3.XNOH0.13L3"                      392          "multipole"           123.277835          5.562103287          1.743579941             11.26051         -4.280074523          3.313686218          3.256712489                    0                    0                    0                    0         -2.814154734         0.7933984307                    0                    0                    0                    0                    0                    0                    0                    0                    0                    0                    0                    0                    0                    0                    0                    0
  "DRIFT_155"                           393              "drift"           123.605327          4.497988813          1.505703932          14.24789499         -4.841934543          3.324114263          3.260827915                    0                    0                    0                    0         -2.554323095         0.7933984307                    0                    0                    0                    0                    0                    0                    0                    0                    0                    0                    0                    0                    0                    0                    0                    0
  "BR.QDE13"                            394         "quadrupole"           124.484267          4.498178034         -1.505958768          14.24912597          4.840811741          3.358531183          3.269740968                    0                    0                    0                    0         -2.554396618        -0.7935736274                    0                    0                    0                    0                    0                    0        -0.6506076853                    0                    0                    0                    0                    0                    0                    0                    0                    0
  "DRIFT_156"                           395              "drift"           124.811835          5.562739518         -1.743935862          11.26172823          4.279119811          3.368960834          3.273856949                    0                    0                    0                    0         -2.814345944        -0.7935736274                    0                    0                    0                    0                    0                    0                    0                    0                    0                    0                    0                    0                    0                    0                    0                    0
  "BR3.DHZ13L4"                         396            "hkicker"           124.811835          5.562739518         -1.743935862          11.26172823          4.279119811          3.368960834          3.273856949                    0                    0                    0                    0         -2.814345944        -0.7935736274                    0                    0                    0                    0                    0                    0                    0                    0                    0                    0                    0                    0                    0                    0                    0                    0
  "BR3.DVT13L4"                         397            "vkicker"           124.811835          5.562739518         -1.743935862          11.26172823          4.279119811          3.368960834          3.273856949                    0                    0                    0                    0         -2.814345944        -0.7935736274                    0                    0                    0                    0                    0                    0                    0                    0                    0                    0                    0                    0                    0                    0                    0                    0
  "DRIFT_157"                           398              "drift"           125.139012          6.781658619         -1.981628895          8.645222387          3.718098341          3.377442793          3.279135223                    0                    0                    0                    0         -3.073984983        -0.7935736274                    0                    0                    0                    0                    0                    0                    0                    0                    0                    0                    0                    0                    0                    0                    0                    0
  "BR.QFO132"                           399         "quadrupole"           125.642582          7.527641555         0.5932004634          6.590690609         0.6115896952          3.388324071           3.29009354                    0                    0                    0                    0         -3.179993403         0.3790891782                    0                    0                    0                    0                    0                    0         0.3691853877                    0                    0                    0                    0                    0                    0                    0                    0                    0
  "DRIFT_158"                           400              "drift"           126.009799          7.116192335         0.5272520774          6.169631824         0.5350314717          3.396312695          3.299263938                    0                    0                    0                    0         -3.040785412         0.3790891782                    0                    0                    0                    0                    0                    0                    0                    0                    0                    0                    0                    0                    0                    0                    0                    0
  "BR.STSCRAP132"                       401         "collimator"           126.009799          7.116192335         0.5272520774          6.169631824         0.5350314717          3.396312695          3.299263938                    0                    0                    0                    0         -3.040785412         0.3790891782                    0                    0                    0                    0                    0                    0                    0                    0                    0                    0                    0                    0                    0                    0                    0                    0
  "DRIFT_159"                           402              "drift"           126.009804          7.116187062         0.5272511794          6.169626473         0.5350304293          3.396312807          3.299264067                    0                    0                    0                    0         -3.040783516         0.3790891782                    0                    0                    0                    0                    0                    0                    0                    0                    0                    0                    0                    0                    0                    0                    0                    0
  "BR.BHZ132"                           403              "sbend"             127.6275          5.885229557         0.2385928191          4.790283396         0.3018745197           3.43626008           3.34735189                    0                    0                    0                    0         -2.736047253      9.602975087e-05                    0                    0                    0                    0                    0                    0                    0                    0                    0                    0                    0                    0                    0                    0                    0                    0
  "DRIFT_160"                           404              "drift"            127.93409          5.755810181          0.183532417          4.626590663         0.2320396112          3.444647806          3.357724175                    0                    0                    0                    0         -2.736017811      9.602975087e-05                    0                    0                    0                    0                    0                    0                    0                    0                    0                    0                    0                    0                    0                    0                    0                    0
  "BR3.DHZ14L1"                         405            "hkicker"            127.93409          5.755810181          0.183532417          4.626590663         0.2320396112          3.444647806          3.357724175                    0                    0                    0                    0         -2.736017811      9.602975087e-05                    0                    0                    0                    0                    0                    0                    0                    0                    0                    0                    0                    0                    0                    0                    0                    0
  "BR3.DVT14L1"                         406            "vkicker"            127.93409          5.755810181          0.183532417          4.626590663         0.2320396112          3.444647806          3.357724175                    0                    0                    0                    0         -2.736017811      9.602975087e-05                    0                    0                    0                    0                    0                    0                    0                    0                    0                    0                    0                    0                    0                    0                    0                    0
  "DRIFT_161"                           407              "drift"          128.1511955           5.68458331         0.1445425082          4.536572851         0.1825874349          3.450689973          3.365269174                    0                    0                    0                    0         -2.735996962      9.602975087e-05                    0                    0                    0                    0                    0                    0                    0                    0                    0                    0                    0                    0                    0                    0                    0                    0
  "BE3.KFA14L1"                         408            "hkicker"          130.1569845          5.827263109        -0.2156765102          4.720509099        -0.2742901257          3.507344519          3.436618997                    0                    0                    0                    0         -2.735804347      9.602975087e-05                    0                    0                    0                    0                    0                    0                    0                    0                    0                    0                    0                    0                    0                    0                    0                    0
  "DRIFT_162"                           409              "drift"           130.281501            5.8837581        -0.2380383895          4.792347967        -0.3026524284          3.510729218          3.440786041                    0                    0                    0                    0          -2.73579239      9.602975087e-05                    0                    0                    0                    0                    0                    0                    0                    0                    0                    0                    0                    0                    0                    0                    0                    0
  "BR.BHZ141"                           410              "sbend"           131.899197          7.112933312        -0.5266967498          6.174085794        -0.5357055156          3.550690927          3.488845265                    0                    0                    0                    0         -3.040219952        -0.3788971187                    0                    0                    0                    0                    0                    0                    0                    0                    0                    0                    0                    0                    0                    0                    0                    0
  "DRIFT_163"                           411              "drift"          131.8991995          7.112935946        -0.5266971988          6.174088473        -0.5357060367          3.550690983           3.48884533                    0                    0                    0                    0         -3.040220899        -0.3788971187                    0                    0                    0                    0                    0                    0                    0                    0                    0                    0                    0                    0                    0                    0                    0                    0
  "BR.STSCRAP141"                       412         "collimator"          131.8991995          7.112935946        -0.5266971988          6.174088473        -0.5357060367          3.550690983           3.48884533                    0                    0                    0                    0         -3.040220899        -0.3788971187                    0                    0                    0                    0                    0                    0                    0                    0                    0                    0                    0                    0                    0                    0                    0                    0
  "DRIFT_164"                           413              "drift"                  132          7.220943392         -0.544799929          6.284205339        -0.5567177739          3.552929579          3.491420999                    0                    0                    0                    0         -3.078413918        -0.3788971187                    0                    0                    0                    0                    0                    0                    0                    0                    0                    0                    0                    0                    0                    0                    0                    0
  "BR3.VVS14L2"                         414             "marker"                  132          7.220943392         -0.544799929          6.284205339        -0.5567177739          3.552929579          3.491420999                    0                    0                    0                    0         -3.078413918        -0.3788971187                    0                    0                    0                    0                    0                    0                    0                    0                    0                    0                    0                    0                    0                    0                    0                    0
  "DRIFT_165"                           415              "drift"           132.265512          7.522905696         -0.592483146           6.59453077        -0.6120634155           3.55866425          3.497987143                    0                    0                    0                    0          -3.17901565        -0.3788971187                    0                    0                    0                    0                    0                    0                    0                    0                    0                    0                    0                    0                    0                    0                    0                    0
  "BR.QFO141"                           416         "quadrupole"           132.769082          6.777113809          1.980555995          8.650351267         -3.720340446          3.569552612          3.508939011                    0                    0                    0                    0         -3.073002972         0.7933982181                    0                    0                    0                    0                    0                    0         0.3691853877                    0                    0                    0                    0                    0                    0                    0                    0                    0
  "DRIFT_166"                           417              "drift"           133.095339          5.562089338          1.743577036          11.26054499         -4.280081679          3.578014031          3.514201152                    0                    0                    0                    0         -2.814151249         0.7933982181                    0                    0                    0                    0                    0                    0                    0                    0                    0                    0                    0                    0                    0                    0                    0                    0
  "BR3.BPM14L3"                         418            "monitor"           133.095339          5.562089338          1.743577036          11.26054499         -4.280081679          3.578014031          3.514201152                    0                    0                    0                    0         -2.814151249         0.7933982181                    0                    0                    0                    0                    0                    0                    0                    0                    0                    0                    0                    0                    0                    0                    0                    0
  "BR3.ONOH0.14L3"                      419          "multipole"           133.095339          5.562089338          1.743577036          11.26054499         -4.280081679          3.578014031          3.514201152                    0                    0                    0                    0         -2.814151249         0.7933982181                    0                    0                    0                    0                    0                    0                    0                    0                    0                    0                    0                    0                    0                    0                    0                    0
  "BR3.QSK14L3"                         420          "multipole"           133.095339          5.562089338          1.743577036          11.26054499         -4.280081679          3.578014031          3.514201152                    0                    0                    0                    0         -2.814151249         0.7933982181                    0                    0                    0                    0                    0                    0                    0                    0                    0                    0                    0                    0                    0                    0                    0                    0
  "BR3.XNOH0.14L3"                      421          "multipole"           133.095339          5.562089338          1.743577036          11.26054499         -4.280081679          3.578014031          3.514201152                    0                    0                    0                    0         -2.814151249         0.7933982181                    0                    0                    0                    0                    0                    0                    0                    0                    0                    0                    0                    0                    0                    0                    0                    0
  "DRIFT_167"                           422              "drift"           133.422827          4.497988813          1.505703932          14.24789594         -4.841934872          3.588441962          3.518316522                    0                    0                    0                    0         -2.554322854         0.7933982181                    0                    0                    0                    0                    0                    0                    0                    0                    0                    0                    0                    0                    0                    0                    0                    0
  "BR.QDE14"                            423         "quadrupole"           134.301767          4.498178034         -1.505958768          14.24912693          4.840812069          3.622858881          3.527229574                    0                    0                    0                    0         -2.554396509        -0.7935737312                    0                    0                    0                    0                    0                    0        -0.6506076853                    0                    0                    0                    0                    0                    0                    0                    0                    0
  "DRIFT_168"                           424              "drift"            134.42124          4.868390726         -1.592755516          13.11691001          4.635947662          3.626922622          3.528620441                    0                    0                    0                    0         -2.649207144        -0.7935737312                    0                    0                    0                    0                    0                    0                    0                    0                    0                    0                    0                    0                    0                    0                    0                    0
  "BR3.BPP14L4"                         425            "monitor"            134.42124          4.868390726         -1.592755516          13.11691001          4.635947662          3.626922622          3.528620441                    0                    0                    0                    0         -2.649207144        -0.7935737312                    0                    0                    0                    0                    0                    0                    0                    0                    0                    0                    0                    0                    0                    0                    0                    0
  "DRIFT_169"                           426              "drift"            134.45724          4.984010663           -1.6189094          12.78534407           4.57421724          3.628085795          3.529062878                    0                    0                    0                    0         -2.677775798        -0.7935737312                    0                    0                    0                    0                    0                    0                    0                    0                    0                    0                    0                    0                    0                    0                    0                    0
  "BE3.BSW14L4"                         427            "hkicker"            134.92724          6.666268636         -1.960362882          8.864364594          3.768292291          3.641077601          3.536091645                    0                    0                    0                    0         -3.050755452        -0.7935737312                    0                    0                    0                    0                    0                    0                    0                    0                    0                    0                    0                    0                    0                    0                    0                    0
  "DRIFT_170"                           428              "drift"           134.956512          6.781658619         -1.981628895           8.64522296          3.718098599          3.641770492          3.536623828                    0                    0                    0                    0         -3.073984942        -0.7935737312                    0                    0                    0                    0                    0                    0                    0                    0                    0                    0                    0                    0                    0                    0                    0                    0
  "BR.QFO142"                           429         "quadrupole"           135.460082          7.527641555         0.5932004634          6.590691031         0.6115897544          3.652651769          3.547582145                    0                    0                    0                    0         -3.179993416         0.3790890693                    0                    0                    0                    0                    0                    0         0.3691853877                    0                    0                    0                    0                    0                    0                    0                    0                    0
  "DRIFT_171"                           430              "drift"           135.827299          7.116192335         0.5272520774          6.169632202         0.5350315318          3.660640394          3.556752542                    0                    0                    0                    0         -3.040785466         0.3790890693                    0                    0                    0                    0                    0                    0                    0                    0                    0                    0                    0                    0                    0                    0                    0                    0
  "BR.SPSCRAP142"                       431         "collimator"           135.827299          7.116192335         0.5272520774          6.169632202         0.5350315318          3.660640394          3.556752542                    0                    0                    0                    0         -3.040785466         0.3790890693                    0                    0                    0                    0                    0                    0                    0                    0                    0                    0                    0                    0                    0                    0                    0                    0
  "DRIFT_172"                           432              "drift"           135.827304          7.116187062         0.5272511794          6.169626852         0.5350304894          3.660640505          3.556752671                    0                    0                    0                    0          -3.04078357         0.3790890693                    0                    0                    0                    0                    0                    0                    0                    0                    0                    0                    0                    0                    0                    0                    0                    0
  "BR.BHZ142"                           433              "sbend"              137.445          5.885229557         0.2385928191          4.790283564         0.3018745876          3.700587778          3.604840492                    0                    0                    0                    0         -2.736047481      9.592087172e-05                    0                    0                    0                    0                    0                    0                    0                    0                    0                    0                    0                    0                    0                    0                    0                    0
  "DRIFT_173"                           434              "drift"           137.670173           5.78688595         0.1981540705          4.665884626         0.2505848003          3.706730206          3.612423704                    0                    0                    0                    0         -2.736025883      9.592087172e-05                    0                    0                    0                    0                    0                    0                    0                    0                    0                    0                    0                    0                    0                    0                    0                    0
  "BE3.BTV10"                           435         "instrument"           137.670173           5.78688595         0.1981540705          4.665884626         0.2505848003          3.706730206          3.612423704                    0                    0                    0                    0         -2.736025883      9.592087172e-05                    0                    0                    0                    0                    0                    0                    0                    0                    0                    0                    0                    0                    0                    0                    0                    0
  "DRIFT_174"                           436              "drift"           137.715573          5.769263723         0.1900006987          4.643601016         0.2402436122          3.707980747          3.613976049                    0                    0                    0                    0         -2.736021528      9.592087172e-05                    0                    0                    0                    0                    0                    0                    0                    0                    0                    0                    0                    0                    0                    0                    0                    0
  "BR3.BTV15L1"                         437         "instrument"           137.715573          5.769263723         0.1900006987          4.643601016         0.2402436122          3.707980747          3.613976049                    0                    0                    0                    0         -2.736021528      9.592087172e-05                    0                    0                    0                    0                    0                    0                    0                    0                    0                    0                    0                    0                    0                    0                    0                    0
  "DRIFT_175"                           438              "drift"           137.996102          5.676795394         0.1396205835          4.526735868         0.1763448644          3.715785518          3.623720318                    0                    0                    0                    0         -2.735994619      9.592087172e-05                    0                    0                    0                    0                    0                    0                    0                    0                    0                    0                    0                    0                    0                    0                    0                    0
  "BE3.SMH15L1"                         439            "hkicker"           138.946102          5.573595978       -0.03098961906            4.3972516       -0.04004563516          3.742794669          3.657870913                    0                    0                    0                    0         -2.735903494      9.592087172e-05                    0                    0                    0                    0                    0                    0                    0                    0                    0                    0                    0                    0                    0                    0                    0                    0
  "DRIFT_176"                           440              "drift"           139.287652          5.615715274       -0.09232847661          4.451178707        -0.1178437142          3.752517087          3.670170162                    0                    0                    0                    0         -2.735870733      9.592087172e-05                    0                    0                    0                    0                    0                    0                    0                    0                    0                    0                    0                    0                    0                    0                    0                    0
  "BR3.DHZ15L1"                         441            "hkicker"           139.287652          5.615715274       -0.09232847661          4.451178707        -0.1178437142          3.752517087          3.670170162                    0                    0                    0                    0         -2.735870733      9.592087172e-05                    0                    0                    0                    0                    0                    0                    0                    0                    0                    0                    0                    0                    0                    0                    0                    0
  "BR3.DVT15L1"                         442            "vkicker"           139.287652          5.615715274       -0.09232847661          4.451178707        -0.1178437142          3.752517087          3.670170162                    0                    0                    0                    0         -2.735870733      9.592087172e-05                    0                    0                    0                    0                    0                    0                    0                    0                    0                    0                    0                    0                    0                    0                    0                    0
  "DRIFT_177"                           443              "drift"            139.63066          5.700183619        -0.1539291759          4.558820658        -0.1959738958          3.762171899          3.682300731                    0                    0                    0                    0         -2.735837831      9.592087172e-05                    0                    0                    0                    0                    0                    0                    0                    0                    0                    0                    0                    0                    0                    0                    0                    0
  "BE3.BSW15L1"                         444            "hkicker"            139.99666          5.836916891        -0.2196590013          4.732785977         -0.279341183          3.772277378          3.694854293                    0                    0                    0                    0         -2.735802724      9.592087172e-05                    0                    0                    0                    0                    0                    0                    0                    0                    0                    0                    0                    0                    0                    0                    0                    0
  "DRIFT_178"                           445              "drift"           140.099001            5.8837581        -0.2380383895          4.792347778         -0.302652362          3.775056917          3.698274643                    0                    0                    0                    0         -2.735792907      9.592087172e-05                    0                    0                    0                    0                    0                    0                    0                    0                    0                    0                    0                    0                    0                    0                    0                    0
  "BR.BHZ151"                           446              "sbend"           141.716697          7.112933312        -0.5266967498          6.174085403        -0.5357054592          3.815018626           3.74633387                    0                    0                    0                    0         -3.040220645        -0.3788972276                    0                    0                    0                    0                    0                    0                    0                    0                    0                    0                    0                    0                    0                    0                    0                    0
  "DRIFT_179"                           447              "drift"          141.7166995          7.112935946        -0.5266971988          6.174088082        -0.5357059803          3.815018682          3.746333934                    0                    0                    0                    0         -3.040221592        -0.3788972276                    0                    0                    0                    0                    0                    0                    0                    0                    0                    0                    0                    0                    0                    0                    0                    0
  "BR.SPSCRAP151"                       448         "collimator"          141.7166995          7.112935946        -0.5266971988          6.174088082        -0.5357059803          3.815018682          3.746333934                    0                    0                    0                    0         -3.040221592        -0.3788972276                    0                    0                    0                    0                    0                    0                    0                    0                    0                    0                    0                    0                    0                    0                    0                    0
  "DRIFT_180"                           449              "drift"           142.083012          7.522905696         -0.592483146          6.594530339        -0.6120633603          3.822991948          3.755475748                    0                    0                    0                    0         -3.179016383        -0.3788972276                    0                    0                    0                    0                    0                    0                    0                    0                    0                    0                    0                    0                    0                    0                    0                    0
  "BR.QFO151"                           450         "quadrupole"           142.586582          6.777113809          1.980555995          8.650350688         -3.720340191           3.83388031          3.766427617                    0                    0                    0                    0          -3.07300369         0.7933983813                    0                    0                    0                    0                    0                    0         0.3691853877                    0                    0                    0                    0                    0                    0                    0                    0                    0
  "DRIFT_181"                           451              "drift"           142.912834          5.562106774          1.743580668          11.26050143         -4.280072812          3.842341587          3.771689688                    0                    0                    0                    0         -2.814155882         0.7933983813                    0                    0                    0                    0                    0                    0                    0                    0                    0                    0                    0                    0                    0                    0                    0                    0
  "BR3.BPM15L3"                         452            "monitor"           142.912834          5.562106774          1.743580668          11.26050143         -4.280072812          3.842341587          3.771689688                    0                    0                    0                    0         -2.814155882         0.7933983813                    0                    0                    0                    0                    0                    0                    0                    0                    0                    0                    0                    0                    0                    0                    0                    0
  "BR3.ONOH0.15L3"                      453          "multipole"           142.912834          5.562106774          1.743580668          11.26050143         -4.280072812          3.842341587          3.771689688                    0                    0                    0                    0         -2.814155882         0.7933983813                    0                    0                    0                    0                    0                    0                    0                    0                    0                    0                    0                    0                    0                    0                    0                    0
  "BR3.QSKH0.15L3"                      454          "multipole"           142.912834          5.562106774          1.743580668          11.26050143         -4.280072812          3.842341587          3.771689688                    0                    0                    0                    0         -2.814155882         0.7933983813                    0                    0                    0                    0                    0                    0                    0                    0                    0                    0                    0                    0                    0                    0                    0                    0
  "BR3.XNOH0.15L3"                      455          "multipole"           142.912834          5.562106774          1.743580668          11.26050143         -4.280072812          3.842341587          3.771689688                    0                    0                    0                    0         -2.814155882         0.7933983813                    0                    0                    0                    0                    0                    0                    0                    0                    0                    0                    0                    0                    0                    0                    0                    0
  "DRIFT_182"                           456              "drift"           143.240327          4.497988813          1.505703932          14.24789499         -4.841934548           3.85276966          3.775805129                    0                    0                    0                    0         -2.554323466         0.7933983813                    0                    0                    0                    0                    0                    0                    0                    0                    0                    0                    0                    0                    0                    0                    0                    0
  "BR.QDE15"                            457         "quadrupole"           144.119267          4.498178034         -1.505958768          14.24912598          4.840811738           3.88718658          3.784718181                    0                    0                    0                    0         -2.554397147        -0.7935739562                    0                    0                    0                    0                    0                    0        -0.6506076853                    0                    0                    0                    0                    0                    0                    0                    0                    0
  "DRIFT_183"                           458              "drift"           144.221834          4.814744119         -1.580473362          13.27414988          4.664936634          3.890694567          3.785905137                    0                    0                    0                    0         -2.635791647        -0.7935739562                    0                    0                    0                    0                    0                    0                    0                    0                    0                    0                    0                    0                    0                    0                    0                    0
  "BE3.BSW15L4"                         459            "hkicker"           144.691834          6.460872215         -1.921926844           9.26789415          3.859011736          3.904122252          3.792651258                    0                    0                    0                    0         -3.008771407        -0.7935739562                    0                    0                    0                    0                    0                    0                    0                    0                    0                    0                    0                    0                    0                    0                    0                    0
  "DRIFT_184"                           460              "drift"           144.774012          6.781658619         -1.981628895          8.645222398           3.71809834           3.90609819          3.794112436                    0                    0                    0                    0         -3.073985727        -0.7935739562                    0                    0                    0                    0                    0                    0                    0                    0                    0                    0                    0                    0                    0                    0                    0                    0
  "BR.QFO152"                           461         "quadrupole"           145.277582          7.527641555         0.5932004634          6.590690623         0.6115896906          3.916979468          3.805070754                    0                    0                    0                    0          -3.17999424         0.3790891459                    0                    0                    0                    0                    0                    0         0.3691853877                    0                    0                    0                    0                    0                    0                    0                    0                    0
  "DRIFT_185"                           462              "drift"           145.644799          7.116192335         0.5272520774          6.169631841         0.5350314676          3.924968092          3.814241151                    0                    0                    0                    0         -3.040786261         0.3790891459                    0                    0                    0                    0                    0                    0                    0                    0                    0                    0                    0                    0                    0                    0                    0                    0
  "BR.STSCRAP152"                       463         "collimator"           145.644799          7.116192335         0.5272520774          6.169631841         0.5350314676          3.924968092          3.814241151                    0                    0                    0                    0         -3.040786261         0.3790891459                    0                    0                    0                    0                    0                    0                    0                    0                    0                    0                    0                    0                    0                    0                    0                    0
  "DRIFT_186"                           464              "drift"           145.644804          7.116187062         0.5272511794          6.169626491         0.5350304252          3.924968204           3.81424128                    0                    0                    0                    0         -3.040784365         0.3790891459                    0                    0                    0                    0                    0                    0                    0                    0                    0                    0                    0                    0                    0                    0                    0                    0
  "BR.BHZ152"                           465              "sbend"             147.2625          5.885229557         0.2385928191          4.790283423         0.3018745183          3.964915477          3.862329104                    0                    0                    0                    0         -2.736048153      9.599743331e-05                    0                    0                    0                    0                    0                    0                    0                    0                    0                    0                    0                    0                    0                    0                    0                    0
  "DRIFT_187"                           466              "drift"             147.6255          5.735675524         0.1734017628          4.601136796         0.2191905703          3.974865766          3.874647304                    0                    0                    0                    0         -2.736013306      9.599743331e-05                    0                    0                    0                    0                    0                    0                    0                    0                    0                    0                    0                    0                    0                    0                    0                    0
  "BR3.ONO16L1"                         467          "multipole"             147.6255          5.735675524         0.1734017628          4.601136796         0.2191905703          3.974865766          3.874647304                    0                    0                    0                    0         -2.736013306      9.599743331e-05                    0                    0                    0                    0                    0                    0                    0                    0                    0                    0                    0                    0                    0                    0                    0                    0
  "BR3.QNO16L1"                         468          "multipole"             147.6255          5.735675524         0.1734017628          4.601136796         0.2191905703          3.974865766          3.874647304                    0                    0                    0                    0         -2.736013306      9.599743331e-05                    0                    0                    0                    0                    0                    0                    0                    0                    0                    0                    0                    0                    0                    0                    0                    0
  "BR3.XNO16L1"                         469          "multipole"             147.6255          5.735675524         0.1734017628          4.601136796         0.2191905703          3.974865766          3.874647304                    0                    0                    0                    0         -2.736013306      9.599743331e-05                    0                    0                    0                    0                    0                    0                    0                    0                    0                    0                    0                    0                    0                    0                    0                    0
  "DRIFT_188"                           470              "drift"              148.038          5.623177377        0.09932101691          4.459062676         0.1252315384          3.986436037          3.889161463                    0                    0                    0                    0         -2.735973707      9.599743331e-05                    0                    0                    0                    0                    0                    0                    0                    0                    0                    0                    0                    0                    0                    0                    0                    0
  "BI3.KSW16L1"                         471            "hkicker"              148.408          5.574265653        0.03287283277          4.397574347         0.0409531341          3.996961804          3.902475204                    0                    0                    0                    0         -2.735938188      9.599743331e-05                    0                    0                    0                    0                    0                    0                    0                    0                    0                    0                    0                    0                    0                    0                    0                    0
  "DRIFT_189"                           472              "drift"            149.25851          5.648257606        -0.1198699918          4.492680459        -0.1527755839          4.021179101          3.933117879                    0                    0                    0                    0         -2.735856541      9.599743331e-05                    0                    0                    0                    0                    0                    0                    0                    0                    0                    0                    0                    0                    0                    0                    0                    0
  "BR3.DHZ16L1"                         473            "hkicker"            149.25851          5.648257606        -0.1198699918          4.492680459        -0.1527755839          4.021179101          3.933117879                    0                    0                    0                    0         -2.735856541      9.599743331e-05                    0                    0                    0                    0                    0                    0                    0                    0                    0                    0                    0                    0                    0                    0                    0                    0
  "BR3.DVT16L1"                         474            "vkicker"            149.25851          5.648257606        -0.1198699918          4.492680459        -0.1527755839          4.021179101          3.933117879                    0                    0                    0                    0         -2.735856541      9.599743331e-05                    0                    0                    0                    0                    0                    0                    0                    0                    0                    0                    0                    0                    0                    0                    0                    0
  "DRIFT_190"                           475              "drift"          149.9165015          5.883758338        -0.2380384793          4.792348293        -0.3026525398          4.039384628          3.955763271                    0                    0                    0                    0         -2.735793376      9.599743331e-05                    0                    0                    0                    0                    0                    0                    0                    0                    0                    0                    0                    0                    0                    0                    0                    0
  "BR.BHZ161"                           476              "sbend"          151.5341975          7.112933839        -0.5266968396          6.174086459        -0.5357056094          4.079346335           4.00382249                    0                    0                    0                    0          -3.04022099         -0.378897151                    0                    0                    0                    0                    0                    0                    0                    0                    0                    0                    0                    0                    0                    0                    0                    0
  "DRIFT_191"                           477              "drift"             151.5342          7.112936472        -0.5266972886          6.174089137        -0.5357061305          4.079346391          4.003822555                    0                    0                    0                    0         -3.040221938         -0.378897151                    0                    0                    0                    0                    0                    0                    0                    0                    0                    0                    0                    0                    0                    0                    0                    0
  "BR.STSCRAP161"                       478         "collimator"             151.5342          7.112936472        -0.5266972886          6.174089137        -0.5357061305          4.079346391          4.003822555                    0                    0                    0                    0         -3.040221938         -0.378897151                    0                    0                    0                    0                    0                    0                    0                    0                    0                    0                    0                    0                    0                    0                    0                    0
  "DRIFT_192"                           479              "drift"           151.900512          7.522905696         -0.592483146          6.594530891        -0.6120634028          4.087319647          4.012964355                    0                    0                    0                    0         -3.179016511         -0.378897151                    0                    0                    0                    0                    0                    0                    0                    0                    0                    0                    0                    0                    0                    0                    0                    0
  "BR.QFO161"                           480         "quadrupole"           152.404082          6.777113809          1.980555995          8.650351395         -3.720340474          4.098208009          4.023916222                    0                    0                    0                    0         -3.073003769         0.7933984967                    0                    0                    0                    0                    0                    0         0.3691853877                    0                    0                    0                    0                    0                    0                    0                    0                    0
  "DRIFT_193"                           481              "drift"           152.730339          5.562089338          1.743577036          11.26054513         -4.280081708          4.106669428          4.029178364                    0                    0                    0                    0         -2.814151956         0.7933984967                    0                    0                    0                    0                    0                    0                    0                    0                    0                    0                    0                    0                    0                    0                    0                    0
  "BR3.BPM16L3"                         482            "monitor"           152.730339          5.562089338          1.743577036          11.26054513         -4.280081708          4.106669428          4.029178364                    0                    0                    0                    0         -2.814151956         0.7933984967                    0                    0                    0                    0                    0                    0                    0                    0                    0                    0                    0                    0                    0                    0                    0                    0
  "BR3.ONOH0.16L3"                      483          "multipole"           152.730339          5.562089338          1.743577036          11.26054513         -4.280081708          4.106669428          4.029178364                    0                    0                    0                    0         -2.814151956         0.7933984967                    0                    0                    0                    0                    0                    0                    0                    0                    0                    0                    0                    0                    0                    0                    0                    0
  "BR3.QNO16L3"                         484          "multipole"           152.730339          5.562089338          1.743577036          11.26054513         -4.280081708          4.106669428          4.029178364                    0                    0                    0                    0         -2.814151956         0.7933984967                    0                    0                    0                    0                    0                    0                    0                    0                    0                    0                    0                    0                    0                    0                    0                    0
  "BR3.XNOH0.16L3"                      485          "multipole"           152.730339          5.562089338          1.743577036          11.26054513         -4.280081708          4.106669428          4.029178364                    0                    0                    0                    0         -2.814151956         0.7933984967                    0                    0                    0                    0                    0                    0                    0                    0                    0                    0                    0                    0                    0                    0                    0                    0
  "DRIFT_194"                           486              "drift"           153.057827          4.497988813          1.505703932          14.24789611           -4.8419349          4.117097359          4.033293733                    0                    0                    0                    0         -2.554323469         0.7933984967                    0                    0                    0                    0                    0                    0                    0                    0                    0                    0                    0                    0                    0                    0                    0                    0
  "BR.QDE16"                            487         "quadrupole"           153.936767          4.498178034         -1.505958768          14.24912705          4.840812139          4.151514278          4.042206786                    0                    0                    0                    0         -2.554397041        -0.7935738087                    0                    0                    0                    0                    0                    0        -0.6506076853                    0                    0                    0                    0                    0                    0                    0                    0                    0
  "DRIFT_195"                           488              "drift"           154.079339          4.942360478         -1.609536865          12.90365352          4.596339088          4.156327491          4.043880232                    0                    0                    0                    0         -2.667538446        -0.7935738087                    0                    0                    0                    0                    0                    0                    0                    0                    0                    0                    0                    0                    0                    0                    0                    0
  "BI3.KSW16L4"                         489            "hkicker"           154.449339          6.232875166          -1.87834067          9.737109676           3.96188752          4.166945244          4.049134708                    0                    0                    0                    0         -2.961160755        -0.7935738087                    0                    0                    0                    0                    0                    0                    0                    0                    0                    0                    0                    0                    0                    0                    0                    0
  "DRIFT_196"                           490              "drift"           154.591512          6.781658619         -1.981628895          8.645223003          3.718098647          4.170425889           4.05160104                    0                    0                    0                    0         -3.073985524        -0.7935738087                    0                    0                    0                    0                    0                    0                    0                    0                    0                    0                    0                    0                    0                    0                    0                    0
  "BR.QFO162"                           491         "quadrupole"           155.095082          7.527641555         0.5932004634          6.590691037          0.611589785          4.181307166          4.062559357                    0                    0                    0                    0         -3.179993983         0.3790892071                    0                    0                    0                    0                    0                    0         0.3691853877                    0                    0                    0                    0                    0                    0                    0                    0                    0
  "DRIFT_197"                           492              "drift"           155.218397          7.384071472         0.5710543612          6.443024952          0.585880797          4.183939727          4.065571333                    0                    0                    0                    0         -3.133246597         0.3790892071                    0                    0                    0                    0                    0                    0                    0                    0                    0                    0                    0                    0                    0                    0                    0                    0
  "BR3.VVS16L5"                         493             "marker"           155.218397          7.384071472         0.5710543612          6.443024952          0.585880797          4.183939727          4.065571333                    0                    0                    0                    0         -3.133246597         0.3790892071                    0                    0                    0                    0                    0                    0                    0                    0                    0                    0                    0                    0                    0                    0                    0                    0
  "DRIFT_198"                           494              "drift"           155.462299          7.116192335         0.5272520774          6.169632186         0.5350315604           4.18929579          4.071729753                    0                    0                    0                    0         -3.040785982         0.3790892071                    0                    0                    0                    0                    0                    0                    0                    0                    0                    0                    0                    0                    0                    0                    0                    0
  "BR.STSCRAP162"                       495         "collimator"           155.462299          7.116192335         0.5272520774          6.169632186         0.5350315604           4.18929579          4.071729753                    0                    0                    0                    0         -3.040785982         0.3790892071                    0                    0                    0                    0                    0                    0                    0                    0                    0                    0                    0                    0                    0                    0                    0                    0
  "DRIFT_199"                           496              "drift"           155.462304          7.116187062         0.5272511794          6.169626836          0.535030518          4.189295902          4.071729882                    0                    0                    0                    0         -3.040784086         0.3790892071                    0                    0                    0                    0                    0                    0                    0                    0                    0                    0                    0                    0                    0                    0                    0                    0
  "BR.BHZ162"                           497              "sbend"               157.08          5.885229557         0.2385928191          4.790283472          0.301874605          4.229243175          4.119817704                    0                    0                    0                    0         -2.736047776      9.605865255e-05                    0                    0                    0                    0                    0                    0                    0                    0                    0                    0                    0                    0                    0                    0                    0                    0
