@ NAME                 %s               "PSB3"
@ TYPE                 %s              "twiss"
@ TITLE                %n                  nil
@ ORIGIN               %s "MAD 1.1.14 Linux 64"
@ DATE                 %s           "31/08/26"
@ TIME                 %s           "03:56:18"
@ REFCOL               %s               "name"
@ DIRECTION            %le                    1
@ OBSERVE              %le                    0
@ ENERGY               %le          1.098272088
@ DELTAP               %le                    0
@ LENGTH               %le               157.08
@ ALFAP                %le        0.06525194815
@ Q1                   %le          4.168937754
@ Q2                   %le          4.220733465
@ Q3                   %le                    0
@ DQ1                  %le         -6.446647366
@ DQ2                  %le         -13.01239478
@ DQ3                  %le                    0
* NAME                                INDEX                 KIND                    S                 BETX                 ALFX                 BETY                 ALFY                  MUX                  MUY                    X                   PX                    Y                   PY                   DX                  DPX                   DY                  DPY                  R11                  R12                  R21                  R22                  K1L                  K2L                  K3L                  K4L                  K5L                 K1SL                 K2SL                 K3SL                 K4SL                 K5SL
$ %s                                     %d                   %s                  %le                  %le                  %le                  %le                  %le                  %le                  %le                  %le                  %le                  %le                  %le                  %le                  %le                  %le                  %le                  %le                  %le                  %le                  %le                  %le                  %le                  %le                  %le                  %le                  %le                  %le                  %le                  %le                  %le
  "DRIFT_0"                               1              "drift"               0.1795          5.920177835         0.2020191347          4.532532456         0.2714260327       0.004794754525       0.006232728004                    0                    0                    0                    0         -2.824875899      9.935221684e-05                    0                    0                    0                    0                    0                    0                    0                    0                    0                    0                    0                    0                    0                    0                    0                    0
  "BI3.BSW1L1.1"                          2              "rbend"               0.4925          5.810937543         0.1469913837          4.385826781          0.197282192        0.01329204245        0.01741488636                    0                    0                    0                    0         -2.824844801      9.935221684e-05                    0                    0                    0                    0                    0                    0                    0                    0                    0                    0                    0                    0                    0                    0                    0                    0
  "DRIFT_1"                               3              "drift"               0.8695          5.725093385        0.08071195196          4.270743708         0.1079779493         0.0237021882        0.03129633409                    0                    0                    0                    0         -2.824807346      9.935221684e-05                    0                    0                    0                    0                    0                    0                    0                    0                    0                    0                    0                    0                    0                    0                    0                    0
  "BI3.BSW1L1.2"                          4              "rbend"               1.1945          5.691200285        0.02357451084          4.225578626         0.0309915332        0.03276880365        0.04348435552                    0                    0                    0                    0         -2.824775056      9.935221684e-05                    0                    0                    0                    0                    0                    0                    0                    0                    0                    0                    0                    0                    0                    0                    0                    0
  "DRIFT_2"                               5              "drift"             1.327628          5.688039278      0.0001696084894          4.221525207     -0.0005439978829        0.03649311471        0.04850181291                    0                    0                    0                    0          -2.82476183      9.935221684e-05                    0                    0                    0                    0                    0                    0                    0                    0                    0                    0                    0                    0                    0                    0                    0                    0
  "BI3.BTV1L1"                            6         "instrument"             1.327628          5.688039278      0.0001696084894          4.221525207     -0.0005439978829        0.03649311471        0.04850181291                    0                    0                    0                    0          -2.82476183      9.935221684e-05                    0                    0                    0                    0                    0                    0                    0                    0                    0                    0                    0                    0                    0                    0                    0                    0
  "DRIFT_3"                               7              "drift"                1.334          5.688044254     -0.0009506369717          4.221541757      -0.002053405401        0.03667140727        0.04874204213                    0                    0                    0                    0         -2.824761196      9.935221684e-05                    0                    0                    0                    0                    0                    0                    0                    0                    0                    0                    0                    0                    0                    0                    0                    0
  "BI3.BCSF1L1"                           8         "instrument"                1.334          5.688044254     -0.0009506369717          4.221541757      -0.002053405401        0.03667140727        0.04874204213                    0                    0                    0                    0         -2.824761196      9.935221684e-05                    0                    0                    0                    0                    0                    0                    0                    0                    0                    0                    0                    0                    0                    0                    0                    0
  "BI3.TSTR1L1"                           9         "instrument"                1.334          5.688044254     -0.0009506369717          4.221541757      -0.002053405401        0.03667140727        0.04874204213                    0                    0                    0                    0         -2.824761196      9.935221684e-05                    0                    0                    0                    0                    0                    0                    0                    0                    0                    0                    0                    0                    0                    0                    0                    0
  "DRIFT_4"                              10              "drift"               1.3975          5.688873885       -0.01211441393          4.222757705        -0.0170953667        0.03844808329        0.05113578007                    0                    0                    0                    0         -2.824754888      9.935221684e-05                    0                    0                    0                    0                    0                    0                    0                    0                    0                    0                    0                    0                    0                    0                    0                    0
  "BI3.BSW1L1.3"                         11              "rbend"               1.7225          5.715317922       -0.06925185506          4.258890278       -0.09408178281        0.04752431484        0.06334486795                    0                    0                    0                    0         -2.824722598      9.935221684e-05                    0                    0                    0                    0                    0                    0                    0                    0                    0                    0                    0                    0                    0                    0                    0                    0
  "DRIFT_5"                              12              "drift"               2.0935          5.790901121        -0.1344764417          4.361303537        -0.1819647378        0.05779506699        0.07706238462                    0                    0                    0                    0         -2.824685738      9.935221684e-05                    0                    0                    0                    0                    0                    0                    0                    0                    0                    0                    0                    0                    0                    0                    0                    0
  "BI3.BSW1L1.4"                         13              "rbend"               2.4185          5.896880476        -0.1916138828          4.504601202        -0.2589511539        0.06665118506        0.08874276779                    0                    0                    0                    0         -2.824653449      9.935221684e-05                    0                    0                    0                    0                    0                    0                    0                    0                    0                    0                    0                    0                    0                    0                    0                    0
  "DRIFT_6"                              14              "drift"                2.456          5.911498747        -0.1982066645          4.524355653        -0.2678342019        0.06766205284        0.09006482379                    0                    0                    0                    0         -2.824649723      9.935221684e-05                    0                    0                    0                    0                    0                    0                    0                    0                    0                    0                    0                    0                    0                    0                    0                    0
  "BI3.TDI1L1"                           15         "collimator"                2.526          5.940109136        -0.2105131903          4.563013159        -0.2844158916        0.06954215851        0.09251688397                    0                    0                    0                    0         -2.824642769      9.935221684e-05                    0                    0                    0                    0                    0                    0                    0                    0                    0                    0                    0                    0                    0                    0                    0                    0
  "DRIFT_7"                              16              "drift"             2.654001          5.996881409        -0.2330167275           4.63970532        -0.3147369323        0.07295571308        0.09694499464                    0                    0                    0                    0         -2.824630051      9.935221684e-05                    0                    0                    0                    0                    0                    0                    0                    0                    0                    0                    0                    0                    0                    0                    0                    0
  "BR.BHZ11"                             17              "sbend"             4.271697          7.200142587        -0.5155959156          6.089142354        -0.5646895225         0.1122852392         0.1461646532                    0                    0                    0                    0         -3.129052274        -0.3788937962                    0                    0                    0                    0                    0                    0                    0                    0                    0                    0                    0                    0                    0                    0                    0                    0
  "DRIFT_8"                              18              "drift"               4.2717          7.200145681         -0.515596443          6.089145742        -0.5646901723         0.1122853055         0.1461647316                    0                    0                    0                    0          -3.12905341        -0.3788937962                    0                    0                    0                    0                    0                    0                    0                    0                    0                    0                    0                    0                    0                    0                    0                    0
  "BR.SPSCRAP11"                         19         "collimator"               4.2717          7.200145681         -0.515596443          6.089145742        -0.5646901723         0.1122853055         0.1461647316                    0                    0                    0                    0          -3.12905341        -0.3788937962                    0                    0                    0                    0                    0                    0                    0                    0                    0                    0                    0                    0                    0                    0                    0                    0
  "DRIFT_9"                              20              "drift"             4.514819          7.461239692        -0.5583385893          6.376521776        -0.6173483911         0.1175654105          0.152375984                    0                    0                    0                    0         -3.221169691        -0.3788937962                    0                    0                    0                    0                    0                    0                    0                    0                    0                    0                    0                    0                    0                    0                    0                    0
  "BR3.VVS1L2"                           21             "marker"             4.514819          7.461239692        -0.5583385893          6.376521776        -0.6173483911         0.1175654105          0.152375984                    0                    0                    0                    0         -3.221169691        -0.3788937962                    0                    0                    0                    0                    0                    0                    0                    0                    0                    0                    0                    0                    0                    0                    0                    0
  "DRIFT_10"                             22              "drift"             4.638012          7.601474649        -0.5799968441          6.531914925        -0.6440313075         0.1201689916         0.1554142119                    0                    0                    0                    0         -3.267846755        -0.3788937962                    0                    0                    0                    0                    0                    0                    0                    0                    0                    0                    0                    0                    0                    0                    0                    0
  "BR.QFO11"                             23         "quadrupole"             5.141582          6.838652162          2.000401759          8.604263167         -3.721561994         0.1309541622          0.166445781                    0                    0                    0                    0         -3.155681898         0.8174952034                    0                    0                    0                    0                    0                    0         0.3667514258                    0                    0                    0                    0                    0                    0                    0                    0                    0
  "DRIFT_11"                             24              "drift"             5.467797          5.611360023          1.761816837          11.21598471         -4.284573652         0.1393392123         0.1717317956                    0                    0                    0                    0           -2.8890027         0.8174952034                    0                    0                    0                    0                    0                    0                    0                    0                    0                    0                    0                    0                    0                    0                    0                    0
  "BR3.BPM1L3"                           25            "monitor"             5.467797          5.611360023          1.761816837          11.21598471         -4.284573652         0.1393392123         0.1717317956                    0                    0                    0                    0           -2.8890027         0.8174952034                    0                    0                    0                    0                    0                    0                    0                    0                    0                    0                    0                    0                    0                    0                    0                    0
  "BR3.ONOH0.1L3"                        26          "multipole"             5.467797          5.611360023          1.761816837          11.21598471         -4.284573652         0.1393392123         0.1717317956                    0                    0                    0                    0           -2.8890027         0.8174952034                    0                    0                    0                    0                    0                    0                    0                    0                    0                    0                    0                    0                    0                    0                    0                    0
  "BR3.QSKH0.1L3"                        27          "multipole"             5.467797          5.611360023          1.761816837          11.21598471         -4.284573652         0.1393392123         0.1717317956                    0                    0                    0                    0           -2.8890027         0.8174952034                    0                    0                    0                    0                    0                    0                    0                    0                    0                    0                    0                    0                    0                    0                    0                    0
  "BR3.XNOH0.1L3"                        28          "multipole"             5.467797          5.611360023          1.761816837          11.21598471         -4.284573652         0.1393392123         0.1717317956                    0                    0                    0                    0           -2.8890027         0.8174952034                    0                    0                    0                    0                    0                    0                    0                    0                    0                    0                    0                    0                    0                    0                    0                    0
  "DRIFT_12"                             29              "drift"             5.795327          4.535723009          1.522270159          14.20778408         -4.849854857         0.1496791863         0.1758616817                    0                    0                    0                    0         -2.621248497         0.8174952034                    0                    0                    0                    0                    0                    0                    0                    0                    0                    0                    0                    0                    0                    0                    0                    0
  "BR.QDE1"                              30         "quadrupole"             6.674267          4.535905146          -1.52251561          14.20900364          4.848743688         0.1838188611          0.184796155                    0                    0                    0                    0         -2.621321763        -0.8176698228                    0                    0                    0                    0                    0                    0        -0.6533738668                    0                    0                    0                    0                    0                    0                    0                    0                    0
  "DRIFT_13"                             31              "drift"             6.816797          4.984773898         -1.626777536          12.86186349          4.602881604         0.1885901615         0.1864741888                    0                    0                    0                    0         -2.737864243        -0.8176698228                    0                    0                    0                    0                    0                    0                    0                    0                    0                    0                    0                    0                    0                    0                    0                    0
  "BI3.KSW1L4"                           32            "hkicker"             7.186797          6.288732807         -1.897435731          9.691881519          3.964637226         0.1991154537         0.1917494672                    0                    0                    0                    0         -3.040402078        -0.8176698228                    0                    0                    0                    0                    0                    0                    0                    0                    0                    0                    0                    0                    0                    0                    0                    0
  "DRIFT_14"                             33              "drift"             7.329012          6.843215292         -2.001467232          8.599107754          3.719318513         0.2025660002         0.1942289001                    0                    0                    0                    0         -3.156686991        -0.8176698228                    0                    0                    0                    0                    0                    0                    0                    0                    0                    0                    0                    0                    0                    0                    0                    0
  "BR.QFO12"                             34         "quadrupole"             7.832582          7.606223682         0.5807161569          6.528051062         0.6435540167         0.2133441974         0.2052670513                    0                    0                    0                    0         -3.268845706         0.3790924323                    0                    0                    0                    0                    0                    0         0.3667514258                    0                    0                    0                    0                    0                    0                    0                    0                    0
  "DRIFT_15"                             35              "drift"             7.997852            7.4190758         0.5516604495          6.321247746          0.607751828         0.2168459846         0.2093621928                    0                    0                    0                    0           -3.2061931         0.3790924323                    0                    0                    0                    0                    0                    0                    0                    0                    0                    0                    0                    0                    0                    0                    0                    0
  "BR3.BPP1L5"                           36            "monitor"             7.997852            7.4190758         0.5516604495          6.321247746          0.607751828         0.2168459846         0.2093621928                    0                    0                    0                    0           -3.2061931         0.3790924323                    0                    0                    0                    0                    0                    0                    0                    0                    0                    0                    0                    0                    0                    0                    0                    0
  "DRIFT_16"                             37              "drift"             8.199799          7.203433341         0.5161566501          6.084615099         0.5640043565         0.2212431025         0.2145456122                    0                    0                    0                    0          -3.12963652         0.3790924323                    0                    0                    0                    0                    0                    0                    0                    0                    0                    0                    0                    0                    0                    0                    0                    0
  "BR.STSCRAP12"                         38         "collimator"             8.199799          7.203433341         0.5161566501          6.084615099         0.5640043565         0.2212431025         0.2145456122                    0                    0                    0                    0          -3.12963652         0.3790924323                    0                    0                    0                    0                    0                    0                    0                    0                    0                    0                    0                    0                    0                    0                    0                    0
  "DRIFT_17"                             39              "drift"             8.199804          7.203428179          0.516155771          6.084609459         0.5640032734          0.221243213          0.214545743                    0                    0                    0                    0         -3.129634625         0.3790924323                    0                    0                    0                    0                    0                    0                    0                    0                    0                    0                    0                    0                    0                    0                    0                    0
  "BR.BHZ12"                             40              "sbend"               9.8175          5.998367266         0.2335765829          4.637606828           0.31394614         0.2605586096         0.2637958484                    0                    0                    0                    0         -2.824893131      9.928380421e-05                    0                    0                    0                    0                    0                    0                    0                    0                    0                    0                    0                    0                    0                    0                    0                    0
  "DRIFT_18"                             41              "drift"              10.7355          5.717677869        0.07218528767          4.260827244        0.09648913737         0.2856099656         0.2969017396                    0                    0                    0                    0         -2.824801988      9.928380421e-05                    0                    0                    0                    0                    0                    0                    0                    0                    0                    0                    0                    0                    0                    0                    0                    0
  "BR3.BWS.2L1.V_ROT"                    42            "monitor"              10.7355          5.717677869        0.07218528767          4.260827244        0.09648913737         0.2856099656         0.2969017396                    0                    0                    0                    0         -2.824801988      9.928380421e-05                    0                    0                    0                    0                    0                    0                    0                    0                    0                    0                    0                    0                    0                    0                    0                    0
  "DRIFT_19"                             43              "drift"              10.8335          5.705218008        0.05495615158          4.244190381        0.07327477326         0.2883409647          0.300569832                    0                    0                    0                    0         -2.824792258      9.928380421e-05                    0                    0                    0                    0                    0                    0                    0                    0                    0                    0                    0                    0                    0                    0                    0                    0
  "BR3.BWS.2L1.H_ROT"                    44            "monitor"              10.8335          5.705218008        0.05495615158          4.244190381        0.07327477326         0.2883409647          0.300569832                    0                    0                    0                    0         -2.824792258      9.928380421e-05                    0                    0                    0                    0                    0                    0                    0                    0                    0                    0                    0                    0                    0                    0                    0                    0
  "DRIFT_20"                             45              "drift"              11.3695          5.696813808        -0.0392766744          4.233694864       -0.05369358555         0.3033265838         0.3207484708                    0                    0                    0                    0         -2.824739042      9.928380421e-05                    0                    0                    0                    0                    0                    0                    0                    0                    0                    0                    0                    0                    0                    0                    0                    0
  "BI3.KSW2L1"                           46            "hkicker"              11.7395          5.749946596        -0.1043254535          4.305857163        -0.1413396541         0.3136227824         0.3345579514                    0                    0                    0                    0         -2.824702307      9.928380421e-05                    0                    0                    0                    0                    0                    0                    0                    0                    0                    0                    0                    0                    0                    0                    0                    0
  "DRIFT_21"                             47              "drift"            12.471501          5.996881409        -0.2330167275          4.639705714        -0.3147369781         0.3335143227         0.3607408377                    0                    0                    0                    0         -2.824629631      9.928380421e-05                    0                    0                    0                    0                    0                    0                    0                    0                    0                    0                    0                    0                    0                    0                    0                    0
  "BR.BHZ21"                             48              "sbend"            14.089197          7.200142587        -0.5155959156          6.089142842        -0.5646895341         0.3728438488         0.4099604921                    0                    0                    0                    0         -3.129051963        -0.3788938647                    0                    0                    0                    0                    0                    0                    0                    0                    0                    0                    0                    0                    0                    0                    0                    0
  "DRIFT_22"                             49              "drift"           14.0891995          7.200145165        -0.5155963551          6.089145666        -0.5646900756         0.3728439041         0.4099605574                    0                    0                    0                    0         -3.129052911        -0.3788938647                    0                    0                    0                    0                    0                    0                    0                    0                    0                    0                    0                    0                    0                    0                    0                    0
  "BR.STSCRAP21"                         50         "collimator"           14.0891995          7.200145165        -0.5155963551          6.089145666        -0.5646900756         0.3728439041         0.4099605574                    0                    0                    0                    0         -3.129052911        -0.3788938647                    0                    0                    0                    0                    0                    0                    0                    0                    0                    0                    0                    0                    0                    0                    0                    0
  "DRIFT_23"                             51              "drift"            14.455512          7.601474649        -0.5799968441          6.531915419        -0.6440313135         0.3807276013         0.4192100501                    0                    0                    0                    0          -3.26784647        -0.3788938647                    0                    0                    0                    0                    0                    0                    0                    0                    0                    0                    0                    0                    0                    0                    0                    0
  "BR.QFO21"                             52         "quadrupole"            14.959082          6.838652162          2.000401759          8.604263761         -3.721562198         0.3915127718         0.4302416183                    0                    0                    0                    0         -3.155681672         0.8174950398                    0                    0                    0                    0                    0                    0         0.3667514258                    0                    0                    0                    0                    0                    0                    0                    0                    0
  "DRIFT_24"                             53              "drift"            15.285302          5.611342405           1.76181318          11.21602829         -4.284582504         0.3998979638         0.4355277035                    0                    0                    0                    0         -2.888998441         0.8174950398                    0                    0                    0                    0                    0                    0                    0                    0                    0                    0                    0                    0                    0                    0                    0                    0
  "BR3.BPM2L3"                           54            "monitor"            15.285302          5.611342405           1.76181318          11.21602829         -4.284582504         0.3998979638         0.4355277035                    0                    0                    0                    0         -2.888998441         0.8174950398                    0                    0                    0                    0                    0                    0                    0                    0                    0                    0                    0                    0                    0                    0                    0                    0
  "BR3.ONOH0.2L3"                        55          "multipole"            15.285302          5.611342405           1.76181318          11.21602829         -4.284582504         0.3998979638         0.4355277035                    0                    0                    0                    0         -2.888998441         0.8174950398                    0                    0                    0                    0                    0                    0                    0                    0                    0                    0                    0                    0                    0                    0                    0                    0
  "BR3.QSK2L3"                           56          "multipole"            15.285302          5.611342405           1.76181318          11.21602829         -4.284582504         0.3998979638         0.4355277035                    0                    0                    0                    0         -2.888998441         0.8174950398                    0                    0                    0                    0                    0                    0                    0                    0                    0                    0                    0                    0                    0                    0                    0                    0
  "BR3.XNOH0.2L3"                        57          "multipole"            15.285302          5.611342405           1.76181318          11.21602829         -4.284582504         0.3998979638         0.4355277035                    0                    0                    0                    0         -2.888998441         0.8174950398                    0                    0                    0                    0                    0                    0                    0                    0                    0                    0                    0                    0                    0                    0                    0                    0
  "DRIFT_25"                             58              "drift"            15.612827          4.535723009          1.522270159          14.20778496         -4.849855099         0.4102377959         0.4396575185                    0                    0                    0                    0         -2.621248378         0.8174950398                    0                    0                    0                    0                    0                    0                    0                    0                    0                    0                    0                    0                    0                    0                    0                    0
  "BR.QDE2"                              59         "quadrupole"            16.491767          4.535905146          -1.52251561          14.20900442          4.848744022         0.4443774708         0.4485919912                    0                    0                    0                    0         -2.621321767        -0.8176699503                    0                    0                    0                    0                    0                    0        -0.6533738668                    0                    0                    0                    0                    0                    0                    0                    0                    0
  "DRIFT_26"                             60              "drift"            16.819302           5.61173509         -1.762110291          11.21779264          4.283751081         0.4547170489         0.4527214301                    0                    0                    0                    0         -2.889137294        -0.8176699503                    0                    0                    0                    0                    0                    0                    0                    0                    0                    0                    0                    0                    0                    0                    0                    0
  "BR3.DHZ2L4"                           61            "hkicker"            16.819302           5.61173509         -1.762110291          11.21779264          4.283751081         0.4547170489         0.4527214301                    0                    0                    0                    0         -2.889137294        -0.8176699503                    0                    0                    0                    0                    0                    0                    0                    0                    0                    0                    0                    0                    0                    0                    0                    0
  "BR3.DVT2L4"                           62            "vkicker"            16.819302           5.61173509         -1.762110291          11.21779264          4.283751081         0.4547170489         0.4527214301                    0                    0                    0                    0         -2.889137294        -0.8176699503                    0                    0                    0                    0                    0                    0                    0                    0                    0                    0                    0                    0                    0                    0                    0                    0
  "BR3.OSK2L4"                           63          "multipole"            16.819302           5.61173509         -1.762110291          11.21779264          4.283751081         0.4547170489         0.4527214301                    0                    0                    0                    0         -2.889137294        -0.8176699503                    0                    0                    0                    0                    0                    0                    0                    0                    0                    0                    0                    0                    0                    0                    0                    0
  "BR3.XSK2L4"                           64          "multipole"            16.819302           5.61173509         -1.762110291          11.21779264          4.283751081         0.4547170489         0.4527214301                    0                    0                    0                    0         -2.889137294        -0.8176699503                    0                    0                    0                    0                    0                    0                    0                    0                    0                    0                    0                    0                    0                    0                    0                    0
  "DRIFT_27"                             65              "drift"            17.146512          6.843215292         -2.001467232          8.599108156           3.71931876         0.4631246099         0.4580247358                    0                    0                    0                    0         -3.156687078        -0.8176699503                    0                    0                    0                    0                    0                    0                    0                    0                    0                    0                    0                    0                    0                    0                    0                    0
  "BR.QFO22"                             66         "quadrupole"            17.650082          7.606223682         0.5807161569          6.528051299          0.643554119          0.473902807         0.4690628866                    0                    0                    0                    0         -3.268845847         0.3790923472                    0                    0                    0                    0                    0                    0         0.3667514258                    0                    0                    0                    0                    0                    0                    0                    0                    0
  "DRIFT_28"                             67              "drift"            18.017299          7.203433341         0.5161566501          6.084615263         0.5640044543         0.4818017121         0.4783414472                    0                    0                    0                    0         -3.129636693         0.3790923472                    0                    0                    0                    0                    0                    0                    0                    0                    0                    0                    0                    0                    0                    0                    0                    0
  "BR.STSCRAP22"                         68         "collimator"            18.017299          7.203433341         0.5161566501          6.084615263         0.5640044543         0.4818017121         0.4783414472                    0                    0                    0                    0         -3.129636693         0.3790923472                    0                    0                    0                    0                    0                    0                    0                    0                    0                    0                    0                    0                    0                    0                    0                    0
  "DRIFT_29"                             69              "drift"            18.017304          7.203428179          0.516155771          6.084609623         0.5640033712         0.4818018226          0.478341578                    0                    0                    0                    0         -3.129634797         0.3790923472                    0                    0                    0                    0                    0                    0                    0                    0                    0                    0                    0                    0                    0                    0                    0                    0
  "BR.BHZ22"                             70              "sbend"               19.635          5.998367266         0.2335765829          4.637606707         0.3139462147         0.5211172193         0.5275916833                    0                    0                    0                    0          -2.82489344      9.919873667e-05                    0                    0                    0                    0                    0                    0                    0                    0                    0                    0                    0                    0                    0                    0                    0                    0
  "DRIFT_30"                             71              "drift"               20.159           5.80185153         0.1414534471           4.37363299         0.1898204225         0.5352726903          0.546151259                    0                    0                    0                    0          -2.82484146      9.919873667e-05                    0                    0                    0                    0                    0                    0                    0                    0                    0                    0                    0                    0                    0                    0                    0                    0
  "BR3.DES3L1"                           72            "hkicker"               20.724          5.698131288        0.04212220326           4.23475434        0.05598249778         0.5509373318         0.5671063144                    0                    0                    0                    0         -2.824785412      9.919873667e-05                    0                    0                    0                    0                    0                    0                    0                    0                    0                    0                    0                    0                    0                    0                    0                    0
  "HACMAP"                               73             "marker"               20.724          5.698131288        0.04212220326           4.23475434        0.05598249778         0.5509373318         0.5671063144                    0                    0                    0                    0         -2.824785412      9.919873667e-05                    0                    0                    0                    0                    0                    0                    0                    0                    0                    0                    0                    0                    0                    0                    0                    0
  "VACMAP"                               74             "marker"               20.724          5.698131288        0.04212220326           4.23475434        0.05598249778         0.5509373318         0.5671063144                    0                    0                    0                    0         -2.824785412      9.919873667e-05                    0                    0                    0                    0                    0                    0                    0                    0                    0                    0                    0                    0                    0                    0                    0                    0
  "DRIFT_31"                             75              "drift"               21.098          5.691215131       -0.02362980591          4.226013438       -0.03261110197         0.5613974287         0.5811952945                    0                    0                    0                    0         -2.824748312      9.919873667e-05                    0                    0                    0                    0                    0                    0                    0                    0                    0                    0                    0                    0                    0                    0                    0                    0
  "BR3.ONO3L1"                           76          "multipole"               21.098          5.691215131       -0.02362980591          4.226013438       -0.03261110197         0.5613974287         0.5811952945                    0                    0                    0                    0         -2.824748312      9.919873667e-05                    0                    0                    0                    0                    0                    0                    0                    0                    0                    0                    0                    0                    0                    0                    0                    0
  "BR3.QNO3L1"                           77          "multipole"               21.098          5.691215131       -0.02362980591          4.226013438       -0.03261110197         0.5613974287         0.5811952945                    0                    0                    0                    0         -2.824748312      9.919873667e-05                    0                    0                    0                    0                    0                    0                    0                    0                    0                    0                    0                    0                    0                    0                    0                    0
  "BR3.XNO3L1"                           78          "multipole"               21.098          5.691215131       -0.02362980591          4.226013438       -0.03261110197         0.5613974287         0.5811952945                    0                    0                    0                    0         -2.824748312      9.919873667e-05                    0                    0                    0                    0                    0                    0                    0                    0                    0                    0                    0                    0                    0                    0                    0                    0
  "DRIFT_32"                             79              "drift"               21.678          5.777767353        -0.1255981624          4.343529179         -0.170002246         0.5775227691         0.6028073884                    0                    0                    0                    0         -2.824690777      9.919873667e-05                    0                    0                    0                    0                    0                    0                    0                    0                    0                    0                    0                    0                    0                    0                    0                    0
  "BR3.BPMT3L1"                          80            "monitor"               21.678          5.777767353        -0.1255981624          4.343529179         -0.170002246         0.5775227691         0.6028073884                    0                    0                    0                    0         -2.824690777      9.919873667e-05                    0                    0                    0                    0                    0                    0                    0                    0                    0                    0                    0                    0                    0                    0                    0                    0
  "DRIFT_33"                             81              "drift"           22.2890015          5.996881642        -0.2330168154          4.639705625         -0.314737065         0.5940729456         0.6245366961                    0                    0                    0                    0         -2.824630166      9.919873667e-05                    0                    0                    0                    0                    0                    0                    0                    0                    0                    0                    0                    0                    0                    0                    0                    0
  "BR.BHZ31"                             82              "sbend"           23.9066975          7.200143103        -0.5155960035          6.089143076        -0.5646896425         0.6334024695         0.6737563499                    0                    0                    0                    0         -3.129052635        -0.3788939497                    0                    0                    0                    0                    0                    0                    0                    0                    0                    0                    0                    0                    0                    0                    0                    0
  "DRIFT_34"                             83              "drift"              23.9067          7.200145681         -0.515596443            6.0891459         -0.564690184         0.6334025247         0.6737564153                    0                    0                    0                    0         -3.129053582        -0.3788939497                    0                    0                    0                    0                    0                    0                    0                    0                    0                    0                    0                    0                    0                    0                    0                    0
  "BR.STSCRAP31"                         84         "collimator"              23.9067          7.200145681         -0.515596443            6.0891459         -0.564690184         0.6334025247         0.6737564153                    0                    0                    0                    0         -3.129053582        -0.3788939497                    0                    0                    0                    0                    0                    0                    0                    0                    0                    0                    0                    0                    0                    0                    0                    0
  "DRIFT_35"                             85              "drift"            24.273012          7.601474649        -0.5799968441           6.53191509         -0.644031318         0.6412862109         0.6830058953                    0                    0                    0                    0         -3.267846983        -0.3788939497                    0                    0                    0                    0                    0                    0                    0                    0                    0                    0                    0                    0                    0                    0                    0                    0
  "BR.QFO31"                             86         "quadrupole"            24.776582          6.838652162          2.000401759          8.604263376         -3.721562075         0.6520713815         0.6940374641                    0                    0                    0                    0         -3.155682181          0.817495145                    0                    0                    0                    0                    0                    0         0.3667514258                    0                    0                    0                    0                    0                    0                    0                    0                    0
  "DRIFT_36"                             87              "drift"            25.102807          5.611324787          1.761809523          11.21607066         -4.284591001         0.6604567152         0.6993236205                    0                    0                    0                    0         -2.888994827          0.817495145                    0                    0                    0                    0                    0                    0                    0                    0                    0                    0                    0                    0                    0                    0                    0                    0
  "BR3.BPM3L3"                           88            "monitor"            25.102807          5.611324787          1.761809523          11.21607066         -4.284591001         0.6604567152         0.6993236205                    0                    0                    0                    0         -2.888994827          0.817495145                    0                    0                    0                    0                    0                    0                    0                    0                    0                    0                    0                    0                    0                    0                    0                    0
  "BR3.ONOH0.3L3"                        89          "multipole"            25.102807          5.611324787          1.761809523          11.21607066         -4.284591001         0.6604567152         0.6993236205                    0                    0                    0                    0         -2.888994827          0.817495145                    0                    0                    0                    0                    0                    0                    0                    0                    0                    0                    0                    0                    0                    0                    0                    0
  "BR3.QSKH0.3L3"                        90          "multipole"            25.102807          5.611324787          1.761809523          11.21607066         -4.284591001         0.6604567152         0.6993236205                    0                    0                    0                    0         -2.888994827          0.817495145                    0                    0                    0                    0                    0                    0                    0                    0                    0                    0                    0                    0                    0                    0                    0                    0
  "BR3.XNOH0.3L3"                        91          "multipole"            25.102807          5.611324787          1.761809523          11.21607066         -4.284591001         0.6604567152         0.6993236205                    0                    0                    0                    0         -2.888994827          0.817495145                    0                    0                    0                    0                    0                    0                    0                    0                    0                    0                    0                    0                    0                    0                    0                    0
  "DRIFT_37"                             92              "drift"            25.430327          4.535723009          1.522270159           14.2077844         -4.849854956         0.6707964056         0.7034533647                    0                    0                    0                    0         -2.621248817          0.817495145                    0                    0                    0                    0                    0                    0                    0                    0                    0                    0                    0                    0                    0                    0                    0                    0
  "BR.QDE3"                              93         "quadrupole"            26.309267          4.535905146          -1.52251561          14.20900394          4.848743807         0.7049360804         0.7123878378                    0                    0                    0                    0         -2.621322237        -0.8176701288                    0                    0                    0                    0                    0                    0        -0.6533738668                    0                    0                    0                    0                    0                    0                    0                    0                    0
  "DRIFT_38"                             94              "drift"            26.636807          5.611752712         -1.762113949          11.21774946           4.28374227         0.7152758003         0.7165173477                    0                    0                    0                    0         -2.889141911        -0.8176701288                    0                    0                    0                    0                    0                    0                    0                    0                    0                    0                    0                    0                    0                    0                    0                    0
  "BR3.DHZ3L4"                           95            "hkicker"            26.636807          5.611752712         -1.762113949          11.21774946           4.28374227         0.7152758003         0.7165173477                    0                    0                    0                    0         -2.889141911        -0.8176701288                    0                    0                    0                    0                    0                    0                    0                    0                    0                    0                    0                    0                    0                    0                    0                    0
  "BR3.DVT3L4"                           96            "vkicker"            26.636807          5.611752712         -1.762113949          11.21774946           4.28374227         0.7152758003         0.7165173477                    0                    0                    0                    0         -2.889141911        -0.8176701288                    0                    0                    0                    0                    0                    0                    0                    0                    0                    0                    0                    0                    0                    0                    0                    0
  "DRIFT_39"                             97              "drift"            26.964012          6.843215292         -2.001467232          8.599107923          3.719318603         0.7236832195         0.7218205827                    0                    0                    0                    0         -3.156687665        -0.8176701288                    0                    0                    0                    0                    0                    0                    0                    0                    0                    0                    0                    0                    0                    0                    0                    0
  "BR.QFO32"                             98         "quadrupole"            27.467582          7.606223682         0.5807161569          6.528051174         0.6435540473         0.7344614166         0.7328587337                    0                    0                    0                    0         -3.268846468         0.3790923936                    0                    0                    0                    0                    0                    0         0.3667514258                    0                    0                    0                    0                    0                    0                    0                    0                    0
  "DRIFT_40"                             99              "drift"            27.834799          7.203433341         0.5161566501          6.084615189         0.5640043862         0.7423603218         0.7421372944                    0                    0                    0                    0         -3.129637296         0.3790923936                    0                    0                    0                    0                    0                    0                    0                    0                    0                    0                    0                    0                    0                    0                    0                    0
  "BR.STSCRAP32"                        100         "collimator"            27.834799          7.203433341         0.5161566501          6.084615189         0.5640043862         0.7423603218         0.7421372944                    0                    0                    0                    0         -3.129637296         0.3790923936                    0                    0                    0                    0                    0                    0                    0                    0                    0                    0                    0                    0                    0                    0                    0                    0
  "DRIFT_41"                            101              "drift"            27.834804          7.203428179          0.516155771          6.084609549         0.5640033031         0.7423604322         0.7421374252                    0                    0                    0                    0         -3.129635401         0.3790923936                    0                    0                    0                    0                    0                    0                    0                    0                    0                    0                    0                    0                    0                    0                    0                    0
  "BR.BHZ32"                            102              "sbend"              29.4525          5.998367266         0.2335765829          4.637606826         0.3139461658         0.7816758289         0.7913875302                    0                    0                    0                    0         -2.824893969      9.924518644e-05                    0                    0                    0                    0                    0                    0                    0                    0                    0                    0                    0                    0                    0                    0                    0                    0
  "DRIFT_42"                            103              "drift"              29.8225          5.849588643         0.1685278038           4.43771571         0.2263000959          0.791623593         0.8043825761                    0                    0                    0                    0         -2.824857248      9.924518644e-05                    0                    0                    0                    0                    0                    0                    0                    0                    0                    0                    0                    0                    0                    0                    0                    0
  "BR3.ONO4L1"                          104          "multipole"              29.8225          5.849588643         0.1685278038           4.43771571         0.2263000959          0.791623593         0.8043825761                    0                    0                    0                    0         -2.824857248      9.924518644e-05                    0                    0                    0                    0                    0                    0                    0                    0                    0                    0                    0                    0                    0                    0                    0                    0
  "BR3.OSK4L1"                          105          "multipole"              29.8225          5.849588643         0.1685278038           4.43771571         0.2263000959          0.791623593         0.8043825761                    0                    0                    0                    0         -2.824857248      9.924518644e-05                    0                    0                    0                    0                    0                    0                    0                    0                    0                    0                    0                    0                    0                    0                    0                    0
  "BR3.XNO4L1"                          106          "multipole"              29.8225          5.849588643         0.1685278038           4.43771571         0.2263000959          0.791623593         0.8043825761                    0                    0                    0                    0         -2.824857248      9.924518644e-05                    0                    0                    0                    0                    0                    0                    0                    0                    0                    0                    0                    0                    0                    0                    0                    0
  "BR3.XSK4L1"                          107          "multipole"              29.8225          5.849588643         0.1685278038           4.43771571         0.2263000959          0.791623593         0.8043825761                    0                    0                    0                    0         -2.824857248      9.924518644e-05                    0                    0                    0                    0                    0                    0                    0                    0                    0                    0                    0                    0                    0                    0                    0                    0
  "DRIFT_43"                            108              "drift"              30.3565          5.719733515        0.07464659283          4.263575323        0.09980549769         0.8063375562         0.8239706463                    0                    0                    0                    0         -2.824804251      9.924518644e-05                    0                    0                    0                    0                    0                    0                    0                    0                    0                    0                    0                    0                    0                    0                    0                    0
  "BE3.DHZ4L1"                          109            "hkicker"              30.3565          5.719733515        0.07464659283          4.263575323        0.09980549769         0.8063375562         0.8239706463                    0                    0                    0                    0         -2.824804251      9.924518644e-05                    0                    0                    0                    0                    0                    0                    0                    0                    0                    0                    0                    0                    0                    0                    0                    0
  "BE3.DVT4L1"                          110            "vkicker"              30.3565          5.719733515        0.07464659283          4.263575323        0.09980549769         0.8063375562         0.8239706463                    0                    0                    0                    0         -2.824804251      9.924518644e-05                    0                    0                    0                    0                    0                    0                    0                    0                    0                    0                    0                    0                    0                    0                    0                    0
  "DRIFT_44"                            111              "drift"              30.7885           5.68804876      -0.001302251994          4.221551103      -0.002527210967         0.8184031974         0.8402049722                    0                    0                    0                    0         -2.824761377      9.924518644e-05                    0                    0                    0                    0                    0                    0                    0                    0                    0                    0                    0                    0                    0                    0                    0                    0
  "BR3.BSGHV4L1"                        112            "monitor"              30.7885           5.68804876      -0.001302251994          4.221551103      -0.002527210967         0.8184031974         0.8402049722                    0                    0                    0                    0         -2.824761377      9.924518644e-05                    0                    0                    0                    0                    0                    0                    0                    0                    0                    0                    0                    0                    0                    0                    0                    0
  "DRIFT_45"                            113              "drift"              31.5865          5.802082081        -0.1415966459          4.376431472        -0.1915584645         0.8405829187         0.8699253234                    0                    0                    0                    0          -2.82468218      9.924518644e-05                    0                    0                    0                    0                    0                    0                    0                    0                    0                    0                    0                    0                    0                    0                    0                    0
  "BR3.BWSH4L1"                         114            "monitor"              31.5865          5.802082081        -0.1415966459          4.376431472        -0.1915584645         0.8405829187         0.8699253234                    0                    0                    0                    0          -2.82468218      9.924518644e-05                    0                    0                    0                    0                    0                    0                    0                    0                    0                    0                    0                    0                    0                    0                    0                    0
  "DRIFT_46"                            115              "drift"            32.106501          5.996881409        -0.2330167275            4.6397056        -0.3147369618          0.854631542         0.8883325209                    0                    0                    0                    0         -2.824630572      9.924518644e-05                    0                    0                    0                    0                    0                    0                    0                    0                    0                    0                    0                    0                    0                    0                    0                    0
  "BR.BHZ41"                            116              "sbend"            33.724197          7.200142587        -0.5155959156           6.08914269        -0.5646895272         0.8939610681         0.9375521765                    0                    0                    0                    0         -3.129052966        -0.3788939033                    0                    0                    0                    0                    0                    0                    0                    0                    0                    0                    0                    0                    0                    0                    0                    0
  "DRIFT_47"                            117              "drift"           33.7241995          7.200145165        -0.5155963551          6.089145514        -0.5646900687         0.8939611233         0.9375522419                    0                    0                    0                    0         -3.129053913        -0.3788939033                    0                    0                    0                    0                    0                    0                    0                    0                    0                    0                    0                    0                    0                    0                    0                    0
  "BR.STSCRAP41"                        118         "collimator"           33.7241995          7.200145165        -0.5155963551          6.089145514        -0.5646900687         0.8939611233         0.9375522419                    0                    0                    0                    0         -3.129053913        -0.3788939033                    0                    0                    0                    0                    0                    0                    0                    0                    0                    0                    0                    0                    0                    0                    0                    0
  "DRIFT_48"                            119              "drift"            34.090512          7.601474649        -0.5799968441          6.531915263        -0.6440313082         0.9018448205         0.9468017347                    0                    0                    0                    0         -3.267847486        -0.3788939033                    0                    0                    0                    0                    0                    0                    0                    0                    0                    0                    0                    0                    0                    0                    0                    0
  "BR.QFO41"                            120         "quadrupole"            34.594082          6.838652162          2.000401759          8.604263569         -3.721562128         0.9126299911         0.9578333033                    0                    0                    0                    0         -3.155682616         0.8174953663                    0                    0                    0                    0                    0                    0         0.3667514258                    0                    0                    0                    0                    0                    0                    0                    0                    0
  "DRIFT_49"                            121              "drift"            34.920312          5.611307169          1.761805866          11.21611374         -4.284599686         0.9210154667         0.9631195305                    0                    0                    0                    0         -2.888991102         0.8174953663                    0                    0                    0                    0                    0                    0                    0                    0                    0                    0                    0                    0                    0                    0                    0                    0
  "BR3.BPM4L3"                          122            "monitor"            34.920312          5.611307169          1.761805866          11.21611374         -4.284599686         0.9210154667         0.9631195305                    0                    0                    0                    0         -2.888991102         0.8174953663                    0                    0                    0                    0                    0                    0                    0                    0                    0                    0                    0                    0                    0                    0                    0                    0
  "BR3.ONOH0.4L3"                       123          "multipole"            34.920312          5.611307169          1.761805866          11.21611374         -4.284599686         0.9210154667         0.9631195305                    0                    0                    0                    0         -2.888991102         0.8174953663                    0                    0                    0                    0                    0                    0                    0                    0                    0                    0                    0                    0                    0                    0                    0                    0
  "BR3.QNO4L3"                          124          "multipole"            34.920312          5.611307169          1.761805866          11.21611374         -4.284599686         0.9210154667         0.9631195305                    0                    0                    0                    0         -2.888991102         0.8174953663                    0                    0                    0                    0                    0                    0                    0                    0                    0                    0                    0                    0                    0                    0                    0                    0
  "BR3.XNOH0.4L3"                       125          "multipole"            34.920312          5.611307169          1.761805866          11.21611374         -4.284599686         0.9210154667         0.9631195305                    0                    0                    0                    0         -2.888991102         0.8174953663                    0                    0                    0                    0                    0                    0                    0                    0                    0                    0                    0                    0                    0                    0                    0                    0
  "DRIFT_50"                            126              "drift"            35.247827          4.535723009          1.522270159          14.20778467         -4.849855015         0.9313550152         0.9672492036                    0                    0                    0                    0         -2.621249108         0.8174953663                    0                    0                    0                    0                    0                    0                    0                    0                    0                    0                    0                    0                    0                    0                    0                    0
  "BR.QDE4"                             127         "quadrupole"            36.126767          4.535905146          -1.52251561          14.20900416          4.848743914           0.96549469         0.9761836765                    0                    0                    0                    0         -2.621322401        -0.8176700493                    0                    0                    0                    0                    0                    0        -0.6533738668                    0                    0                    0                    0                    0                    0                    0                    0                    0
  "DRIFT_51"                            128              "drift"            36.454312          5.611770333         -1.762117606          11.21770677          4.283733736         0.9758345518         0.9803132574                    0                    0                    0                    0         -2.889146137        -0.8176700493                    0                    0                    0                    0                    0                    0                    0                    0                    0                    0                    0                    0                    0                    0                    0                    0
  "BR3.DHZ4L4"                          129            "hkicker"            36.454312          5.611770333         -1.762117606          11.21770677          4.283733736         0.9758345518         0.9803132574                    0                    0                    0                    0         -2.889146137        -0.8176700493                    0                    0                    0                    0                    0                    0                    0                    0                    0                    0                    0                    0                    0                    0                    0                    0
  "BR3.DVT4L4"                          130            "vkicker"            36.454312          5.611770333         -1.762117606          11.21770677          4.283733736         0.9758345518         0.9803132574                    0                    0                    0                    0         -2.889146137        -0.8176700493                    0                    0                    0                    0                    0                    0                    0                    0                    0                    0                    0                    0                    0                    0                    0                    0
  "DRIFT_52"                            131              "drift"            36.781512          6.843215292         -2.001467232          8.599108015          3.719318679         0.9842418291         0.9856164213                    0                    0                    0                    0         -3.156687778        -0.8176700493                    0                    0                    0                    0                    0                    0                    0                    0                    0                    0                    0                    0                    0                    0                    0                    0
  "BR.QFO42"                            132         "quadrupole"            37.285082          7.606223682         0.5807161569          6.528051211         0.6435540881         0.9950200263         0.9966545722                    0                    0                    0                    0         -3.268846531         0.3790925058                    0                    0                    0                    0                    0                    0         0.3667514258                    0                    0                    0                    0                    0                    0                    0                    0                    0
  "DRIFT_53"                            133              "drift"             37.45044          7.418978709         0.5516449785          6.321140908         0.6077328346         0.9985237013          1.000751929                    0                    0                    0                    0         -3.206160553         0.3790925058                    0                    0                    0                    0                    0                    0                    0                    0                    0                    0                    0                    0                    0                    0                    0                    0
  "BR3.BPTF4L5"                         134            "monitor"             37.45044          7.418978709         0.5516449785          6.321140908         0.6077328346         0.9985237013          1.000751929                    0                    0                    0                    0         -3.206160553         0.3790925058                    0                    0                    0                    0                    0                    0                    0                    0                    0                    0                    0                    0                    0                    0                    0                    0
  "DRIFT_54"                            135              "drift"            37.652299          7.203433341         0.5161566501          6.084615197         0.5640044246          1.002918931          1.005933133                    0                    0                    0                    0         -3.129637318         0.3790925058                    0                    0                    0                    0                    0                    0                    0                    0                    0                    0                    0                    0                    0                    0                    0                    0
  "BR.STSCRAP42"                        136         "collimator"            37.652299          7.203433341         0.5161566501          6.084615197         0.5640044246          1.002918931          1.005933133                    0                    0                    0                    0         -3.129637318         0.3790925058                    0                    0                    0                    0                    0                    0                    0                    0                    0                    0                    0                    0                    0                    0                    0                    0
  "DRIFT_55"                            137              "drift"            37.652304          7.203428179          0.516155771          6.084609557         0.5640033415          1.002919042          1.005933264                    0                    0                    0                    0         -3.129635423         0.3790925058                    0                    0                    0                    0                    0                    0                    0                    0                    0                    0                    0                    0                    0                    0                    0                    0
  "BR.BHZ42"                            138              "sbend"                39.27          5.998367266         0.2335765829           4.63760673         0.3139461907          1.042234439          1.055183369                    0                    0                    0                    0         -2.824893811      9.935733702e-05                    0                    0                    0                    0                    0                    0                    0                    0                    0                    0                    0                    0                    0                    0                    0                    0
  "DRIFT_56"                            139              "drift"            39.521261           5.89208899         0.1894030119          4.494796673         0.2544271638          1.048963019          1.063946569                    0                    0                    0                    0         -2.824868846      9.935733702e-05                    0                    0                    0                    0                    0                    0                    0                    0                    0                    0                    0                    0                    0                    0                    0                    0
  "BR3.ACWF5L1.1"                       140           "rfcavity"            40.464261          5.691211563        0.02361652883          4.225593482        0.03104811836          1.074996559          1.098658723                    0                    0                    0                    0         -2.824775152      9.935733702e-05                    0                    0                    0                    0                    0                    0                    0                    0                    0                    0                    0                    0                    0                    0                    0                    0
  "DRIFT_57"                            141              "drift"            40.575761           5.68813076       0.004013991336          4.221614719       0.004635855829          1.078115704          1.102860784                    0                    0                    0                    0         -2.824764074      9.935733702e-05                    0                    0                    0                    0                    0                    0                    0                    0                    0                    0                    0                    0                    0                    0                    0                    0
  "BR3.ACWF5L1.2"                       142           "rfcavity"            41.518761          5.836897026        -0.1617724917          4.423517934        -0.2187431896          1.104280299          1.137872806                    0                    0                    0                    0          -2.82467038      9.935733702e-05                    0                    0                    0                    0                    0                    0                    0                    0                    0                    0                    0                    0                    0                    0                    0                    0
  "DRIFT_58"                            143              "drift"            41.924001          5.996881409        -0.2330167275           4.63970543        -0.3147369589          1.115190152          1.152128363                    0                    0                    0                    0         -2.824630116      9.935733702e-05                    0                    0                    0                    0                    0                    0                    0                    0                    0                    0                    0                    0                    0                    0                    0                    0
  "BR.BHZ51"                            144              "sbend"            43.541697          7.200142587        -0.5155959156          6.089142539        -0.5646895415          1.154519678           1.20134802                    0                    0                    0                    0          -3.12905233        -0.3788937911                    0                    0                    0                    0                    0                    0                    0                    0                    0                    0                    0                    0                    0                    0                    0                    0
  "DRIFT_59"                            145              "drift"           43.5416995          7.200145165        -0.5155963551          6.089145362         -0.564690083          1.154519733          1.201348086                    0                    0                    0                    0         -3.129053277        -0.3788937911                    0                    0                    0                    0                    0                    0                    0                    0                    0                    0                    0                    0                    0                    0                    0                    0
  "BR.STSCRAP51"                        146         "collimator"           43.5416995          7.200145165        -0.5155963551          6.089145362         -0.564690083          1.154519733          1.201348086                    0                    0                    0                    0         -3.129053277        -0.3788937911                    0                    0                    0                    0                    0                    0                    0                    0                    0                    0                    0                    0                    0                    0                    0                    0
  "DRIFT_60"                            147              "drift"            43.908012          7.601474649        -0.5799968441          6.531915123        -0.6440313254           1.16240343          1.210597579                    0                    0                    0                    0         -3.267846809        -0.3788937911                    0                    0                    0                    0                    0                    0                    0                    0                    0                    0                    0                    0                    0                    0                    0                    0
  "BR.QFO51"                            148         "quadrupole"            44.411582          6.838652162          2.000401759          8.604263424         -3.721562099          1.173188601          1.221629147                    0                    0                    0                    0         -3.155681945         0.8174952275                    0                    0                    0                    0                    0                    0         0.3667514258                    0                    0                    0                    0                    0                    0                    0                    0                    0
  "DRIFT_61"                            149              "drift"            44.737806           5.61132831          1.761810255          11.21606216         -4.284589303          1.181573906           1.22691529                    0                    0                    0                    0         -2.888995382         0.8174952275                    0                    0                    0                    0                    0                    0                    0                    0                    0                    0                    0                    0                    0                    0                    0                    0
  "BR3.BPM5L3"                          150            "monitor"            44.737806           5.61132831          1.761810255          11.21606216         -4.284589303          1.181573906           1.22691529                    0                    0                    0                    0         -2.888995382         0.8174952275                    0                    0                    0                    0                    0                    0                    0                    0                    0                    0                    0                    0                    0                    0                    0                    0
  "BR3.ONOH0.5L3"                       151          "multipole"            44.737806           5.61132831          1.761810255          11.21606216         -4.284589303          1.181573906           1.22691529                    0                    0                    0                    0         -2.888995382         0.8174952275                    0                    0                    0                    0                    0                    0                    0                    0                    0                    0                    0                    0                    0                    0                    0                    0
  "BR3.QSKH0.5L3"                       152          "multipole"            44.737806           5.61132831          1.761810255          11.21606216         -4.284589303          1.181573906           1.22691529                    0                    0                    0                    0         -2.888995382         0.8174952275                    0                    0                    0                    0                    0                    0                    0                    0                    0                    0                    0                    0                    0                    0                    0                    0
  "BR3.XNOH0.5L3"                       153          "multipole"            44.737806           5.61132831          1.761810255          11.21606216         -4.284589303          1.181573906           1.22691529                    0                    0                    0                    0         -2.888995382         0.8174952275                    0                    0                    0                    0                    0                    0                    0                    0                    0                    0                    0                    0                    0                    0                    0                    0
  "DRIFT_62"                            154              "drift"            45.065327          4.535723009          1.522270159          14.20778449         -4.849854988          1.191913625          1.231045048                    0                    0                    0                    0         -2.621248528         0.8174952275                    0                    0                    0                    0                    0                    0                    0                    0                    0                    0                    0                    0                    0                    0                    0                    0
  "BR.QDE5"                             155         "quadrupole"            45.944267          4.535905146          -1.52251561          14.20900403          4.848743835            1.2260533          1.239979521                    0                    0                    0                    0         -2.621321781         -0.817669814                    0                    0                    0                    0                    0                    0        -0.6533738668                    0                    0                    0                    0                    0                    0                    0                    0                    0
  "DRIFT_63"                            156              "drift"            46.110806          5.063310167         -1.644340327            12.641837          4.561466582          1.231585199          1.241957221                    0                    0                    0                    0         -2.757495694         -0.817669814                    0                    0                    0                    0                    0                    0                    0                    0                    0                    0                    0                    0                    0                    0                    0                    0
  "BR3.DHZ5L4"                          157            "hkicker"            46.110806          5.063310167         -1.644340327            12.641837          4.561466582          1.231585199          1.241957221                    0                    0                    0                    0         -2.757495694         -0.817669814                    0                    0                    0                    0                    0                    0                    0                    0                    0                    0                    0                    0                    0                    0                    0                    0
  "BR3.DVT5L4"                          158            "vkicker"            46.110806          5.063310167         -1.644340327            12.641837          4.561466582          1.231585199          1.241957221                    0                    0                    0                    0         -2.757495694         -0.817669814                    0                    0                    0                    0                    0                    0                    0                    0                    0                    0                    0                    0                    0                    0                    0                    0
  "DRIFT_64"                            159              "drift"            46.599012          6.843215292         -2.001467232          8.599107977          3.719318625          1.244800439          1.249412266                    0                    0                    0                    0         -3.156687003         -0.817669814                    0                    0                    0                    0                    0                    0                    0                    0                    0                    0                    0                    0                    0                    0                    0                    0
  "BR.QFO52"                            160         "quadrupole"            47.102582          7.606223682         0.5807161569          6.528051217          0.643554051          1.255578636          1.260450417                    0                    0                    0                    0         -3.268845712         0.3790924445                    0                    0                    0                    0                    0                    0         0.3667514258                    0                    0                    0                    0                    0                    0                    0                    0                    0
  "DRIFT_65"                            161              "drift"            47.469799          7.203433341         0.5161566501          6.084615228         0.5640043902          1.263477541          1.269728977                    0                    0                    0                    0         -3.129636522         0.3790924445                    0                    0                    0                    0                    0                    0                    0                    0                    0                    0                    0                    0                    0                    0                    0                    0
  "BR.STSCRAP52"                        162         "collimator"            47.469799          7.203433341         0.5161566501          6.084615228         0.5640043902          1.263477541          1.269728977                    0                    0                    0                    0         -3.129636522         0.3790924445                    0                    0                    0                    0                    0                    0                    0                    0                    0                    0                    0                    0                    0                    0                    0                    0
  "DRIFT_66"                            163              "drift"            47.469804          7.203428179          0.516155771          6.084609588         0.5640033071          1.263477651          1.269729108                    0                    0                    0                    0         -3.129634627         0.3790924445                    0                    0                    0                    0                    0                    0                    0                    0                    0                    0                    0                    0                    0                    0                    0                    0
  "BR.BHZ52"                            164              "sbend"              49.0875          5.998367266         0.2335765829           4.63760685         0.3139461715          1.302793048          1.318979213                    0                    0                    0                    0         -2.824893113      9.929601764e-05                    0                    0                    0                    0                    0                    0                    0                    0                    0                    0                    0                    0                    0                    0                    0                    0
  "DRIFT_67"                            165              "drift"              49.4575          5.849588643         0.1685278038          4.437715729         0.2263001017          1.312740812          1.331974259                    0                    0                    0                    0         -2.824856374      9.929601764e-05                    0                    0                    0                    0                    0                    0                    0                    0                    0                    0                    0                    0                    0                    0                    0                    0
  "BR3.ONO6L1"                          166          "multipole"              49.4575          5.849588643         0.1685278038          4.437715729         0.2263001017          1.312740812          1.331974259                    0                    0                    0                    0         -2.824856374      9.929601764e-05                    0                    0                    0                    0                    0                    0                    0                    0                    0                    0                    0                    0                    0                    0                    0                    0
  "BR3.OSK6L1"                          167          "multipole"              49.4575          5.849588643         0.1685278038          4.437715729         0.2263001017          1.312740812          1.331974259                    0                    0                    0                    0         -2.824856374      9.929601764e-05                    0                    0                    0                    0                    0                    0                    0                    0                    0                    0                    0                    0                    0                    0                    0                    0
  "BR3.XNO6L1"                          168          "multipole"              49.4575          5.849588643         0.1685278038          4.437715729         0.2263001017          1.312740812          1.331974259                    0                    0                    0                    0         -2.824856374      9.929601764e-05                    0                    0                    0                    0                    0                    0                    0                    0                    0                    0                    0                    0                    0                    0                    0                    0
  "BR3.XSK6L1"                          169          "multipole"              49.4575          5.849588643         0.1685278038          4.437715729         0.2263001017          1.312740812          1.331974259                    0                    0                    0                    0         -2.824856374      9.929601764e-05                    0                    0                    0                    0                    0                    0                    0                    0                    0                    0                    0                    0                    0                    0                    0                    0
  "DRIFT_68"                            170              "drift"           51.7415015          5.996881642        -0.2330168154          4.639705905        -0.3147370734          1.375748775          1.415924221                    0                    0                    0                    0         -2.824629581      9.929601764e-05                    0                    0                    0                    0                    0                    0                    0                    0                    0                    0                    0                    0                    0                    0                    0                    0
  "BR.BHZ61"                            171              "sbend"           53.3591975          7.200143103        -0.5155960035          6.089143338        -0.5646896232          1.415078298          1.465143872                    0                    0                    0                    0         -3.129051894        -0.3788938524                    0                    0                    0                    0                    0                    0                    0                    0                    0                    0                    0                    0                    0                    0                    0                    0
  "DRIFT_69"                            172              "drift"              53.3592          7.200145681         -0.515596443          6.089146161        -0.5646901647          1.415078354          1.465143937                    0                    0                    0                    0         -3.129052841        -0.3788938524                    0                    0                    0                    0                    0                    0                    0                    0                    0                    0                    0                    0                    0                    0                    0                    0
  "BR.STSCRAP61"                        173         "collimator"              53.3592          7.200145681         -0.515596443          6.089146161        -0.5646901647          1.415078354          1.465143937                    0                    0                    0                    0         -3.129052841        -0.3788938524                    0                    0                    0                    0                    0                    0                    0                    0                    0                    0                    0                    0                    0                    0                    0                    0
  "DRIFT_70"                            174              "drift"            53.725512          7.601474649        -0.5799968441          6.531915336        -0.6440312939           1.42296204          1.474393417                    0                    0                    0                    0         -3.267846206        -0.3788938524                    0                    0                    0                    0                    0                    0                    0                    0                    0                    0                    0                    0                    0                    0                    0                    0
  "BR.QFO61"                            175         "quadrupole"            54.229082          6.838652162          2.000401759          8.604263639         -3.721562135           1.43374721          1.485424985                    0                    0                    0                    0         -3.155681427         0.8174949572                    0                    0                    0                    0                    0                    0         0.3667514258                    0                    0                    0                    0                    0                    0                    0                    0                    0
  "DRIFT_71"                            176              "drift"            54.555311          5.611310692          1.761806598          11.21610524         -4.284597965          1.442132658          1.490711198                    0                    0                    0                    0         -2.888990864         0.8174949572                    0                    0                    0                    0                    0                    0                    0                    0                    0                    0                    0                    0                    0                    0                    0                    0
  "BR3.BPM6L3"                          177            "monitor"            54.555311          5.611310692          1.761806598          11.21610524         -4.284597965          1.442132658          1.490711198                    0                    0                    0                    0         -2.888990864         0.8174949572                    0                    0                    0                    0                    0                    0                    0                    0                    0                    0                    0                    0                    0                    0                    0                    0
  "BR3.ONOH0.6L3"                       178          "multipole"            54.555311          5.611310692          1.761806598          11.21610524         -4.284597965          1.442132658          1.490711198                    0                    0                    0                    0         -2.888990864         0.8174949572                    0                    0                    0                    0                    0                    0                    0                    0                    0                    0                    0                    0                    0                    0                    0                    0
  "BR3.QSK6L3"                          179          "multipole"            54.555311          5.611310692          1.761806598          11.21610524         -4.284597965          1.442132658          1.490711198                    0                    0                    0                    0         -2.888990864         0.8174949572                    0                    0                    0                    0                    0                    0                    0                    0                    0                    0                    0                    0                    0                    0                    0                    0
  "BR3.XNOH0.6L3"                       180          "multipole"            54.555311          5.611310692          1.761806598          11.21610524         -4.284597965          1.442132658          1.490711198                    0                    0                    0                    0         -2.888990864         0.8174949572                    0                    0                    0                    0                    0                    0                    0                    0                    0                    0                    0                    0                    0                    0                    0                    0
  "DRIFT_72"                            181              "drift"            54.882827          4.535723009          1.522270159          14.20778475         -4.849855017          1.452472234          1.494840886                    0                    0                    0                    0         -2.621248186         0.8174949572                    0                    0                    0                    0                    0                    0                    0                    0                    0                    0                    0                    0                    0                    0                    0                    0
  "BR.QDE6"                             182         "quadrupole"            55.761767          4.535905146          -1.52251561           14.2090042          4.848743951          1.486611909          1.503775359                    0                    0                    0                    0         -2.621321597        -0.8176699203                    0                    0                    0                    0                    0                    0        -0.6533738668                    0                    0                    0                    0                    0                    0                    0                    0                    0
  "DRIFT_73"                            183              "drift"            56.089311          5.611766808         -1.762116875          11.21771535          4.283735492          1.496951743          1.507904925                    0                    0                    0                    0         -2.889144473        -0.8176699203                    0                    0                    0                    0                    0                    0                    0                    0                    0                    0                    0                    0                    0                    0                    0                    0
  "BR3.DHZ6L4"                          184            "hkicker"            56.089311          5.611766808         -1.762116875          11.21771535          4.283735492          1.496951743          1.507904925                    0                    0                    0                    0         -2.889144473        -0.8176699203                    0                    0                    0                    0                    0                    0                    0                    0                    0                    0                    0                    0                    0                    0                    0                    0
  "BR3.DVT6L4"                          185            "vkicker"            56.089311          5.611766808         -1.762116875          11.21771535          4.283735492          1.496951743          1.507904925                    0                    0                    0                    0         -2.889144473        -0.8176699203                    0                    0                    0                    0                    0                    0                    0                    0                    0                    0                    0                    0                    0                    0                    0                    0
  "BR3.OSK6L4"                          186          "multipole"            56.089311          5.611766808         -1.762116875          11.21771535          4.283735492          1.496951743          1.507904925                    0                    0                    0                    0         -2.889144473        -0.8176699203                    0                    0                    0                    0                    0                    0                    0                    0                    0                    0                    0                    0                    0                    0                    0                    0
  "BR3.XSK6L4"                          187          "multipole"            56.089311          5.611766808         -1.762116875          11.21771535          4.283735492          1.496951743          1.507904925                    0                    0                    0                    0         -2.889144473        -0.8176699203                    0                    0                    0                    0                    0                    0                    0                    0                    0                    0                    0                    0                    0                    0                    0                    0
  "DRIFT_74"                            188              "drift"            56.416512          6.843215292         -2.001467232          8.599108013          3.719318702          1.505359048          1.513208103                    0                    0                    0                    0         -3.156686889        -0.8176699203                    0                    0                    0                    0                    0                    0                    0                    0                    0                    0                    0                    0                    0                    0                    0                    0
  "BR.QFO62"                            189         "quadrupole"            56.920082          7.606223682         0.5807161569          6.528051188         0.6435541098          1.516137246          1.524246254                    0                    0                    0                    0         -3.268845661         0.3790923072                    0                    0                    0                    0                    0                    0         0.3667514258                    0                    0                    0                    0                    0                    0                    0                    0                    0
  "DRIFT_75"                            190              "drift"              57.2873          7.203432308         0.5161564743          6.084614031         0.5640042278          1.524036173          1.533524841                    0                    0                    0                    0         -3.129636142         0.3790923072                    0                    0                    0                    0                    0                    0                    0                    0                    0                    0                    0                    0                    0                    0                    0                    0
  "BR.STSCRAP62"                        191         "collimator"              57.2873          7.203432308         0.5161564743          6.084614031         0.5640042278          1.524036173          1.533524841                    0                    0                    0                    0         -3.129636142         0.3790923072                    0                    0                    0                    0                    0                    0                    0                    0                    0                    0                    0                    0                    0                    0                    0                    0
  "DRIFT_76"                            192              "drift"           57.2873045          7.203427663         0.5161556831          6.084608955         0.5640032529          1.524036272          1.533524959                    0                    0                    0                    0         -3.129634436         0.3790923072                    0                    0                    0                    0                    0                    0                    0                    0                    0                    0                    0                    0                    0                    0                    0                    0
  "BR.BHZ62"                            193              "sbend"           58.9050005          5.998367033          0.233576495          4.637606444         0.3139460873          1.563351671          1.582775068                    0                    0                    0                    0         -2.824893143      9.915875552e-05                    0                    0                    0                    0                    0                    0                    0                    0                    0                    0                    0                    0                    0                    0                    0                    0
  "DRIFT_77"                            194              "drift"            59.156261           5.89208899         0.1894030119          4.494796693         0.2544271787          1.570080238          1.591538251                    0                    0                    0                    0         -2.824868228      9.915875552e-05                    0                    0                    0                    0                    0                    0                    0                    0                    0                    0                    0                    0                    0                    0                    0                    0
  "BR3.ACWF7L1.1"                       195           "rfcavity"            60.099261          5.691211563        0.02361652883          4.225593475        0.03104813267          1.596113778          1.626250405                    0                    0                    0                    0         -2.824774721      9.915875552e-05                    0                    0                    0                    0                    0                    0                    0                    0                    0                    0                    0                    0                    0                    0                    0                    0
  "DRIFT_78"                            196              "drift"            60.210761           5.68813076       0.004013991336          4.221614708       0.004635870066          1.599232923          1.630452465                    0                    0                    0                    0         -2.824763665      9.915875552e-05                    0                    0                    0                    0                    0                    0                    0                    0                    0                    0                    0                    0                    0                    0                    0                    0
  "BR3.ACWF7L1.2"                       197           "rfcavity"            61.153761          5.836897026        -0.1617724917          4.423517898         -0.218743176          1.625397519          1.665464488                    0                    0                    0                    0         -2.824670158      9.915875552e-05                    0                    0                    0                    0                    0                    0                    0                    0                    0                    0                    0                    0                    0                    0                    0                    0
  "DRIFT_79"                            198              "drift"           61.5590015          5.996881642        -0.2330168154          4.639705697        -0.3147370639          1.636307384          1.679720063                    0                    0                    0                    0         -2.824629975      9.915875552e-05                    0                    0                    0                    0                    0                    0                    0                    0                    0                    0                    0                    0                    0                    0                    0                    0
  "BR.BHZ71"                            199              "sbend"           63.1766975          7.200143103        -0.5155960035          6.089143131        -0.5646896339          1.675636908          1.728939716                    0                    0                    0                    0         -3.129052508        -0.3788939897                    0                    0                    0                    0                    0                    0                    0                    0                    0                    0                    0                    0                    0                    0                    0                    0
  "DRIFT_80"                            200              "drift"              63.1767          7.200145681         -0.515596443          6.089145955        -0.5646901753          1.675636963          1.728939781                    0                    0                    0                    0         -3.129053456        -0.3788939897                    0                    0                    0                    0                    0                    0                    0                    0                    0                    0                    0                    0                    0                    0                    0                    0
  "BR.STSCRAP71"                        201         "collimator"              63.1767          7.200145681         -0.515596443          6.089145955        -0.5646901753          1.675636963          1.728939781                    0                    0                    0                    0         -3.129053456        -0.3788939897                    0                    0                    0                    0                    0                    0                    0                    0                    0                    0                    0                    0                    0                    0                    0                    0
  "DRIFT_81"                            202              "drift"            63.543012          7.601474649        -0.5799968441          6.531915139         -0.644031308          1.683520649          1.738189261                    0                    0                    0                    0         -3.267846871        -0.3788939897                    0                    0                    0                    0                    0                    0                    0                    0                    0                    0                    0                    0                    0                    0                    0                    0
  "BR.QFO71"                            203         "quadrupole"            64.046582          6.838652162          2.000401759          8.604263422         -3.721562079           1.69430582           1.74922083                    0                    0                    0                    0         -3.155682098         0.8174950688                    0                    0                    0                    0                    0                    0         0.3667514258                    0                    0                    0                    0                    0                    0                    0                    0                    0
  "DRIFT_82"                            204              "drift"            64.372816          5.611293074          1.761802941          11.21614783         -4.284606536          1.702691409          1.754507114                    0                    0                    0                    0         -2.888987412         0.8174950688                    0                    0                    0                    0                    0                    0                    0                    0                    0                    0                    0                    0                    0                    0                    0                    0
  "BR3.BPM7L3"                          205            "monitor"            64.372816          5.611293074          1.761802941          11.21614783         -4.284606536          1.702691409          1.754507114                    0                    0                    0                    0         -2.888987412         0.8174950688                    0                    0                    0                    0                    0                    0                    0                    0                    0                    0                    0                    0                    0                    0                    0                    0
  "BR3.ONOH0.7L3"                       206          "multipole"            64.372816          5.611293074          1.761802941          11.21614783         -4.284606536          1.702691409          1.754507114                    0                    0                    0                    0         -2.888987412         0.8174950688                    0                    0                    0                    0                    0                    0                    0                    0                    0                    0                    0                    0                    0                    0                    0                    0
  "BR3.QSKH0.7L3"                       207          "multipole"            64.372816          5.611293074          1.761802941          11.21614783         -4.284606536          1.702691409          1.754507114                    0                    0                    0                    0         -2.888987412         0.8174950688                    0                    0                    0                    0                    0                    0                    0                    0                    0                    0                    0                    0                    0                    0                    0                    0
  "BR3.XNOH0.7L3"                       208          "multipole"            64.372816          5.611293074          1.761802941          11.21614783         -4.284606536          1.702691409          1.754507114                    0                    0                    0                    0         -2.888987412         0.8174950688                    0                    0                    0                    0                    0                    0                    0                    0                    0                    0                    0                    0                    0                    0                    0                    0
  "DRIFT_83"                            209              "drift"            64.700327          4.535723009          1.522270159          14.20778445         -4.849854957          1.713030844           1.75863673                    0                    0                    0                    0         -2.621248784         0.8174950688                    0                    0                    0                    0                    0                    0                    0                    0                    0                    0                    0                    0                    0                    0                    0                    0
  "BR.QDE7"                             210         "quadrupole"            65.579267          4.535905146          -1.52251561          14.20900397          4.848743831          1.747170519          1.767571203                    0                    0                    0                    0         -2.621322268        -0.8176702046                    0                    0                    0                    0                    0                    0        -0.6533738668                    0                    0                    0                    0                    0                    0                    0                    0                    0
  "DRIFT_84"                            211              "drift"            65.906816           5.61178443         -1.762120532          11.21767236          4.283726764          1.757510494          1.771700841                    0                    0                    0                    0         -2.889149326        -0.8176702046                    0                    0                    0                    0                    0                    0                    0                    0                    0                    0                    0                    0                    0                    0                    0                    0
  "BR3.DSHAH7L4"                        212            "hkicker"            65.906816           5.61178443         -1.762120532          11.21767236          4.283726764          1.757510494          1.771700841                    0                    0                    0                    0         -2.889149326        -0.8176702046                    0                    0                    0                    0                    0                    0                    0                    0                    0                    0                    0                    0                    0                    0                    0                    0
  "BR3.DSHAV7L4"                        213            "vkicker"            65.906816           5.61178443         -1.762120532          11.21767236          4.283726764          1.757510494          1.771700841                    0                    0                    0                    0         -2.889149326        -0.8176702046                    0                    0                    0                    0                    0                    0                    0                    0                    0                    0                    0                    0                    0                    0                    0                    0
  "DRIFT_85"                            214              "drift"            66.234012          6.843215292         -2.001467232          8.599107919          3.719318618          1.765917658          1.777003948                    0                    0                    0                    0         -3.156687746        -0.8176702046                    0                    0                    0                    0                    0                    0                    0                    0                    0                    0                    0                    0                    0                    0                    0                    0
  "BR.QFO72"                            215         "quadrupole"            66.737582          7.606223682         0.5807161569          6.528051157         0.6435540618          1.776695855          1.788042099                    0                    0                    0                    0         -3.268846578         0.3790923535                    0                    0                    0                    0                    0                    0         0.3667514258                    0                    0                    0                    0                    0                    0                    0                    0                    0
  "DRIFT_86"                            216              "drift"              67.1048          7.203432308         0.5161564743          6.084614033         0.5640041829          1.784594782          1.797320686                    0                    0                    0                    0         -3.129637042         0.3790923535                    0                    0                    0                    0                    0                    0                    0                    0                    0                    0                    0                    0                    0                    0                    0                    0
  "BR.STSCRAP72"                        217         "collimator"              67.1048          7.203432308         0.5161564743          6.084614033         0.5640041829          1.784594782          1.797320686                    0                    0                    0                    0         -3.129637042         0.3790923535                    0                    0                    0                    0                    0                    0                    0                    0                    0                    0                    0                    0                    0                    0                    0                    0
  "DRIFT_87"                            218              "drift"           67.1048045          7.203427663         0.5161556831          6.084608957         0.5640032081          1.784594882          1.797320804                    0                    0                    0                    0         -3.129635337         0.3790923535                    0                    0                    0                    0                    0                    0                    0                    0                    0                    0                    0                    0                    0                    0                    0                    0
  "BR.BHZ72"                            219              "sbend"           68.7225005          5.998367033          0.233576495          4.637606567         0.3139460592          1.823910281          1.846570913                    0                    0                    0                    0         -2.824893969      9.920503232e-05                    0                    0                    0                    0                    0                    0                    0                    0                    0                    0                    0                    0                    0                    0                    0                    0
  "DRIFT_88"                            220              "drift"             69.08625          5.851702108         0.1696266007           4.44055376         0.2277806161          1.833688013          1.859341862                    0                    0                    0                    0         -2.824857883      9.920503232e-05                    0                    0                    0                    0                    0                    0                    0                    0                    0                    0                    0                    0                    0                    0                    0                    0
  "BR3.ONO8L1"                          221          "multipole"             69.08625          5.851702108         0.1696266007           4.44055376         0.2277806161          1.833688013          1.859341862                    0                    0                    0                    0         -2.824857883      9.920503232e-05                    0                    0                    0                    0                    0                    0                    0                    0                    0                    0                    0                    0                    0                    0                    0                    0
  "BR3.QNO8L1"                          222          "multipole"             69.08625          5.851702108         0.1696266007           4.44055376         0.2277806161          1.833688013          1.859341862                    0                    0                    0                    0         -2.824857883      9.920503232e-05                    0                    0                    0                    0                    0                    0                    0                    0                    0                    0                    0                    0                    0                    0                    0                    0
  "BR3.XNO8L1"                          223          "multipole"             69.08625          5.851702108         0.1696266007           4.44055376         0.2277806161          1.833688013          1.859341862                    0                    0                    0                    0         -2.824857883      9.920503232e-05                    0                    0                    0                    0                    0                    0                    0                    0                    0                    0                    0                    0                    0                    0                    0                    0
  "DRIFT_89"                            224              "drift"             69.59625          5.724410509        0.07996477004           4.26983035         0.1069711689          1.847730611          1.878025628                    0                    0                    0                    0         -2.824807289      9.920503232e-05                    0                    0                    0                    0                    0                    0                    0                    0                    0                    0                    0                    0                    0                    0                    0                    0
  "BR3.DHZ8L1"                          225            "hkicker"             69.59625          5.724410509        0.07996477004           4.26983035         0.1069711689          1.847730611          1.878025628                    0                    0                    0                    0         -2.824807289      9.920503232e-05                    0                    0                    0                    0                    0                    0                    0                    0                    0                    0                    0                    0                    0                    0                    0                    0
  "BR3.DVT8L1"                          226            "vkicker"             69.59625          5.724410509        0.07996477004           4.26983035         0.1069711689          1.847730611          1.878025628                    0                    0                    0                    0         -2.824807289      9.920503232e-05                    0                    0                    0                    0                    0                    0                    0                    0                    0                    0                    0                    0                    0                    0                    0                    0
  "DRIFT_90"                            227              "drift"             69.94025          5.690199105         0.0194869862          4.224265767        0.02548401246          1.857329318          1.890931093                    0                    0                    0                    0         -2.824773162      9.920503232e-05                    0                    0                    0                    0                    0                    0                    0                    0                    0                    0                    0                    0                    0                    0                    0                    0
  "BR3.BCTI8L1"                         228            "monitor"             70.46955          5.718824148       -0.07356792946           4.26365269       -0.09989724314          1.872118021          1.910832688                    0                    0                    0                    0         -2.824720653      9.920503232e-05                    0                    0                    0                    0                    0                    0                    0                    0                    0                    0                    0                    0                    0                    0                    0                    0
  "DRIFT_91"                            229              "drift"            70.565273          5.734519339       -0.09039675185          4.284948135        -0.1225722288          1.874778469          1.914397274                    0                    0                    0                    0         -2.824711157      9.920503232e-05                    0                    0                    0                    0                    0                    0                    0                    0                    0                    0                    0                    0                    0                    0                    0                    0
  "BR3.BCW8L1"                          230            "monitor"            70.905773          5.816462694        -0.1502592094          4.395883897        -0.2032303009          1.884167292          1.926896637                    0                    0                    0                    0         -2.824677377      9.920503232e-05                    0                    0                    0                    0                    0                    0                    0                    0                    0                    0                    0                    0                    0                    0                    0                    0
  "DRIFT_92"                            231              "drift"            71.041223          5.860393402        -0.1740723368          4.455284976        -0.2353158688          1.887860003          1.931768624                    0                    0                    0                    0          -2.82466394      9.920503232e-05                    0                    0                    0                    0                    0                    0                    0                    0                    0                    0                    0                    0                    0                    0                    0                    0
  "BR3.VVS8L1"                          232             "marker"            71.041223          5.860393402        -0.1740723368          4.455284976        -0.2353158688          1.887860003          1.931768624                    0                    0                    0                    0          -2.82466394      9.920503232e-05                    0                    0                    0                    0                    0                    0                    0                    0                    0                    0                    0                    0                    0                    0                    0                    0
  "DRIFT_93"                            233              "drift"            71.188223          5.915369694        -0.1999160409          4.529586608        -0.2701374153          1.891834007          1.936977548                    0                    0                    0                    0         -2.824649357      9.920503232e-05                    0                    0                    0                    0                    0                    0                    0                    0                    0                    0                    0                    0                    0                    0                    0                    0
  "BR3.BPP8L1"                          234            "monitor"            71.188223          5.915369694        -0.1999160409          4.529586608        -0.2701374153          1.891834007          1.936977548                    0                    0                    0                    0         -2.824649357      9.920503232e-05                    0                    0                    0                    0                    0                    0                    0                    0                    0                    0                    0                    0                    0                    0                    0                    0
  "DRIFT_94"                            235              "drift"            71.376501          5.996881409        -0.2330167275          4.639705583        -0.3147369468          1.896865981          1.943515886                    0                    0                    0                    0         -2.824630679      9.920503232e-05                    0                    0                    0                    0                    0                    0                    0                    0                    0                    0                    0                    0                    0                    0                    0                    0
  "BR.BHZ81"                            236              "sbend"            72.994197          7.200142587        -0.5155959156          6.089142624        -0.5646895118          1.936195507          1.992735542                    0                    0                    0                    0         -3.129053138        -0.3788939434                    0                    0                    0                    0                    0                    0                    0                    0                    0                    0                    0                    0                    0                    0                    0                    0
  "DRIFT_95"                            237              "drift"           72.9941995          7.200145165        -0.5155963551          6.089145447        -0.5646900533          1.936195562          1.992735607                    0                    0                    0                    0         -3.129054085        -0.3788939434                    0                    0                    0                    0                    0                    0                    0                    0                    0                    0                    0                    0                    0                    0                    0                    0
  "BR.STSCRAP81"                        238         "collimator"           72.9941995          7.200145165        -0.5155963551          6.089145447        -0.5646900533          1.936195562          1.992735607                    0                    0                    0                    0         -3.129054085        -0.3788939434                    0                    0                    0                    0                    0                    0                    0                    0                    0                    0                    0                    0                    0                    0                    0                    0
  "DRIFT_96"                            239              "drift"            73.360512          7.601474649        -0.5799968441          6.531915185        -0.6440312926          1.944079259            2.0019851                    0                    0                    0                    0         -3.267847672        -0.3788939434                    0                    0                    0                    0                    0                    0                    0                    0                    0                    0                    0                    0                    0                    0                    0                    0
  "BR.QFO81"                            240         "quadrupole"            73.864082          6.838652162          2.000401759          8.604263458         -3.721562074           1.95486443          2.013016669                    0                    0                    0                    0         -3.155682805         0.8174953959                    0                    0                    0                    0                    0                    0         0.3667514258                    0                    0                    0                    0                    0                    0                    0                    0                    0
  "DRIFT_97"                            241              "drift"            74.190321          5.611275456          1.761799284          11.21619071         -4.284615157           1.96325016          2.018303024                    0                    0                    0                    0         -2.888983924         0.8174953959                    0                    0                    0                    0                    0                    0                    0                    0                    0                    0                    0                    0                    0                    0                    0                    0
  "BR3.BPM8L3"                          242            "monitor"            74.190321          5.611275456          1.761799284          11.21619071         -4.284615157           1.96325016          2.018303024                    0                    0                    0                    0         -2.888983924         0.8174953959                    0                    0                    0                    0                    0                    0                    0                    0                    0                    0                    0                    0                    0                    0                    0                    0
  "BR3.ONOH0.8L3"                       243          "multipole"            74.190321          5.611275456          1.761799284          11.21619071         -4.284615157           1.96325016          2.018303024                    0                    0                    0                    0         -2.888983924         0.8174953959                    0                    0                    0                    0                    0                    0                    0                    0                    0                    0                    0                    0                    0                    0                    0                    0
  "BR3.QNO8L3"                          244          "multipole"            74.190321          5.611275456          1.761799284          11.21619071         -4.284615157           1.96325016          2.018303024                    0                    0                    0                    0         -2.888983924         0.8174953959                    0                    0                    0                    0                    0                    0                    0                    0                    0                    0                    0                    0                    0                    0                    0                    0
  "BR3.XNOH0.8L3"                       245          "multipole"            74.190321          5.611275456          1.761799284          11.21619071         -4.284615157           1.96325016          2.018303024                    0                    0                    0                    0         -2.888983924         0.8174953959                    0                    0                    0                    0                    0                    0                    0                    0                    0                    0                    0                    0                    0                    0                    0                    0
  "DRIFT_98"                            246              "drift"            74.517827          4.535723009          1.522270159          14.20778448         -4.849854944          1.973589454          2.022432569                    0                    0                    0                    0         -2.621249277         0.8174953959                    0                    0                    0                    0                    0                    0                    0                    0                    0                    0                    0                    0                    0                    0                    0                    0
  "BR.QDE8"                             247         "quadrupole"            75.396767          4.535905146          -1.52251561          14.20900396          4.848743849          2.007729129          2.031367042                    0                    0                    0                    0         -2.621322593        -0.8176701323                    0                    0                    0                    0                    0                    0        -0.6533738668                    0                    0                    0                    0                    0                    0                    0                    0                    0
  "DRIFT_99"                            248              "drift"            75.693797          5.504909451          -1.73979562          11.48074912          4.336371592          2.017195193           2.03506867                    0                    0                    0                    0         -2.864195152        -0.8176701323                    0                    0                    0                    0                    0                    0                    0                    0                    0                    0                    0                    0                    0                    0                    0                    0
  "BR3.TSAA8L4"                         249         "collimator"            75.693797          5.504909451          -1.73979562          11.48074912          4.336371592          2.017195193           2.03506867                    0                    0                    0                    0         -2.864195152        -0.8176701323                    0                    0                    0                    0                    0                    0                    0                    0                    0                    0                    0                    0                    0                    0                    0                    0
  "DRIFT_100"                           250              "drift"            75.865797          6.125040095         -1.865615105          10.04006924          4.039674193          2.021910202          2.037618514                    0                    0                    0                    0         -3.004834415        -0.8176701323                    0                    0                    0                    0                    0                    0                    0                    0                    0                    0                    0                    0                    0                    0                    0                    0
  "BR3.TSAB8L4"                         251         "collimator"            75.865797          6.125040095         -1.865615105          10.04006924          4.039674193          2.021910202          2.037618514                    0                    0                    0                    0         -3.004834415        -0.8176701323                    0                    0                    0                    0                    0                    0                    0                    0                    0                    0                    0                    0                    0                    0                    0                    0
  "DRIFT_101"                           252              "drift"            76.051512          6.843215292         -2.001467232          8.599107893          3.719318627          2.026476268          2.040799787                    0                    0                    0                    0         -3.156688024        -0.8176701323                    0                    0                    0                    0                    0                    0                    0                    0                    0                    0                    0                    0                    0                    0                    0                    0
  "BR.QFO82"                            253         "quadrupole"            76.555082          7.606223682         0.5807161569          6.528051118         0.6435540784          2.037254465          2.051837938                    0                    0                    0                    0         -3.268846795         0.3790925179                    0                    0                    0                    0                    0                    0         0.3667514258                    0                    0                    0                    0                    0                    0                    0                    0                    0
  "DRIFT_102"                           254              "drift"              76.9223          7.203432308         0.5161564743          6.084613983         0.5640041978          2.045153392          2.061116525                    0                    0                    0                    0         -3.129637199         0.3790925179                    0                    0                    0                    0                    0                    0                    0                    0                    0                    0                    0                    0                    0                    0                    0                    0
  "BR.STSCRAP82"                        255         "collimator"              76.9223          7.203432308         0.5161564743          6.084613983         0.5640041978          2.045153392          2.061116525                    0                    0                    0                    0         -3.129637199         0.3790925179                    0                    0                    0                    0                    0                    0                    0                    0                    0                    0                    0                    0                    0                    0                    0                    0
  "DRIFT_103"                           256              "drift"           76.9223045          7.203427663         0.5161556831          6.084608907          0.564003223          2.045153491          2.061116643                    0                    0                    0                    0         -3.129635493         0.3790925179                    0                    0                    0                    0                    0                    0                    0                    0                    0                    0                    0                    0                    0                    0                    0                    0
  "BR.BHZ82"                            257              "sbend"           78.5400005          5.998367033          0.233576495          4.637606483         0.3139460646           2.08446889          2.110366753                    0                    0                    0                    0         -2.824893862      9.936940041e-05                    0                    0                    0                    0                    0                    0                    0                    0                    0                    0                    0                    0                    0                    0                    0                    0
  "DRIFT_104"                           258              "drift"               78.924          5.844904323         0.1660664986          4.431425694         0.2229837739          2.094797705          2.123864237                    0                    0                    0                    0         -2.824855704      9.936940041e-05                    0                    0                    0                    0                    0                    0                    0                    0                    0                    0                    0                    0                    0                    0                    0                    0
  "BR3.DHZ9L1"                          259            "hkicker"               78.924          5.844904323         0.1660664986          4.431425694         0.2229837739          2.094797705          2.123864237                    0                    0                    0                    0         -2.824855704      9.936940041e-05                    0                    0                    0                    0                    0                    0                    0                    0                    0                    0                    0                    0                    0                    0                    0                    0
  "BR3.DVT9L1"                          260            "vkicker"               78.924          5.844904323         0.1660664986          4.431425694         0.2229837739          2.094797705          2.123864237                    0                    0                    0                    0         -2.824855704      9.936940041e-05                    0                    0                    0                    0                    0                    0                    0                    0                    0                    0                    0                    0                    0                    0                    0                    0
  "DRIFT_105"                           261              "drift"              79.4089          5.725190303        0.08081743647          4.270873453         0.1081200442          2.108154386           2.14164071                    0                    0                    0                    0         -2.824807519      9.936940041e-05                    0                    0                    0                    0                    0                    0                    0                    0                    0                    0                    0                    0                    0                    0                    0                    0
  "BR3.BCTDC9L1"                        262            "monitor"              79.7289          5.691469833         0.0245590329          4.225933267        0.03231803653           2.11708108          2.153640177                    0                    0                    0                    0         -2.824775721      9.936940041e-05                    0                    0                    0                    0                    0                    0                    0                    0                    0                    0                    0                    0                    0                    0                    0                    0
  "DRIFT_106"                           263              "drift"               80.634          5.791035641        -0.1345643455           4.36148572        -0.1820832044          2.142277686          2.187447364                    0                    0                    0                    0         -2.824685782      9.936940041e-05                    0                    0                    0                    0                    0                    0                    0                    0                    0                    0                    0                    0                    0                    0                    0                    0
  "BR3.ONO9L1"                          264          "multipole"               80.634          5.791035641        -0.1345643455           4.36148572        -0.1820832044          2.142277686          2.187447364                    0                    0                    0                    0         -2.824685782      9.936940041e-05                    0                    0                    0                    0                    0                    0                    0                    0                    0                    0                    0                    0                    0                    0                    0                    0
  "BR3.OSK9L1"                          265          "multipole"               80.634          5.791035641        -0.1345643455           4.36148572        -0.1820832044          2.142277686          2.187447364                    0                    0                    0                    0         -2.824685782      9.936940041e-05                    0                    0                    0                    0                    0                    0                    0                    0                    0                    0                    0                    0                    0                    0                    0                    0
  "BR3.XNO9L1"                          266          "multipole"               80.634          5.791035641        -0.1345643455           4.36148572        -0.1820832044          2.142277686          2.187447364                    0                    0                    0                    0         -2.824685782      9.936940041e-05                    0                    0                    0                    0                    0                    0                    0                    0                    0                    0                    0                    0                    0                    0                    0                    0
  "BR3.XSK9L1"                          267          "multipole"               80.634          5.791035641        -0.1345643455           4.36148572        -0.1820832044          2.142277686          2.187447364                    0                    0                    0                    0         -2.824685782      9.936940041e-05                    0                    0                    0                    0                    0                    0                    0                    0                    0                    0                    0                    0                    0                    0                    0                    0
  "DRIFT_107"                           268              "drift"            81.194001          5.996881409        -0.2330167275          4.639705506        -0.3147369547           2.15742459          2.207311728                    0                    0                    0                    0         -2.824630135      9.936940041e-05                    0                    0                    0                    0                    0                    0                    0                    0                    0                    0                    0                    0                    0                    0                    0                    0
  "BR.BHZ91"                            269              "sbend"            82.811697          7.200142587        -0.5155959156          6.089142587        -0.5646895288          2.196754116          2.256531384                    0                    0                    0                    0          -3.12905233        -0.3788937791                    0                    0                    0                    0                    0                    0                    0                    0                    0                    0                    0                    0                    0                    0                    0                    0
  "DRIFT_108"                           270              "drift"           82.8116995          7.200145165        -0.5155963551          6.089145411        -0.5646900703          2.196754171           2.25653145                    0                    0                    0                    0         -3.129053277        -0.3788937791                    0                    0                    0                    0                    0                    0                    0                    0                    0                    0                    0                    0                    0                    0                    0                    0
  "BR.STSCRAP91"                        271         "collimator"           82.8116995          7.200145165        -0.5155963551          6.089145411        -0.5646900703          2.196754171           2.25653145                    0                    0                    0                    0         -3.129053277        -0.3788937791                    0                    0                    0                    0                    0                    0                    0                    0                    0                    0                    0                    0                    0                    0                    0                    0
  "DRIFT_109"                           272              "drift"            83.178012          7.601474649        -0.5799968441          6.531915162        -0.6440313112          2.204637869          2.265780943                    0                    0                    0                    0         -3.267846804        -0.3788937791                    0                    0                    0                    0                    0                    0                    0                    0                    0                    0                    0                    0                    0                    0                    0                    0
  "BR.QFO91"                            273         "quadrupole"            83.681582          6.838652162          2.000401759          8.604263453         -3.721562093          2.215423039          2.276812511                    0                    0                    0                    0         -3.155681935         0.8174952367                    0                    0                    0                    0                    0                    0         0.3667514258                    0                    0                    0                    0                    0                    0                    0                    0                    0
  "DRIFT_110"                           274              "drift"            84.007826          5.611257838          1.761795627          11.21623357         -4.284623811          2.223808912          2.282098937                    0                    0                    0                    0         -2.888979019         0.8174952367                    0                    0                    0                    0                    0                    0                    0                    0                    0                    0                    0                    0                    0                    0                    0                    0
  "BR3.BPM9L3"                          275            "monitor"            84.007826          5.611257838          1.761795627          11.21623357         -4.284623811          2.223808912          2.282098937                    0                    0                    0                    0         -2.888979019         0.8174952367                    0                    0                    0                    0                    0                    0                    0                    0                    0                    0                    0                    0                    0                    0                    0                    0
  "BR3.ONOH0.9L3"                       276          "multipole"            84.007826          5.611257838          1.761795627          11.21623357         -4.284623811          2.223808912          2.282098937                    0                    0                    0                    0         -2.888979019         0.8174952367                    0                    0                    0                    0                    0                    0                    0                    0                    0                    0                    0                    0                    0                    0                    0                    0
  "BR3.QSKH0.9L3"                       277          "multipole"            84.007826          5.611257838          1.761795627          11.21623357         -4.284623811          2.223808912          2.282098937                    0                    0                    0                    0         -2.888979019         0.8174952367                    0                    0                    0                    0                    0                    0                    0                    0                    0                    0                    0                    0                    0                    0                    0                    0
  "BR3.XNOH0.9L3"                       278          "multipole"            84.007826          5.611257838          1.761795627          11.21623357         -4.284623811          2.223808912          2.282098937                    0                    0                    0                    0         -2.888979019         0.8174952367                    0                    0                    0                    0                    0                    0                    0                    0                    0                    0                    0                    0                    0                    0                    0                    0
  "DRIFT_111"                           279              "drift"            84.335327          4.535723009          1.522270159           14.2077845         -4.849854975          2.234148063          2.286228412                    0                    0                    0                    0         -2.621248512         0.8174952367                    0                    0                    0                    0                    0                    0                    0                    0                    0                    0                    0                    0                    0                    0                    0                    0
  "BR.QDE9"                             280         "quadrupole"            85.214267          4.535905146          -1.52251561          14.20900402          4.848743849          2.268287738          2.295162885                    0                    0                    0                    0         -2.621321751        -0.8176697902                    0                    0                    0                    0                    0                    0        -0.6533738668                    0                    0                    0                    0                    0                    0                    0                    0                    0
  "DRIFT_112"                           281              "drift"            85.541826          5.611819672         -1.762127847          11.21758672          4.283709531          2.278627997          2.299292664                    0                    0                    0                    0          -2.88915685        -0.8176697902                    0                    0                    0                    0                    0                    0                    0                    0                    0                    0                    0                    0                    0                    0                    0                    0
  "BR3.DSHAH9L4"                        282            "hkicker"            85.541826          5.611819672         -1.762127847          11.21758672          4.283709531          2.278627997          2.299292664                    0                    0                    0                    0          -2.88915685        -0.8176697902                    0                    0                    0                    0                    0                    0                    0                    0                    0                    0                    0                    0                    0                    0                    0                    0
  "BR3.DSHAV9L4"                        283            "vkicker"            85.541826          5.611819672         -1.762127847          11.21758672          4.283709531          2.278627997          2.299292664                    0                    0                    0                    0          -2.88915685        -0.8176697902                    0                    0                    0                    0                    0                    0                    0                    0                    0                    0                    0                    0                    0                    0                    0                    0
  "DRIFT_113"                           284              "drift"            85.869012          6.843215292         -2.001467232           8.59910795          3.719318632          2.287034877           2.30459563                    0                    0                    0                    0         -3.156686958        -0.8176697902                    0                    0                    0                    0                    0                    0                    0                    0                    0                    0                    0                    0                    0                    0                    0                    0
  "BR.QFO92"                            285         "quadrupole"            86.372582          7.606223682         0.5807161569          6.528051179         0.6435540654          2.297813074          2.315633781                    0                    0                    0                    0         -3.268845659         0.3790924498                    0                    0                    0                    0                    0                    0         0.3667514258                    0                    0                    0                    0                    0                    0                    0                    0                    0
  "DRIFT_114"                           286              "drift"            86.739799          7.203433341         0.5161566501          6.084615181         0.5640044031           2.30571198          2.324912341                    0                    0                    0                    0         -3.129636467         0.3790924498                    0                    0                    0                    0                    0                    0                    0                    0                    0                    0                    0                    0                    0                    0                    0                    0
  "BR.STSCRAP92"                        287         "collimator"            86.739799          7.203433341         0.5161566501          6.084615181         0.5640044031           2.30571198          2.324912341                    0                    0                    0                    0         -3.129636467         0.3790924498                    0                    0                    0                    0                    0                    0                    0                    0                    0                    0                    0                    0                    0                    0                    0                    0
  "DRIFT_115"                           288              "drift"            86.739804          7.203428179          0.516155771          6.084609541           0.56400332           2.30571209          2.324912472                    0                    0                    0                    0         -3.129634572         0.3790924498                    0                    0                    0                    0                    0                    0                    0                    0                    0                    0                    0                    0                    0                    0                    0                    0
  "BR.BHZ92"                            289              "sbend"              88.3575          5.998367266         0.2335765829          4.637606774         0.3139461759          2.345027487          2.374162578                    0                    0                    0                    0         -2.824893049      9.930133069e-05                    0                    0                    0                    0                    0                    0                    0                    0                    0                    0                    0                    0                    0                    0                    0                    0
  "DRIFT_116"                           290              "drift"            91.011501          5.996881409        -0.2330167275          4.639705522        -0.3147369624            2.4179832           2.47110757                    0                    0                    0                    0         -2.824629504      9.930133069e-05                    0                    0                    0                    0                    0                    0                    0                    0                    0                    0                    0                    0                    0                    0                    0                    0
  "BR.BHZ101"                           291              "sbend"            92.629197          7.200142587        -0.5155959156          6.089142628         -0.564689536          2.457312726          2.520327226                    0                    0                    0                    0         -3.129051808        -0.3788938471                    0                    0                    0                    0                    0                    0                    0                    0                    0                    0                    0                    0                    0                    0                    0                    0
  "DRIFT_117"                           292              "drift"           92.6291995          7.200145165        -0.5155963551          6.089145452        -0.5646900774          2.457312781          2.520327291                    0                    0                    0                    0         -3.129052755        -0.3788938471                    0                    0                    0                    0                    0                    0                    0                    0                    0                    0                    0                    0                    0                    0                    0                    0
  "BR.STSCRAP101"                       293         "collimator"           92.6291995          7.200145165        -0.5155963551          6.089145452        -0.5646900774          2.457312781          2.520327291                    0                    0                    0                    0         -3.129052755        -0.3788938471                    0                    0                    0                    0                    0                    0                    0                    0                    0                    0                    0                    0                    0                    0                    0                    0
  "DRIFT_118"                           294              "drift"            92.995512          7.601474649        -0.5799968441          6.531915208        -0.6440313183          2.465196478          2.529576784                    0                    0                    0                    0         -3.267846307        -0.3788938471                    0                    0                    0                    0                    0                    0                    0                    0                    0                    0                    0                    0                    0                    0                    0                    0
  "BR.QFO101"                           295         "quadrupole"            93.499082          6.838652162          2.000401759          8.604263516         -3.721562122          2.475981649          2.540608353                    0                    0                    0                    0         -3.155681516          0.817494998                    0                    0                    0                    0                    0                    0         0.3667514258                    0                    0                    0                    0                    0                    0                    0                    0                    0
  "DRIFT_119"                           296              "drift"             93.82532           5.61127898          1.761800015          11.21618223         -4.284613488          2.484367351          2.545894694                    0                    0                    0                    0         -2.888983583          0.817494998                    0                    0                    0                    0                    0                    0                    0                    0                    0                    0                    0                    0                    0                    0                    0                    0
  "BR3.BPM10L3"                         297            "monitor"             93.82532           5.61127898          1.761800015          11.21618223         -4.284613488          2.484367351          2.545894694                    0                    0                    0                    0         -2.888983583          0.817494998                    0                    0                    0                    0                    0                    0                    0                    0                    0                    0                    0                    0                    0                    0                    0                    0
  "BR3.ONOH0.10L3"                      298          "multipole"             93.82532           5.61127898          1.761800015          11.21618223         -4.284613488          2.484367351          2.545894694                    0                    0                    0                    0         -2.888983583          0.817494998                    0                    0                    0                    0                    0                    0                    0                    0                    0                    0                    0                    0                    0                    0                    0                    0
  "BR3.QSK10L3"                         299          "multipole"             93.82532           5.61127898          1.761800015          11.21618223         -4.284613488          2.484367351          2.545894694                    0                    0                    0                    0         -2.888983583          0.817494998                    0                    0                    0                    0                    0                    0                    0                    0                    0                    0                    0                    0                    0                    0                    0                    0
  "BR3.XNOH0.10L3"                      300          "multipole"             93.82532           5.61127898          1.761800015          11.21618223         -4.284613488          2.484367351          2.545894694                    0                    0                    0                    0         -2.888983583          0.817494998                    0                    0                    0                    0                    0                    0                    0                    0                    0                    0                    0                    0                    0                    0                    0                    0
  "DRIFT_120"                           301              "drift"            94.152827          4.535723009          1.522270159          14.20778461         -4.849855012          2.494706673          2.550024253                    0                    0                    0                    0         -2.621248249          0.817494998                    0                    0                    0                    0                    0                    0                    0                    0                    0                    0                    0                    0                    0                    0                    0                    0
  "BR.QDE10"                            302         "quadrupole"            95.031767          4.535905146          -1.52251561          14.20900413          4.848743885          2.528846348          2.558958726                    0                    0                    0                    0         -2.621321639        -0.8176699122                    0                    0                    0                    0                    0                    0        -0.6533738668                    0                    0                    0                    0                    0                    0                    0                    0                    0
  "DRIFT_121"                           303              "drift"             95.35932          5.611798527         -1.762123458          11.21763821          4.283719913          2.539186436          2.563088421                    0                    0                    0                    0         -2.889151872        -0.8176699122                    0                    0                    0                    0                    0                    0                    0                    0                    0                    0                    0                    0                    0                    0                    0                    0
  "BR3.DHZ10L4"                         304            "hkicker"             95.35932          5.611798527         -1.762123458          11.21763821          4.283719913          2.539186436          2.563088421                    0                    0                    0                    0         -2.889151872        -0.8176699122                    0                    0                    0                    0                    0                    0                    0                    0                    0                    0                    0                    0                    0                    0                    0                    0
  "BR3.DVT10L4"                         305            "vkicker"             95.35932          5.611798527         -1.762123458          11.21763821          4.283719913          2.539186436          2.563088421                    0                    0                    0                    0         -2.889151872        -0.8176699122                    0                    0                    0                    0                    0                    0                    0                    0                    0                    0                    0                    0                    0                    0                    0                    0
  "DRIFT_122"                           306              "drift"            95.686512          6.843215292         -2.001467232          8.599108014          3.719318661          2.547593487          2.568391471                    0                    0                    0                    0         -3.156686926        -0.8176699122                    0                    0                    0                    0                    0                    0                    0                    0                    0                    0                    0                    0                    0                    0                    0                    0
  "BR.QFO102"                           307         "quadrupole"            96.190082          7.606223682         0.5807161569          6.528051226         0.6435540721          2.558371684          2.579429622                    0                    0                    0                    0          -3.26884569         0.3790923277                    0                    0                    0                    0                    0                    0         0.3667514258                    0                    0                    0                    0                    0                    0                    0                    0                    0
  "DRIFT_123"                           308              "drift"              96.5573          7.203432308         0.5161564743          6.084614095         0.5640041933          2.566270611          2.588708209                    0                    0                    0                    0         -3.129636164         0.3790923277                    0                    0                    0                    0                    0                    0                    0                    0                    0                    0                    0                    0                    0                    0                    0                    0
  "BR.STSCRAP102"                       309         "collimator"              96.5573          7.203432308         0.5161564743          6.084614095         0.5640041933          2.566270611          2.588708209                    0                    0                    0                    0         -3.129636164         0.3790923277                    0                    0                    0                    0                    0                    0                    0                    0                    0                    0                    0                    0                    0                    0                    0                    0
  "DRIFT_124"                           310              "drift"           96.5573045          7.203427663         0.5161556831          6.084609019         0.5640032184          2.566270711          2.588708327                    0                    0                    0                    0         -3.129634458         0.3790923277                    0                    0                    0                    0                    0                    0                    0                    0                    0                    0                    0                    0                    0                    0                    0                    0
  "BR.BHZ102"                           311              "sbend"           98.1750005          5.998367033          0.233576495          4.637606593         0.3139460706           2.60558611          2.637958435                    0                    0                    0                    0         -2.824893132      9.917922933e-05                    0                    0                    0                    0                    0                    0                    0                    0                    0                    0                    0                    0                    0                    0                    0                    0
  "DRIFT_125"                           312              "drift"               98.471           5.87549348         0.1815375596          4.472505352         0.2438293334          2.613524867          2.648309736                    0                    0                    0                    0         -2.824863775      9.917922933e-05                    0                    0                    0                    0                    0                    0                    0                    0                    0                    0                    0                    0                    0                    0                    0                    0
  "BE3.DHZ11L1"                         313            "hkicker"               98.471           5.87549348         0.1815375596          4.472505352         0.2438293334          2.613524867          2.648309736                    0                    0                    0                    0         -2.824863775      9.917922933e-05                    0                    0                    0                    0                    0                    0                    0                    0                    0                    0                    0                    0                    0                    0                    0                    0
  "BE3.DVT11L1"                         314            "vkicker"               98.471           5.87549348         0.1815375596          4.472505352         0.2438293334          2.613524867          2.648309736                    0                    0                    0                    0         -2.824863775      9.917922933e-05                    0                    0                    0                    0                    0                    0                    0                    0                    0                    0                    0                    0                    0                    0                    0                    0
  "DRIFT_126"                           315              "drift"               99.638          5.691215131       -0.02362980591          4.226013683       -0.03261110764          2.645866306          2.691562026                    0                    0                    0                    0         -2.824748033      9.917922933e-05                    0                    0                    0                    0                    0                    0                    0                    0                    0                    0                    0                    0                    0                    0                    0                    0
  "BR3.ONO11L1"                         316          "multipole"               99.638          5.691215131       -0.02362980591          4.226013683       -0.03261110764          2.645866306          2.691562026                    0                    0                    0                    0         -2.824748033      9.917922933e-05                    0                    0                    0                    0                    0                    0                    0                    0                    0                    0                    0                    0                    0                    0                    0                    0
  "BR3.QNO11L1"                         317          "multipole"               99.638          5.691215131       -0.02362980591          4.226013683       -0.03261110764          2.645866306          2.691562026                    0                    0                    0                    0         -2.824748033      9.917922933e-05                    0                    0                    0                    0                    0                    0                    0                    0                    0                    0                    0                    0                    0                    0                    0                    0
  "BR3.XNO11L1"                         318          "multipole"               99.638          5.691215131       -0.02362980591          4.226013683       -0.03261110764          2.645866306          2.691562026                    0                    0                    0                    0         -2.824748033      9.917922933e-05                    0                    0                    0                    0                    0                    0                    0                    0                    0                    0                    0                    0                    0                    0                    0                    0
  "DRIFT_127"                           319              "drift"           100.338677          5.810641246        -0.1468140854          4.388009836        -0.1985883646           2.66530665          2.717574039                    0                    0                    0                    0          -2.82467854      9.917922933e-05                    0                    0                    0                    0                    0                    0                    0                    0                    0                    0                    0                    0                    0                    0                    0                    0
  "BR3.BWSV11L1"                        320            "monitor"           100.338677          5.810641246        -0.1468140854          4.388009836        -0.1985883646           2.66530665          2.717574039                    0                    0                    0                    0          -2.82467854      9.917922933e-05                    0                    0                    0                    0                    0                    0                    0                    0                    0                    0                    0                    0                    0                    0                    0                    0
  "DRIFT_128"                           321              "drift"           100.829001          5.996881409        -0.2330167275           4.63970555         -0.314736936          2.678541809          2.734903408                    0                    0                    0                    0          -2.82462991      9.917922933e-05                    0                    0                    0                    0                    0                    0                    0                    0                    0                    0                    0                    0                    0                    0                    0                    0
  "BR.BHZ111"                           322              "sbend"           102.446697          7.200142587        -0.5155959156          6.089142558        -0.5646895029          2.717871335          2.784123065                    0                    0                    0                    0          -3.12905241        -0.3788939692                    0                    0                    0                    0                    0                    0                    0                    0                    0                    0                    0                    0                    0                    0                    0                    0
  "DRIFT_129"                           323              "drift"          102.4466995          7.200145165        -0.5155963551          6.089145382        -0.5646900444          2.717871391           2.78412313                    0                    0                    0                    0         -3.129053358        -0.3788939692                    0                    0                    0                    0                    0                    0                    0                    0                    0                    0                    0                    0                    0                    0                    0                    0
  "BR.STSCRAP111"                       324         "collimator"          102.4466995          7.200145165        -0.5155963551          6.089145382        -0.5646900444          2.717871391           2.78412313                    0                    0                    0                    0         -3.129053358        -0.3788939692                    0                    0                    0                    0                    0                    0                    0                    0                    0                    0                    0                    0                    0                    0                    0                    0
  "DRIFT_130"                           325              "drift"             102.4787           7.23332388        -0.5212222834          6.125507909        -0.5716211738          2.718577121           2.78495706                    0                    0                    0                    0         -3.141178154        -0.3788939692                    0                    0                    0                    0                    0                    0                    0                    0                    0                    0                    0                    0                    0                    0                    0                    0
  "BR3.BPP11L2"                         326            "monitor"             102.4787           7.23332388        -0.5212222834          6.125507909        -0.5716211738          2.718577121           2.78495706                    0                    0                    0                    0         -3.141178154        -0.3788939692                    0                    0                    0                    0                    0                    0                    0                    0                    0                    0                    0                    0                    0                    0                    0                    0
  "DRIFT_131"                           327              "drift"           102.813012          7.601474649        -0.5799968441          6.531915113        -0.6440312839          2.725755088          2.793372623                    0                    0                    0                    0         -3.267846955        -0.3788939692                    0                    0                    0                    0                    0                    0                    0                    0                    0                    0                    0                    0                    0                    0                    0                    0
  "BR.QFO111"                           328         "quadrupole"           103.316582          6.838652162          2.000401759          8.604263362         -3.721562032          2.736540259          2.804404192                    0                    0                    0                    0         -3.155682165         0.8174951172                    0                    0                    0                    0                    0                    0         0.3667514258                    0                    0                    0                    0                    0                    0                    0                    0                    0
  "DRIFT_132"                           329              "drift"           103.642825          5.611261362          1.761796358          11.21622486         -4.284622014          2.744926103          2.809690604                    0                    0                    0                    0         -2.888980105         0.8174951172                    0                    0                    0                    0                    0                    0                    0                    0                    0                    0                    0                    0                    0                    0                    0                    0
  "BR3.BPM11L3"                         330            "monitor"           103.642825          5.611261362          1.761796358          11.21622486         -4.284622014          2.744926103          2.809690604                    0                    0                    0                    0         -2.888980105         0.8174951172                    0                    0                    0                    0                    0                    0                    0                    0                    0                    0                    0                    0                    0                    0                    0                    0
  "BR3.ONOH0.11L3"                      331          "multipole"           103.642825          5.611261362          1.761796358          11.21622486         -4.284622014          2.744926103          2.809690604                    0                    0                    0                    0         -2.888980105         0.8174951172                    0                    0                    0                    0                    0                    0                    0                    0                    0                    0                    0                    0                    0                    0                    0                    0
  "BR3.QSKH0.11L3"                      332          "multipole"           103.642825          5.611261362          1.761796358          11.21622486         -4.284622014          2.744926103          2.809690604                    0                    0                    0                    0         -2.888980105         0.8174951172                    0                    0                    0                    0                    0                    0                    0                    0                    0                    0                    0                    0                    0                    0                    0                    0
  "BR3.XNOH0.11L3"                      333          "multipole"           103.642825          5.611261362          1.761796358          11.21622486         -4.284622014          2.744926103          2.809690604                    0                    0                    0                    0         -2.888980105         0.8174951172                    0                    0                    0                    0                    0                    0                    0                    0                    0                    0                    0                    0                    0                    0                    0                    0
  "DRIFT_133"                           334              "drift"           103.970327          4.535723009          1.522270159          14.20778432         -4.849854892          2.755265283          2.813820092                    0                    0                    0                    0         -2.621248819         0.8174951172                    0                    0                    0                    0                    0                    0                    0                    0                    0                    0                    0                    0                    0                    0                    0                    0
  "BR.QDE11"                            335         "quadrupole"           104.849267          4.535905146          -1.52251561           14.2090038          4.848743794          2.789404957          2.822754566                    0                    0                    0                    0         -2.621322266        -0.8176701664                    0                    0                    0                    0                    0                    0        -0.6533738668                    0                    0                    0                    0                    0                    0                    0                    0                    0
  "DRIFT_134"                           336              "drift"           105.176825          5.611816148         -1.762127116          11.21759511          4.283711205          2.799745188          2.826884331                    0                    0                    0                    0         -2.889156671        -0.8176701664                    0                    0                    0                    0                    0                    0                    0                    0                    0                    0                    0                    0                    0                    0                    0                    0
  "BR3.DHZ11L4"                         337            "hkicker"           105.176825          5.611816148         -1.762127116          11.21759511          4.283711205          2.799745188          2.826884331                    0                    0                    0                    0         -2.889156671        -0.8176701664                    0                    0                    0                    0                    0                    0                    0                    0                    0                    0                    0                    0                    0                    0                    0                    0
  "BR3.DVT11L4"                         338            "vkicker"           105.176825          5.611816148         -1.762127116          11.21759511          4.283711205          2.799745188          2.826884331                    0                    0                    0                    0         -2.889156671        -0.8176701664                    0                    0                    0                    0                    0                    0                    0                    0                    0                    0                    0                    0                    0                    0                    0                    0
  "BR3.OSK11L4"                         339          "multipole"           105.176825          5.611816148         -1.762127116          11.21759511          4.283711205          2.799745188          2.826884331                    0                    0                    0                    0         -2.889156671        -0.8176701664                    0                    0                    0                    0                    0                    0                    0                    0                    0                    0                    0                    0                    0                    0                    0                    0
  "BR3.XSK11L4"                         340          "multipole"           105.176825          5.611816148         -1.762127116          11.21759511          4.283711205          2.799745188          2.826884331                    0                    0                    0                    0         -2.889156671        -0.8176701664                    0                    0                    0                    0                    0                    0                    0                    0                    0                    0                    0                    0                    0                    0                    0                    0
  "DRIFT_135"                           341              "drift"           105.504012          6.843215292         -2.001467232          8.599107803          3.719318585          2.808152097          2.832187311                    0                    0                    0                    0         -3.156687719        -0.8176701664                    0                    0                    0                    0                    0                    0                    0                    0                    0                    0                    0                    0                    0                    0                    0                    0
  "BR.QFO112"                           342         "quadrupole"           106.007582          7.606223682         0.5807161569          6.528051054         0.6435540668          2.818930294          2.843225462                    0                    0                    0                    0         -3.268846535         0.3790923787                    0                    0                    0                    0                    0                    0         0.3667514258                    0                    0                    0                    0                    0                    0                    0                    0                    0
  "DRIFT_136"                           343              "drift"             106.3748          7.203432308         0.5161564743          6.084613927         0.5640041863          2.826829221          2.852504049                    0                    0                    0                    0          -3.12963699         0.3790923787                    0                    0                    0                    0                    0                    0                    0                    0                    0                    0                    0                    0                    0                    0                    0                    0
  "BR.STSCRAP112"                       344         "collimator"             106.3748          7.203432308         0.5161564743          6.084613927         0.5640041863          2.826829221          2.852504049                    0                    0                    0                    0          -3.12963699         0.3790923787                    0                    0                    0                    0                    0                    0                    0                    0                    0                    0                    0                    0                    0                    0                    0                    0
  "DRIFT_137"                           345              "drift"           106.374804          7.203428179          0.516155771          6.084609415         0.5640033198          2.826829309          2.852504154                    0                    0                    0                    0         -3.129635474         0.3790923787                    0                    0                    0                    0                    0                    0                    0                    0                    0                    0                    0                    0                    0                    0                    0                    0
  "BR.BHZ112"                           346              "sbend"             107.9925          5.998367266         0.2335765829          4.637606665         0.3139461658          2.866144706           2.90175426                    0                    0                    0                    0         -2.824894066      9.923024636e-05                    0                    0                    0                    0                    0                    0                    0                    0                    0                    0                    0                    0                    0                    0                    0                    0
  "DRIFT_138"                           347              "drift"             108.2915          5.874405837         0.1810101371          4.471044281         0.2431186636          2.874164748          2.912212352                    0                    0                    0                    0         -2.824864396      9.923024636e-05                    0                    0                    0                    0                    0                    0                    0                    0                    0                    0                    0                    0                    0                    0                    0                    0
  "BR3.KQM12L1"                         348             "kicker"             109.5215          5.695100083       -0.03523310165          4.231350054       -0.04824530869          2.908270018          2.957842015                    0                    0                    0                    0         -2.824742343      9.923024636e-05                    0                    0                    0                    0                    0                    0                    0                    0                    0                    0                    0                    0                    0                    0                    0                    0
  "DRIFT_139"                           349              "drift"             110.0865          5.791035641        -0.1345643455          4.361485679        -0.1820832309          2.923953515           2.97883489                    0                    0                    0                    0         -2.824686278      9.923024636e-05                    0                    0                    0                    0                    0                    0                    0                    0                    0                    0                    0                    0                    0                    0                    0                    0
  "BR3.ONO12L1"                         350          "multipole"             110.0865          5.791035641        -0.1345643455          4.361485679        -0.1820832309          2.923953515           2.97883489                    0                    0                    0                    0         -2.824686278      9.923024636e-05                    0                    0                    0                    0                    0                    0                    0                    0                    0                    0                    0                    0                    0                    0                    0                    0
  "BR3.OSK12L1"                         351          "multipole"             110.0865          5.791035641        -0.1345643455          4.361485679        -0.1820832309          2.923953515           2.97883489                    0                    0                    0                    0         -2.824686278      9.923024636e-05                    0                    0                    0                    0                    0                    0                    0                    0                    0                    0                    0                    0                    0                    0                    0                    0
  "BR3.XNO12L1"                         352          "multipole"             110.0865          5.791035641        -0.1345643455          4.361485679        -0.1820832309          2.923953515           2.97883489                    0                    0                    0                    0         -2.824686278      9.923024636e-05                    0                    0                    0                    0                    0                    0                    0                    0                    0                    0                    0                    0                    0                    0                    0                    0
  "BR3.XSK12L1"                         353          "multipole"             110.0865          5.791035641        -0.1345643455          4.361485679        -0.1820832309          2.923953515           2.97883489                    0                    0                    0                    0         -2.824686278      9.923024636e-05                    0                    0                    0                    0                    0                    0                    0                    0                    0                    0                    0                    0                    0                    0                    0                    0
  "DRIFT_140"                           354              "drift"           110.646501          5.996881409        -0.2330167275          4.639705496        -0.3147369837          2.939100419          2.998699254                    0                    0                    0                    0         -2.824630709      9.923024636e-05                    0                    0                    0                    0                    0                    0                    0                    0                    0                    0                    0                    0                    0                    0                    0                    0
  "BR.BHZ121"                           355              "sbend"           112.264197          7.200142587        -0.5155959156          6.089142682        -0.5646895629          2.978429945           3.04791891                    0                    0                    0                    0         -3.129053127        -0.3788939182                    0                    0                    0                    0                    0                    0                    0                    0                    0                    0                    0                    0                    0                    0                    0                    0
  "DRIFT_141"                           356              "drift"          112.2641995          7.200145165        -0.5155963551          6.089145505        -0.5646901044              2.97843          3.047918975                    0                    0                    0                    0         -3.129054074        -0.3788939182                    0                    0                    0                    0                    0                    0                    0                    0                    0                    0                    0                    0                    0                    0                    0                    0
  "BR.STSCRAP121"                       357         "collimator"          112.2641995          7.200145165        -0.5155963551          6.089145505        -0.5646901044              2.97843          3.047918975                    0                    0                    0                    0         -3.129054074        -0.3788939182                    0                    0                    0                    0                    0                    0                    0                    0                    0                    0                    0                    0                    0                    0                    0                    0
  "DRIFT_142"                           358              "drift"           112.630512          7.601474649        -0.5799968441          6.531915282        -0.6440313464          2.986313698          3.057168468                    0                    0                    0                    0         -3.267847653        -0.3788939182                    0                    0                    0                    0                    0                    0                    0                    0                    0                    0                    0                    0                    0                    0                    0                    0
  "BR.QFO121"                           359         "quadrupole"           113.134082          6.838652162          2.000401759          8.604263637         -3.721562193          2.997098868          3.068200037                    0                    0                    0                    0         -3.155682774         0.8174954118                    0                    0                    0                    0                    0                    0         0.3667514258                    0                    0                    0                    0                    0                    0                    0                    0                    0
  "DRIFT_143"                           360              "drift"            113.46033          5.611243744          1.761792702           11.2162681         -4.284630831          3.005484854          3.073486519                    0                    0                    0                    0         -2.888976531         0.8174954118                    0                    0                    0                    0                    0                    0                    0                    0                    0                    0                    0                    0                    0                    0                    0                    0
  "BR3.BPM12L3"                         361            "monitor"            113.46033          5.611243744          1.761792702           11.2162681         -4.284630831          3.005484854          3.073486519                    0                    0                    0                    0         -2.888976531         0.8174954118                    0                    0                    0                    0                    0                    0                    0                    0                    0                    0                    0                    0                    0                    0                    0                    0
  "BR3.ONOH0.12L3"                      362          "multipole"            113.46033          5.611243744          1.761792702           11.2162681         -4.284630831          3.005484854          3.073486519                    0                    0                    0                    0         -2.888976531         0.8174954118                    0                    0                    0                    0                    0                    0                    0                    0                    0                    0                    0                    0                    0                    0                    0                    0
  "BR3.QNO12L3"                         363          "multipole"            113.46033          5.611243744          1.761792702           11.2162681         -4.284630831          3.005484854          3.073486519                    0                    0                    0                    0         -2.888976531         0.8174954118                    0                    0                    0                    0                    0                    0                    0                    0                    0                    0                    0                    0                    0                    0                    0                    0
  "BR3.XNOH0.12L3"                      364          "multipole"            113.46033          5.611243744          1.761792702           11.2162681         -4.284630831          3.005484854          3.073486519                    0                    0                    0                    0         -2.888976531         0.8174954118                    0                    0                    0                    0                    0                    0                    0                    0                    0                    0                    0                    0                    0                    0                    0                    0
  "DRIFT_144"                           365              "drift"           113.787827          4.535723009          1.522270159          14.20778484         -4.849855107          3.015823892          3.077615937                    0                    0                    0                    0         -2.621249236         0.8174954118                    0                    0                    0                    0                    0                    0                    0                    0                    0                    0                    0                    0                    0                    0                    0                    0
  "BR.QDE12"                            366         "quadrupole"           114.666767          4.535905146          -1.52251561          14.20900438          4.848743957          3.049963567           3.08655041                    0                    0                    0                    0         -2.621322524        -0.8176700824                    0                    0                    0                    0                    0                    0        -0.6533738668                    0                    0                    0                    0                    0                    0                    0                    0                    0
  "DRIFT_145"                           367              "drift"            114.99433          5.611833769         -1.762130773          11.21755275          4.283702729          3.060303939          3.090680246                    0                    0                    0                    0          -2.88916099        -0.8176700824                    0                    0                    0                    0                    0                    0                    0                    0                    0                    0                    0                    0                    0                    0                    0                    0
  "BR3.DHZ12L4"                         368            "hkicker"            114.99433          5.611833769         -1.762130773          11.21755275          4.283702729          3.060303939          3.090680246                    0                    0                    0                    0          -2.88916099        -0.8176700824                    0                    0                    0                    0                    0                    0                    0                    0                    0                    0                    0                    0                    0                    0                    0                    0
  "BR3.DVT12L4"                         369            "vkicker"            114.99433          5.611833769         -1.762130773          11.21755275          4.283702729          3.060303939          3.090680246                    0                    0                    0                    0          -2.88916099        -0.8176700824                    0                    0                    0                    0                    0                    0                    0                    0                    0                    0                    0                    0                    0                    0                    0                    0
  "BR3.OSK12L4"                         370          "multipole"            114.99433          5.611833769         -1.762130773          11.21755275          4.283702729          3.060303939          3.090680246                    0                    0                    0                    0          -2.88916099        -0.8176700824                    0                    0                    0                    0                    0                    0                    0                    0                    0                    0                    0                    0                    0                    0                    0                    0
  "BR3.XSK12L4"                         371          "multipole"            114.99433          5.611833769         -1.762130773          11.21755275          4.283702729          3.060303939          3.090680246                    0                    0                    0                    0          -2.88916099        -0.8176700824                    0                    0                    0                    0                    0                    0                    0                    0                    0                    0                    0                    0                    0                    0                    0                    0
  "DRIFT_146"                           372              "drift"           115.321512          6.843215292         -2.001467232          8.599108183          3.719318721          3.068710706          3.095983154                    0                    0                    0                    0         -3.156687923        -0.8176700824                    0                    0                    0                    0                    0                    0                    0                    0                    0                    0                    0                    0                    0                    0                    0                    0
  "BR.QFO122"                           373         "quadrupole"           115.825082          7.606223682         0.5807161569          6.528051366         0.6435540755          3.079488903          3.107021305                    0                    0                    0                    0         -3.268846679         0.3790925273                    0                    0                    0                    0                    0                    0         0.3667514258                    0                    0                    0                    0                    0                    0                    0                    0                    0
  "DRIFT_147"                           374              "drift"           116.192299          7.203433341         0.5161566501          6.084615359         0.5640044148          3.087387808          3.116299866                    0                    0                    0                    0         -3.129637459         0.3790925273                    0                    0                    0                    0                    0                    0                    0                    0                    0                    0                    0                    0                    0                    0                    0                    0
  "BR.STSCRAP122"                       375         "collimator"           116.192299          7.203433341         0.5161566501          6.084615359         0.5640044148          3.087387808          3.116299866                    0                    0                    0                    0         -3.129637459         0.3790925273                    0                    0                    0                    0                    0                    0                    0                    0                    0                    0                    0                    0                    0                    0                    0                    0
  "DRIFT_148"                           376              "drift"           116.192304          7.203428179          0.516155771          6.084609719         0.5640033316          3.087387919          3.116299996                    0                    0                    0                    0         -3.129635563         0.3790925273                    0                    0                    0                    0                    0                    0                    0                    0                    0                    0                    0                    0                    0                    0                    0                    0
  "BR.BHZ122"                           377              "sbend"               117.81          5.998367266         0.2335765829          4.637606898         0.3139461973          3.126703316            3.1655501                    0                    0                    0                    0         -2.824893916      9.937882521e-05                    0                    0                    0                    0                    0                    0                    0                    0                    0                    0                    0                    0                    0                    0                    0                    0
  "DRIFT_149"                           378              "drift"           118.061261           5.89208899         0.1894030119          4.494796837         0.2544271724          3.133431896          3.174313299                    0                    0                    0                    0         -2.824868946      9.937882521e-05                    0                    0                    0                    0                    0                    0                    0                    0                    0                    0                    0                    0                    0                    0                    0                    0
  "BR3.ACWF13L1.1"                      379           "rfcavity"           119.004261          5.691211563        0.02361652883          4.225593623        0.03104813413          3.159465436          3.209025452                    0                    0                    0                    0         -2.824775232      9.937882521e-05                    0                    0                    0                    0                    0                    0                    0                    0                    0                    0                    0                    0                    0                    0                    0                    0
  "DRIFT_150"                           380              "drift"           119.115761           5.68813076       0.004013991336          4.221614856       0.004635872449          3.162584581          3.213227513                    0                    0                    0                    0         -2.824764151      9.937882521e-05                    0                    0                    0                    0                    0                    0                    0                    0                    0                    0                    0                    0                    0                    0                    0                    0
  "BR3.ACWF13L1.2"                      381           "rfcavity"           120.058761          5.836897026        -0.1617724917          4.423518034        -0.2187431658          3.188749177          3.248239534                    0                    0                    0                    0         -2.824670437      9.937882521e-05                    0                    0                    0                    0                    0                    0                    0                    0                    0                    0                    0                    0                    0                    0                    0                    0
  "DRIFT_151"                           382              "drift"           120.464001          5.996881409        -0.2330167275          4.639705508        -0.3147369319          3.199659029          3.262495091                    0                    0                    0                    0         -2.824630165      9.937882521e-05                    0                    0                    0                    0                    0                    0                    0                    0                    0                    0                    0                    0                    0                    0                    0                    0
  "BR.BHZ131"                           383              "sbend"           122.081697          7.200142587        -0.5155959156          6.089142509        -0.5646895026          3.238988555          3.311714748                    0                    0                    0                    0         -3.129052344        -0.3788937696                    0                    0                    0                    0                    0                    0                    0                    0                    0                    0                    0                    0                    0                    0                    0                    0
  "DRIFT_152"                           384              "drift"          122.0816995          7.200145165        -0.5155963551          6.089145332         -0.564690044           3.23898861          3.311714813                    0                    0                    0                    0         -3.129053291        -0.3788937696                    0                    0                    0                    0                    0                    0                    0                    0                    0                    0                    0                    0                    0                    0                    0                    0
  "BR.STSCRAP131"                       385         "collimator"          122.0816995          7.200145165        -0.5155963551          6.089145332         -0.564690044           3.23898861          3.311714813                    0                    0                    0                    0         -3.129053291        -0.3788937696                    0                    0                    0                    0                    0                    0                    0                    0                    0                    0                    0                    0                    0                    0                    0                    0
  "DRIFT_153"                           386              "drift"           122.448012          7.601474649        -0.5799968441          6.531915064        -0.6440312842          3.246872307          3.320964307                    0                    0                    0                    0         -3.267846815        -0.3788937696                    0                    0                    0                    0                    0                    0                    0                    0                    0                    0                    0                    0                    0                    0                    0                    0
  "BR.QFO131"                           387         "quadrupole"           122.951582          6.838652162          2.000401759          8.604263304         -3.721562013          3.257657478          3.331995875                    0                    0                    0                    0         -3.155681941         0.8174952492                    0                    0                    0                    0                    0                    0         0.3667514258                    0                    0                    0                    0                    0                    0                    0                    0                    0
  "DRIFT_154"                           388              "drift"           123.277835          5.611226126          1.761789045          11.21631049         -4.284639252          3.266043606          3.337282429                    0                    0                    0                    0         -2.888971663         0.8174952492                    0                    0                    0                    0                    0                    0                    0                    0                    0                    0                    0                    0                    0                    0                    0                    0
  "BR3.BPM13L3"                         389            "monitor"           123.277835          5.611226126          1.761789045          11.21631049         -4.284639252          3.266043606          3.337282429                    0                    0                    0                    0         -2.888971663         0.8174952492                    0                    0                    0                    0                    0                    0                    0                    0                    0                    0                    0                    0                    0                    0                    0                    0
  "BR3.ONOH0.13L3"                      390          "multipole"           123.277835          5.611226126          1.761789045          11.21631049         -4.284639252          3.266043606          3.337282429                    0                    0                    0                    0         -2.888971663         0.8174952492                    0                    0                    0                    0                    0                    0                    0                    0                    0                    0                    0                    0                    0                    0                    0                    0
  "BR3.QSKH0.13L3"                      391          "multipole"           123.277835          5.611226126          1.761789045          11.21631049         -4.284639252          3.266043606          3.337282429                    0                    0                    0                    0         -2.888971663         0.8174952492                    0                    0                    0                    0                    0                    0                    0                    0                    0                    0                    0                    0                    0                    0                    0                    0
  "BR3.XNOH0.13L3"                      392          "multipole"           123.277835          5.611226126          1.761789045          11.21631049         -4.284639252          3.266043606          3.337282429                    0                    0                    0                    0         -2.888971663         0.8174952492                    0                    0                    0                    0                    0                    0                    0                    0                    0                    0                    0                    0                    0                    0                    0                    0
  "DRIFT_155"                           393              "drift"           123.605327          4.535723009          1.522270159          14.20778423          -4.84985487          3.276382502          3.341411776                    0                    0                    0                    0         -2.621248509         0.8174952492                    0                    0                    0                    0                    0                    0                    0                    0                    0                    0                    0                    0                    0                    0                    0                    0
  "BR.QDE13"                            394         "quadrupole"           124.484267          4.535905146          -1.52251561          14.20900373          4.848743761          3.310522177          3.350346249                    0                    0                    0                    0         -2.621321735         -0.817669772                    0                    0                    0                    0                    0                    0        -0.6533738668                    0                    0                    0                    0                    0                    0                    0                    0                    0
  "DRIFT_156"                           395              "drift"           124.811835           5.61185139         -1.762134431          11.21750938          4.283693926          3.320862691          3.354476157                    0                    0                    0                    0         -2.889164187         -0.817669772                    0                    0                    0                    0                    0                    0                    0                    0                    0                    0                    0                    0                    0                    0                    0                    0
  "BR3.DHZ13L4"                         396            "hkicker"           124.811835           5.61185139         -1.762134431          11.21750938          4.283693926          3.320862691          3.354476157                    0                    0                    0                    0         -2.889164187         -0.817669772                    0                    0                    0                    0                    0                    0                    0                    0                    0                    0                    0                    0                    0                    0                    0                    0
  "BR3.DVT13L4"                         397            "vkicker"           124.811835           5.61185139         -1.762134431          11.21750938          4.283693926          3.320862691          3.354476157                    0                    0                    0                    0         -2.889164187         -0.817669772                    0                    0                    0                    0                    0                    0                    0                    0                    0                    0                    0                    0                    0                    0                    0                    0
  "DRIFT_157"                           398              "drift"           125.139012          6.843215292         -2.001467232          8.599107766          3.719318561          3.329269316          3.359778994                    0                    0                    0                    0          -3.15668693         -0.817669772                    0                    0                    0                    0                    0                    0                    0                    0                    0                    0                    0                    0                    0                    0                    0                    0
  "BR.QFO132"                           399         "quadrupole"           125.642582          7.606223682         0.5807161569          6.528051033         0.6435540563          3.340047513          3.370817146                    0                    0                    0                    0         -3.268845625         0.3790924566                    0                    0                    0                    0                    0                    0         0.3667514258                    0                    0                    0                    0                    0                    0                    0                    0                    0
  "DRIFT_158"                           400              "drift"           126.009799          7.203433341         0.5161566501          6.084615042         0.5640043929          3.347946418          3.380095707                    0                    0                    0                    0         -3.129636431         0.3790924566                    0                    0                    0                    0                    0                    0                    0                    0                    0                    0                    0                    0                    0                    0                    0                    0
  "BR.STSCRAP132"                       401         "collimator"           126.009799          7.203433341         0.5161566501          6.084615042         0.5640043929          3.347946418          3.380095707                    0                    0                    0                    0         -3.129636431         0.3790924566                    0                    0                    0                    0                    0                    0                    0                    0                    0                    0                    0                    0                    0                    0                    0                    0
  "DRIFT_159"                           402              "drift"           126.009804          7.203428179          0.516155771          6.084609402         0.5640033097          3.347946529          3.380095837                    0                    0                    0                    0         -3.129634535         0.3790924566                    0                    0                    0                    0                    0                    0                    0                    0                    0                    0                    0                    0                    0                    0                    0                    0
  "BR.BHZ132"                           403              "sbend"             127.6275          5.998367266         0.2335765829          4.637606681         0.3139461585          3.387261925          3.429345944                    0                    0                    0                    0         -2.824893002      9.930810868e-05                    0                    0                    0                    0                    0                    0                    0                    0                    0                    0                    0                    0                    0                    0                    0                    0
  "DRIFT_160"                           404              "drift"            127.93409          5.871668231         0.1796757581          4.467367406         0.2413207279          3.395487651          3.440074327                    0                    0                    0                    0         -2.824862555      9.930810868e-05                    0                    0                    0                    0                    0                    0                    0                    0                    0                    0                    0                    0                    0                    0                    0                    0
  "BR3.DHZ14L1"                         405            "hkicker"            127.93409          5.871668231         0.1796757581          4.467367406         0.2413207279          3.395487651          3.440074327                    0                    0                    0                    0         -2.824862555      9.930810868e-05                    0                    0                    0                    0                    0                    0                    0                    0                    0                    0                    0                    0                    0                    0                    0                    0
  "BR3.DVT14L1"                         406            "vkicker"            127.93409          5.871668231         0.1796757581          4.467367406         0.2413207279          3.395487651          3.440074327                    0                    0                    0                    0         -2.824862555      9.930810868e-05                    0                    0                    0                    0                    0                    0                    0                    0                    0                    0                    0                    0                    0                    0                    0                    0
  "DRIFT_161"                           407              "drift"          128.1511955          5.801937692         0.1415069805          4.373748643         0.1898924999          3.401409043          3.447894439                    0                    0                    0                    0         -2.824840995      9.930810868e-05                    0                    0                    0                    0                    0                    0                    0                    0                    0                    0                    0                    0                    0                    0                    0                    0
  "BE3.KFA14L1"                         408            "hkicker"          130.1569845          5.941578337        -0.2111257915          4.564998335        -0.2852413587          3.456897433          3.521984337                    0                    0                    0                    0         -2.824641804      9.930810868e-05                    0                    0                    0                    0                    0                    0                    0                    0                    0                    0                    0                    0                    0                    0                    0                    0
  "DRIFT_162"                           409              "drift"           130.281501          5.996881409        -0.2330167275          4.639705539        -0.3147369862          3.460217638          3.526290937                    0                    0                    0                    0         -2.824629438      9.930810868e-05                    0                    0                    0                    0                    0                    0                    0                    0                    0                    0                    0                    0                    0                    0                    0                    0
  "BR.BHZ141"                           410              "sbend"           131.899197          7.200142587        -0.5155959156          6.089142726        -0.5646895615          3.499547164          3.575510593                    0                    0                    0                    0         -3.129051731        -0.3788938404                    0                    0                    0                    0                    0                    0                    0                    0                    0                    0                    0                    0                    0                    0                    0                    0
  "DRIFT_163"                           411              "drift"          131.8991995          7.200145165        -0.5155963551          6.089145549        -0.5646901029           3.49954722          3.575510658                    0                    0                    0                    0         -3.129052679        -0.3788938404                    0                    0                    0                    0                    0                    0                    0                    0                    0                    0                    0                    0                    0                    0                    0                    0
  "BR.STSCRAP141"                       412         "collimator"          131.8991995          7.200145165        -0.5155963551          6.089145549        -0.5646901029           3.49954722          3.575510658                    0                    0                    0                    0         -3.129052679        -0.3788938404                    0                    0                    0                    0                    0                    0                    0                    0                    0                    0                    0                    0                    0                    0                    0                    0
  "DRIFT_164"                           413              "drift"                  132           7.30587624        -0.5333178402          6.205188398        -0.5865229282          3.501759245          3.578120695                    0                    0                    0                    0         -3.167245367        -0.3788938404                    0                    0                    0                    0                    0                    0                    0                    0                    0                    0                    0                    0                    0                    0                    0                    0
  "BR3.VVS14L2"                         414             "marker"                  132           7.30587624        -0.5333178402          6.205188398        -0.5865229282          3.501759245          3.578120695                    0                    0                    0                    0         -3.167245367        -0.3788938404                    0                    0                    0                    0                    0                    0                    0                    0                    0                    0                    0                    0                    0                    0                    0                    0
  "DRIFT_165"                           415              "drift"           132.265512          7.601474649        -0.5799968441          6.531915324        -0.6440313442          3.507430917          3.584760151                    0                    0                    0                    0         -3.267846228        -0.3788938404                    0                    0                    0                    0                    0                    0                    0                    0                    0                    0                    0                    0                    0                    0                    0                    0
  "BR.QFO141"                           416         "quadrupole"           132.769082          6.838652162          2.000401759          8.604263685         -3.721562207          3.518216087          3.595791719                    0                    0                    0                    0         -3.155681441         0.8174949762                    0                    0                    0                    0                    0                    0         0.3667514258                    0                    0                    0                    0                    0                    0                    0                    0                    0
  "DRIFT_166"                           417              "drift"           133.095339          5.611212032          1.761786119          11.21634528         -4.284646378          3.526602329           3.60107833                    0                    0                    0                    0         -2.888967983         0.8174949762                    0                    0                    0                    0                    0                    0                    0                    0                    0                    0                    0                    0                    0                    0                    0                    0
  "BR3.BPM14L3"                         418            "monitor"           133.095339          5.611212032          1.761786119          11.21634528         -4.284646378          3.526602329           3.60107833                    0                    0                    0                    0         -2.888967983         0.8174949762                    0                    0                    0                    0                    0                    0                    0                    0                    0                    0                    0                    0                    0                    0                    0                    0
  "BR3.ONOH0.14L3"                      419          "multipole"           133.095339          5.611212032          1.761786119          11.21634528         -4.284646378          3.526602329           3.60107833                    0                    0                    0                    0         -2.888967983         0.8174949762                    0                    0                    0                    0                    0                    0                    0                    0                    0                    0                    0                    0                    0                    0                    0                    0
  "BR3.QSK14L3"                         420          "multipole"           133.095339          5.611212032          1.761786119          11.21634528         -4.284646378          3.526602329           3.60107833                    0                    0                    0                    0         -2.888967983         0.8174949762                    0                    0                    0                    0                    0                    0                    0                    0                    0                    0                    0                    0                    0                    0                    0                    0
  "BR3.XNOH0.14L3"                      421          "multipole"           133.095339          5.611212032          1.761786119          11.21634528         -4.284646378          3.526602329           3.60107833                    0                    0                    0                    0         -2.888967983         0.8174949762                    0                    0                    0                    0                    0                    0                    0                    0                    0                    0                    0                    0                    0                    0                    0                    0
  "DRIFT_167"                           422              "drift"           133.422827          4.535723009          1.522270159          14.20778491         -4.849855122          3.536941112          3.605207619                    0                    0                    0                    0         -2.621248188         0.8174949762                    0                    0                    0                    0                    0                    0                    0                    0                    0                    0                    0                    0                    0                    0                    0                    0
  "BR.QDE14"                            423         "quadrupole"           134.301767          4.535905146          -1.52251561          14.20900444          4.848743984          3.571080786          3.614142092                    0                    0                    0                    0         -2.621321582        -0.8176698971                    0                    0                    0                    0                    0                    0        -0.6533738668                    0                    0                    0                    0                    0                    0                    0                    0                    0
  "DRIFT_168"                           424              "drift"            134.42124          4.910145567         -1.609911141          13.07503854          4.642654862          3.575110342           3.61553715                    0                    0                    0                    0         -2.719011057        -0.8176698971                    0                    0                    0                    0                    0                    0                    0                    0                    0                    0                    0                    0                    0                    0                    0                    0
  "BR3.BPP14L4"                         425            "monitor"            134.42124          4.910145567         -1.609911141          13.07503854          4.642654862          3.575110342           3.61553715                    0                    0                    0                    0         -2.719011057        -0.8176698971                    0                    0                    0                    0                    0                    0                    0                    0                    0                    0                    0                    0                    0                    0                    0                    0
  "DRIFT_169"                           426              "drift"            134.45724          5.027007205         -1.636245452          12.74300297          4.580555405          3.576263595           3.61598103                    0                    0                    0                    0         -2.748447173        -0.8176698971                    0                    0                    0                    0                    0                    0                    0                    0                    0                    0                    0                    0                    0                    0                    0                    0
  "BE3.BSW14L4"                         427            "hkicker"            134.92724          6.726668187         -1.980054511          8.818330057          3.769812498          3.589141262          3.623039837                    0                    0                    0                    0         -3.132752025        -0.8176698971                    0                    0                    0                    0                    0                    0                    0                    0                    0                    0                    0                    0                    0                    0                    0                    0
  "DRIFT_170"                           428              "drift"           134.956512          6.843215292         -2.001467232          8.599108207           3.71931874          3.589827925          3.623574837                    0                    0                    0                    0         -3.156686858        -0.8176698971                    0                    0                    0                    0                    0                    0                    0                    0                    0                    0                    0                    0                    0                    0                    0                    0
  "BR.QFO142"                           429         "quadrupole"           135.460082          7.606223682         0.5807161569          6.528051376         0.6435540855          3.600606123          3.634612987                    0                    0                    0                    0         -3.268845621         0.3790923174                    0                    0                    0                    0                    0                    0         0.3667514258                    0                    0                    0                    0                    0                    0                    0                    0                    0
  "DRIFT_171"                           430              "drift"           135.827299          7.203433341         0.5161566501          6.084615363         0.5640044242          3.608505028          3.643891548                    0                    0                    0                    0         -3.129636478         0.3790923174                    0                    0                    0                    0                    0                    0                    0                    0                    0                    0                    0                    0                    0                    0                    0                    0
  "BR.SPSCRAP142"                       431         "collimator"           135.827299          7.203433341         0.5161566501          6.084615363         0.5640044242          3.608505028          3.643891548                    0                    0                    0                    0         -3.129636478         0.3790923174                    0                    0                    0                    0                    0                    0                    0                    0                    0                    0                    0                    0                    0                    0                    0                    0
  "DRIFT_172"                           432              "drift"           135.827304          7.203428179          0.516155771          6.084609722          0.564003341          3.608505138          3.643891679                    0                    0                    0                    0         -3.129634582         0.3790923174                    0                    0                    0                    0                    0                    0                    0                    0                    0                    0                    0                    0                    0                    0                    0                    0
  "BR.BHZ142"                           433              "sbend"              137.445          5.998367266         0.2335765829          4.637606875         0.3139462035          3.647820535          3.693141783                    0                    0                    0                    0         -2.824893273      9.916890585e-05                    0                    0                    0                    0                    0                    0                    0                    0                    0                    0                    0                    0                    0                    0                    0                    0
  "DRIFT_173"                           434              "drift"           137.670173          5.902090933         0.1939894782          4.508233021         0.2606069367           3.65384503          3.700982612                    0                    0                    0                    0         -2.824870943      9.916890585e-05                    0                    0                    0                    0                    0                    0                    0                    0                    0                    0                    0                    0                    0                    0                    0                    0
  "BE3.BTV10"                           435         "instrument"           137.670173          5.902090933         0.1939894782          4.508233021         0.2606069367           3.65384503          3.700982612                    0                    0                    0                    0         -2.824870943      9.916890585e-05                    0                    0                    0                    0                    0                    0                    0                    0                    0                    0                    0                    0                    0                    0                    0                    0
  "DRIFT_174"                           436              "drift"           137.715573          5.884839056         0.1860078172          4.485058162         0.2498525269          3.655071086          3.702589539                    0                    0                    0                    0          -2.82486644      9.916890585e-05                    0                    0                    0                    0                    0                    0                    0                    0                    0                    0                    0                    0                    0                    0                    0                    0
  "BR3.BTV15L1"                         437         "instrument"           137.715573          5.884839056         0.1860078172          4.485058162         0.2498525269          3.655071086          3.702589539                    0                    0                    0                    0          -2.82486644      9.916890585e-05                    0                    0                    0                    0                    0                    0                    0                    0                    0                    0                    0                    0                    0                    0                    0                    0
  "DRIFT_175"                           438              "drift"           137.996102          5.794313322         0.1366887119          4.363518134         0.1834004604          3.662719947          3.712688738                    0                    0                    0                    0         -2.824838621      9.916890585e-05                    0                    0                    0                    0                    0                    0                    0                    0                    0                    0                    0                    0                    0                    0                    0                    0
  "BE3.SMH15L1"                         439            "hkicker"           138.946102          5.693271048        -0.0303284237          4.228842608       -0.04163674864          3.689166083          3.748179882                    0                    0                    0                    0          -2.82474441      9.916890585e-05                    0                    0                    0                    0                    0                    0                    0                    0                    0                    0                    0                    0                    0                    0                    0                    0
  "DRIFT_176"                           440              "drift"           139.287652          5.734497466       -0.09037547914          4.284918388        -0.1225435473          3.698685378          3.760963667                    0                    0                    0                    0         -2.824710539      9.916890585e-05                    0                    0                    0                    0                    0                    0                    0                    0                    0                    0                    0                    0                    0                    0                    0                    0
  "BR3.DHZ15L1"                         441            "hkicker"           139.287652          5.734497466       -0.09037547914          4.284918388        -0.1225435473          3.698685378          3.760963667                    0                    0                    0                    0         -2.824710539      9.916890585e-05                    0                    0                    0                    0                    0                    0                    0                    0                    0                    0                    0                    0                    0                    0                    0                    0
  "BR3.DVT15L1"                         442            "vkicker"           139.287652          5.734497466       -0.09037547914          4.284918388        -0.1225435473          3.698685378          3.760963667                    0                    0                    0                    0         -2.824710539      9.916890585e-05                    0                    0                    0                    0                    0                    0                    0                    0                    0                    0                    0                    0                    0                    0                    0                    0
  "DRIFT_177"                           443              "drift"            139.63066          5.817181033        -0.1506788619          4.396855367        -0.2037957189          3.708142871          3.773553938                    0                    0                    0                    0         -2.824676523      9.916890585e-05                    0                    0                    0                    0                    0                    0                    0                    0                    0                    0                    0                    0                    0                    0                    0                    0
  "BE3.BSW15L1"                         444            "hkicker"            139.99666          5.951028431         -0.215024411          4.577765501        -0.2904942647           3.71804958          3.786552229                    0                    0                    0                    0         -2.824640228      9.916890585e-05                    0                    0                    0                    0                    0                    0                    0                    0                    0                    0                    0                    0                    0                    0                    0                    0
  "DRIFT_178"                           445              "drift"           140.099001          5.996881409        -0.2330167275          4.639705467         -0.314736931          3.720776248          3.790086774                    0                    0                    0                    0         -2.824630078      9.916890585e-05                    0                    0                    0                    0                    0                    0                    0                    0                    0                    0                    0                    0                    0                    0                    0                    0
  "BR.BHZ151"                           446              "sbend"           141.716697          7.200142587        -0.5155959156          6.089142471        -0.5646895058          3.760105774          3.839306432                    0                    0                    0                    0         -3.129052595        -0.3788939796                    0                    0                    0                    0                    0                    0                    0                    0                    0                    0                    0                    0                    0                    0                    0                    0
  "DRIFT_179"                           447              "drift"          141.7166995          7.200145165        -0.5155963551          6.089145295        -0.5646900473          3.760105829          3.839306497                    0                    0                    0                    0         -3.129053543        -0.3788939796                    0                    0                    0                    0                    0                    0                    0                    0                    0                    0                    0                    0                    0                    0                    0                    0
  "BR.SPSCRAP151"                       448         "collimator"          141.7166995          7.200145165        -0.5155963551          6.089145295        -0.5646900473          3.760105829          3.839306497                    0                    0                    0                    0         -3.129053543        -0.3788939796                    0                    0                    0                    0                    0                    0                    0                    0                    0                    0                    0                    0                    0                    0                    0                    0
  "DRIFT_180"                           449              "drift"           142.083012          7.601474649        -0.5799968441          6.531915029        -0.6440312881          3.767989527           3.84855599                    0                    0                    0                    0         -3.267847143        -0.3788939796                    0                    0                    0                    0                    0                    0                    0                    0                    0                    0                    0                    0                    0                    0                    0                    0
  "BR.QFO151"                           450         "quadrupole"           142.586582          6.838652162          2.000401759          8.604263268         -3.721562006          3.778774697          3.859587559                    0                    0                    0                    0         -3.155682341          0.817495175                    0                    0                    0                    0                    0                    0         0.3667514258                    0                    0                    0                    0                    0                    0                    0                    0                    0
  "DRIFT_181"                           451              "drift"           142.912834          5.611229649          1.761789776          11.21630187         -4.284637518          3.787160797          3.864874099                    0                    0                    0                    0         -2.888972905          0.817495175                    0                    0                    0                    0                    0                    0                    0                    0                    0                    0                    0                    0                    0                    0                    0                    0
  "BR3.BPM15L3"                         452            "monitor"           142.912834          5.611229649          1.761789776          11.21630187         -4.284637518          3.787160797          3.864874099                    0                    0                    0                    0         -2.888972905          0.817495175                    0                    0                    0                    0                    0                    0                    0                    0                    0                    0                    0                    0                    0                    0                    0                    0
  "BR3.ONOH0.15L3"                      453          "multipole"           142.912834          5.611229649          1.761789776          11.21630187         -4.284637518          3.787160797          3.864874099                    0                    0                    0                    0         -2.888972905          0.817495175                    0                    0                    0                    0                    0                    0                    0                    0                    0                    0                    0                    0                    0                    0                    0                    0
  "BR3.QSKH0.15L3"                      454          "multipole"           142.912834          5.611229649          1.761789776          11.21630187         -4.284637518          3.787160797          3.864874099                    0                    0                    0                    0         -2.888972905          0.817495175                    0                    0                    0                    0                    0                    0                    0                    0                    0                    0                    0                    0                    0                    0                    0                    0
  "BR3.XNOH0.15L3"                      455          "multipole"           142.912834          5.611229649          1.761789776          11.21630187         -4.284637518          3.787160797          3.864874099                    0                    0                    0                    0         -2.888972905          0.817495175                    0                    0                    0                    0                    0                    0                    0                    0                    0                    0                    0                    0                    0                    0                    0                    0
  "DRIFT_182"                           456              "drift"           143.240327          4.535723009          1.522270159          14.20778419         -4.849854862          3.797499721           3.86900346                    0                    0                    0                    0         -2.621248958          0.817495175                    0                    0                    0                    0                    0                    0                    0                    0                    0                    0                    0                    0                    0                    0                    0                    0
  "BR.QDE15"                            457         "quadrupole"           144.119267          4.535905146          -1.52251561           14.2090037          4.848743741          3.831639396          3.877937933                    0                    0                    0                    0         -2.621322391        -0.8176701909                    0                    0                    0                    0                    0                    0        -0.6533738668                    0                    0                    0                    0                    0                    0                    0                    0                    0
  "DRIFT_183"                           458              "drift"           144.221834          4.855920326         -1.597544256          13.23250832          4.671817222          3.835117917          3.879128432                    0                    0                    0                    0          -2.70518837        -0.8176701909                    0                    0                    0                    0                    0                    0                    0                    0                    0                    0                    0                    0                    0                    0                    0                    0
  "BE3.BSW15L4"                         459            "hkicker"           144.691834          6.519202185         -1.941353315          9.222049283          3.861074351          3.848428325           3.88590195                    0                    0                    0                    0         -3.089493359        -0.8176701909                    0                    0                    0                    0                    0                    0                    0                    0                    0                    0                    0                    0                    0                    0                    0                    0
  "DRIFT_184"                           460              "drift"           144.774012          6.843215292         -2.001467232          8.599107755          3.719318547          3.850386535          3.887370678                    0                    0                    0                    0          -3.15668786        -0.8176701909                    0                    0                    0                    0                    0                    0                    0                    0                    0                    0                    0                    0                    0                    0                    0                    0
  "BR.QFO152"                           461         "quadrupole"           145.277582          7.606223682         0.5807161569          6.528051033         0.6435540472          3.861164732          3.898408829                    0                    0                    0                    0         -3.268846676         0.3790924065                    0                    0                    0                    0                    0                    0         0.3667514258                    0                    0                    0                    0                    0                    0                    0                    0                    0
  "DRIFT_185"                           462              "drift"           145.644799          7.203433341         0.5161566501          6.084615049         0.5640043844          3.869063637           3.90768739                    0                    0                    0                    0         -3.129637499         0.3790924065                    0                    0                    0                    0                    0                    0                    0                    0                    0                    0                    0                    0                    0                    0                    0                    0
  "BR.STSCRAP152"                       463         "collimator"           145.644799          7.203433341         0.5161566501          6.084615049         0.5640043844          3.869063637           3.90768739                    0                    0                    0                    0         -3.129637499         0.3790924065                    0                    0                    0                    0                    0                    0                    0                    0                    0                    0                    0                    0                    0                    0                    0                    0
  "DRIFT_186"                           464              "drift"           145.644804          7.203428179          0.516155771          6.084609409         0.5640033013          3.869063748          3.907687521                    0                    0                    0                    0         -3.129635604         0.3790924065                    0                    0                    0                    0                    0                    0                    0                    0                    0                    0                    0                    0                    0                    0                    0                    0
  "BR.BHZ152"                           465              "sbend"             147.2625          5.998367266         0.2335765829          4.637606709         0.3139461536          3.908379145          3.956937627                    0                    0                    0                    0         -2.824894151      9.925807873e-05                    0                    0                    0                    0                    0                    0                    0                    0                    0                    0                    0                    0                    0                    0                    0                    0
  "DRIFT_187"                           466              "drift"             147.6255          5.851956647         0.1697584564          4.440895411          0.227958251          3.918136492          3.969681714                    0                    0                    0                    0          -2.82485812      9.925807873e-05                    0                    0                    0                    0                    0                    0                    0                    0                    0                    0                    0                    0                    0                    0                    0                    0
  "BR3.ONO16L1"                         467          "multipole"             147.6255          5.851956647         0.1697584564          4.440895411          0.227958251          3.918136492          3.969681714                    0                    0                    0                    0          -2.82485812      9.925807873e-05                    0                    0                    0                    0                    0                    0                    0                    0                    0                    0                    0                    0                    0                    0                    0                    0
  "BR3.QNO16L1"                         468          "multipole"             147.6255          5.851956647         0.1697584564          4.440895411          0.227958251          3.918136492          3.969681714                    0                    0                    0                    0          -2.82485812      9.925807873e-05                    0                    0                    0                    0                    0                    0                    0                    0                    0                    0                    0                    0                    0                    0                    0                    0
  "BR3.XNO16L1"                         469          "multipole"             147.6255          5.851956647         0.1697584564          4.440895411          0.227958251          3.918136492          3.969681714                    0                    0                    0                    0          -2.82485812      9.925807873e-05                    0                    0                    0                    0                    0                    0                    0                    0                    0                    0                    0                    0                    0                    0                    0                    0
  "DRIFT_188"                           470              "drift"              148.038          5.741820667        0.09723785801          4.293136683         0.1302447254          3.929471869          3.984739794                    0                    0                    0                    0         -2.824817177      9.925807873e-05                    0                    0                    0                    0                    0                    0                    0                    0                    0                    0                    0                    0                    0                    0                    0                    0
  "BI3.KSW16L1"                         471            "hkicker"              148.408          5.693932701        0.03218907888          4.229184632        0.04259865384          3.939777971          3.998577161                    0                    0                    0                    0         -2.824780451      9.925807873e-05                    0                    0                    0                    0                    0                    0                    0                    0                    0                    0                    0                    0                    0                    0                    0                    0
  "DRIFT_189"                           472              "drift"            149.25851          5.766351831        -0.1173369674          4.328075629        -0.1588712388          3.963489008          4.030428425                    0                    0                    0                    0         -2.824696031      9.925807873e-05                    0                    0                    0                    0                    0                    0                    0                    0                    0                    0                    0                    0                    0                    0                    0                    0
  "BR3.DHZ16L1"                         473            "hkicker"            149.25851          5.766351831        -0.1173369674          4.328075629        -0.1588712388          3.963489008          4.030428425                    0                    0                    0                    0         -2.824696031      9.925807873e-05                    0                    0                    0                    0                    0                    0                    0                    0                    0                    0                    0                    0                    0                    0                    0                    0
  "BR3.DVT16L1"                         474            "vkicker"            149.25851          5.766351831        -0.1173369674          4.328075629        -0.1588712388          3.963489008          4.030428425                    0                    0                    0                    0         -2.824696031      9.925807873e-05                    0                    0                    0                    0                    0                    0                    0                    0                    0                    0                    0                    0                    0                    0                    0                    0
  "DRIFT_190"                           475              "drift"          149.9165015          5.996881642        -0.2330168154          4.639705893        -0.3147371039          3.981334871          4.053882637                    0                    0                    0                    0          -2.82463072      9.925807873e-05                    0                    0                    0                    0                    0                    0                    0                    0                    0                    0                    0                    0                    0                    0                    0                    0
  "BR.BHZ161"                           476              "sbend"          151.5341975          7.200143103        -0.5155960035          6.089143435        -0.5646896593          4.020664395          4.103102288                    0                    0                    0                    0         -3.129053094        -0.3788938904                    0                    0                    0                    0                    0                    0                    0                    0                    0                    0                    0                    0                    0                    0                    0                    0
  "DRIFT_191"                           477              "drift"             151.5342          7.200145681         -0.515596443          6.089146258        -0.5646902008           4.02066445          4.103102353                    0                    0                    0                    0         -3.129054041        -0.3788938904                    0                    0                    0                    0                    0                    0                    0                    0                    0                    0                    0                    0                    0                    0                    0                    0
  "BR.STSCRAP161"                       478         "collimator"             151.5342          7.200145681         -0.515596443          6.089146258        -0.5646902008           4.02066445          4.103102353                    0                    0                    0                    0         -3.129054041        -0.3788938904                    0                    0                    0                    0                    0                    0                    0                    0                    0                    0                    0                    0                    0                    0                    0                    0
  "DRIFT_192"                           479              "drift"           151.900512          7.601474649        -0.5799968441           6.53191546        -0.6440313312          4.028548136          4.112351833                    0                    0                    0                    0          -3.26784742        -0.3788938904                    0                    0                    0                    0                    0                    0                    0                    0                    0                    0                    0                    0                    0                    0                    0                    0
  "BR.QFO161"                           480         "quadrupole"           152.404082          6.838652162          2.000401759          8.604263831         -3.721562241          4.039333307          4.123383401                    0                    0                    0                    0         -3.155682549         0.8174953542                    0                    0                    0                    0                    0                    0         0.3667514258                    0                    0                    0                    0                    0                    0                    0                    0                    0
  "DRIFT_193"                           481              "drift"           152.730339          5.611212032          1.761786119          11.21634545         -4.284646412          4.047719548          4.128670011                    0                    0                    0                    0         -2.888968967         0.8174953542                    0                    0                    0                    0                    0                    0                    0                    0                    0                    0                    0                    0                    0                    0                    0                    0
  "BR3.BPM16L3"                         482            "monitor"           152.730339          5.611212032          1.761786119          11.21634545         -4.284646412          4.047719548          4.128670011                    0                    0                    0                    0         -2.888968967         0.8174953542                    0                    0                    0                    0                    0                    0                    0                    0                    0                    0                    0                    0                    0                    0                    0                    0
  "BR3.ONOH0.16L3"                      483          "multipole"           152.730339          5.611212032          1.761786119          11.21634545         -4.284646412          4.047719548          4.128670011                    0                    0                    0                    0         -2.888968967         0.8174953542                    0                    0                    0                    0                    0                    0                    0                    0                    0                    0                    0                    0                    0                    0                    0                    0
  "BR3.QNO16L3"                         484          "multipole"           152.730339          5.611212032          1.761786119          11.21634545         -4.284646412          4.047719548          4.128670011                    0                    0                    0                    0         -2.888968967         0.8174953542                    0                    0                    0                    0                    0                    0                    0                    0                    0                    0                    0                    0                    0                    0                    0                    0
  "BR3.XNOH0.16L3"                      485          "multipole"           152.730339          5.611212032          1.761786119          11.21634545         -4.284646412          4.047719548          4.128670011                    0                    0                    0                    0         -2.888968967         0.8174953542                    0                    0                    0                    0                    0                    0                    0                    0                    0                    0                    0                    0                    0                    0                    0                    0
  "DRIFT_194"                           486              "drift"           153.057827          4.535723009          1.522270159           14.2077851         -4.849855157          4.058058331          4.132799301                    0                    0                    0                    0         -2.621249048         0.8174953542                    0                    0                    0                    0                    0                    0                    0                    0                    0                    0                    0                    0                    0                    0                    0                    0
  "BR.QDE16"                            487         "quadrupole"           153.936767          4.535905146          -1.52251561          14.20900458          4.848744064          4.092198006          4.141733774                    0                    0                    0                    0         -2.621322336        -0.8176700225                    0                    0                    0                    0                    0                    0        -0.6533738668                    0                    0                    0                    0                    0                    0                    0                    0                    0
  "DRIFT_195"                           488              "drift"           154.079339          4.984910549         -1.626808259          12.86147768           4.60280951          4.096970647          4.143412327                    0                    0                    0                    0         -2.737899186        -0.8176700225                    0                    0                    0                    0                    0                    0                    0                    0                    0                    0                    0                    0                    0                    0                    0                    0
  "BI3.KSW16L4"                         489            "hkicker"           154.449339          6.288892193         -1.897466454          9.691549081           3.96456508          4.107495661          4.148687775                    0                    0                    0                    0         -3.040437094        -0.8176700225                    0                    0                    0                    0                    0                    0                    0                    0                    0                    0                    0                    0                    0                    0                    0                    0
  "DRIFT_196"                           490              "drift"           154.591512          6.843215292         -2.001467232          8.599108259          3.719318795          4.110945145          4.151166518                    0                    0                    0                    0         -3.156687695        -0.8176700225                    0                    0                    0                    0                    0                    0                    0                    0                    0                    0                    0                    0                    0                    0                    0                    0
  "BR.QFO162"                           491         "quadrupole"           155.095082          7.606223682         0.5807161569          6.528051385           0.64355412          4.121723342          4.162204669                    0                    0                    0                    0         -3.268846443         0.3790925007                    0                    0                    0                    0                    0                    0         0.3667514258                    0                    0                    0                    0                    0                    0                    0                    0                    0
  "DRIFT_197"                           492              "drift"           155.218397          7.465675089         0.5590364536          6.372625812         0.6168405779          4.124327914          4.165247736                    0                    0                    0                    0         -3.222098651         0.3790925007                    0                    0                    0                    0                    0                    0                    0                    0                    0                    0                    0                    0                    0                    0                    0                    0
  "BR3.VVS16L5"                         493             "marker"           155.218397          7.465675089         0.5590364536          6.372625812         0.6168405779          4.124327914          4.165247736                    0                    0                    0                    0         -3.222098651         0.3790925007                    0                    0                    0                    0                    0                    0                    0                    0                    0                    0                    0                    0                    0                    0                    0                    0
  "DRIFT_198"                           494              "drift"           155.462299          7.203433341         0.5161566501          6.084615347         0.5640044563          4.129622247          4.171483229                    0                    0                    0                    0         -3.129637232         0.3790925007                    0                    0                    0                    0                    0                    0                    0                    0                    0                    0                    0                    0                    0                    0                    0                    0
  "BR.STSCRAP162"                       495         "collimator"           155.462299          7.203433341         0.5161566501          6.084615347         0.5640044563          4.129622247          4.171483229                    0                    0                    0                    0         -3.129637232         0.3790925007                    0                    0                    0                    0                    0                    0                    0                    0                    0                    0                    0                    0                    0                    0                    0                    0
  "DRIFT_199"                           496              "drift"           155.462304          7.203428179          0.516155771          6.084609707         0.5640033731          4.129622357           4.17148336                    0                    0                    0                    0         -3.129635336         0.3790925007                    0                    0                    0                    0                    0                    0                    0                    0                    0                    0                    0                    0                    0                    0                    0                    0
  "BR.BHZ162"                           497              "sbend"               157.08          5.998367266         0.2335765829          4.637606776         0.3139462226          4.168937754          4.220733465                    0                    0                    0                    0         -2.824893732      9.935221684e-05                    0                    0                    0                    0                    0                    0                    0                    0                    0                    0                    0                    0                    0                    0                    0                    0
