INFO pymadng_utils.io.utils: Reading knobs from /afs/cern.ch/work/j/jmgray/private/psb_md/data/p17_p23_final_strengths.txt
INFO psb_md.acd_config: Read 2 p17-p23-final strengths from p17_p23_final_strengths.txt
INFO psb_md.modelling: Reusing existing model at /afs/cern.ch/work/j/jmgray/private/psb_md/models/reference/model_qx0.173100_qy0.229003_driven_qx0.169600_qy0.232500_state_tunematch
INFO aba_optimiser.mad.optimising_mad_interface: Counted 16 BPMs in observation range: full cycled sequence ($start/$end)
INFO aba_optimiser.mad.optimising_mad_interface: Replaced 16 monitor BPMs with thin observation markers in range: full cycled sequence ($start/$end)
INFO aba_optimiser.mad.optimising_mad_interface: Skipping corrector strengths (not provided)

 Constraints                Type        Kind        Weight     Expr. Value
------------------------------------------------------------------------------
 1 q1                       equality     .          1         -2.64438e-03 >
 2 q2                       equality     .          1          1.98629e-03 >

 Variables                  Curr. Value  Curr. Step   Lower Limit  Upper Limit
--------------------------------------------------------------------------------
 1 kBRQF                    7.28900e-01  0.00000e+00   .            .         
 2 kBRQD                   -7.44277e-01  0.00000e+00   .            .         

ncall=1 [0.0s], fval=2.33860e-03, fstp=-inf, ccnt=2.


 Constraints                Type        Kind        Weight     Expr. Value
------------------------------------------------------------------------------
 1 q1                       equality     .          1         -5.41537e-07 >
 2 q2                       equality     .          1         -1.16430e-07 >

 Variables                  Curr. Value  Curr. Step   Lower Limit  Upper Limit
--------------------------------------------------------------------------------
 1 kBRQF                    7.29200e-01  2.99661e-04   .            .         
 2 kBRQD                   -7.44323e-01 -4.67612e-05   .            .         

ncall=4 [0.1s], fval=3.91675e-07, fstp=-2.33821e-03, ccnt=2.


 Constraints                Type        Kind        Weight     Expr. Value
------------------------------------------------------------------------------
 1 q1                       equality     .          1          0.00000e+00
 2 q2                       equality     .          1          3.64153e-14

 Variables                  Curr. Value  Curr. Step   Lower Limit  Upper Limit
--------------------------------------------------------------------------------
 1 kBRQF                    7.29200e-01  8.06745e-08   .            .         
 2 kBRQD                   -7.44323e-01 -4.96540e-08   .            .         

ncall=7 [0.2s], fval=2.57495e-14, fstp=-3.91675e-07, ccnt=0.


 Constraints                Type        Kind        Weight     Penalty Value
------------------------------------------------------------------------------
 1 q1                       equality     .          1          0.00000e+00
 2 q2                       equality     .          1          3.64153e-14

 Variables                  Final Value  Init. Value  Lower Limit  Upper Limit
--------------------------------------------------------------------------------
 1 kBRQF                    7.29200e-01  7.28900e-01   .            .         
 2 kBRQD                   -7.44323e-01 -7.44277e-01   .            .         

ncall=7 [0.2s], fbst[7]=2.57495e-14, fstp=-3.91675e-07, status=FMIN.

INFO psb_md.modelling: Tune match for p17-p23-final orbit 0: (0.170456, 0.230989) -> (0.173100, 0.229003), target (0.173100, 0.229003)
INFO psb_md.modelling: Matched 2 strengths for p17-p23-final orbit 0 (dpp=0.000000e+00, ke=1.600000e-01)
INFO loco_common.model: Quadrupole circuits from the normal_second machine, not a tune match: kbrqd -0.7442765967 (matched -0.7443234075, +0.006 %), kbrqf +0.7289003149 (matched +0.7292000563, -0.041 %)
INFO loco_common.model: Whatever this model twisses to is not matched to the machine's measured tune, by design (scripts/measured_optics.py reads that tune live from /afs/cern.ch/work/j/jmgray/private/psb_md/chroma/p17_p23_final_2026_08_29.txt)
INFO loco_common.model: Using the scan's own corrector settings; largest disagreement with psb_md's campaign file is 6.027e-05 rad on kbr3dhz11l4
INFO loco_common.model: Ring-3 model from /afs/cern.ch/work/j/jmgray/private/psb_loco/models/model_qx0.165000_qy0.227500/psb3_saved.seq: 6 tune knobs, 12 corrector knobs
INFO aba_optimiser.mad.optimising_mad_interface: Counted 16 BPMs in observation range: full cycled sequence ($start/$end)
INFO aba_optimiser.mad.optimising_mad_interface: Replaced 16 monitor BPMs with thin observation markers in range: full cycled sequence ($start/$end)
INFO aba_optimiser.mad.optimising_mad_interface: Set 12 corrector knobs
INFO aba_optimiser.mad.optimising_mad_interface: Created 32 knobs from 5.983511999999999 to 153.057827
INFO __main__: Freeing 32 cell-grouped quadrupole dk1l knobs
INFO __main__: Response grid: 32 BPM channels x 12 correctors, 384 usable points

 Constraints                Type        Kind        Weight     Expr. Value
------------------------------------------------------------------------------
 1 R_BR3.BPM1L3.x_BR3.DHZ11L4 equality     .          252.48     1.38986e-01 >
 2 R_BR3.BPM1L3.x_BR3.DHZ12L4 equality     .          260.42     7.46718e-01 >
 3 R_BR3.BPM1L3.x_BR3.DHZ13L4 equality     .          256.05     1.30523e+00 >
 4 R_BR3.BPM1L3.x_BR3.DHZ14L1 equality     .          258.32     9.52967e-01 >
 5 R_BR3.BPM1L3.x_BR3.DHZ8L1 equality     .          251.74    -3.51675e-01 >
 6 R_BR3.BPM1L3.x_BR3.DHZ9L1 equality     .          252.65     4.23965e-01 >
 7 R_BR3.BPM1L3.x_BR3.DVT12L4 equality     .          251.78     5.60943e-02 >
 8 R_BR3.BPM1L3.x_BR3.DVT13L4 equality     .          258.72     1.87878e-01 >
 9 R_BR3.BPM1L3.x_BR3.DVT2L4 equality     .          257.05    -2.01861e-02 >
10 R_BR3.BPM1L3.x_BR3.DVT6L4 equality     .          253.7     -5.09949e-02 >
11 R_BR3.BPM1L3.x_BR3.DVT8L1 equality     .          253.42     1.24285e-01 >
12 R_BR3.BPM1L3.x_BR3.DVT9L1 equality     .          257.59     1.85721e-01 >
13 R_BR3.BPM2L3.x_BR3.DHZ11L4 equality     .          157.62     8.02980e-02 >
14 R_BR3.BPM2L3.x_BR3.DHZ12L4 equality     .          157.89     3.03745e-01 >
15 R_BR3.BPM2L3.x_BR3.DHZ13L4 equality     .          158.03     1.26167e+00 >
16 R_BR3.BPM2L3.x_BR3.DHZ14L1 equality     .          158.62     1.67230e+00 >
17 R_BR3.BPM2L3.x_BR3.DHZ8L1 equality     .          156.4     -3.92923e-01 >
18 R_BR3.BPM2L3.x_BR3.DHZ9L1 equality     .          157.36    -6.94594e-01 >
19 R_BR3.BPM2L3.x_BR3.DVT12L4 equality     .          156.11    -1.83141e-02 >
20 R_BR3.BPM2L3.x_BR3.DVT13L4 equality     .          155.52     7.45216e-02 >
21 R_BR3.BPM2L3.x_BR3.DVT2L4 equality     .          154.03     1.04823e-01 >
22 R_BR3.BPM2L3.x_BR3.DVT6L4 equality     .          157.2      6.53273e-02 >
23 R_BR3.BPM2L3.x_BR3.DVT8L1 equality     .          156.4      1.85104e-01 >
24 R_BR3.BPM2L3.x_BR3.DVT9L1 equality     .          155.82     3.97994e-02 >
25 R_BR3.BPM3L3.x_BR3.DHZ11L4 equality     .          306.38     1.17509e+00 >
26 R_BR3.BPM3L3.x_BR3.DHZ12L4 equality     .          309.92    -4.73313e-02 >
27 R_BR3.BPM3L3.x_BR3.DHZ13L4 equality     .          307.15    -5.64630e-01 >
28 R_BR3.BPM3L3.x_BR3.DHZ14L1 equality     .          305.61    -7.11057e-01 >
29 R_BR3.BPM3L3.x_BR3.DHZ8L1 equality     .          303.8      1.44642e+00 >
30 R_BR3.BPM3L3.x_BR3.DHZ9L1 equality     .          305.13    -1.07202e+00 >
31 R_BR3.BPM3L3.x_BR3.DVT12L4 equality     .          308.36    -4.11027e-02 >
32 R_BR3.BPM3L3.x_BR3.DVT13L4 equality     .          309.21    -2.30077e-01 >
33 R_BR3.BPM3L3.x_BR3.DVT2L4 equality     .          309.43     1.54234e-01 >
34 R_BR3.BPM3L3.x_BR3.DVT6L4 equality     .          313.2      1.40426e-01 >
35 R_BR3.BPM3L3.x_BR3.DVT8L1 equality     .          311.18     3.28813e-01 >
36 R_BR3.BPM3L3.x_BR3.DVT9L1 equality     .          307.84     4.59752e-03 >
37 R_BR3.BPM4L3.x_BR3.DHZ11L4 equality     .          198.02     3.71393e-01 >
38 R_BR3.BPM4L3.x_BR3.DHZ12L4 equality     .          203.28     6.08771e-01 >
39 R_BR3.BPM4L3.x_BR3.DHZ13L4 equality     .          201.28     4.56605e-01 >
40 R_BR3.BPM4L3.x_BR3.DHZ14L1 equality     .          204.36    -6.21018e-01 >
41 R_BR3.BPM4L3.x_BR3.DHZ8L1 equality     .          198.49     6.73651e-01 >
42 R_BR3.BPM4L3.x_BR3.DHZ9L1 equality     .          201.82     3.30964e-01 >
43 R_BR3.BPM4L3.x_BR3.DVT12L4 equality     .          195.66    -2.05154e-02 >
44 R_BR3.BPM4L3.x_BR3.DVT13L4 equality     .          199.18    -1.25872e-01 >
45 R_BR3.BPM4L3.x_BR3.DVT2L4 equality     .          199.43    -4.12054e-02 >
46 R_BR3.BPM4L3.x_BR3.DVT6L4 equality     .          196.72     2.53900e-02 >
47 R_BR3.BPM4L3.x_BR3.DVT8L1 equality     .          199.21     3.05780e-01 >
48 R_BR3.BPM4L3.x_BR3.DVT9L1 equality     .          198.45     8.71451e-02 >
49 R_BR3.BPM5L3.x_BR3.DHZ11L4 equality     .          324.79     1.38019e-01 >
50 R_BR3.BPM5L3.x_BR3.DHZ12L4 equality     .          337.32     6.62401e-01 >
51 R_BR3.BPM5L3.x_BR3.DHZ13L4 equality     .          331.08     1.42864e+00 >
52 R_BR3.BPM5L3.x_BR3.DHZ14L1 equality     .          329.86     1.29275e+00 >
53 R_BR3.BPM5L3.x_BR3.DHZ8L1 equality     .          326.2     -4.74241e-01 >
54 R_BR3.BPM5L3.x_BR3.DHZ9L1 equality     .          330.74     2.81477e-01 >
55 R_BR3.BPM5L3.x_BR3.DVT12L4 equality     .          325.59     8.11117e-03 >
56 R_BR3.BPM5L3.x_BR3.DVT13L4 equality     .          331.84     1.68846e-01 >
57 R_BR3.BPM5L3.x_BR3.DVT2L4 equality     .          334.36    -9.37229e-02 >
58 R_BR3.BPM5L3.x_BR3.DVT6L4 equality     .          327.83    -3.99597e-02 >
59 R_BR3.BPM5L3.x_BR3.DVT8L1 equality     .          333.8      1.16100e-01 >
60 R_BR3.BPM5L3.x_BR3.DVT9L1 equality     .          330.19     1.47338e-01 >
61 R_BR3.BPM6L3.x_BR3.DHZ11L4 equality     .          199.47     2.15594e-01 >
62 R_BR3.BPM6L3.x_BR3.DHZ12L4 equality     .          200.7      2.80787e-01 >
63 R_BR3.BPM6L3.x_BR3.DHZ13L4 equality     .          204.48     1.08126e+00 >
64 R_BR3.BPM6L3.x_BR3.DHZ14L1 equality     .          198.32     1.46165e+00 >
65 R_BR3.BPM6L3.x_BR3.DHZ8L1 equality     .          195.69    -1.23911e-01 >
66 R_BR3.BPM6L3.x_BR3.DHZ9L1 equality     .          197.62    -8.11383e-01 >
67 R_BR3.BPM6L3.x_BR3.DVT12L4 equality     .          200.77    -5.86743e-02 >
68 R_BR3.BPM6L3.x_BR3.DVT13L4 equality     .          202.21     2.40455e-02 >
69 R_BR3.BPM6L3.x_BR3.DVT2L4 equality     .          200.88     1.12952e-01 >
70 R_BR3.BPM6L3.x_BR3.DVT6L4 equality     .          202.2      1.25556e-01 >
71 R_BR3.BPM6L3.x_BR3.DVT8L1 equality     .          199.68     2.09142e-01 >
72 R_BR3.BPM6L3.x_BR3.DVT9L1 equality     .          199.01     9.19338e-03 >
73 R_BR3.BPM7L3.x_BR3.DHZ11L4 equality     .          223.23     6.55934e-01 >
74 R_BR3.BPM7L3.x_BR3.DHZ12L4 equality     .          227.83     3.47762e-01 >
75 R_BR3.BPM7L3.x_BR3.DHZ13L4 equality     .          223.5     -4.93725e-02 >
76 R_BR3.BPM7L3.x_BR3.DHZ14L1 equality     .          225.13    -5.91286e-01 >
77 R_BR3.BPM7L3.x_BR3.DHZ8L1 equality     .          221.05     1.14449e+00 >
78 R_BR3.BPM7L3.x_BR3.DHZ9L1 equality     .          222.81    -5.64765e-01 >
79 R_BR3.BPM7L3.x_BR3.DVT12L4 equality     .          223.25    -5.67889e-02 >
80 R_BR3.BPM7L3.x_BR3.DVT13L4 equality     .          224.06    -2.32255e-01 >
81 R_BR3.BPM7L3.x_BR3.DVT2L4 equality     .          223.73     1.05837e-01 >
82 R_BR3.BPM7L3.x_BR3.DVT6L4 equality     .          226.92     2.41707e-01 >
83 R_BR3.BPM7L3.x_BR3.DVT8L1 equality     .          219.71     3.66445e-01 >
84 R_BR3.BPM7L3.x_BR3.DVT9L1 equality     .          227.4      1.71462e-02 >
85 R_BR3.BPM8L3.x_BR3.DHZ11L4 equality     .          331.84     3.77019e-01 >
86 R_BR3.BPM8L3.x_BR3.DHZ12L4 equality     .          343.02     7.44440e-01 >
87 R_BR3.BPM8L3.x_BR3.DHZ13L4 equality     .          339.67     5.76208e-01 >
88 R_BR3.BPM8L3.x_BR3.DHZ14L1 equality     .          338.78    -4.19747e-01 >
89 R_BR3.BPM8L3.x_BR3.DHZ8L1 equality     .          329.23     1.06660e+00 >
90 R_BR3.BPM8L3.x_BR3.DHZ9L1 equality     .          336.85     5.22828e-01 >
91 R_BR3.BPM8L3.x_BR3.DVT12L4 equality     .          332.26    -3.88186e-03 >
92 R_BR3.BPM8L3.x_BR3.DVT13L4 equality     .          335.48    -1.02515e-01 >
93 R_BR3.BPM8L3.x_BR3.DVT2L4 equality     .          332.57    -1.48495e-02 >
94 R_BR3.BPM8L3.x_BR3.DVT6L4 equality     .          326.42     4.82699e-02 >
95 R_BR3.BPM8L3.x_BR3.DVT8L1 equality     .          334.17     3.70053e-01 >
96 R_BR3.BPM8L3.x_BR3.DVT9L1 equality     .          334.19     1.23124e-01 >
97 R_BR3.BPM9L3.x_BR3.DHZ11L4 equality     .          297.89    -6.98537e-02 >
98 R_BR3.BPM9L3.x_BR3.DHZ12L4 equality     .          290.36     6.24539e-01 >
99 R_BR3.BPM9L3.x_BR3.DHZ13L4 equality     .          300.89     1.51103e+00 >
100 R_BR3.BPM9L3.x_BR3.DHZ14L1 equality     .          300.3      1.50617e+00 >
101 R_BR3.BPM9L3.x_BR3.DHZ8L1 equality     .          275.12     1.30366e-01 >
102 R_BR3.BPM9L3.x_BR3.DHZ9L1 equality     .          299.62     6.33450e-01 >
103 R_BR3.BPM9L3.x_BR3.DVT12L4 equality     .          269.07    -5.45033e-02 >
104 R_BR3.BPM9L3.x_BR3.DVT13L4 equality     .          276.44     1.62301e-01 >
105 R_BR3.BPM9L3.x_BR3.DVT2L4 equality     .          271.33    -6.12338e-02 >
106 R_BR3.BPM9L3.x_BR3.DVT6L4 equality     .          272.15    -9.29137e-02 >
107 R_BR3.BPM9L3.x_BR3.DVT8L1 equality     .          281.79     2.12600e-01 >
108 R_BR3.BPM9L3.x_BR3.DVT9L1 equality     .          280.47     2.28354e-01 >
109 R_BR3.BPM10L3.x_BR3.DHZ11L4 equality     .          318.21     2.84953e-01 >
110 R_BR3.BPM10L3.x_BR3.DHZ12L4 equality     .          328.28     1.33379e-01 >
111 R_BR3.BPM10L3.x_BR3.DHZ13L4 equality     .          325.38     8.59368e-01 >
112 R_BR3.BPM10L3.x_BR3.DHZ14L1 equality     .          328.01     1.20258e+00 >
113 R_BR3.BPM10L3.x_BR3.DHZ8L1 equality     .          322.19    -6.27894e-01 >
114 R_BR3.BPM10L3.x_BR3.DHZ9L1 equality     .          321.78    -3.92169e-01 >
115 R_BR3.BPM10L3.x_BR3.DVT12L4 equality     .          314.56    -2.56157e-02 >
116 R_BR3.BPM10L3.x_BR3.DVT13L4 equality     .          323.59    -2.14541e-02 >
117 R_BR3.BPM10L3.x_BR3.DVT2L4 equality     .          324.95     6.16187e-02 >
118 R_BR3.BPM10L3.x_BR3.DVT6L4 equality     .          323.52     1.27429e-01 >
119 R_BR3.BPM10L3.x_BR3.DVT8L1 equality     .          325.33     9.40237e-02 >
120 R_BR3.BPM10L3.x_BR3.DVT9L1 equality     .          318.99     3.59384e-02 >
121 R_BR3.BPM11L3.x_BR3.DHZ11L4 equality     .          318.91     3.69688e-01 >
122 R_BR3.BPM11L3.x_BR3.DHZ12L4 equality     .          325.59     4.34465e-01 >
123 R_BR3.BPM11L3.x_BR3.DHZ13L4 equality     .          322.64     2.31902e-01 >
124 R_BR3.BPM11L3.x_BR3.DHZ14L1 equality     .          325.75    -5.95965e-01 >
125 R_BR3.BPM11L3.x_BR3.DHZ8L1 equality     .          315.33     5.21176e-01 >
126 R_BR3.BPM11L3.x_BR3.DHZ9L1 equality     .          318.05    -7.25981e-01 >
127 R_BR3.BPM11L3.x_BR3.DVT12L4 equality     .          321.26    -2.63434e-03 >
128 R_BR3.BPM11L3.x_BR3.DVT13L4 equality     .          323.22    -2.19117e-01 >
129 R_BR3.BPM11L3.x_BR3.DVT2L4 equality     .          323.98     8.43731e-02 >
130 R_BR3.BPM11L3.x_BR3.DVT6L4 equality     .          321.05     1.89244e-01 >
131 R_BR3.BPM11L3.x_BR3.DVT8L1 equality     .          323.79     3.55948e-01 >
132 R_BR3.BPM11L3.x_BR3.DVT9L1 equality     .          323.73    -5.54458e-02 >
133 R_BR3.BPM12L3.x_BR3.DHZ11L4 equality     .          232.5      6.26043e-01 >
134 R_BR3.BPM12L3.x_BR3.DHZ12L4 equality     .          234.92     1.05986e+00 >
135 R_BR3.BPM12L3.x_BR3.DHZ13L4 equality     .          234.62     7.96648e-01 >
136 R_BR3.BPM12L3.x_BR3.DHZ14L1 equality     .          237.48    -2.23233e-01 >
137 R_BR3.BPM12L3.x_BR3.DHZ8L1 equality     .          231.14     1.22508e+00 >
138 R_BR3.BPM12L3.x_BR3.DHZ9L1 equality     .          236.23     2.94319e-01 >
139 R_BR3.BPM12L3.x_BR3.DVT12L4 equality     .          231.44    -2.46758e-02 >
140 R_BR3.BPM12L3.x_BR3.DVT13L4 equality     .          235.61    -6.71692e-02 >
141 R_BR3.BPM12L3.x_BR3.DVT2L4 equality     .          235.35    -2.94222e-02 >
142 R_BR3.BPM12L3.x_BR3.DVT6L4 equality     .          233.52     1.84363e-02 >
143 R_BR3.BPM12L3.x_BR3.DVT8L1 equality     .          234.71     3.35473e-01 >
144 R_BR3.BPM12L3.x_BR3.DVT9L1 equality     .          238.07     1.15555e-01 >
145 R_BR3.BPM13L3.x_BR3.DHZ11L4 equality     .          288.46     4.03064e-01 >
146 R_BR3.BPM13L3.x_BR3.DHZ12L4 equality     .          297.24     5.80247e-01 >
147 R_BR3.BPM13L3.x_BR3.DHZ13L4 equality     .          295.89     1.32360e+00 >
148 R_BR3.BPM13L3.x_BR3.DHZ14L1 equality     .          295.8      1.50131e+00 >
149 R_BR3.BPM13L3.x_BR3.DHZ8L1 equality     .          286.85    -3.37597e-02 >
150 R_BR3.BPM13L3.x_BR3.DHZ9L1 equality     .          295.94     2.95569e-01 >
151 R_BR3.BPM13L3.x_BR3.DVT12L4 equality     .          285.58     7.34538e-02 >
152 R_BR3.BPM13L3.x_BR3.DVT13L4 equality     .          288.7      1.65972e-01 >
153 R_BR3.BPM13L3.x_BR3.DVT2L4 equality     .          293.09    -4.93520e-02 >
154 R_BR3.BPM13L3.x_BR3.DVT6L4 equality     .          292.59    -8.36907e-02 >
155 R_BR3.BPM13L3.x_BR3.DVT8L1 equality     .          292.51     1.22475e-01 >
156 R_BR3.BPM13L3.x_BR3.DVT9L1 equality     .          290.36     2.18280e-01 >
157 R_BR3.BPM14L3.x_BR3.DHZ11L4 equality     .          212.24     3.57321e-02 >
158 R_BR3.BPM14L3.x_BR3.DHZ12L4 equality     .          213.11     1.60722e-01 >
159 R_BR3.BPM14L3.x_BR3.DHZ13L4 equality     .          215        1.47199e+00 >
160 R_BR3.BPM14L3.x_BR3.DHZ14L1 equality     .          215.57     1.93926e+00 >
161 R_BR3.BPM14L3.x_BR3.DHZ8L1 equality     .          208.87    -6.01138e-01 >
162 R_BR3.BPM14L3.x_BR3.DHZ9L1 equality     .          215.99    -6.96027e-01 >
163 R_BR3.BPM14L3.x_BR3.DVT12L4 equality     .          212.81    -1.13317e-01 >
164 R_BR3.BPM14L3.x_BR3.DVT13L4 equality     .          214.9      1.30318e-01 >
165 R_BR3.BPM14L3.x_BR3.DVT2L4 equality     .          214.23     1.03193e-01 >
166 R_BR3.BPM14L3.x_BR3.DVT6L4 equality     .          214.62     1.24508e-01 >
167 R_BR3.BPM14L3.x_BR3.DVT8L1 equality     .          214.2      1.27638e-01 >
168 R_BR3.BPM14L3.x_BR3.DVT9L1 equality     .          214.58     3.15869e-02 >
169 R_BR3.BPM15L3.x_BR3.DHZ11L4 equality     .          318.02     5.73754e-01 >
170 R_BR3.BPM15L3.x_BR3.DHZ12L4 equality     .          322.62     3.12970e-01 >
171 R_BR3.BPM15L3.x_BR3.DHZ13L4 equality     .          318.77     2.02847e-01 >
172 R_BR3.BPM15L3.x_BR3.DHZ14L1 equality     .          318.38    -2.21627e-02 >
173 R_BR3.BPM15L3.x_BR3.DHZ8L1 equality     .          310.39     8.89126e-01 >
174 R_BR3.BPM15L3.x_BR3.DHZ9L1 equality     .          316.93    -7.87697e-01 >
175 R_BR3.BPM15L3.x_BR3.DVT12L4 equality     .          319.68    -8.75109e-02 >
176 R_BR3.BPM15L3.x_BR3.DVT13L4 equality     .          316.76    -2.65811e-01 >
177 R_BR3.BPM15L3.x_BR3.DVT2L4 equality     .          319.5      2.35370e-02 >
178 R_BR3.BPM15L3.x_BR3.DVT6L4 equality     .          317.69     1.14312e-01 >
179 R_BR3.BPM15L3.x_BR3.DVT8L1 equality     .          319.48     3.41838e-01 >
180 R_BR3.BPM15L3.x_BR3.DVT9L1 equality     .          320.4     -3.90492e-02 >
181 R_BR3.BPM16L3.x_BR3.DHZ11L4 equality     .          338.99     5.84555e-01 >
182 R_BR3.BPM16L3.x_BR3.DHZ12L4 equality     .          342.87     8.33415e-01 >
183 R_BR3.BPM16L3.x_BR3.DHZ13L4 equality     .          335.7      7.49590e-02 >
184 R_BR3.BPM16L3.x_BR3.DHZ14L1 equality     .          338.12    -1.00781e+00 >
185 R_BR3.BPM16L3.x_BR3.DHZ8L1 equality     .          333.59     1.05822e+00 >
186 R_BR3.BPM16L3.x_BR3.DHZ9L1 equality     .          341.37     4.46628e-01 >
187 R_BR3.BPM16L3.x_BR3.DVT12L4 equality     .          329.08     2.42106e-02 >
188 R_BR3.BPM16L3.x_BR3.DVT13L4 equality     .          332.21    -1.96842e-01 >
189 R_BR3.BPM16L3.x_BR3.DVT2L4 equality     .          328.75    -6.26187e-02 >
190 R_BR3.BPM16L3.x_BR3.DVT6L4 equality     .          328.86    -1.20808e-02 >
191 R_BR3.BPM16L3.x_BR3.DVT8L1 equality     .          334.48     3.10373e-01 >
192 R_BR3.BPM16L3.x_BR3.DVT9L1 equality     .          334.14     1.24236e-01 >
193 R_BR3.BPM1L3.y_BR3.DHZ11L4 equality     .          256.25    -1.46401e-01 >
194 R_BR3.BPM1L3.y_BR3.DHZ12L4 equality     .          262.82    -8.31397e-03 >
195 R_BR3.BPM1L3.y_BR3.DHZ13L4 equality     .          262.88     1.63254e-01 >
196 R_BR3.BPM1L3.y_BR3.DHZ14L1 equality     .          261.24     7.43191e-02 >
197 R_BR3.BPM1L3.y_BR3.DHZ8L1 equality     .          258.42    -1.63604e-01 >
198 R_BR3.BPM1L3.y_BR3.DHZ9L1 equality     .          259.81     3.84588e-02 >
199 R_BR3.BPM1L3.y_BR3.DVT12L4 equality     .          253.55    -1.14737e-01 >
200 R_BR3.BPM1L3.y_BR3.DVT13L4 equality     .          256.41     2.80631e-01 >
201 R_BR3.BPM1L3.y_BR3.DVT2L4 equality     .          255.28     1.47483e-03 >
202 R_BR3.BPM1L3.y_BR3.DVT6L4 equality     .          258.8      1.29335e-01 >
203 R_BR3.BPM1L3.y_BR3.DVT8L1 equality     .          253.9     -8.15165e-02 >
204 R_BR3.BPM1L3.y_BR3.DVT9L1 equality     .          262.54     1.58891e-01 >
205 R_BR3.BPM2L3.y_BR3.DHZ11L4 equality     .          193.77     2.24525e-02 >
206 R_BR3.BPM2L3.y_BR3.DHZ12L4 equality     .          195.51    -1.00526e-01 >
207 R_BR3.BPM2L3.y_BR3.DHZ13L4 equality     .          194.69    -5.27889e-02 >
208 R_BR3.BPM2L3.y_BR3.DHZ14L1 equality     .          194.89    -2.38464e-02 >
209 R_BR3.BPM2L3.y_BR3.DHZ8L1 equality     .          193.7     -3.55543e-02 >
210 R_BR3.BPM2L3.y_BR3.DHZ9L1 equality     .          194       -1.29648e-01 >
211 R_BR3.BPM2L3.y_BR3.DVT12L4 equality     .          193.39    -1.71541e-02 >
212 R_BR3.BPM2L3.y_BR3.DVT13L4 equality     .          199.37     2.44002e-01 >
213 R_BR3.BPM2L3.y_BR3.DVT2L4 equality     .          193.95     2.35755e-01 >
214 R_BR3.BPM2L3.y_BR3.DVT6L4 equality     .          194.29     1.13879e-01 >
215 R_BR3.BPM2L3.y_BR3.DVT8L1 equality     .          197.45    -4.44751e-02 >
216 R_BR3.BPM2L3.y_BR3.DVT9L1 equality     .          201.64    -4.18590e-01 >
217 R_BR3.BPM3L3.y_BR3.DHZ11L4 equality     .          309.08     1.67771e-01 >
218 R_BR3.BPM3L3.y_BR3.DHZ12L4 equality     .          311.71     1.93796e-02 >
219 R_BR3.BPM3L3.y_BR3.DHZ13L4 equality     .          313.44    -1.99700e-01 >
220 R_BR3.BPM3L3.y_BR3.DHZ14L1 equality     .          310.99    -1.53908e-01 >
221 R_BR3.BPM3L3.y_BR3.DHZ8L1 equality     .          306.46     1.94776e-01 >
222 R_BR3.BPM3L3.y_BR3.DHZ9L1 equality     .          307.02    -4.00638e-03 >
223 R_BR3.BPM3L3.y_BR3.DVT12L4 equality     .          302.21    -4.93726e-02 >
224 R_BR3.BPM3L3.y_BR3.DVT13L4 equality     .          306.62    -5.03975e-01 >
225 R_BR3.BPM3L3.y_BR3.DVT2L4 equality     .          305.61     2.78386e-01 >
226 R_BR3.BPM3L3.y_BR3.DVT6L4 equality     .          305.13    -1.17804e-01 >
227 R_BR3.BPM3L3.y_BR3.DVT8L1 equality     .          303.25     2.28619e-01 >
228 R_BR3.BPM3L3.y_BR3.DVT9L1 equality     .          307.19    -2.01170e-01 >
229 R_BR3.BPM4L3.y_BR3.DHZ11L4 equality     .          207.99    -6.51245e-02 >
230 R_BR3.BPM4L3.y_BR3.DHZ12L4 equality     .          211.05     5.30092e-02 >
231 R_BR3.BPM4L3.y_BR3.DHZ13L4 equality     .          211.6      4.18146e-02 >
232 R_BR3.BPM4L3.y_BR3.DHZ14L1 equality     .          210.73     1.81305e-02 >
233 R_BR3.BPM4L3.y_BR3.DHZ8L1 equality     .          210.5     -8.02504e-03 >
234 R_BR3.BPM4L3.y_BR3.DHZ9L1 equality     .          210.07     1.31963e-01 >
235 R_BR3.BPM4L3.y_BR3.DVT12L4 equality     .          209.22    -7.41003e-01 >
236 R_BR3.BPM4L3.y_BR3.DVT13L4 equality     .          209.46    -9.06166e-02 >
237 R_BR3.BPM4L3.y_BR3.DVT2L4 equality     .          210.76     4.52425e-01 >
238 R_BR3.BPM4L3.y_BR3.DVT6L4 equality     .          210.02     5.29222e-01 >
239 R_BR3.BPM4L3.y_BR3.DVT8L1 equality     .          206.75    -7.26916e-02 >
240 R_BR3.BPM4L3.y_BR3.DVT9L1 equality     .          208.22    -1.59615e-02 >
241 R_BR3.BPM5L3.y_BR3.DHZ11L4 equality     .          301.26    -1.67715e-01 >
242 R_BR3.BPM5L3.y_BR3.DHZ12L4 equality     .          303.11    -3.04388e-02 >
243 R_BR3.BPM5L3.y_BR3.DHZ13L4 equality     .          299.49     1.98012e-01 >
244 R_BR3.BPM5L3.y_BR3.DHZ14L1 equality     .          301.21     1.38188e-01 >
245 R_BR3.BPM5L3.y_BR3.DHZ8L1 equality     .          301.52    -1.82758e-01 >
246 R_BR3.BPM5L3.y_BR3.DHZ9L1 equality     .          302.17     3.91870e-02 >
247 R_BR3.BPM5L3.y_BR3.DVT12L4 equality     .          300        6.68664e-02 >
248 R_BR3.BPM5L3.y_BR3.DVT13L4 equality     .          293.79     5.17633e-01 >
249 R_BR3.BPM5L3.y_BR3.DVT2L4 equality     .          295.21    -2.52821e-01 >
250 R_BR3.BPM5L3.y_BR3.DVT6L4 equality     .          296.66     9.45214e-02 >
251 R_BR3.BPM5L3.y_BR3.DVT8L1 equality     .          296.81    -2.23335e-01 >
252 R_BR3.BPM5L3.y_BR3.DVT9L1 equality     .          302.94     1.28704e-01 >
253 R_BR3.BPM6L3.y_BR3.DHZ11L4 equality     .          201.95     5.15800e-02 >
254 R_BR3.BPM6L3.y_BR3.DHZ12L4 equality     .          201.03    -8.97014e-02 >
255 R_BR3.BPM6L3.y_BR3.DHZ13L4 equality     .          202.5     -9.26590e-02 >
256 R_BR3.BPM6L3.y_BR3.DHZ14L1 equality     .          200.64    -1.00036e-01 >
257 R_BR3.BPM6L3.y_BR3.DHZ8L1 equality     .          201.33     5.86936e-02 >
258 R_BR3.BPM6L3.y_BR3.DHZ9L1 equality     .          199.71    -1.12438e-01 >
259 R_BR3.BPM6L3.y_BR3.DVT12L4 equality     .          196.41     6.16591e-01 >
260 R_BR3.BPM6L3.y_BR3.DVT13L4 equality     .          199.93     1.50538e-01 >
261 R_BR3.BPM6L3.y_BR3.DVT2L4 equality     .          198.6     -3.36152e-01 >
262 R_BR3.BPM6L3.y_BR3.DVT6L4 equality     .          198.12    -3.56213e-01 >
263 R_BR3.BPM6L3.y_BR3.DVT8L1 equality     .          200.55     9.59788e-02 >
264 R_BR3.BPM6L3.y_BR3.DVT9L1 equality     .          198.53    -7.25359e-02 >
265 R_BR3.BPM7L3.y_BR3.DHZ11L4 equality     .          246.76     1.76158e-01 >
266 R_BR3.BPM7L3.y_BR3.DHZ12L4 equality     .          247.85     8.04232e-03 >
267 R_BR3.BPM7L3.y_BR3.DHZ13L4 equality     .          244       -2.24381e-01 >
268 R_BR3.BPM7L3.y_BR3.DHZ14L1 equality     .          246.12    -1.69944e-01 >
269 R_BR3.BPM7L3.y_BR3.DHZ8L1 equality     .          243.28     2.01279e-01 >
270 R_BR3.BPM7L3.y_BR3.DHZ9L1 equality     .          241.94     4.09070e-03 >
271 R_BR3.BPM7L3.y_BR3.DVT12L4 equality     .          246.24    -9.09659e-02 >
272 R_BR3.BPM7L3.y_BR3.DVT13L4 equality     .          249.15    -2.56914e-01 >
273 R_BR3.BPM7L3.y_BR3.DVT2L4 equality     .          249.6      5.96395e-02 >
274 R_BR3.BPM7L3.y_BR3.DVT6L4 equality     .          248.85    -1.53649e-01 >
275 R_BR3.BPM7L3.y_BR3.DVT8L1 equality     .          245.18     6.10854e-02 >
276 R_BR3.BPM7L3.y_BR3.DVT9L1 equality     .          247.54     1.52695e-02 >
277 R_BR3.BPM8L3.y_BR3.DHZ11L4 equality     .          304.27     3.39102e-02 >
278 R_BR3.BPM8L3.y_BR3.DHZ12L4 equality     .          306.73     7.43987e-02 >
279 R_BR3.BPM8L3.y_BR3.DHZ13L4 equality     .          311.23    -1.13792e-02 >
280 R_BR3.BPM8L3.y_BR3.DHZ14L1 equality     .          305.81    -6.59242e-02 >
281 R_BR3.BPM8L3.y_BR3.DHZ8L1 equality     .          306.46     7.43109e-02 >
282 R_BR3.BPM8L3.y_BR3.DHZ9L1 equality     .          305.92     1.43031e-01 >
283 R_BR3.BPM8L3.y_BR3.DVT12L4 equality     .          304.41     2.53808e-02 >
284 R_BR3.BPM8L3.y_BR3.DVT13L4 equality     .          306.97     4.38042e-02 >
285 R_BR3.BPM8L3.y_BR3.DVT2L4 equality     .          303.15    -2.99247e-01 >
286 R_BR3.BPM8L3.y_BR3.DVT6L4 equality     .          299.95    -1.48178e-01 >
287 R_BR3.BPM8L3.y_BR3.DVT8L1 equality     .          307.45     2.93987e-01 >
288 R_BR3.BPM8L3.y_BR3.DVT9L1 equality     .          309.51     4.77793e-01 >
289 R_BR3.BPM9L3.y_BR3.DHZ11L4 equality     .          337.26    -1.92266e-01 >
290 R_BR3.BPM9L3.y_BR3.DHZ12L4 equality     .          338.42    -1.34497e-02 >
291 R_BR3.BPM9L3.y_BR3.DHZ13L4 equality     .          336.49     1.83733e-01 >
292 R_BR3.BPM9L3.y_BR3.DHZ14L1 equality     .          336.12     1.31003e-01 >
293 R_BR3.BPM9L3.y_BR3.DHZ8L1 equality     .          332.47    -1.06948e-01 >
294 R_BR3.BPM9L3.y_BR3.DHZ9L1 equality     .          337.6      9.97105e-03 >
295 R_BR3.BPM9L3.y_BR3.DVT12L4 equality     .          328.6     -1.34659e-01 >
296 R_BR3.BPM9L3.y_BR3.DVT13L4 equality     .          337.33     5.88866e-01 >
297 R_BR3.BPM9L3.y_BR3.DVT2L4 equality     .          334.57    -1.36416e-01 >
298 R_BR3.BPM9L3.y_BR3.DVT6L4 equality     .          331.98    -6.23633e-02 >
299 R_BR3.BPM9L3.y_BR3.DVT8L1 equality     .          333.76    -6.55096e-02 >
300 R_BR3.BPM9L3.y_BR3.DVT9L1 equality     .          335.23     5.06990e-01 >
301 R_BR3.BPM10L3.y_BR3.DHZ11L4 equality     .          362.34     9.04502e-02 >
302 R_BR3.BPM10L3.y_BR3.DHZ12L4 equality     .          366.15    -8.59889e-02 >
303 R_BR3.BPM10L3.y_BR3.DHZ13L4 equality     .          367.87    -1.00254e-01 >
304 R_BR3.BPM10L3.y_BR3.DHZ14L1 equality     .          363.46    -1.40493e-02 >
305 R_BR3.BPM10L3.y_BR3.DHZ8L1 equality     .          362.05    -4.04621e-02 >
306 R_BR3.BPM10L3.y_BR3.DHZ9L1 equality     .          363.87    -1.66820e-01 >
307 R_BR3.BPM10L3.y_BR3.DVT12L4 equality     .          351.58    -1.09479e-01 >
308 R_BR3.BPM10L3.y_BR3.DVT13L4 equality     .          361.06    -2.01648e-01 >
309 R_BR3.BPM10L3.y_BR3.DVT2L4 equality     .          356.01     3.71770e-01 >
310 R_BR3.BPM10L3.y_BR3.DVT6L4 equality     .          356.24     1.94351e-01 >
311 R_BR3.BPM10L3.y_BR3.DVT8L1 equality     .          361.9     -3.79926e-01 >
312 R_BR3.BPM10L3.y_BR3.DVT9L1 equality     .          361.92    -7.06548e-02 >
313 R_BR3.BPM11L3.y_BR3.DHZ11L4 equality     .          314.59     1.94920e-01 >
314 R_BR3.BPM11L3.y_BR3.DHZ12L4 equality     .          317.36     8.78931e-02 >
315 R_BR3.BPM11L3.y_BR3.DHZ13L4 equality     .          318.05    -1.97809e-01 >
316 R_BR3.BPM11L3.y_BR3.DHZ14L1 equality     .          319.71    -1.63848e-01 >
317 R_BR3.BPM11L3.y_BR3.DHZ8L1 equality     .          313.26     1.65466e-01 >
318 R_BR3.BPM11L3.y_BR3.DHZ9L1 equality     .          317.17     2.12437e-02 >
319 R_BR3.BPM11L3.y_BR3.DVT12L4 equality     .          317.98    -2.19692e-02 >
320 R_BR3.BPM11L3.y_BR3.DVT13L4 equality     .          322.72    -3.44205e-01 >
321 R_BR3.BPM11L3.y_BR3.DVT2L4 equality     .          313.92     1.84239e-02 >
322 R_BR3.BPM11L3.y_BR3.DVT6L4 equality     .          318.65    -1.20438e-01 >
323 R_BR3.BPM11L3.y_BR3.DVT8L1 equality     .          315.41     1.32182e-02 >
324 R_BR3.BPM11L3.y_BR3.DVT9L1 equality     .          317.19    -3.59616e-01 >
325 R_BR3.BPM12L3.y_BR3.DHZ11L4 equality     .          227.9      2.86124e-02 >
326 R_BR3.BPM12L3.y_BR3.DHZ12L4 equality     .          231.84     9.13527e-02 >
327 R_BR3.BPM12L3.y_BR3.DHZ13L4 equality     .          231.33     3.50362e-02 >
328 R_BR3.BPM12L3.y_BR3.DHZ14L1 equality     .          231.42    -1.34629e-02 >
329 R_BR3.BPM12L3.y_BR3.DHZ8L1 equality     .          228.05     6.82614e-02 >
330 R_BR3.BPM12L3.y_BR3.DHZ9L1 equality     .          228.66     8.91280e-02 >
331 R_BR3.BPM12L3.y_BR3.DVT12L4 equality     .          232.22    -3.52725e-01 >
332 R_BR3.BPM12L3.y_BR3.DVT13L4 equality     .          234.4      1.26211e-01 >
333 R_BR3.BPM12L3.y_BR3.DVT2L4 equality     .          231.23     2.07887e-02 >
334 R_BR3.BPM12L3.y_BR3.DVT6L4 equality     .          234.4      1.65345e-01 >
335 R_BR3.BPM12L3.y_BR3.DVT8L1 equality     .          233.15     2.35562e-02 >
336 R_BR3.BPM12L3.y_BR3.DVT9L1 equality     .          231.32     7.58405e-03 >
337 R_BR3.BPM13L3.y_BR3.DHZ11L4 equality     .          313.96    -1.08576e-01 >
338 R_BR3.BPM13L3.y_BR3.DHZ12L4 equality     .          314.21    -1.73528e-02 >
339 R_BR3.BPM13L3.y_BR3.DHZ13L4 equality     .          313.76     2.02257e-01 >
340 R_BR3.BPM13L3.y_BR3.DHZ14L1 equality     .          313.87     1.67769e-01 >
341 R_BR3.BPM13L3.y_BR3.DHZ8L1 equality     .          311.3     -1.31504e-01 >
342 R_BR3.BPM13L3.y_BR3.DHZ9L1 equality     .          312.24     3.49516e-03 >
343 R_BR3.BPM13L3.y_BR3.DVT12L4 equality     .          315.58     3.85267e-02 >
344 R_BR3.BPM13L3.y_BR3.DVT13L4 equality     .          316.74     4.32067e-01 >
345 R_BR3.BPM13L3.y_BR3.DVT2L4 equality     .          312.35    -2.37137e-02 >
346 R_BR3.BPM13L3.y_BR3.DVT6L4 equality     .          316.57     6.60257e-02 >
347 R_BR3.BPM13L3.y_BR3.DVT8L1 equality     .          318.3     -9.12021e-02 >
348 R_BR3.BPM13L3.y_BR3.DVT9L1 equality     .          321.29     3.71003e-01 >
349 R_BR3.BPM14L3.y_BR3.DHZ11L4 equality     .          245.56     1.41213e-02 >
350 R_BR3.BPM14L3.y_BR3.DHZ12L4 equality     .          245.54    -7.57817e-02 >
351 R_BR3.BPM14L3.y_BR3.DHZ13L4 equality     .          245.23     1.42996e-02 >
352 R_BR3.BPM14L3.y_BR3.DHZ14L1 equality     .          244.32     6.31784e-03 >
353 R_BR3.BPM14L3.y_BR3.DHZ8L1 equality     .          242.34    -3.43035e-02 >
354 R_BR3.BPM14L3.y_BR3.DHZ9L1 equality     .          246.38    -1.27705e-01 >
355 R_BR3.BPM14L3.y_BR3.DVT12L4 equality     .          240.96     1.49517e-01 >
356 R_BR3.BPM14L3.y_BR3.DVT13L4 equality     .          242.02     4.94899e-01 >
357 R_BR3.BPM14L3.y_BR3.DVT2L4 equality     .          243.11     2.03931e-01 >
358 R_BR3.BPM14L3.y_BR3.DVT6L4 equality     .          243.41     5.35867e-02 >
359 R_BR3.BPM14L3.y_BR3.DVT8L1 equality     .          243.07    -1.85439e-01 >
360 R_BR3.BPM14L3.y_BR3.DVT9L1 equality     .          245.83    -2.02033e-01 >
361 R_BR3.BPM15L3.y_BR3.DHZ11L4 equality     .          333.18     1.25609e-01 >
362 R_BR3.BPM15L3.y_BR3.DHZ12L4 equality     .          337.14     7.06740e-02 >
363 R_BR3.BPM15L3.y_BR3.DHZ13L4 equality     .          333.89    -1.90454e-01 >
364 R_BR3.BPM15L3.y_BR3.DHZ14L1 equality     .          334.99    -1.50097e-01 >
365 R_BR3.BPM15L3.y_BR3.DHZ8L1 equality     .          329.99     1.67360e-01 >
366 R_BR3.BPM15L3.y_BR3.DHZ9L1 equality     .          336.13     4.75199e-02 >
367 R_BR3.BPM15L3.y_BR3.DVT12L4 equality     .          333.12    -2.26245e-01 >
368 R_BR3.BPM15L3.y_BR3.DVT13L4 equality     .          332.85    -4.40836e-01 >
369 R_BR3.BPM15L3.y_BR3.DVT2L4 equality     .          338.13    -4.93370e-04 >
370 R_BR3.BPM15L3.y_BR3.DVT6L4 equality     .          336.49     3.02004e-02 >
371 R_BR3.BPM15L3.y_BR3.DVT8L1 equality     .          338.36     1.77683e-01 >
372 R_BR3.BPM15L3.y_BR3.DVT9L1 equality     .          338.75    -4.49704e-01 >
373 R_BR3.BPM16L3.y_BR3.DHZ11L4 equality     .          368.2      4.13934e-02 >
374 R_BR3.BPM16L3.y_BR3.DHZ12L4 equality     .          370.49     7.65055e-02 >
375 R_BR3.BPM16L3.y_BR3.DHZ13L4 equality     .          369.72    -7.87584e-03 >
376 R_BR3.BPM16L3.y_BR3.DHZ14L1 equality     .          366.39    -6.81912e-03 >
377 R_BR3.BPM16L3.y_BR3.DHZ8L1 equality     .          366.65     7.47735e-02 >
378 R_BR3.BPM16L3.y_BR3.DHZ9L1 equality     .          369.32     1.23550e-01 >
379 R_BR3.BPM16L3.y_BR3.DVT12L4 equality     .          365.9      2.42600e-03 >
380 R_BR3.BPM16L3.y_BR3.DVT13L4 equality     .          367.05    -3.78803e-01 >
381 R_BR3.BPM16L3.y_BR3.DVT2L4 equality     .          365.04    -2.65335e-01 >
382 R_BR3.BPM16L3.y_BR3.DVT6L4 equality     .          365.3     -1.67030e-01 >
383 R_BR3.BPM16L3.y_BR3.DVT8L1 equality     .          366.12     9.73566e-02 >
384 R_BR3.BPM16L3.y_BR3.DVT9L1 equality     .          368.53     3.39948e-01 >

 Variables                  Curr. Value  Curr. Step   Lower Limit  Upper Limit
--------------------------------------------------------------------------------
 1 BR.QFOCELL1.dk1l         0.00000e+00  0.00000e+00   .            .         
 2 BR.QDE1.dk1l             0.00000e+00  0.00000e+00   .            .         
 3 BR.QFOCELL2.dk1l         0.00000e+00  0.00000e+00   .            .         
 4 BR.QDE2.dk1l             0.00000e+00  0.00000e+00   .            .         
 5 BR.QFOCELL3.dk1l         0.00000e+00  0.00000e+00   .            .         
 6 BR.QDE3.dk1l             0.00000e+00  0.00000e+00   .            .         
 7 BR.QFOCELL4.dk1l         0.00000e+00  0.00000e+00   .            .         
 8 BR.QDE4.dk1l             0.00000e+00  0.00000e+00   .            .         
 9 BR.QFOCELL5.dk1l         0.00000e+00  0.00000e+00   .            .         
10 BR.QDE5.dk1l             0.00000e+00  0.00000e+00   .            .         
11 BR.QFOCELL6.dk1l         0.00000e+00  0.00000e+00   .            .         
12 BR.QDE6.dk1l             0.00000e+00  0.00000e+00   .            .         
13 BR.QFOCELL7.dk1l         0.00000e+00  0.00000e+00   .            .         
14 BR.QDE7.dk1l             0.00000e+00  0.00000e+00   .            .         
15 BR.QFOCELL8.dk1l         0.00000e+00  0.00000e+00   .            .         
16 BR.QDE8.dk1l             0.00000e+00  0.00000e+00   .            .         
17 BR.QFOCELL9.dk1l         0.00000e+00  0.00000e+00   .            .         
18 BR.QDE9.dk1l             0.00000e+00  0.00000e+00   .            .         
19 BR.QFOCELL10.dk1l        0.00000e+00  0.00000e+00   .            .         
20 BR.QDE10.dk1l            0.00000e+00  0.00000e+00   .            .         
21 BR.QFOCELL11.dk1l        0.00000e+00  0.00000e+00   .            .         
22 BR.QDE11.dk1l            0.00000e+00  0.00000e+00   .            .         
23 BR.QFOCELL12.dk1l        0.00000e+00  0.00000e+00   .            .         
24 BR.QDE12.dk1l            0.00000e+00  0.00000e+00   .            .         
25 BR.QFOCELL13.dk1l        0.00000e+00  0.00000e+00   .            .         
26 BR.QDE13.dk1l            0.00000e+00  0.00000e+00   .            .         
27 BR.QFOCELL14.dk1l        0.00000e+00  0.00000e+00   .            .         
28 BR.QDE14.dk1l            0.00000e+00  0.00000e+00   .            .         
29 BR.QFOCELL15.dk1l        0.00000e+00  0.00000e+00   .            .         
30 BR.QDE15.dk1l            0.00000e+00  0.00000e+00   .            .         
31 BR.QFOCELL16.dk1l        0.00000e+00  0.00000e+00   .            .         
32 BR.QDE16.dk1l            0.00000e+00  0.00000e+00   .            .         

ncall=1 [0.1s], fval=4.13964e-01, fstp=-inf, ccnt=384.


 Constraints                Type        Kind        Weight     Expr. Value
------------------------------------------------------------------------------
 1 R_BR3.BPM1L3.x_BR3.DHZ11L4 equality     .          252.48     5.69251e-01 >
 2 R_BR3.BPM1L3.x_BR3.DHZ12L4 equality     .          260.42     3.70698e-01 >
 3 R_BR3.BPM1L3.x_BR3.DHZ13L4 equality     .          256.05     7.13102e-01 >
 4 R_BR3.BPM1L3.x_BR3.DHZ14L1 equality     .          258.32     3.31204e-01 >
 5 R_BR3.BPM1L3.x_BR3.DHZ8L1 equality     .          251.74    -1.18758e-01 >
 6 R_BR3.BPM1L3.x_BR3.DHZ9L1 equality     .          252.65    -1.97382e-01 >
 7 R_BR3.BPM1L3.x_BR3.DVT12L4 equality     .          251.78     5.61030e-02 >
 8 R_BR3.BPM1L3.x_BR3.DVT13L4 equality     .          258.72     1.87993e-01 >
 9 R_BR3.BPM1L3.x_BR3.DVT2L4 equality     .          257.05    -2.01757e-02 >
10 R_BR3.BPM1L3.x_BR3.DVT6L4 equality     .          253.7     -5.09771e-02 >
11 R_BR3.BPM1L3.x_BR3.DVT8L1 equality     .          253.42     1.24198e-01 >
12 R_BR3.BPM1L3.x_BR3.DVT9L1 equality     .          257.59     1.85748e-01 >
13 R_BR3.BPM2L3.x_BR3.DHZ11L4 equality     .          157.62     2.74749e-01 >
14 R_BR3.BPM2L3.x_BR3.DHZ12L4 equality     .          157.89     7.32749e-01 >
15 R_BR3.BPM2L3.x_BR3.DHZ13L4 equality     .          158.03     1.06573e+00 >
16 R_BR3.BPM2L3.x_BR3.DHZ14L1 equality     .          158.62     1.19494e+00 >
17 R_BR3.BPM2L3.x_BR3.DHZ8L1 equality     .          156.4      8.93848e-02 >
18 R_BR3.BPM2L3.x_BR3.DHZ9L1 equality     .          157.36    -1.68636e-01 >
19 R_BR3.BPM2L3.x_BR3.DVT12L4 equality     .          156.11    -1.84100e-02 >
20 R_BR3.BPM2L3.x_BR3.DVT13L4 equality     .          155.52     7.45919e-02 >
21 R_BR3.BPM2L3.x_BR3.DVT2L4 equality     .          154.03     1.04905e-01 >
22 R_BR3.BPM2L3.x_BR3.DVT6L4 equality     .          157.2      6.53940e-02 >
23 R_BR3.BPM2L3.x_BR3.DVT8L1 equality     .          156.4      1.85090e-01 >
24 R_BR3.BPM2L3.x_BR3.DVT9L1 equality     .          155.82     3.97633e-02 >
25 R_BR3.BPM3L3.x_BR3.DHZ11L4 equality     .          306.38     6.88097e-01 >
26 R_BR3.BPM3L3.x_BR3.DHZ12L4 equality     .          309.92     1.67590e-01 >
27 R_BR3.BPM3L3.x_BR3.DHZ13L4 equality     .          307.15     1.00201e-01 >
28 R_BR3.BPM3L3.x_BR3.DHZ14L1 equality     .          305.61     6.21266e-02 >
29 R_BR3.BPM3L3.x_BR3.DHZ8L1 equality     .          303.8      1.09164e+00 >
30 R_BR3.BPM3L3.x_BR3.DHZ9L1 equality     .          305.13    -6.12478e-01 >
31 R_BR3.BPM3L3.x_BR3.DVT12L4 equality     .          308.36    -4.10926e-02 >
32 R_BR3.BPM3L3.x_BR3.DVT13L4 equality     .          309.21    -2.30136e-01 >
33 R_BR3.BPM3L3.x_BR3.DVT2L4 equality     .          309.43     1.54211e-01 >
34 R_BR3.BPM3L3.x_BR3.DVT6L4 equality     .          313.2      1.40416e-01 >
35 R_BR3.BPM3L3.x_BR3.DVT8L1 equality     .          311.18     3.28862e-01 >
36 R_BR3.BPM3L3.x_BR3.DVT9L1 equality     .          307.84     4.59791e-03 >
37 R_BR3.BPM4L3.x_BR3.DHZ11L4 equality     .          198.02     3.92525e-01 >
38 R_BR3.BPM4L3.x_BR3.DHZ12L4 equality     .          203.28     7.81344e-02 >
39 R_BR3.BPM4L3.x_BR3.DHZ13L4 equality     .          201.28     4.29739e-01 >
40 R_BR3.BPM4L3.x_BR3.DHZ14L1 equality     .          204.36    -3.22279e-01 >
41 R_BR3.BPM4L3.x_BR3.DHZ8L1 equality     .          198.49     3.67460e-01 >
42 R_BR3.BPM4L3.x_BR3.DHZ9L1 equality     .          201.82    -3.55935e-01 >
43 R_BR3.BPM4L3.x_BR3.DVT12L4 equality     .          195.66    -2.04071e-02 >
44 R_BR3.BPM4L3.x_BR3.DVT13L4 equality     .          199.18    -1.25969e-01 >
45 R_BR3.BPM4L3.x_BR3.DVT2L4 equality     .          199.43    -4.12896e-02 >
46 R_BR3.BPM4L3.x_BR3.DVT6L4 equality     .          196.72     2.52940e-02 >
47 R_BR3.BPM4L3.x_BR3.DVT8L1 equality     .          199.21     3.05816e-01 >
48 R_BR3.BPM4L3.x_BR3.DVT9L1 equality     .          198.45     8.71884e-02 >
49 R_BR3.BPM5L3.x_BR3.DHZ11L4 equality     .          324.79     6.57076e-01 >
50 R_BR3.BPM5L3.x_BR3.DHZ12L4 equality     .          337.32     3.66340e-01 >
51 R_BR3.BPM5L3.x_BR3.DHZ13L4 equality     .          331.08     7.58253e-01 >
52 R_BR3.BPM5L3.x_BR3.DHZ14L1 equality     .          329.86     5.44624e-01 >
53 R_BR3.BPM5L3.x_BR3.DHZ8L1 equality     .          326.2     -8.40941e-02 >
54 R_BR3.BPM5L3.x_BR3.DHZ9L1 equality     .          330.74    -2.36652e-01 >
55 R_BR3.BPM5L3.x_BR3.DVT12L4 equality     .          325.59     8.12393e-03 >
56 R_BR3.BPM5L3.x_BR3.DVT13L4 equality     .          331.84     1.69000e-01 >
57 R_BR3.BPM5L3.x_BR3.DVT2L4 equality     .          334.36    -9.37509e-02 >
58 R_BR3.BPM5L3.x_BR3.DVT6L4 equality     .          327.83    -3.99444e-02 >
59 R_BR3.BPM5L3.x_BR3.DVT8L1 equality     .          333.8      1.16000e-01 >
60 R_BR3.BPM5L3.x_BR3.DVT9L1 equality     .          330.19     1.47383e-01 >
61 R_BR3.BPM6L3.x_BR3.DHZ11L4 equality     .          199.47     4.65057e-01 >
62 R_BR3.BPM6L3.x_BR3.DHZ12L4 equality     .          200.7      7.67262e-01 >
63 R_BR3.BPM6L3.x_BR3.DHZ13L4 equality     .          204.48     8.82304e-01 >
64 R_BR3.BPM6L3.x_BR3.DHZ14L1 equality     .          198.32     1.04394e+00 >
65 R_BR3.BPM6L3.x_BR3.DHZ8L1 equality     .          195.69     4.42246e-01 >
66 R_BR3.BPM6L3.x_BR3.DHZ9L1 equality     .          197.62    -2.03525e-01 >
67 R_BR3.BPM6L3.x_BR3.DVT12L4 equality     .          200.77    -5.87852e-02 >
68 R_BR3.BPM6L3.x_BR3.DVT13L4 equality     .          202.21     2.41195e-02 >
69 R_BR3.BPM6L3.x_BR3.DVT2L4 equality     .          200.88     1.13035e-01 >
70 R_BR3.BPM6L3.x_BR3.DVT6L4 equality     .          202.2      1.25639e-01 >
71 R_BR3.BPM6L3.x_BR3.DVT8L1 equality     .          199.68     2.09132e-01 >
72 R_BR3.BPM6L3.x_BR3.DVT9L1 equality     .          199.01     9.15235e-03 >
73 R_BR3.BPM7L3.x_BR3.DHZ11L4 equality     .          223.23     1.94762e-01 >
74 R_BR3.BPM7L3.x_BR3.DHZ12L4 equality     .          227.83     3.34593e-01 >
75 R_BR3.BPM7L3.x_BR3.DHZ13L4 equality     .          223.5      5.98789e-01 >
76 R_BR3.BPM7L3.x_BR3.DHZ14L1 equality     .          225.13     2.89060e-01 >
77 R_BR3.BPM7L3.x_BR3.DHZ8L1 equality     .          221.05     7.04202e-01 >
78 R_BR3.BPM7L3.x_BR3.DHZ9L1 equality     .          222.81    -3.76725e-01 >
79 R_BR3.BPM7L3.x_BR3.DVT12L4 equality     .          223.25    -5.68010e-02 >
80 R_BR3.BPM7L3.x_BR3.DVT13L4 equality     .          224.06    -2.32340e-01 >
81 R_BR3.BPM7L3.x_BR3.DVT2L4 equality     .          223.73     1.05832e-01 >
82 R_BR3.BPM7L3.x_BR3.DVT6L4 equality     .          226.92     2.41688e-01 >
83 R_BR3.BPM7L3.x_BR3.DVT8L1 equality     .          219.71     3.66495e-01 >
84 R_BR3.BPM7L3.x_BR3.DVT9L1 equality     .          227.4      1.71170e-02 >
85 R_BR3.BPM8L3.x_BR3.DHZ11L4 equality     .          331.84     1.45072e-01 >
86 R_BR3.BPM8L3.x_BR3.DHZ12L4 equality     .          343.02     1.53035e-01 >
87 R_BR3.BPM8L3.x_BR3.DHZ13L4 equality     .          339.67     7.48271e-01 >
88 R_BR3.BPM8L3.x_BR3.DHZ14L1 equality     .          338.78    -2.00694e-02 >
89 R_BR3.BPM8L3.x_BR3.DHZ8L1 equality     .          329.23     4.58683e-01 >
90 R_BR3.BPM8L3.x_BR3.DHZ9L1 equality     .          336.85    -2.01891e-01 >
91 R_BR3.BPM8L3.x_BR3.DVT12L4 equality     .          332.26    -3.75651e-03 >
92 R_BR3.BPM8L3.x_BR3.DVT13L4 equality     .          335.48    -1.02604e-01 >
93 R_BR3.BPM8L3.x_BR3.DVT2L4 equality     .          332.57    -1.49416e-02 >
94 R_BR3.BPM8L3.x_BR3.DVT6L4 equality     .          326.42     4.81660e-02 >
95 R_BR3.BPM8L3.x_BR3.DVT8L1 equality     .          334.17     3.70084e-01 >
96 R_BR3.BPM8L3.x_BR3.DVT9L1 equality     .          334.19     1.23179e-01 >
97 R_BR3.BPM9L3.x_BR3.DHZ11L4 equality     .          297.89     5.49202e-01 >
98 R_BR3.BPM9L3.x_BR3.DHZ12L4 equality     .          290.36     9.87591e-02 >
99 R_BR3.BPM9L3.x_BR3.DHZ13L4 equality     .          300.89     8.16793e-01 >
100 R_BR3.BPM9L3.x_BR3.DHZ14L1 equality     .          300.3      8.48026e-01 >
101 R_BR3.BPM9L3.x_BR3.DHZ8L1 equality     .          275.12     5.34145e-02 >
102 R_BR3.BPM9L3.x_BR3.DHZ9L1 equality     .          299.62    -7.86195e-02 >
103 R_BR3.BPM9L3.x_BR3.DVT12L4 equality     .          269.07    -5.44423e-02 >
104 R_BR3.BPM9L3.x_BR3.DVT13L4 equality     .          276.44     1.62401e-01 >
105 R_BR3.BPM9L3.x_BR3.DVT2L4 equality     .          271.33    -6.12944e-02 >
106 R_BR3.BPM9L3.x_BR3.DVT6L4 equality     .          272.15    -9.29571e-02 >
107 R_BR3.BPM9L3.x_BR3.DVT8L1 equality     .          281.79     2.12539e-01 >
108 R_BR3.BPM9L3.x_BR3.DVT9L1 equality     .          280.47     2.28425e-01 >
109 R_BR3.BPM10L3.x_BR3.DHZ11L4 equality     .          318.21     7.34877e-01 >
110 R_BR3.BPM10L3.x_BR3.DHZ12L4 equality     .          328.28     6.86762e-01 >
111 R_BR3.BPM10L3.x_BR3.DHZ13L4 equality     .          325.38     5.06584e-01 >
112 R_BR3.BPM10L3.x_BR3.DHZ14L1 equality     .          328.01     7.17958e-01 >
113 R_BR3.BPM10L3.x_BR3.DHZ8L1 equality     .          322.19    -5.43386e-02 >
114 R_BR3.BPM10L3.x_BR3.DHZ9L1 equality     .          321.78     7.19008e-02 >
115 R_BR3.BPM10L3.x_BR3.DVT12L4 equality     .          314.56    -2.57209e-02 >
116 R_BR3.BPM10L3.x_BR3.DVT13L4 equality     .          323.59    -2.13874e-02 >
117 R_BR3.BPM10L3.x_BR3.DVT2L4 equality     .          324.95     6.16918e-02 >
118 R_BR3.BPM10L3.x_BR3.DVT6L4 equality     .          323.52     1.27509e-01 >
119 R_BR3.BPM10L3.x_BR3.DVT8L1 equality     .          325.33     9.40028e-02 >
120 R_BR3.BPM10L3.x_BR3.DVT9L1 equality     .          318.99     3.58800e-02 >
121 R_BR3.BPM11L3.x_BR3.DHZ11L4 equality     .          318.91    -1.18184e-01 >
122 R_BR3.BPM11L3.x_BR3.DHZ12L4 equality     .          325.59     5.49685e-01 >
123 R_BR3.BPM11L3.x_BR3.DHZ13L4 equality     .          322.64     8.42524e-01 >
124 R_BR3.BPM11L3.x_BR3.DHZ14L1 equality     .          325.75     1.80156e-01 >
125 R_BR3.BPM11L3.x_BR3.DHZ8L1 equality     .          315.33     2.25715e-01 >
126 R_BR3.BPM11L3.x_BR3.DHZ9L1 equality     .          318.05    -2.83222e-01 >
127 R_BR3.BPM11L3.x_BR3.DVT12L4 equality     .          321.26    -2.63291e-03 >
128 R_BR3.BPM11L3.x_BR3.DVT13L4 equality     .          323.22    -2.19177e-01 >
129 R_BR3.BPM11L3.x_BR3.DVT2L4 equality     .          323.98     8.43517e-02 >
130 R_BR3.BPM11L3.x_BR3.DVT6L4 equality     .          321.05     1.89196e-01 >
131 R_BR3.BPM11L3.x_BR3.DVT8L1 equality     .          323.79     3.56012e-01 >
132 R_BR3.BPM11L3.x_BR3.DVT9L1 equality     .          323.73    -5.54397e-02 >
133 R_BR3.BPM12L3.x_BR3.DHZ11L4 equality     .          232.5      3.40279e-01 >
134 R_BR3.BPM12L3.x_BR3.DHZ12L4 equality     .          234.92     4.20310e-01 >
135 R_BR3.BPM12L3.x_BR3.DHZ13L4 equality     .          234.62     9.78585e-01 >
136 R_BR3.BPM12L3.x_BR3.DHZ14L1 equality     .          237.48     1.17932e-01 >
137 R_BR3.BPM12L3.x_BR3.DHZ8L1 equality     .          231.14     6.42497e-01 >
138 R_BR3.BPM12L3.x_BR3.DHZ9L1 equality     .          236.23    -3.34141e-01 >
139 R_BR3.BPM12L3.x_BR3.DVT12L4 equality     .          231.44    -2.45576e-02 >
140 R_BR3.BPM12L3.x_BR3.DVT13L4 equality     .          235.61    -6.72333e-02 >
141 R_BR3.BPM12L3.x_BR3.DVT2L4 equality     .          235.35    -2.95098e-02 >
142 R_BR3.BPM12L3.x_BR3.DVT6L4 equality     .          233.52     1.83525e-02 >
143 R_BR3.BPM12L3.x_BR3.DVT8L1 equality     .          234.71     3.35490e-01 >
144 R_BR3.BPM12L3.x_BR3.DVT9L1 equality     .          238.07     1.15610e-01 >
145 R_BR3.BPM13L3.x_BR3.DHZ11L4 equality     .          288.46     9.24799e-01 >
146 R_BR3.BPM13L3.x_BR3.DHZ12L4 equality     .          297.24     4.42751e-01 >
147 R_BR3.BPM13L3.x_BR3.DHZ13L4 equality     .          295.89     6.10606e-01 >
148 R_BR3.BPM13L3.x_BR3.DHZ14L1 equality     .          295.8      6.38974e-01 >
149 R_BR3.BPM13L3.x_BR3.DHZ8L1 equality     .          286.85     3.09311e-01 >
150 R_BR3.BPM13L3.x_BR3.DHZ9L1 equality     .          295.94    -1.52557e-01 >
151 R_BR3.BPM13L3.x_BR3.DVT12L4 equality     .          285.58     7.34514e-02 >
152 R_BR3.BPM13L3.x_BR3.DVT13L4 equality     .          288.7      1.66087e-01 >
153 R_BR3.BPM13L3.x_BR3.DVT2L4 equality     .          293.09    -4.93241e-02 >
154 R_BR3.BPM13L3.x_BR3.DVT6L4 equality     .          292.59    -8.36479e-02 >
155 R_BR3.BPM13L3.x_BR3.DVT8L1 equality     .          292.51     1.22388e-01 >
156 R_BR3.BPM13L3.x_BR3.DVT9L1 equality     .          290.36     2.18304e-01 >
157 R_BR3.BPM14L3.x_BR3.DHZ11L4 equality     .          212.24     8.66093e-01 >
158 R_BR3.BPM14L3.x_BR3.DHZ12L4 equality     .          213.11     3.23270e-01 >
159 R_BR3.BPM14L3.x_BR3.DHZ13L4 equality     .          215        6.40081e-01 >
160 R_BR3.BPM14L3.x_BR3.DHZ14L1 equality     .          215.57     9.85621e-01 >
161 R_BR3.BPM14L3.x_BR3.DHZ8L1 equality     .          208.87     4.08773e-01 >
162 R_BR3.BPM14L3.x_BR3.DHZ9L1 equality     .          215.99    -6.01302e-01 >
163 R_BR3.BPM14L3.x_BR3.DVT12L4 equality     .          212.81    -1.13422e-01 >
164 R_BR3.BPM14L3.x_BR3.DVT13L4 equality     .          214.9      1.30407e-01 >
165 R_BR3.BPM14L3.x_BR3.DVT2L4 equality     .          214.23     1.03284e-01 >
166 R_BR3.BPM14L3.x_BR3.DVT6L4 equality     .          214.62     1.24568e-01 >
167 R_BR3.BPM14L3.x_BR3.DVT8L1 equality     .          214.2      1.27607e-01 >
168 R_BR3.BPM14L3.x_BR3.DVT9L1 equality     .          214.58     3.15402e-02 >
169 R_BR3.BPM15L3.x_BR3.DHZ11L4 equality     .          318.02     2.63576e-01 >
170 R_BR3.BPM15L3.x_BR3.DHZ12L4 equality     .          322.62     6.08261e-01 >
171 R_BR3.BPM15L3.x_BR3.DHZ13L4 equality     .          318.77     6.95847e-01 >
172 R_BR3.BPM15L3.x_BR3.DHZ14L1 equality     .          318.38     5.36063e-01 >
173 R_BR3.BPM15L3.x_BR3.DHZ8L1 equality     .          310.39     7.75374e-01 >
174 R_BR3.BPM15L3.x_BR3.DHZ9L1 equality     .          316.93    -2.48516e-01 >
175 R_BR3.BPM15L3.x_BR3.DVT12L4 equality     .          319.68    -8.74781e-02 >
176 R_BR3.BPM15L3.x_BR3.DVT13L4 equality     .          316.76    -2.65872e-01 >
177 R_BR3.BPM15L3.x_BR3.DVT2L4 equality     .          319.5      2.35342e-02 >
178 R_BR3.BPM15L3.x_BR3.DVT6L4 equality     .          317.69     1.14271e-01 >
179 R_BR3.BPM15L3.x_BR3.DVT8L1 equality     .          319.48     3.41898e-01 >
180 R_BR3.BPM15L3.x_BR3.DVT9L1 equality     .          320.4     -3.90393e-02 >
181 R_BR3.BPM16L3.x_BR3.DHZ11L4 equality     .          338.99     2.87980e-01 >
182 R_BR3.BPM16L3.x_BR3.DHZ12L4 equality     .          342.87     4.35745e-01 >
183 R_BR3.BPM16L3.x_BR3.DHZ13L4 equality     .          335.7      3.96198e-01 >
184 R_BR3.BPM16L3.x_BR3.DHZ14L1 equality     .          338.12    -4.00482e-01 >
185 R_BR3.BPM16L3.x_BR3.DHZ8L1 equality     .          333.59     4.95916e-01 >
186 R_BR3.BPM16L3.x_BR3.DHZ9L1 equality     .          341.37    -5.09017e-03 >
187 R_BR3.BPM16L3.x_BR3.DVT12L4 equality     .          329.08     2.43195e-02 >
188 R_BR3.BPM16L3.x_BR3.DVT13L4 equality     .          332.21    -1.96948e-01 >
189 R_BR3.BPM16L3.x_BR3.DVT2L4 equality     .          328.75    -6.27377e-02 >
190 R_BR3.BPM16L3.x_BR3.DVT6L4 equality     .          328.86    -1.21646e-02 >
191 R_BR3.BPM16L3.x_BR3.DVT8L1 equality     .          334.48     3.10418e-01 >
192 R_BR3.BPM16L3.x_BR3.DVT9L1 equality     .          334.14     1.24276e-01 >
193 R_BR3.BPM1L3.y_BR3.DHZ11L4 equality     .          256.25    -1.46475e-01 >
194 R_BR3.BPM1L3.y_BR3.DHZ12L4 equality     .          262.82    -8.38453e-03 >
195 R_BR3.BPM1L3.y_BR3.DHZ13L4 equality     .          262.88     1.63405e-01 >
196 R_BR3.BPM1L3.y_BR3.DHZ14L1 equality     .          261.24     7.44847e-02 >
197 R_BR3.BPM1L3.y_BR3.DHZ8L1 equality     .          258.42    -1.63762e-01 >
198 R_BR3.BPM1L3.y_BR3.DHZ9L1 equality     .          259.81     3.84223e-02 >
199 R_BR3.BPM1L3.y_BR3.DVT12L4 equality     .          253.55    -9.32264e-02 >
200 R_BR3.BPM1L3.y_BR3.DVT13L4 equality     .          256.41    -1.37775e-01 >
201 R_BR3.BPM1L3.y_BR3.DVT2L4 equality     .          255.28     2.24104e-02 >
202 R_BR3.BPM1L3.y_BR3.DVT6L4 equality     .          258.8      3.17842e-02 >
203 R_BR3.BPM1L3.y_BR3.DVT8L1 equality     .          253.9      1.18686e-01 >
204 R_BR3.BPM1L3.y_BR3.DVT9L1 equality     .          262.54    -1.08143e-01 >
205 R_BR3.BPM2L3.y_BR3.DHZ11L4 equality     .          193.77     2.23886e-02 >
206 R_BR3.BPM2L3.y_BR3.DHZ12L4 equality     .          195.51    -1.00606e-01 >
207 R_BR3.BPM2L3.y_BR3.DHZ13L4 equality     .          194.69    -5.27083e-02 >
208 R_BR3.BPM2L3.y_BR3.DHZ14L1 equality     .          194.89    -2.37262e-02 >
209 R_BR3.BPM2L3.y_BR3.DHZ8L1 equality     .          193.7     -3.56391e-02 >
210 R_BR3.BPM2L3.y_BR3.DHZ9L1 equality     .          194       -1.29744e-01 >
211 R_BR3.BPM2L3.y_BR3.DVT12L4 equality     .          193.39     5.80253e-02 >
212 R_BR3.BPM2L3.y_BR3.DVT13L4 equality     .          199.37     2.52452e-01 >
213 R_BR3.BPM2L3.y_BR3.DVT2L4 equality     .          193.95     7.36445e-02 >
214 R_BR3.BPM2L3.y_BR3.DVT6L4 equality     .          194.29     9.94170e-02 >
215 R_BR3.BPM2L3.y_BR3.DVT8L1 equality     .          197.45     1.95329e-02 >
216 R_BR3.BPM2L3.y_BR3.DVT9L1 equality     .          201.64    -3.35910e-01 >
217 R_BR3.BPM3L3.y_BR3.DHZ11L4 equality     .          309.08     1.67879e-01 >
218 R_BR3.BPM3L3.y_BR3.DHZ12L4 equality     .          311.71     1.93736e-02 >
219 R_BR3.BPM3L3.y_BR3.DHZ13L4 equality     .          313.44    -1.99893e-01 >
220 R_BR3.BPM3L3.y_BR3.DHZ14L1 equality     .          310.99    -1.54084e-01 >
221 R_BR3.BPM3L3.y_BR3.DHZ8L1 equality     .          306.46     1.94924e-01 >
222 R_BR3.BPM3L3.y_BR3.DHZ9L1 equality     .          307.02    -4.07151e-03 >
223 R_BR3.BPM3L3.y_BR3.DVT12L4 equality     .          302.21    -2.90723e-02 >
224 R_BR3.BPM3L3.y_BR3.DVT13L4 equality     .          306.62    -9.42715e-02 >
225 R_BR3.BPM3L3.y_BR3.DVT2L4 equality     .          305.61     2.28898e-01 >
226 R_BR3.BPM3L3.y_BR3.DVT6L4 equality     .          305.13    -6.62106e-02 >
227 R_BR3.BPM3L3.y_BR3.DVT8L1 equality     .          303.25     2.49437e-02 >
228 R_BR3.BPM3L3.y_BR3.DVT9L1 equality     .          307.19     8.41374e-02 >
229 R_BR3.BPM4L3.y_BR3.DHZ11L4 equality     .          207.99    -6.50239e-02 >
230 R_BR3.BPM4L3.y_BR3.DHZ12L4 equality     .          211.05     5.30139e-02 >
231 R_BR3.BPM4L3.y_BR3.DHZ13L4 equality     .          211.6      4.16982e-02 >
232 R_BR3.BPM4L3.y_BR3.DHZ14L1 equality     .          210.73     1.80139e-02 >
233 R_BR3.BPM4L3.y_BR3.DHZ8L1 equality     .          210.5     -7.94376e-03 >
234 R_BR3.BPM4L3.y_BR3.DHZ9L1 equality     .          210.07     1.31961e-01 >
235 R_BR3.BPM4L3.y_BR3.DVT12L4 equality     .          209.22    -7.71436e-01 >
236 R_BR3.BPM4L3.y_BR3.DVT13L4 equality     .          209.46    -1.06616e-02 >
237 R_BR3.BPM4L3.y_BR3.DVT2L4 equality     .          210.76     4.92059e-01 >
238 R_BR3.BPM4L3.y_BR3.DVT6L4 equality     .          210.02     5.82775e-01 >
239 R_BR3.BPM4L3.y_BR3.DVT8L1 equality     .          206.75    -1.95307e-01 >
240 R_BR3.BPM4L3.y_BR3.DVT9L1 equality     .          208.22    -1.05171e-01 >
241 R_BR3.BPM5L3.y_BR3.DHZ11L4 equality     .          301.26    -1.67767e-01 >
242 R_BR3.BPM5L3.y_BR3.DHZ12L4 equality     .          303.11    -3.04764e-02 >
243 R_BR3.BPM5L3.y_BR3.DHZ13L4 equality     .          299.49     1.98136e-01 >
244 R_BR3.BPM5L3.y_BR3.DHZ14L1 equality     .          301.21     1.38309e-01 >
245 R_BR3.BPM5L3.y_BR3.DHZ8L1 equality     .          301.52    -1.82875e-01 >
246 R_BR3.BPM5L3.y_BR3.DHZ9L1 equality     .          302.17     3.91751e-02 >
247 R_BR3.BPM5L3.y_BR3.DVT12L4 equality     .          300       -1.67619e-02 >
248 R_BR3.BPM5L3.y_BR3.DVT13L4 equality     .          293.79     1.49056e-01 >
249 R_BR3.BPM5L3.y_BR3.DVT2L4 equality     .          295.21    -1.78718e-01 >
250 R_BR3.BPM5L3.y_BR3.DVT6L4 equality     .          296.66     1.18653e-01 >
251 R_BR3.BPM5L3.y_BR3.DVT8L1 equality     .          296.81    -3.59259e-02 >
252 R_BR3.BPM5L3.y_BR3.DVT9L1 equality     .          302.94    -1.77272e-01 >
253 R_BR3.BPM6L3.y_BR3.DHZ11L4 equality     .          201.95     5.14909e-02 >
254 R_BR3.BPM6L3.y_BR3.DHZ12L4 equality     .          201.03    -8.97694e-02 >
255 R_BR3.BPM6L3.y_BR3.DHZ13L4 equality     .          202.5     -9.25715e-02 >
256 R_BR3.BPM6L3.y_BR3.DHZ14L1 equality     .          200.64    -9.99269e-02 >
257 R_BR3.BPM6L3.y_BR3.DHZ8L1 equality     .          201.33     5.85874e-02 >
258 R_BR3.BPM6L3.y_BR3.DHZ9L1 equality     .          199.71    -1.12528e-01 >
259 R_BR3.BPM6L3.y_BR3.DVT12L4 equality     .          196.41     7.00852e-01 >
260 R_BR3.BPM6L3.y_BR3.DVT13L4 equality     .          199.93    -1.07749e-02 >
261 R_BR3.BPM6L3.y_BR3.DVT2L4 equality     .          198.6     -3.43447e-01 >
262 R_BR3.BPM6L3.y_BR3.DVT6L4 equality     .          198.12    -5.25046e-01 >
263 R_BR3.BPM6L3.y_BR3.DVT8L1 equality     .          200.55     2.77243e-01 >
264 R_BR3.BPM6L3.y_BR3.DVT9L1 equality     .          198.53     8.16349e-02 >
265 R_BR3.BPM7L3.y_BR3.DHZ11L4 equality     .          246.76     1.76261e-01 >
266 R_BR3.BPM7L3.y_BR3.DHZ12L4 equality     .          247.85     8.00445e-03 >
267 R_BR3.BPM7L3.y_BR3.DHZ13L4 equality     .          244       -2.24561e-01 >
268 R_BR3.BPM7L3.y_BR3.DHZ14L1 equality     .          246.12    -1.70096e-01 >
269 R_BR3.BPM7L3.y_BR3.DHZ8L1 equality     .          243.28     2.01406e-01 >
270 R_BR3.BPM7L3.y_BR3.DHZ9L1 equality     .          241.94     4.00871e-03 >
271 R_BR3.BPM7L3.y_BR3.DVT12L4 equality     .          246.24    -1.67065e-01 >
272 R_BR3.BPM7L3.y_BR3.DVT13L4 equality     .          249.15     1.49802e-01 >
273 R_BR3.BPM7L3.y_BR3.DVT2L4 equality     .          249.6      1.12198e-01 >
274 R_BR3.BPM7L3.y_BR3.DVT6L4 equality     .          248.85    -5.23071e-02 >
275 R_BR3.BPM7L3.y_BR3.DVT8L1 equality     .          245.18    -1.74432e-01 >
276 R_BR3.BPM7L3.y_BR3.DVT9L1 equality     .          247.54     2.05730e-01 >
277 R_BR3.BPM8L3.y_BR3.DHZ11L4 equality     .          304.27     3.39984e-02 >
278 R_BR3.BPM8L3.y_BR3.DHZ12L4 equality     .          306.73     7.44526e-02 >
279 R_BR3.BPM8L3.y_BR3.DHZ13L4 equality     .          311.23    -1.14596e-02 >
280 R_BR3.BPM8L3.y_BR3.DHZ14L1 equality     .          305.81    -6.60421e-02 >
281 R_BR3.BPM8L3.y_BR3.DHZ8L1 equality     .          306.46     7.43831e-02 >
282 R_BR3.BPM8L3.y_BR3.DHZ9L1 equality     .          305.92     1.43096e-01 >
283 R_BR3.BPM8L3.y_BR3.DVT12L4 equality     .          304.41     6.09270e-02 >
284 R_BR3.BPM8L3.y_BR3.DVT13L4 equality     .          306.97    -3.92442e-02 >
285 R_BR3.BPM8L3.y_BR3.DVT2L4 equality     .          303.15    -3.04130e-01 >
286 R_BR3.BPM8L3.y_BR3.DVT6L4 equality     .          299.95     7.75784e-02 >
287 R_BR3.BPM8L3.y_BR3.DVT8L1 equality     .          307.45     2.97651e-01 >
288 R_BR3.BPM8L3.y_BR3.DVT9L1 equality     .          309.51     3.37711e-01 >
289 R_BR3.BPM9L3.y_BR3.DHZ11L4 equality     .          337.26    -1.92308e-01 >
290 R_BR3.BPM9L3.y_BR3.DHZ12L4 equality     .          338.42    -1.34251e-02 >
291 R_BR3.BPM9L3.y_BR3.DHZ13L4 equality     .          336.49     1.83848e-01 >
292 R_BR3.BPM9L3.y_BR3.DHZ14L1 equality     .          336.12     1.31083e-01 >
293 R_BR3.BPM9L3.y_BR3.DHZ8L1 equality     .          332.47    -1.07044e-01 >
294 R_BR3.BPM9L3.y_BR3.DHZ9L1 equality     .          337.6      1.00310e-02 >
295 R_BR3.BPM9L3.y_BR3.DVT12L4 equality     .          328.6     -3.52865e-01 >
296 R_BR3.BPM9L3.y_BR3.DVT13L4 equality     .          337.33     1.42642e-01 >
297 R_BR3.BPM9L3.y_BR3.DVT2L4 equality     .          334.57     1.00988e-01 >
298 R_BR3.BPM9L3.y_BR3.DVT6L4 equality     .          331.98     3.05681e-02 >
299 R_BR3.BPM9L3.y_BR3.DVT8L1 equality     .          333.76    -5.32086e-03 >
300 R_BR3.BPM9L3.y_BR3.DVT9L1 equality     .          335.23     1.73921e-01 >
301 R_BR3.BPM10L3.y_BR3.DHZ11L4 equality     .          362.34     9.04008e-02 >
302 R_BR3.BPM10L3.y_BR3.DHZ12L4 equality     .          366.15    -8.60699e-02 >
303 R_BR3.BPM10L3.y_BR3.DHZ13L4 equality     .          367.87    -1.00224e-01 >
304 R_BR3.BPM10L3.y_BR3.DHZ14L1 equality     .          363.46    -1.39744e-02 >
305 R_BR3.BPM10L3.y_BR3.DHZ8L1 equality     .          362.05    -4.05322e-02 >
306 R_BR3.BPM10L3.y_BR3.DHZ9L1 equality     .          363.87    -1.66928e-01 >
307 R_BR3.BPM10L3.y_BR3.DVT12L4 equality     .          351.58     3.25331e-02 >
308 R_BR3.BPM10L3.y_BR3.DVT13L4 equality     .          361.06    -1.76766e-01 >
309 R_BR3.BPM10L3.y_BR3.DVT2L4 equality     .          356.01     2.84917e-01 >
310 R_BR3.BPM10L3.y_BR3.DVT6L4 equality     .          356.24    -2.33986e-02 >
311 R_BR3.BPM10L3.y_BR3.DVT8L1 equality     .          361.9     -3.21930e-01 >
312 R_BR3.BPM10L3.y_BR3.DVT9L1 equality     .          361.92     5.00325e-02 >
313 R_BR3.BPM11L3.y_BR3.DHZ11L4 equality     .          314.59     1.95023e-01 >
314 R_BR3.BPM11L3.y_BR3.DHZ12L4 equality     .          317.36     8.79244e-02 >
315 R_BR3.BPM11L3.y_BR3.DHZ13L4 equality     .          318.05    -1.97979e-01 >
316 R_BR3.BPM11L3.y_BR3.DHZ14L1 equality     .          319.71    -1.64014e-01 >
317 R_BR3.BPM11L3.y_BR3.DHZ8L1 equality     .          313.26     1.65636e-01 >
318 R_BR3.BPM11L3.y_BR3.DHZ9L1 equality     .          317.17     2.12092e-02 >
319 R_BR3.BPM11L3.y_BR3.DVT12L4 equality     .          317.98    -1.24582e-02 >
320 R_BR3.BPM11L3.y_BR3.DVT13L4 equality     .          322.72     2.80723e-02 >
321 R_BR3.BPM11L3.y_BR3.DVT2L4 equality     .          313.92    -5.85033e-04 >
322 R_BR3.BPM11L3.y_BR3.DVT6L4 equality     .          318.65     4.53097e-03 >
323 R_BR3.BPM11L3.y_BR3.DVT8L1 equality     .          315.41    -1.75601e-01 >
324 R_BR3.BPM11L3.y_BR3.DVT9L1 equality     .          317.19    -9.14418e-02 >
325 R_BR3.BPM12L3.y_BR3.DHZ11L4 equality     .          227.9      2.86636e-02 >
326 R_BR3.BPM12L3.y_BR3.DHZ12L4 equality     .          231.84     9.14622e-02 >
327 R_BR3.BPM12L3.y_BR3.DHZ13L4 equality     .          231.33     3.49798e-02 >
328 R_BR3.BPM12L3.y_BR3.DHZ14L1 equality     .          231.42    -1.35710e-02 >
329 R_BR3.BPM12L3.y_BR3.DHZ8L1 equality     .          228.05     6.83616e-02 >
330 R_BR3.BPM12L3.y_BR3.DHZ9L1 equality     .          228.66     8.92493e-02 >
331 R_BR3.BPM12L3.y_BR3.DVT12L4 equality     .          232.22    -5.91160e-01 >
332 R_BR3.BPM12L3.y_BR3.DVT13L4 equality     .          234.4      2.27634e-01 >
333 R_BR3.BPM12L3.y_BR3.DVT2L4 equality     .          231.23     9.10651e-02 >
334 R_BR3.BPM12L3.y_BR3.DVT6L4 equality     .          234.4      2.61745e-01 >
335 R_BR3.BPM12L3.y_BR3.DVT8L1 equality     .          233.15    -4.16310e-02 >
336 R_BR3.BPM12L3.y_BR3.DVT9L1 equality     .          231.32    -4.20882e-02 >
337 R_BR3.BPM13L3.y_BR3.DHZ11L4 equality     .          313.96    -1.08652e-01 >
338 R_BR3.BPM13L3.y_BR3.DHZ12L4 equality     .          314.21    -1.73768e-02 >
339 R_BR3.BPM13L3.y_BR3.DHZ13L4 equality     .          313.76     2.02387e-01 >
340 R_BR3.BPM13L3.y_BR3.DHZ14L1 equality     .          313.87     1.67895e-01 >
341 R_BR3.BPM13L3.y_BR3.DHZ8L1 equality     .          311.3     -1.31648e-01 >
342 R_BR3.BPM13L3.y_BR3.DHZ9L1 equality     .          312.24     3.50694e-03 >
343 R_BR3.BPM13L3.y_BR3.DVT12L4 equality     .          315.58     7.19059e-02 >
344 R_BR3.BPM13L3.y_BR3.DVT13L4 equality     .          316.74     6.71841e-02 >
345 R_BR3.BPM13L3.y_BR3.DVT2L4 equality     .          312.35     5.16019e-02 >
346 R_BR3.BPM13L3.y_BR3.DVT6L4 equality     .          316.57    -3.70205e-02 >
347 R_BR3.BPM13L3.y_BR3.DVT8L1 equality     .          318.3      5.51441e-02 >
348 R_BR3.BPM13L3.y_BR3.DVT9L1 equality     .          321.29     1.27668e-01 >
349 R_BR3.BPM14L3.y_BR3.DHZ11L4 equality     .          245.56     1.40186e-02 >
350 R_BR3.BPM14L3.y_BR3.DHZ12L4 equality     .          245.54    -7.58834e-02 >
351 R_BR3.BPM14L3.y_BR3.DHZ13L4 equality     .          245.23     1.44477e-02 >
352 R_BR3.BPM14L3.y_BR3.DHZ14L1 equality     .          244.32     6.50602e-03 >
353 R_BR3.BPM14L3.y_BR3.DHZ8L1 equality     .          242.34    -3.44555e-02 >
354 R_BR3.BPM14L3.y_BR3.DHZ9L1 equality     .          246.38    -1.27804e-01 >
355 R_BR3.BPM14L3.y_BR3.DVT12L4 equality     .          240.96     1.75735e-01 >
356 R_BR3.BPM14L3.y_BR3.DVT13L4 equality     .          242.02     3.46462e-01 >
357 R_BR3.BPM14L3.y_BR3.DVT2L4 equality     .          243.11     7.62153e-02 >
358 R_BR3.BPM14L3.y_BR3.DVT6L4 equality     .          243.41     4.44813e-02 >
359 R_BR3.BPM14L3.y_BR3.DVT8L1 equality     .          243.07    -5.13178e-02 >
360 R_BR3.BPM14L3.y_BR3.DVT9L1 equality     .          245.83    -2.51103e-01 >
361 R_BR3.BPM15L3.y_BR3.DHZ11L4 equality     .          333.18     1.25689e-01 >
362 R_BR3.BPM15L3.y_BR3.DHZ12L4 equality     .          337.14     7.07127e-02 >
363 R_BR3.BPM15L3.y_BR3.DHZ13L4 equality     .          333.89    -1.90607e-01 >
364 R_BR3.BPM15L3.y_BR3.DHZ14L1 equality     .          334.99    -1.50246e-01 >
365 R_BR3.BPM15L3.y_BR3.DHZ8L1 equality     .          329.99     1.67505e-01 >
366 R_BR3.BPM15L3.y_BR3.DHZ9L1 equality     .          336.13     4.75073e-02 >
367 R_BR3.BPM15L3.y_BR3.DVT12L4 equality     .          333.12    -8.68961e-02 >
368 R_BR3.BPM15L3.y_BR3.DVT13L4 equality     .          332.85    -8.79054e-02 >
369 R_BR3.BPM15L3.y_BR3.DVT2L4 equality     .          338.13    -1.69526e-01 >
370 R_BR3.BPM15L3.y_BR3.DVT6L4 equality     .          336.49    -2.49225e-02 >
371 R_BR3.BPM15L3.y_BR3.DVT8L1 equality     .          338.36     3.79870e-02 >
372 R_BR3.BPM15L3.y_BR3.DVT9L1 equality     .          338.75    -9.18293e-02 >
373 R_BR3.BPM16L3.y_BR3.DHZ11L4 equality     .          368.2      4.14615e-02 >
374 R_BR3.BPM16L3.y_BR3.DHZ12L4 equality     .          370.49     7.65543e-02 >
375 R_BR3.BPM16L3.y_BR3.DHZ13L4 equality     .          369.72    -7.97858e-03 >
376 R_BR3.BPM16L3.y_BR3.DHZ14L1 equality     .          366.39    -6.93142e-03 >
377 R_BR3.BPM16L3.y_BR3.DHZ8L1 equality     .          366.65     7.48552e-02 >
378 R_BR3.BPM16L3.y_BR3.DHZ9L1 equality     .          369.32     1.23596e-01 >
379 R_BR3.BPM16L3.y_BR3.DVT12L4 equality     .          365.9     -1.73325e-02 >
380 R_BR3.BPM16L3.y_BR3.DVT13L4 equality     .          367.05    -2.22660e-01 >
381 R_BR3.BPM16L3.y_BR3.DVT2L4 equality     .          365.04    -6.39277e-02 >
382 R_BR3.BPM16L3.y_BR3.DVT6L4 equality     .          365.3     -1.34978e-01 >
383 R_BR3.BPM16L3.y_BR3.DVT8L1 equality     .          366.12    -5.28319e-02 >
384 R_BR3.BPM16L3.y_BR3.DVT9L1 equality     .          368.53     3.50435e-01 >

 Variables                  Curr. Value  Curr. Step   Lower Limit  Upper Limit
--------------------------------------------------------------------------------
 1 BR.QFOCELL1.dk1l        -1.16424e-03 -1.16424e-03   .            .         
 2 BR.QDE1.dk1l             1.92712e-03  1.92712e-03   .            .         
 3 BR.QFOCELL2.dk1l        -1.91362e-03 -1.91362e-03   .            .         
 4 BR.QDE2.dk1l             1.36786e-03  1.36786e-03   .            .         
 5 BR.QFOCELL3.dk1l        -2.50625e-03 -2.50625e-03   .            .         
 6 BR.QDE3.dk1l             9.53482e-04  9.53482e-04   .            .         
 7 BR.QFOCELL4.dk1l         3.18940e-03  3.18940e-03   .            .         
 8 BR.QDE4.dk1l            -3.47223e-03 -3.47223e-03   .            .         
 9 BR.QFOCELL5.dk1l         7.10855e-03  7.10855e-03   .            .         
10 BR.QDE5.dk1l            -7.70473e-03 -7.70473e-03   .            .         
11 BR.QFOCELL6.dk1l        -5.71684e-03 -5.71684e-03   .            .         
12 BR.QDE6.dk1l             6.33924e-03  6.33924e-03   .            .         
13 BR.QFOCELL7.dk1l         7.77896e-04  7.77896e-04   .            .         
14 BR.QDE7.dk1l             7.45652e-04  7.45652e-04   .            .         
15 BR.QFOCELL8.dk1l         1.32974e-02  1.32974e-02   .            .         
16 BR.QDE8.dk1l            -1.43939e-02 -1.43939e-02   .            .         
17 BR.QFOCELL9.dk1l         5.02163e-03  5.02163e-03   .            .         
18 BR.QDE9.dk1l            -6.04233e-03 -6.04233e-03   .            .         
19 BR.QFOCELL10.dk1l       -8.29115e-03 -8.29115e-03   .            .         
20 BR.QDE10.dk1l            9.21746e-03  9.21746e-03   .            .         
21 BR.QFOCELL11.dk1l       -1.41325e-04 -1.41325e-04   .            .         
22 BR.QDE11.dk1l           -1.42702e-03 -1.42702e-03   .            .         
23 BR.QFOCELL12.dk1l        1.55449e-03  1.55449e-03   .            .         
24 BR.QDE12.dk1l           -1.90727e-03 -1.90727e-03   .            .         
25 BR.QFOCELL13.dk1l        1.57577e-02  1.57577e-02   .            .         
26 BR.QDE13.dk1l           -1.65916e-02 -1.65916e-02   .            .         
27 BR.QFOCELL14.dk1l        6.47551e-03  6.47551e-03   .            .         
28 BR.QDE14.dk1l           -7.21767e-03 -7.21767e-03   .            .         
29 BR.QFOCELL15.dk1l       -1.03952e-02 -1.03952e-02   .            .         
30 BR.QDE15.dk1l            8.96545e-03  8.96545e-03   .            .         
31 BR.QFOCELL16.dk1l        1.96196e-03  1.96196e-03   .            .         
32 BR.QDE16.dk1l           -5.76710e-04 -5.76710e-04   .            .         

ncall=34 [1.1s], fval=2.86551e-01, fstp=-1.27412e-01, ccnt=384.


 Constraints                Type        Kind        Weight     Expr. Value
------------------------------------------------------------------------------
 1 R_BR3.BPM1L3.x_BR3.DHZ11L4 equality     .          252.48     6.40079e-01 >
 2 R_BR3.BPM1L3.x_BR3.DHZ12L4 equality     .          260.42     3.77814e-01 >
 3 R_BR3.BPM1L3.x_BR3.DHZ13L4 equality     .          256.05     6.19803e-01 >
 4 R_BR3.BPM1L3.x_BR3.DHZ14L1 equality     .          258.32     2.37053e-01 >
 5 R_BR3.BPM1L3.x_BR3.DHZ8L1 equality     .          251.74    -7.05864e-02 >
 6 R_BR3.BPM1L3.x_BR3.DHZ9L1 equality     .          252.65    -2.81971e-01 >
 7 R_BR3.BPM1L3.x_BR3.DVT12L4 equality     .          251.78     5.60939e-02 >
 8 R_BR3.BPM1L3.x_BR3.DVT13L4 equality     .          258.72     1.88016e-01 >
 9 R_BR3.BPM1L3.x_BR3.DVT2L4 equality     .          257.05    -2.01764e-02 >
10 R_BR3.BPM1L3.x_BR3.DVT6L4 equality     .          253.7     -5.09682e-02 >
11 R_BR3.BPM1L3.x_BR3.DVT8L1 equality     .          253.42     1.24183e-01 >
12 R_BR3.BPM1L3.x_BR3.DVT9L1 equality     .          257.59     1.85749e-01 >
13 R_BR3.BPM2L3.x_BR3.DHZ11L4 equality     .          157.62     3.43416e-01 >
14 R_BR3.BPM2L3.x_BR3.DHZ12L4 equality     .          157.89     7.69433e-01 >
15 R_BR3.BPM2L3.x_BR3.DHZ13L4 equality     .          158.03     1.02526e+00 >
16 R_BR3.BPM2L3.x_BR3.DHZ14L1 equality     .          158.62     1.13985e+00 >
17 R_BR3.BPM2L3.x_BR3.DHZ8L1 equality     .          156.4      1.78476e-01 >
18 R_BR3.BPM2L3.x_BR3.DHZ9L1 equality     .          157.36    -1.15358e-01 >
19 R_BR3.BPM2L3.x_BR3.DVT12L4 equality     .          156.11    -1.84351e-02 >
20 R_BR3.BPM2L3.x_BR3.DVT13L4 equality     .          155.52     7.46073e-02 >
21 R_BR3.BPM2L3.x_BR3.DVT2L4 equality     .          154.03     1.04924e-01 >
22 R_BR3.BPM2L3.x_BR3.DVT6L4 equality     .          157.2      6.54074e-02 >
23 R_BR3.BPM2L3.x_BR3.DVT8L1 equality     .          156.4      1.85089e-01 >
24 R_BR3.BPM2L3.x_BR3.DVT9L1 equality     .          155.82     3.97505e-02 >
25 R_BR3.BPM3L3.x_BR3.DHZ11L4 equality     .          306.38     6.04380e-01 >
26 R_BR3.BPM3L3.x_BR3.DHZ12L4 equality     .          309.92     1.21371e-01 >
27 R_BR3.BPM3L3.x_BR3.DHZ13L4 equality     .          307.15     2.09052e-01 >
28 R_BR3.BPM3L3.x_BR3.DHZ14L1 equality     .          305.61     1.88197e-01 >
29 R_BR3.BPM3L3.x_BR3.DHZ8L1 equality     .          303.8      1.01939e+00 >
30 R_BR3.BPM3L3.x_BR3.DHZ9L1 equality     .          305.13    -5.65179e-01 >
31 R_BR3.BPM3L3.x_BR3.DVT12L4 equality     .          308.36    -4.10804e-02 >
32 R_BR3.BPM3L3.x_BR3.DVT13L4 equality     .          309.21    -2.30161e-01 >
33 R_BR3.BPM3L3.x_BR3.DVT2L4 equality     .          309.43     1.54207e-01 >
34 R_BR3.BPM3L3.x_BR3.DVT6L4 equality     .          313.2      1.40404e-01 >
35 R_BR3.BPM3L3.x_BR3.DVT8L1 equality     .          311.18     3.28877e-01 >
36 R_BR3.BPM3L3.x_BR3.DVT9L1 equality     .          307.84     4.59914e-03 >
37 R_BR3.BPM4L3.x_BR3.DHZ11L4 equality     .          198.02     3.84028e-01 >
38 R_BR3.BPM4L3.x_BR3.DHZ12L4 equality     .          203.28     1.87394e-02 >
39 R_BR3.BPM4L3.x_BR3.DHZ13L4 equality     .          201.28     4.13914e-01 >
40 R_BR3.BPM4L3.x_BR3.DHZ14L1 equality     .          204.36    -3.03893e-01 >
41 R_BR3.BPM4L3.x_BR3.DHZ8L1 equality     .          198.49     3.29576e-01 >
42 R_BR3.BPM4L3.x_BR3.DHZ9L1 equality     .          201.82    -4.49441e-01 >
43 R_BR3.BPM4L3.x_BR3.DVT12L4 equality     .          195.66    -2.03858e-02 >
44 R_BR3.BPM4L3.x_BR3.DVT13L4 equality     .          199.18    -1.25987e-01 >
45 R_BR3.BPM4L3.x_BR3.DVT2L4 equality     .          199.43    -4.13033e-02 >
46 R_BR3.BPM4L3.x_BR3.DVT6L4 equality     .          196.72     2.52788e-02 >
47 R_BR3.BPM4L3.x_BR3.DVT8L1 equality     .          199.21     3.05818e-01 >
48 R_BR3.BPM4L3.x_BR3.DVT9L1 equality     .          198.45     8.71991e-02 >
49 R_BR3.BPM5L3.x_BR3.DHZ11L4 equality     .          324.79     7.49618e-01 >
50 R_BR3.BPM5L3.x_BR3.DHZ12L4 equality     .          337.32     3.41954e-01 >
51 R_BR3.BPM5L3.x_BR3.DHZ13L4 equality     .          331.08     6.58574e-01 >
52 R_BR3.BPM5L3.x_BR3.DHZ14L1 equality     .          329.86     4.59519e-01 >
53 R_BR3.BPM5L3.x_BR3.DHZ8L1 equality     .          326.2     -1.87944e-02 >
54 R_BR3.BPM5L3.x_BR3.DHZ9L1 equality     .          330.74    -3.43817e-01 >
55 R_BR3.BPM5L3.x_BR3.DVT12L4 equality     .          325.59     8.12472e-03 >
56 R_BR3.BPM5L3.x_BR3.DVT13L4 equality     .          331.84     1.69023e-01 >
57 R_BR3.BPM5L3.x_BR3.DVT2L4 equality     .          334.36    -9.37620e-02 >
58 R_BR3.BPM5L3.x_BR3.DVT6L4 equality     .          327.83    -3.99485e-02 >
59 R_BR3.BPM5L3.x_BR3.DVT8L1 equality     .          333.8      1.15988e-01 >
60 R_BR3.BPM5L3.x_BR3.DVT9L1 equality     .          330.19     1.47390e-01 >
61 R_BR3.BPM6L3.x_BR3.DHZ11L4 equality     .          199.47     5.90868e-01 >
62 R_BR3.BPM6L3.x_BR3.DHZ12L4 equality     .          200.7      7.96778e-01 >
63 R_BR3.BPM6L3.x_BR3.DHZ13L4 equality     .          204.48     7.92730e-01 >
64 R_BR3.BPM6L3.x_BR3.DHZ14L1 equality     .          198.32     9.56793e-01 >
65 R_BR3.BPM6L3.x_BR3.DHZ8L1 equality     .          195.69     5.92042e-01 >
66 R_BR3.BPM6L3.x_BR3.DHZ9L1 equality     .          197.62    -1.46963e-01 >
67 R_BR3.BPM6L3.x_BR3.DVT12L4 equality     .          200.77    -5.88132e-02 >
68 R_BR3.BPM6L3.x_BR3.DVT13L4 equality     .          202.21     2.41444e-02 >
69 R_BR3.BPM6L3.x_BR3.DVT2L4 equality     .          200.88     1.13051e-01 >
70 R_BR3.BPM6L3.x_BR3.DVT6L4 equality     .          202.2      1.25662e-01 >
71 R_BR3.BPM6L3.x_BR3.DVT8L1 equality     .          199.68     2.09124e-01 >
72 R_BR3.BPM6L3.x_BR3.DVT9L1 equality     .          199.01     9.13749e-03 >
73 R_BR3.BPM7L3.x_BR3.DHZ11L4 equality     .          223.23     1.32492e-01 >
74 R_BR3.BPM7L3.x_BR3.DHZ12L4 equality     .          227.83     2.88395e-01 >
75 R_BR3.BPM7L3.x_BR3.DHZ13L4 equality     .          223.5      6.78175e-01 >
76 R_BR3.BPM7L3.x_BR3.DHZ14L1 equality     .          225.13     3.91627e-01 >
77 R_BR3.BPM7L3.x_BR3.DHZ8L1 equality     .          221.05     6.49328e-01 >
78 R_BR3.BPM7L3.x_BR3.DHZ9L1 equality     .          222.81    -3.44297e-01 >
79 R_BR3.BPM7L3.x_BR3.DVT12L4 equality     .          223.25    -5.68038e-02 >
80 R_BR3.BPM7L3.x_BR3.DVT13L4 equality     .          224.06    -2.32364e-01 >
81 R_BR3.BPM7L3.x_BR3.DVT2L4 equality     .          223.73     1.05842e-01 >
82 R_BR3.BPM7L3.x_BR3.DVT6L4 equality     .          226.92     2.41691e-01 >
83 R_BR3.BPM7L3.x_BR3.DVT8L1 equality     .          219.71     3.66506e-01 >
84 R_BR3.BPM7L3.x_BR3.DVT9L1 equality     .          227.4      1.71085e-02 >
85 R_BR3.BPM8L3.x_BR3.DHZ11L4 equality     .          331.84     1.32061e-01 >
86 R_BR3.BPM8L3.x_BR3.DHZ12L4 equality     .          343.02     1.02416e-01 >
87 R_BR3.BPM8L3.x_BR3.DHZ13L4 equality     .          339.67     7.31652e-01 >
88 R_BR3.BPM8L3.x_BR3.DHZ14L1 equality     .          338.78    -1.18245e-02 >
89 R_BR3.BPM8L3.x_BR3.DHZ8L1 equality     .          329.23     4.05827e-01 >
90 R_BR3.BPM8L3.x_BR3.DHZ9L1 equality     .          336.85    -3.07579e-01 >
91 R_BR3.BPM8L3.x_BR3.DVT12L4 equality     .          332.26    -3.72900e-03 >
92 R_BR3.BPM8L3.x_BR3.DVT13L4 equality     .          335.48    -1.02627e-01 >
93 R_BR3.BPM8L3.x_BR3.DVT2L4 equality     .          332.57    -1.49565e-02 >
94 R_BR3.BPM8L3.x_BR3.DVT6L4 equality     .          326.42     4.81400e-02 >
95 R_BR3.BPM8L3.x_BR3.DVT8L1 equality     .          334.17     3.70090e-01 >
96 R_BR3.BPM8L3.x_BR3.DVT9L1 equality     .          334.19     1.23194e-01 >
97 R_BR3.BPM9L3.x_BR3.DHZ11L4 equality     .          297.89     6.74277e-01 >
98 R_BR3.BPM9L3.x_BR3.DHZ12L4 equality     .          290.36     1.54213e-02 >
99 R_BR3.BPM9L3.x_BR3.DHZ13L4 equality     .          300.89     7.08524e-01 >
100 R_BR3.BPM9L3.x_BR3.DHZ14L1 equality     .          300.3      7.84620e-01 >
101 R_BR3.BPM9L3.x_BR3.DHZ8L1 equality     .          275.12     2.82413e-03 >
102 R_BR3.BPM9L3.x_BR3.DHZ9L1 equality     .          299.62    -2.33614e-01 >
103 R_BR3.BPM9L3.x_BR3.DVT12L4 equality     .          269.07    -5.44292e-02 >
104 R_BR3.BPM9L3.x_BR3.DVT13L4 equality     .          276.44     1.62422e-01 >
105 R_BR3.BPM9L3.x_BR3.DVT2L4 equality     .          271.33    -6.13164e-02 >
106 R_BR3.BPM9L3.x_BR3.DVT6L4 equality     .          272.15    -9.29688e-02 >
107 R_BR3.BPM9L3.x_BR3.DVT8L1 equality     .          281.79     2.12529e-01 >
108 R_BR3.BPM9L3.x_BR3.DVT9L1 equality     .          280.47     2.28439e-01 >
109 R_BR3.BPM10L3.x_BR3.DHZ11L4 equality     .          318.21     8.74885e-01 >
110 R_BR3.BPM10L3.x_BR3.DHZ12L4 equality     .          328.28     7.51005e-01 >
111 R_BR3.BPM10L3.x_BR3.DHZ13L4 equality     .          325.38     3.99537e-01 >
112 R_BR3.BPM10L3.x_BR3.DHZ14L1 equality     .          328.01     6.05067e-01 >
113 R_BR3.BPM10L3.x_BR3.DHZ8L1 equality     .          322.19     3.74301e-02 >
114 R_BR3.BPM10L3.x_BR3.DHZ9L1 equality     .          321.78     5.04572e-02 >
115 R_BR3.BPM10L3.x_BR3.DVT12L4 equality     .          314.56    -2.57463e-02 >
116 R_BR3.BPM10L3.x_BR3.DVT13L4 equality     .          323.59    -2.13634e-02 >
117 R_BR3.BPM10L3.x_BR3.DVT2L4 equality     .          324.95     6.17063e-02 >
118 R_BR3.BPM10L3.x_BR3.DVT6L4 equality     .          323.52     1.27525e-01 >
119 R_BR3.BPM10L3.x_BR3.DVT8L1 equality     .          325.33     9.39936e-02 >
120 R_BR3.BPM10L3.x_BR3.DVT9L1 equality     .          318.99     3.58688e-02 >
121 R_BR3.BPM11L3.x_BR3.DHZ11L4 equality     .          318.91    -1.75159e-01 >
122 R_BR3.BPM11L3.x_BR3.DHZ12L4 equality     .          325.59     5.34310e-01 >
123 R_BR3.BPM11L3.x_BR3.DHZ13L4 equality     .          322.64     8.99221e-01 >
124 R_BR3.BPM11L3.x_BR3.DHZ14L1 equality     .          325.75     2.48549e-01 >
125 R_BR3.BPM11L3.x_BR3.DHZ8L1 equality     .          315.33     1.91985e-01 >
126 R_BR3.BPM11L3.x_BR3.DHZ9L1 equality     .          318.05    -2.04331e-01 >
127 R_BR3.BPM11L3.x_BR3.DVT12L4 equality     .          321.26    -2.62676e-03 >
128 R_BR3.BPM11L3.x_BR3.DVT13L4 equality     .          323.22    -2.19196e-01 >
129 R_BR3.BPM11L3.x_BR3.DVT2L4 equality     .          323.98     8.43517e-02 >
130 R_BR3.BPM11L3.x_BR3.DVT6L4 equality     .          321.05     1.89184e-01 >
131 R_BR3.BPM11L3.x_BR3.DVT8L1 equality     .          323.79     3.56027e-01 >
132 R_BR3.BPM11L3.x_BR3.DVT9L1 equality     .          323.73    -5.54408e-02 >
133 R_BR3.BPM12L3.x_BR3.DHZ11L4 equality     .          232.5      2.74334e-01 >
134 R_BR3.BPM12L3.x_BR3.DHZ12L4 equality     .          234.92     3.47359e-01 >
135 R_BR3.BPM12L3.x_BR3.DHZ13L4 equality     .          234.62     1.01682e+00 >
136 R_BR3.BPM12L3.x_BR3.DHZ14L1 equality     .          237.48     1.77113e-01 >
137 R_BR3.BPM12L3.x_BR3.DHZ8L1 equality     .          231.14     5.58154e-01 >
138 R_BR3.BPM12L3.x_BR3.DHZ9L1 equality     .          236.23    -3.84750e-01 >
139 R_BR3.BPM12L3.x_BR3.DVT12L4 equality     .          231.44    -2.45274e-02 >
140 R_BR3.BPM12L3.x_BR3.DVT13L4 equality     .          235.61    -6.72563e-02 >
141 R_BR3.BPM12L3.x_BR3.DVT2L4 equality     .          235.35    -2.95272e-02 >
142 R_BR3.BPM12L3.x_BR3.DVT6L4 equality     .          233.52     1.83330e-02 >
143 R_BR3.BPM12L3.x_BR3.DVT8L1 equality     .          234.71     3.35496e-01 >
144 R_BR3.BPM12L3.x_BR3.DVT9L1 equality     .          238.07     1.15624e-01 >
145 R_BR3.BPM13L3.x_BR3.DHZ11L4 equality     .          288.46     9.78951e-01 >
146 R_BR3.BPM13L3.x_BR3.DHZ12L4 equality     .          297.24     4.38292e-01 >
147 R_BR3.BPM13L3.x_BR3.DHZ13L4 equality     .          295.89     5.25962e-01 >
148 R_BR3.BPM13L3.x_BR3.DHZ14L1 equality     .          295.8      5.56187e-01 >
149 R_BR3.BPM13L3.x_BR3.DHZ8L1 equality     .          286.85     3.35301e-01 >
150 R_BR3.BPM13L3.x_BR3.DHZ9L1 equality     .          295.94    -2.51407e-01 >
151 R_BR3.BPM13L3.x_BR3.DVT12L4 equality     .          285.58     7.34436e-02 >
152 R_BR3.BPM13L3.x_BR3.DVT13L4 equality     .          288.7      1.66108e-01 >
153 R_BR3.BPM13L3.x_BR3.DVT2L4 equality     .          293.09    -4.93231e-02 >
154 R_BR3.BPM13L3.x_BR3.DVT6L4 equality     .          292.59    -8.36354e-02 >
155 R_BR3.BPM13L3.x_BR3.DVT8L1 equality     .          292.51     1.22370e-01 >
156 R_BR3.BPM13L3.x_BR3.DVT9L1 equality     .          290.36     2.18306e-01 >
157 R_BR3.BPM14L3.x_BR3.DHZ11L4 equality     .          212.24     9.39695e-01 >
158 R_BR3.BPM14L3.x_BR3.DHZ12L4 equality     .          213.11     3.62947e-01 >
159 R_BR3.BPM14L3.x_BR3.DHZ13L4 equality     .          215        5.89254e-01 >
160 R_BR3.BPM14L3.x_BR3.DHZ14L1 equality     .          215.57     9.18544e-01 >
161 R_BR3.BPM14L3.x_BR3.DHZ8L1 equality     .          208.87     4.99296e-01 >
162 R_BR3.BPM14L3.x_BR3.DHZ9L1 equality     .          215.99    -5.59786e-01 >
163 R_BR3.BPM14L3.x_BR3.DVT12L4 equality     .          212.81    -1.13449e-01 >
164 R_BR3.BPM14L3.x_BR3.DVT13L4 equality     .          214.9      1.30426e-01 >
165 R_BR3.BPM14L3.x_BR3.DVT2L4 equality     .          214.23     1.03303e-01 >
166 R_BR3.BPM14L3.x_BR3.DVT6L4 equality     .          214.62     1.24583e-01 >
167 R_BR3.BPM14L3.x_BR3.DVT8L1 equality     .          214.2      1.27602e-01 >
168 R_BR3.BPM14L3.x_BR3.DVT9L1 equality     .          214.58     3.15272e-02 >
169 R_BR3.BPM15L3.x_BR3.DHZ11L4 equality     .          318.02     1.87117e-01 >
170 R_BR3.BPM15L3.x_BR3.DHZ12L4 equality     .          322.62     5.71564e-01 >
171 R_BR3.BPM15L3.x_BR3.DHZ13L4 equality     .          318.77     8.04569e-01 >
172 R_BR3.BPM15L3.x_BR3.DHZ14L1 equality     .          318.38     6.56386e-01 >
173 R_BR3.BPM15L3.x_BR3.DHZ8L1 equality     .          310.39     7.15968e-01 >
174 R_BR3.BPM15L3.x_BR3.DHZ9L1 equality     .          316.93    -1.84896e-01 >
175 R_BR3.BPM15L3.x_BR3.DVT12L4 equality     .          319.68    -8.74630e-02 >
176 R_BR3.BPM15L3.x_BR3.DVT13L4 equality     .          316.76    -2.65895e-01 >
177 R_BR3.BPM15L3.x_BR3.DVT2L4 equality     .          319.5      2.35286e-02 >
178 R_BR3.BPM15L3.x_BR3.DVT6L4 equality     .          317.69     1.14254e-01 >
179 R_BR3.BPM15L3.x_BR3.DVT8L1 equality     .          319.48     3.41915e-01 >
180 R_BR3.BPM15L3.x_BR3.DVT9L1 equality     .          320.4     -3.90363e-02 >
181 R_BR3.BPM16L3.x_BR3.DHZ11L4 equality     .          338.99     2.12295e-01 >
182 R_BR3.BPM16L3.x_BR3.DHZ12L4 equality     .          342.87     3.85873e-01 >
183 R_BR3.BPM16L3.x_BR3.DHZ13L4 equality     .          335.7      4.48929e-01 >
184 R_BR3.BPM16L3.x_BR3.DHZ14L1 equality     .          338.12    -3.27275e-01 >
185 R_BR3.BPM16L3.x_BR3.DHZ8L1 equality     .          333.59     3.99569e-01 >
186 R_BR3.BPM16L3.x_BR3.DHZ9L1 equality     .          341.37    -5.91950e-02 >
187 R_BR3.BPM16L3.x_BR3.DVT12L4 equality     .          329.08     2.43430e-02 >
188 R_BR3.BPM16L3.x_BR3.DVT13L4 equality     .          332.21    -1.96966e-01 >
189 R_BR3.BPM16L3.x_BR3.DVT2L4 equality     .          328.75    -6.27548e-02 >
190 R_BR3.BPM16L3.x_BR3.DVT6L4 equality     .          328.86    -1.21776e-02 >
191 R_BR3.BPM16L3.x_BR3.DVT8L1 equality     .          334.48     3.10420e-01 >
192 R_BR3.BPM16L3.x_BR3.DVT9L1 equality     .          334.14     1.24288e-01 >
193 R_BR3.BPM1L3.y_BR3.DHZ11L4 equality     .          256.25    -1.46503e-01 >
194 R_BR3.BPM1L3.y_BR3.DHZ12L4 equality     .          262.82    -8.39628e-03 >
195 R_BR3.BPM1L3.y_BR3.DHZ13L4 equality     .          262.88     1.63434e-01 >
196 R_BR3.BPM1L3.y_BR3.DHZ14L1 equality     .          261.24     7.45147e-02 >
197 R_BR3.BPM1L3.y_BR3.DHZ8L1 equality     .          258.42    -1.63795e-01 >
198 R_BR3.BPM1L3.y_BR3.DHZ9L1 equality     .          259.81     3.84245e-02 >
199 R_BR3.BPM1L3.y_BR3.DVT12L4 equality     .          253.55    -7.71450e-02 >
200 R_BR3.BPM1L3.y_BR3.DVT13L4 equality     .          256.41    -1.41638e-01 >
201 R_BR3.BPM1L3.y_BR3.DVT2L4 equality     .          255.28     2.43965e-02 >
202 R_BR3.BPM1L3.y_BR3.DVT6L4 equality     .          258.8      2.33610e-02 >
203 R_BR3.BPM1L3.y_BR3.DVT8L1 equality     .          253.9      1.19838e-01 >
204 R_BR3.BPM1L3.y_BR3.DVT9L1 equality     .          262.54    -1.11752e-01 >
205 R_BR3.BPM2L3.y_BR3.DHZ11L4 equality     .          193.77     2.23782e-02 >
206 R_BR3.BPM2L3.y_BR3.DHZ12L4 equality     .          195.51    -1.00624e-01 >
207 R_BR3.BPM2L3.y_BR3.DHZ13L4 equality     .          194.69    -5.26970e-02 >
208 R_BR3.BPM2L3.y_BR3.DHZ14L1 equality     .          194.89    -2.37069e-02 >
209 R_BR3.BPM2L3.y_BR3.DHZ8L1 equality     .          193.7     -3.56483e-02 >
210 R_BR3.BPM2L3.y_BR3.DHZ9L1 equality     .          194       -1.29768e-01 >
211 R_BR3.BPM2L3.y_BR3.DVT12L4 equality     .          193.39     3.54527e-02 >
212 R_BR3.BPM2L3.y_BR3.DVT13L4 equality     .          199.37     2.61156e-01 >
213 R_BR3.BPM2L3.y_BR3.DVT2L4 equality     .          193.95     9.51286e-02 >
214 R_BR3.BPM2L3.y_BR3.DVT6L4 equality     .          194.29     1.18569e-01 >
215 R_BR3.BPM2L3.y_BR3.DVT8L1 equality     .          197.45     5.25191e-03 >
216 R_BR3.BPM2L3.y_BR3.DVT9L1 equality     .          201.64    -3.45224e-01 >
217 R_BR3.BPM3L3.y_BR3.DHZ11L4 equality     .          309.08     1.67906e-01 >
218 R_BR3.BPM3L3.y_BR3.DHZ12L4 equality     .          311.71     1.93827e-02 >
219 R_BR3.BPM3L3.y_BR3.DHZ13L4 equality     .          313.44    -1.99925e-01 >
220 R_BR3.BPM3L3.y_BR3.DHZ14L1 equality     .          310.99    -1.54116e-01 >
221 R_BR3.BPM3L3.y_BR3.DHZ8L1 equality     .          306.46     1.94953e-01 >
222 R_BR3.BPM3L3.y_BR3.DHZ9L1 equality     .          307.02    -4.08196e-03 >
223 R_BR3.BPM3L3.y_BR3.DVT12L4 equality     .          302.21    -4.14243e-02 >
224 R_BR3.BPM3L3.y_BR3.DVT13L4 equality     .          306.62    -8.69089e-02 >
225 R_BR3.BPM3L3.y_BR3.DVT2L4 equality     .          305.61     2.18318e-01 >
226 R_BR3.BPM3L3.y_BR3.DVT6L4 equality     .          305.13    -5.81973e-02 >
227 R_BR3.BPM3L3.y_BR3.DVT8L1 equality     .          303.25     2.33107e-02 >
228 R_BR3.BPM3L3.y_BR3.DVT9L1 equality     .          307.19     8.96455e-02 >
229 R_BR3.BPM4L3.y_BR3.DHZ11L4 equality     .          207.99    -6.50114e-02 >
230 R_BR3.BPM4L3.y_BR3.DHZ12L4 equality     .          211.05     5.30258e-02 >
231 R_BR3.BPM4L3.y_BR3.DHZ13L4 equality     .          211.6      4.16816e-02 >
232 R_BR3.BPM4L3.y_BR3.DHZ14L1 equality     .          210.73     1.79934e-02 >
233 R_BR3.BPM4L3.y_BR3.DHZ8L1 equality     .          210.5     -7.93504e-03 >
234 R_BR3.BPM4L3.y_BR3.DHZ9L1 equality     .          210.07     1.31975e-01 >
235 R_BR3.BPM4L3.y_BR3.DVT12L4 equality     .          209.22    -7.34431e-01 >
236 R_BR3.BPM4L3.y_BR3.DVT13L4 equality     .          209.46    -4.55341e-03 >
237 R_BR3.BPM4L3.y_BR3.DVT2L4 equality     .          210.76     4.53446e-01 >
238 R_BR3.BPM4L3.y_BR3.DVT6L4 equality     .          210.02     5.61178e-01 >
239 R_BR3.BPM4L3.y_BR3.DVT8L1 equality     .          206.75    -1.89776e-01 >
240 R_BR3.BPM4L3.y_BR3.DVT9L1 equality     .          208.22    -8.81594e-02 >
241 R_BR3.BPM5L3.y_BR3.DHZ11L4 equality     .          301.26    -1.67787e-01 >
242 R_BR3.BPM5L3.y_BR3.DHZ12L4 equality     .          303.11    -3.04786e-02 >
243 R_BR3.BPM5L3.y_BR3.DHZ13L4 equality     .          299.49     1.98157e-01 >
244 R_BR3.BPM5L3.y_BR3.DHZ14L1 equality     .          301.21     1.38328e-01 >
245 R_BR3.BPM5L3.y_BR3.DHZ8L1 equality     .          301.52    -1.82895e-01 >
246 R_BR3.BPM5L3.y_BR3.DHZ9L1 equality     .          302.17     3.91816e-02 >
247 R_BR3.BPM5L3.y_BR3.DVT12L4 equality     .          300       -1.68504e-02 >
248 R_BR3.BPM5L3.y_BR3.DVT13L4 equality     .          293.79     1.56272e-01 >
249 R_BR3.BPM5L3.y_BR3.DVT2L4 equality     .          295.21    -1.64362e-01 >
250 R_BR3.BPM5L3.y_BR3.DVT6L4 equality     .          296.66     1.27610e-01 >
251 R_BR3.BPM5L3.y_BR3.DVT8L1 equality     .          296.81    -4.53076e-02 >
252 R_BR3.BPM5L3.y_BR3.DVT9L1 equality     .          302.94    -1.87901e-01 >
253 R_BR3.BPM6L3.y_BR3.DHZ11L4 equality     .          201.95     5.14686e-02 >
254 R_BR3.BPM6L3.y_BR3.DHZ12L4 equality     .          201.03    -8.97834e-02 >
255 R_BR3.BPM6L3.y_BR3.DHZ13L4 equality     .          202.5     -9.25503e-02 >
256 R_BR3.BPM6L3.y_BR3.DHZ14L1 equality     .          200.64    -9.99022e-02 >
257 R_BR3.BPM6L3.y_BR3.DHZ8L1 equality     .          201.33     5.85663e-02 >
258 R_BR3.BPM6L3.y_BR3.DHZ9L1 equality     .          199.71    -1.12551e-01 >
259 R_BR3.BPM6L3.y_BR3.DVT12L4 equality     .          196.41     6.75968e-01 >
260 R_BR3.BPM6L3.y_BR3.DVT13L4 equality     .          199.93    -1.04484e-02 >
261 R_BR3.BPM6L3.y_BR3.DVT2L4 equality     .          198.6     -3.22862e-01 >
262 R_BR3.BPM6L3.y_BR3.DVT6L4 equality     .          198.12    -5.10718e-01 >
263 R_BR3.BPM6L3.y_BR3.DVT8L1 equality     .          200.55     2.69657e-01 >
264 R_BR3.BPM6L3.y_BR3.DVT9L1 equality     .          198.53     7.48421e-02 >
265 R_BR3.BPM7L3.y_BR3.DHZ11L4 equality     .          246.76     1.76282e-01 >
266 R_BR3.BPM7L3.y_BR3.DHZ12L4 equality     .          247.85     7.99585e-03 >
267 R_BR3.BPM7L3.y_BR3.DHZ13L4 equality     .          244       -2.24584e-01 >
268 R_BR3.BPM7L3.y_BR3.DHZ14L1 equality     .          246.12    -1.70112e-01 >
269 R_BR3.BPM7L3.y_BR3.DHZ8L1 equality     .          243.28     2.01421e-01 >
270 R_BR3.BPM7L3.y_BR3.DHZ9L1 equality     .          241.94     3.98715e-03 >
271 R_BR3.BPM7L3.y_BR3.DVT12L4 equality     .          246.24    -1.82953e-01 >
272 R_BR3.BPM7L3.y_BR3.DVT13L4 equality     .          249.15     1.59502e-01 >
273 R_BR3.BPM7L3.y_BR3.DVT2L4 equality     .          249.6      1.03361e-01 >
274 R_BR3.BPM7L3.y_BR3.DVT6L4 equality     .          248.85    -5.67021e-02 >
275 R_BR3.BPM7L3.y_BR3.DVT8L1 equality     .          245.18    -1.75509e-01 >
276 R_BR3.BPM7L3.y_BR3.DVT9L1 equality     .          247.54     2.06799e-01 >
277 R_BR3.BPM8L3.y_BR3.DHZ11L4 equality     .          304.27     3.40213e-02 >
278 R_BR3.BPM8L3.y_BR3.DHZ12L4 equality     .          306.73     7.44696e-02 >
279 R_BR3.BPM8L3.y_BR3.DHZ13L4 equality     .          311.23    -1.14834e-02 >
280 R_BR3.BPM8L3.y_BR3.DHZ14L1 equality     .          305.81    -6.60710e-02 >
281 R_BR3.BPM8L3.y_BR3.DHZ8L1 equality     .          306.46     7.44038e-02 >
282 R_BR3.BPM8L3.y_BR3.DHZ9L1 equality     .          305.92     1.43117e-01 >
283 R_BR3.BPM8L3.y_BR3.DVT12L4 equality     .          304.41     1.07048e-01 >
284 R_BR3.BPM8L3.y_BR3.DVT13L4 equality     .          306.97    -4.47670e-02 >
285 R_BR3.BPM8L3.y_BR3.DVT2L4 equality     .          303.15    -3.38155e-01 >
286 R_BR3.BPM8L3.y_BR3.DVT6L4 equality     .          299.95     5.54316e-02 >
287 R_BR3.BPM8L3.y_BR3.DVT8L1 equality     .          307.45     3.16155e-01 >
288 R_BR3.BPM8L3.y_BR3.DVT9L1 equality     .          309.51     3.55337e-01 >
289 R_BR3.BPM9L3.y_BR3.DHZ11L4 equality     .          337.26    -1.92326e-01 >
290 R_BR3.BPM9L3.y_BR3.DHZ12L4 equality     .          338.42    -1.34187e-02 >
291 R_BR3.BPM9L3.y_BR3.DHZ13L4 equality     .          336.49     1.83867e-01 >
292 R_BR3.BPM9L3.y_BR3.DHZ14L1 equality     .          336.12     1.31097e-01 >
293 R_BR3.BPM9L3.y_BR3.DHZ8L1 equality     .          332.47    -1.07059e-01 >
294 R_BR3.BPM9L3.y_BR3.DHZ9L1 equality     .          337.6      1.00442e-02 >
295 R_BR3.BPM9L3.y_BR3.DVT12L4 equality     .          328.6     -3.43869e-01 >
296 R_BR3.BPM9L3.y_BR3.DVT13L4 equality     .          337.33     1.53148e-01 >
297 R_BR3.BPM9L3.y_BR3.DVT2L4 equality     .          334.57     1.04086e-01 >
298 R_BR3.BPM9L3.y_BR3.DVT6L4 equality     .          331.98     2.19063e-02 >
299 R_BR3.BPM9L3.y_BR3.DVT8L1 equality     .          333.76    -7.16695e-03 >
300 R_BR3.BPM9L3.y_BR3.DVT9L1 equality     .          335.23     1.80164e-01 >
301 R_BR3.BPM10L3.y_BR3.DHZ11L4 equality     .          362.34     9.03846e-02 >
302 R_BR3.BPM10L3.y_BR3.DHZ12L4 equality     .          366.15    -8.60918e-02 >
303 R_BR3.BPM10L3.y_BR3.DHZ13L4 equality     .          367.87    -1.00206e-01 >
304 R_BR3.BPM10L3.y_BR3.DHZ14L1 equality     .          363.46    -1.39491e-02 >
305 R_BR3.BPM10L3.y_BR3.DHZ8L1 equality     .          362.05    -4.05530e-02 >
306 R_BR3.BPM10L3.y_BR3.DHZ9L1 equality     .          363.87    -1.66957e-01 >
307 R_BR3.BPM10L3.y_BR3.DVT12L4 equality     .          351.58     7.46889e-03 >
308 R_BR3.BPM10L3.y_BR3.DVT13L4 equality     .          361.06    -1.70430e-01 >
309 R_BR3.BPM10L3.y_BR3.DVT2L4 equality     .          356.01     2.96184e-01 >
310 R_BR3.BPM10L3.y_BR3.DVT6L4 equality     .          356.24    -1.69662e-02 >
311 R_BR3.BPM10L3.y_BR3.DVT8L1 equality     .          361.9     -3.25917e-01 >
312 R_BR3.BPM10L3.y_BR3.DVT9L1 equality     .          361.92     3.66083e-02 >
313 R_BR3.BPM11L3.y_BR3.DHZ11L4 equality     .          314.59     1.95048e-01 >
314 R_BR3.BPM11L3.y_BR3.DHZ12L4 equality     .          317.36     8.79326e-02 >
315 R_BR3.BPM11L3.y_BR3.DHZ13L4 equality     .          318.05    -1.98006e-01 >
316 R_BR3.BPM11L3.y_BR3.DHZ14L1 equality     .          319.71    -1.64041e-01 >
317 R_BR3.BPM11L3.y_BR3.DHZ8L1 equality     .          313.26     1.65668e-01 >
318 R_BR3.BPM11L3.y_BR3.DHZ9L1 equality     .          317.17     2.12009e-02 >
319 R_BR3.BPM11L3.y_BR3.DVT12L4 equality     .          317.98    -3.38435e-02 >
320 R_BR3.BPM11L3.y_BR3.DVT13L4 equality     .          322.72     2.50835e-02 >
321 R_BR3.BPM11L3.y_BR3.DVT2L4 equality     .          313.92     4.63859e-03 >
322 R_BR3.BPM11L3.y_BR3.DVT6L4 equality     .          318.65     1.58553e-02 >
323 R_BR3.BPM11L3.y_BR3.DVT8L1 equality     .          315.41    -1.82393e-01 >
324 R_BR3.BPM11L3.y_BR3.DVT9L1 equality     .          317.19    -9.03588e-02 >
325 R_BR3.BPM12L3.y_BR3.DHZ11L4 equality     .          227.9      2.86828e-02 >
326 R_BR3.BPM12L3.y_BR3.DHZ12L4 equality     .          231.84     9.14891e-02 >
327 R_BR3.BPM12L3.y_BR3.DHZ13L4 equality     .          231.33     3.49597e-02 >
328 R_BR3.BPM12L3.y_BR3.DHZ14L1 equality     .          231.42    -1.36004e-02 >
329 R_BR3.BPM12L3.y_BR3.DHZ8L1 equality     .          228.05     6.83853e-02 >
330 R_BR3.BPM12L3.y_BR3.DHZ9L1 equality     .          228.66     8.92767e-02 >
331 R_BR3.BPM12L3.y_BR3.DVT12L4 equality     .          232.22    -5.58918e-01 >
332 R_BR3.BPM12L3.y_BR3.DVT13L4 equality     .          234.4      2.39410e-01 >
333 R_BR3.BPM12L3.y_BR3.DVT2L4 equality     .          231.23     6.67723e-02 >
334 R_BR3.BPM12L3.y_BR3.DVT6L4 equality     .          234.4      2.36619e-01 >
335 R_BR3.BPM12L3.y_BR3.DVT8L1 equality     .          233.15    -3.30929e-02 >
336 R_BR3.BPM12L3.y_BR3.DVT9L1 equality     .          231.32    -1.80241e-02 >
337 R_BR3.BPM13L3.y_BR3.DHZ11L4 equality     .          313.96    -1.08677e-01 >
338 R_BR3.BPM13L3.y_BR3.DHZ12L4 equality     .          314.21    -1.73896e-02 >
339 R_BR3.BPM13L3.y_BR3.DHZ13L4 equality     .          313.76     2.02412e-01 >
340 R_BR3.BPM13L3.y_BR3.DHZ14L1 equality     .          313.87     1.67923e-01 >
341 R_BR3.BPM13L3.y_BR3.DHZ8L1 equality     .          311.3     -1.31680e-01 >
342 R_BR3.BPM13L3.y_BR3.DHZ9L1 equality     .          312.24     3.50853e-03 >
343 R_BR3.BPM13L3.y_BR3.DVT12L4 equality     .          315.58     8.56396e-02 >
344 R_BR3.BPM13L3.y_BR3.DVT13L4 equality     .          316.74     6.98275e-02 >
345 R_BR3.BPM13L3.y_BR3.DVT2L4 equality     .          312.35     5.81339e-02 >
346 R_BR3.BPM13L3.y_BR3.DVT6L4 equality     .          316.57    -3.92270e-02 >
347 R_BR3.BPM13L3.y_BR3.DVT8L1 equality     .          318.3      5.49594e-02 >
348 R_BR3.BPM13L3.y_BR3.DVT9L1 equality     .          321.29     1.23144e-01 >
349 R_BR3.BPM14L3.y_BR3.DHZ11L4 equality     .          245.56     1.39993e-02 >
350 R_BR3.BPM14L3.y_BR3.DHZ12L4 equality     .          245.54    -7.59068e-02 >
351 R_BR3.BPM14L3.y_BR3.DHZ13L4 equality     .          245.23     1.44686e-02 >
352 R_BR3.BPM14L3.y_BR3.DHZ14L1 equality     .          244.32     6.53606e-03 >
353 R_BR3.BPM14L3.y_BR3.DHZ8L1 equality     .          242.34    -3.44753e-02 >
354 R_BR3.BPM14L3.y_BR3.DHZ9L1 equality     .          246.38    -1.27828e-01 >
355 R_BR3.BPM14L3.y_BR3.DVT12L4 equality     .          240.96     1.62784e-01 >
356 R_BR3.BPM14L3.y_BR3.DVT13L4 equality     .          242.02     3.58791e-01 >
357 R_BR3.BPM14L3.y_BR3.DVT2L4 equality     .          243.11     1.00442e-01 >
358 R_BR3.BPM14L3.y_BR3.DVT6L4 equality     .          243.41     6.02700e-02 >
359 R_BR3.BPM14L3.y_BR3.DVT8L1 equality     .          243.07    -6.77501e-02 >
360 R_BR3.BPM14L3.y_BR3.DVT9L1 equality     .          245.83    -2.58910e-01 >
361 R_BR3.BPM15L3.y_BR3.DHZ11L4 equality     .          333.18     1.25714e-01 >
362 R_BR3.BPM15L3.y_BR3.DHZ12L4 equality     .          337.14     7.07239e-02 >
363 R_BR3.BPM15L3.y_BR3.DHZ13L4 equality     .          333.89    -1.90635e-01 >
364 R_BR3.BPM15L3.y_BR3.DHZ14L1 equality     .          334.99    -1.50274e-01 >
365 R_BR3.BPM15L3.y_BR3.DHZ8L1 equality     .          329.99     1.67535e-01 >
366 R_BR3.BPM15L3.y_BR3.DHZ9L1 equality     .          336.13     4.75014e-02 >
367 R_BR3.BPM15L3.y_BR3.DVT12L4 equality     .          333.12    -9.73464e-02 >
368 R_BR3.BPM15L3.y_BR3.DVT13L4 equality     .          332.85    -8.92765e-02 >
369 R_BR3.BPM15L3.y_BR3.DVT2L4 equality     .          338.13    -1.77865e-01 >
370 R_BR3.BPM15L3.y_BR3.DVT6L4 equality     .          336.49    -2.42432e-02 >
371 R_BR3.BPM15L3.y_BR3.DVT8L1 equality     .          338.36     3.91164e-02 >
372 R_BR3.BPM15L3.y_BR3.DVT9L1 equality     .          338.75    -8.51090e-02 >
373 R_BR3.BPM16L3.y_BR3.DHZ11L4 equality     .          368.2      4.14704e-02 >
374 R_BR3.BPM16L3.y_BR3.DHZ12L4 equality     .          370.49     7.65715e-02 >
375 R_BR3.BPM16L3.y_BR3.DHZ13L4 equality     .          369.72    -7.99206e-03 >
376 R_BR3.BPM16L3.y_BR3.DHZ14L1 equality     .          366.39    -6.95148e-03 >
377 R_BR3.BPM16L3.y_BR3.DHZ8L1 equality     .          366.65     7.48629e-02 >
378 R_BR3.BPM16L3.y_BR3.DHZ9L1 equality     .          369.32     1.23615e-01 >
379 R_BR3.BPM16L3.y_BR3.DVT12L4 equality     .          365.9      1.45095e-02 >
380 R_BR3.BPM16L3.y_BR3.DVT13L4 equality     .          367.05    -2.17762e-01 >
381 R_BR3.BPM16L3.y_BR3.DVT2L4 equality     .          365.04    -8.11442e-02 >
382 R_BR3.BPM16L3.y_BR3.DVT6L4 equality     .          365.3     -1.55374e-01 >
383 R_BR3.BPM16L3.y_BR3.DVT8L1 equality     .          366.12    -4.57796e-02 >
384 R_BR3.BPM16L3.y_BR3.DVT9L1 equality     .          368.53     3.68879e-01 >

 Variables                  Curr. Value  Curr. Step   Lower Limit  Upper Limit
--------------------------------------------------------------------------------
 1 BR.QFOCELL1.dk1l        -1.15567e-03  8.56894e-06   .            .         
 2 BR.QDE1.dk1l             2.05063e-03  1.23510e-04   .            .         
 3 BR.QFOCELL2.dk1l        -2.61308e-03 -6.99461e-04   .            .         
 4 BR.QDE2.dk1l             2.03006e-03  6.62197e-04   .            .         
 5 BR.QFOCELL3.dk1l        -3.52733e-03 -1.02108e-03   .            .         
 6 BR.QDE3.dk1l             1.75122e-03  7.97736e-04   .            .         
 7 BR.QFOCELL4.dk1l         4.80261e-03  1.61321e-03   .            .         
 8 BR.QDE4.dk1l            -4.99620e-03 -1.52397e-03   .            .         
 9 BR.QFOCELL5.dk1l         9.77483e-03  2.66628e-03   .            .         
10 BR.QDE5.dk1l            -1.00799e-02 -2.37513e-03   .            .         
11 BR.QFOCELL6.dk1l        -7.26807e-03 -1.55124e-03   .            .         
12 BR.QDE6.dk1l             7.90522e-03  1.56598e-03   .            .         
13 BR.QFOCELL7.dk1l        -1.15650e-03 -1.93439e-03   .            .         
14 BR.QDE7.dk1l             2.58961e-03  1.84396e-03   .            .         
15 BR.QFOCELL8.dk1l         1.63289e-02  3.03150e-03   .            .         
16 BR.QDE8.dk1l            -1.70544e-02 -2.66058e-03   .            .         
17 BR.QFOCELL9.dk1l         7.81859e-03  2.79696e-03   .            .         
18 BR.QDE9.dk1l            -8.64538e-03 -2.60305e-03   .            .         
19 BR.QFOCELL10.dk1l       -1.07782e-02 -2.48708e-03   .            .         
20 BR.QDE10.dk1l            1.16087e-02  2.39123e-03   .            .         
21 BR.QFOCELL11.dk1l       -1.04489e-03 -9.03567e-04   .            .         
22 BR.QDE11.dk1l           -6.81460e-04  7.45565e-04   .            .         
23 BR.QFOCELL12.dk1l        2.30256e-03  7.48075e-04   .            .         
24 BR.QDE12.dk1l           -2.63838e-03 -7.31109e-04   .            .         
25 BR.QFOCELL13.dk1l        1.63968e-02  6.39093e-04   .            .         
26 BR.QDE13.dk1l           -1.69587e-02 -3.67083e-04   .            .         
27 BR.QFOCELL14.dk1l        5.80564e-03 -6.69872e-04   .            .         
28 BR.QDE14.dk1l           -6.59441e-03  6.23262e-04   .            .         
29 BR.QFOCELL15.dk1l       -1.03052e-02  9.00183e-05   .            .         
30 BR.QDE15.dk1l            8.69085e-03 -2.74595e-04   .            .         
31 BR.QFOCELL16.dk1l        2.72150e-03  7.59537e-04   .            .         
32 BR.QDE16.dk1l           -1.19309e-03 -6.16381e-04   .            .         

ncall=67 [2.1s], fval=2.83725e-01, fstp=-2.82669e-03, ccnt=384.


 Constraints                Type        Kind        Weight     Expr. Value
------------------------------------------------------------------------------
 1 R_BR3.BPM1L3.x_BR3.DHZ11L4 equality     .          252.48     6.42620e-01 >
 2 R_BR3.BPM1L3.x_BR3.DHZ12L4 equality     .          260.42     3.93779e-01 >
 3 R_BR3.BPM1L3.x_BR3.DHZ13L4 equality     .          256.05     6.13751e-01 >
 4 R_BR3.BPM1L3.x_BR3.DHZ14L1 equality     .          258.32     2.23943e-01 >
 5 R_BR3.BPM1L3.x_BR3.DHZ8L1 equality     .          251.74    -6.32933e-02 >
 6 R_BR3.BPM1L3.x_BR3.DHZ9L1 equality     .          252.65    -2.82317e-01 >
 7 R_BR3.BPM1L3.x_BR3.DVT12L4 equality     .          251.78     5.60873e-02 >
 8 R_BR3.BPM1L3.x_BR3.DVT13L4 equality     .          258.72     1.88024e-01 >
 9 R_BR3.BPM1L3.x_BR3.DVT2L4 equality     .          257.05    -2.01723e-02 >
10 R_BR3.BPM1L3.x_BR3.DVT6L4 equality     .          253.7     -5.09610e-02 >
11 R_BR3.BPM1L3.x_BR3.DVT8L1 equality     .          253.42     1.24178e-01 >
12 R_BR3.BPM1L3.x_BR3.DVT9L1 equality     .          257.59     1.85747e-01 >
13 R_BR3.BPM2L3.x_BR3.DHZ11L4 equality     .          157.62     3.68923e-01 >
14 R_BR3.BPM2L3.x_BR3.DHZ12L4 equality     .          157.89     7.54095e-01 >
15 R_BR3.BPM2L3.x_BR3.DHZ13L4 equality     .          158.03     1.00154e+00 >
16 R_BR3.BPM2L3.x_BR3.DHZ14L1 equality     .          158.62     1.12753e+00 >
17 R_BR3.BPM2L3.x_BR3.DHZ8L1 equality     .          156.4      2.00944e-01 >
18 R_BR3.BPM2L3.x_BR3.DHZ9L1 equality     .          157.36    -1.17319e-01 >
19 R_BR3.BPM2L3.x_BR3.DVT12L4 equality     .          156.11    -1.84359e-02 >
20 R_BR3.BPM2L3.x_BR3.DVT13L4 equality     .          155.52     7.46090e-02 >
21 R_BR3.BPM2L3.x_BR3.DVT2L4 equality     .          154.03     1.04923e-01 >
22 R_BR3.BPM2L3.x_BR3.DVT6L4 equality     .          157.2      6.54043e-02 >
23 R_BR3.BPM2L3.x_BR3.DVT8L1 equality     .          156.4      1.85090e-01 >
24 R_BR3.BPM2L3.x_BR3.DVT9L1 equality     .          155.82     3.97501e-02 >
25 R_BR3.BPM3L3.x_BR3.DHZ11L4 equality     .          306.38     6.06116e-01 >
26 R_BR3.BPM3L3.x_BR3.DHZ12L4 equality     .          309.92     1.06036e-01 >
27 R_BR3.BPM3L3.x_BR3.DHZ13L4 equality     .          307.15     2.11047e-01 >
28 R_BR3.BPM3L3.x_BR3.DHZ14L1 equality     .          305.61     1.97722e-01 >
29 R_BR3.BPM3L3.x_BR3.DHZ8L1 equality     .          303.8      1.01633e+00 >
30 R_BR3.BPM3L3.x_BR3.DHZ9L1 equality     .          305.13    -5.66792e-01 >
31 R_BR3.BPM3L3.x_BR3.DVT12L4 equality     .          308.36    -4.10739e-02 >
32 R_BR3.BPM3L3.x_BR3.DVT13L4 equality     .          309.21    -2.30168e-01 >
33 R_BR3.BPM3L3.x_BR3.DVT2L4 equality     .          309.43     1.54203e-01 >
34 R_BR3.BPM3L3.x_BR3.DVT6L4 equality     .          313.2      1.40398e-01 >
35 R_BR3.BPM3L3.x_BR3.DVT8L1 equality     .          311.18     3.28881e-01 >
36 R_BR3.BPM3L3.x_BR3.DVT9L1 equality     .          307.84     4.60128e-03 >
37 R_BR3.BPM4L3.x_BR3.DHZ11L4 equality     .          198.02     3.80595e-01 >
38 R_BR3.BPM4L3.x_BR3.DHZ12L4 equality     .          203.28     2.84569e-02 >
39 R_BR3.BPM4L3.x_BR3.DHZ13L4 equality     .          201.28     4.17164e-01 >
40 R_BR3.BPM4L3.x_BR3.DHZ14L1 equality     .          204.36    -3.05667e-01 >
41 R_BR3.BPM4L3.x_BR3.DHZ8L1 equality     .          198.49     3.27486e-01 >
42 R_BR3.BPM4L3.x_BR3.DHZ9L1 equality     .          201.82    -4.58050e-01 >
43 R_BR3.BPM4L3.x_BR3.DVT12L4 equality     .          195.66    -2.03847e-02 >
44 R_BR3.BPM4L3.x_BR3.DVT13L4 equality     .          199.18    -1.25989e-01 >
45 R_BR3.BPM4L3.x_BR3.DVT2L4 equality     .          199.43    -4.13024e-02 >
46 R_BR3.BPM4L3.x_BR3.DVT6L4 equality     .          196.72     2.52801e-02 >
47 R_BR3.BPM4L3.x_BR3.DVT8L1 equality     .          199.21     3.05817e-01 >
48 R_BR3.BPM4L3.x_BR3.DVT9L1 equality     .          198.45     8.71995e-02 >
49 R_BR3.BPM5L3.x_BR3.DHZ11L4 equality     .          324.79     7.53598e-01 >
50 R_BR3.BPM5L3.x_BR3.DHZ12L4 equality     .          337.32     3.41005e-01 >
51 R_BR3.BPM5L3.x_BR3.DHZ13L4 equality     .          331.08     6.53552e-01 >
52 R_BR3.BPM5L3.x_BR3.DHZ14L1 equality     .          329.86     4.55271e-01 >
53 R_BR3.BPM5L3.x_BR3.DHZ8L1 equality     .          326.2     -1.41244e-02 >
54 R_BR3.BPM5L3.x_BR3.DHZ9L1 equality     .          330.74    -3.54909e-01 >
55 R_BR3.BPM5L3.x_BR3.DVT12L4 equality     .          325.59     8.12121e-03 >
56 R_BR3.BPM5L3.x_BR3.DVT13L4 equality     .          331.84     1.69030e-01 >
57 R_BR3.BPM5L3.x_BR3.DVT2L4 equality     .          334.36    -9.37612e-02 >
58 R_BR3.BPM5L3.x_BR3.DVT6L4 equality     .          327.83    -3.99455e-02 >
59 R_BR3.BPM5L3.x_BR3.DVT8L1 equality     .          333.8      1.15984e-01 >
60 R_BR3.BPM5L3.x_BR3.DVT9L1 equality     .          330.19     1.47389e-01 >
61 R_BR3.BPM6L3.x_BR3.DHZ11L4 equality     .          199.47     6.22387e-01 >
62 R_BR3.BPM6L3.x_BR3.DHZ12L4 equality     .          200.7      7.80085e-01 >
63 R_BR3.BPM6L3.x_BR3.DHZ13L4 equality     .          204.48     7.63838e-01 >
64 R_BR3.BPM6L3.x_BR3.DHZ14L1 equality     .          198.32     9.41085e-01 >
65 R_BR3.BPM6L3.x_BR3.DHZ8L1 equality     .          195.69     6.19781e-01 >
66 R_BR3.BPM6L3.x_BR3.DHZ9L1 equality     .          197.62    -1.48028e-01 >
67 R_BR3.BPM6L3.x_BR3.DVT12L4 equality     .          200.77    -5.88137e-02 >
68 R_BR3.BPM6L3.x_BR3.DVT13L4 equality     .          202.21     2.41482e-02 >
69 R_BR3.BPM6L3.x_BR3.DVT2L4 equality     .          200.88     1.13049e-01 >
70 R_BR3.BPM6L3.x_BR3.DVT6L4 equality     .          202.2      1.25661e-01 >
71 R_BR3.BPM6L3.x_BR3.DVT8L1 equality     .          199.68     2.09124e-01 >
72 R_BR3.BPM6L3.x_BR3.DVT9L1 equality     .          199.01     9.13714e-03 >
73 R_BR3.BPM7L3.x_BR3.DHZ11L4 equality     .          223.23     1.37091e-01 >
74 R_BR3.BPM7L3.x_BR3.DHZ12L4 equality     .          227.83     2.68406e-01 >
75 R_BR3.BPM7L3.x_BR3.DHZ13L4 equality     .          223.5      6.78582e-01 >
76 R_BR3.BPM7L3.x_BR3.DHZ14L1 equality     .          225.13     4.02126e-01 >
77 R_BR3.BPM7L3.x_BR3.DHZ8L1 equality     .          221.05     6.47586e-01 >
78 R_BR3.BPM7L3.x_BR3.DHZ9L1 equality     .          222.81    -3.55526e-01 >
79 R_BR3.BPM7L3.x_BR3.DVT12L4 equality     .          223.25    -5.68017e-02 >
80 R_BR3.BPM7L3.x_BR3.DVT13L4 equality     .          224.06    -2.32371e-01 >
81 R_BR3.BPM7L3.x_BR3.DVT2L4 equality     .          223.73     1.05842e-01 >
82 R_BR3.BPM7L3.x_BR3.DVT6L4 equality     .          226.92     2.41689e-01 >
83 R_BR3.BPM7L3.x_BR3.DVT8L1 equality     .          219.71     3.66510e-01 >
84 R_BR3.BPM7L3.x_BR3.DVT9L1 equality     .          227.4      1.71079e-02 >
85 R_BR3.BPM8L3.x_BR3.DHZ11L4 equality     .          331.84     1.39173e-01 >
86 R_BR3.BPM8L3.x_BR3.DHZ12L4 equality     .          343.02     1.11946e-01 >
87 R_BR3.BPM8L3.x_BR3.DHZ13L4 equality     .          339.67     7.24229e-01 >
88 R_BR3.BPM8L3.x_BR3.DHZ14L1 equality     .          338.78    -2.24461e-02 >
89 R_BR3.BPM8L3.x_BR3.DHZ8L1 equality     .          329.23     4.12308e-01 >
90 R_BR3.BPM8L3.x_BR3.DHZ9L1 equality     .          336.85    -3.21044e-01 >
91 R_BR3.BPM8L3.x_BR3.DVT12L4 equality     .          332.26    -3.72748e-03 >
92 R_BR3.BPM8L3.x_BR3.DVT13L4 equality     .          335.48    -1.02630e-01 >
93 R_BR3.BPM8L3.x_BR3.DVT2L4 equality     .          332.57    -1.49551e-02 >
94 R_BR3.BPM8L3.x_BR3.DVT6L4 equality     .          326.42     4.81393e-02 >
95 R_BR3.BPM8L3.x_BR3.DVT8L1 equality     .          334.17     3.70090e-01 >
96 R_BR3.BPM8L3.x_BR3.DVT9L1 equality     .          334.19     1.23195e-01 >
97 R_BR3.BPM9L3.x_BR3.DHZ11L4 equality     .          297.89     6.87968e-01 >
98 R_BR3.BPM9L3.x_BR3.DHZ12L4 equality     .          290.36    -1.35049e-02 >
99 R_BR3.BPM9L3.x_BR3.DHZ13L4 equality     .          300.89     6.98442e-01 >
100 R_BR3.BPM9L3.x_BR3.DHZ14L1 equality     .          300.3      7.89589e-01 >
101 R_BR3.BPM9L3.x_BR3.DHZ8L1 equality     .          275.12    -3.44230e-02 >
102 R_BR3.BPM9L3.x_BR3.DHZ9L1 equality     .          299.62    -2.66743e-01 >
103 R_BR3.BPM9L3.x_BR3.DVT12L4 equality     .          269.07    -5.44258e-02 >
104 R_BR3.BPM9L3.x_BR3.DVT13L4 equality     .          276.44     1.62427e-01 >
105 R_BR3.BPM9L3.x_BR3.DVT2L4 equality     .          271.33    -6.13221e-02 >
106 R_BR3.BPM9L3.x_BR3.DVT6L4 equality     .          272.15    -9.29711e-02 >
107 R_BR3.BPM9L3.x_BR3.DVT8L1 equality     .          281.79     2.12526e-01 >
108 R_BR3.BPM9L3.x_BR3.DVT9L1 equality     .          280.47     2.28442e-01 >
109 R_BR3.BPM10L3.x_BR3.DHZ11L4 equality     .          318.21     9.04126e-01 >
110 R_BR3.BPM10L3.x_BR3.DHZ12L4 equality     .          328.28     7.43626e-01 >
111 R_BR3.BPM10L3.x_BR3.DHZ13L4 equality     .          325.38     3.71841e-01 >
112 R_BR3.BPM10L3.x_BR3.DHZ14L1 equality     .          328.01     5.86103e-01 >
113 R_BR3.BPM10L3.x_BR3.DHZ8L1 equality     .          322.19     4.34849e-02 >
114 R_BR3.BPM10L3.x_BR3.DHZ9L1 equality     .          321.78     2.87927e-02 >
115 R_BR3.BPM10L3.x_BR3.DVT12L4 equality     .          314.56    -2.57468e-02 >
116 R_BR3.BPM10L3.x_BR3.DVT13L4 equality     .          323.59    -2.13597e-02 >
117 R_BR3.BPM10L3.x_BR3.DVT2L4 equality     .          324.95     6.17042e-02 >
118 R_BR3.BPM10L3.x_BR3.DVT6L4 equality     .          323.52     1.27523e-01 >
119 R_BR3.BPM10L3.x_BR3.DVT8L1 equality     .          325.33     9.39930e-02 >
120 R_BR3.BPM10L3.x_BR3.DVT9L1 equality     .          318.99     3.58691e-02 >
121 R_BR3.BPM11L3.x_BR3.DHZ11L4 equality     .          318.91    -1.64614e-01 >
122 R_BR3.BPM11L3.x_BR3.DHZ12L4 equality     .          325.59     5.28355e-01 >
123 R_BR3.BPM11L3.x_BR3.DHZ13L4 equality     .          322.64     8.91860e-01 >
124 R_BR3.BPM11L3.x_BR3.DHZ14L1 equality     .          325.75     2.45993e-01 >
125 R_BR3.BPM11L3.x_BR3.DHZ8L1 equality     .          315.33     1.99665e-01 >
126 R_BR3.BPM11L3.x_BR3.DHZ9L1 equality     .          318.05    -1.95588e-01 >
127 R_BR3.BPM11L3.x_BR3.DVT12L4 equality     .          321.26    -2.62303e-03 >
128 R_BR3.BPM11L3.x_BR3.DVT13L4 equality     .          323.22    -2.19201e-01 >
129 R_BR3.BPM11L3.x_BR3.DVT2L4 equality     .          323.98     8.43499e-02 >
130 R_BR3.BPM11L3.x_BR3.DVT6L4 equality     .          321.05     1.89178e-01 >
131 R_BR3.BPM11L3.x_BR3.DVT8L1 equality     .          323.79     3.56032e-01 >
132 R_BR3.BPM11L3.x_BR3.DVT9L1 equality     .          323.73    -5.54401e-02 >
133 R_BR3.BPM12L3.x_BR3.DHZ11L4 equality     .          232.5      2.70131e-01 >
134 R_BR3.BPM12L3.x_BR3.DHZ12L4 equality     .          234.92     3.52599e-01 >
135 R_BR3.BPM12L3.x_BR3.DHZ13L4 equality     .          234.62     1.02179e+00 >
136 R_BR3.BPM12L3.x_BR3.DHZ14L1 equality     .          237.48     1.78466e-01 >
137 R_BR3.BPM12L3.x_BR3.DHZ8L1 equality     .          231.14     5.53940e-01 >
138 R_BR3.BPM12L3.x_BR3.DHZ9L1 equality     .          236.23    -3.87705e-01 >
139 R_BR3.BPM12L3.x_BR3.DVT12L4 equality     .          231.44    -2.45256e-02 >
140 R_BR3.BPM12L3.x_BR3.DVT13L4 equality     .          235.61    -6.72597e-02 >
141 R_BR3.BPM12L3.x_BR3.DVT2L4 equality     .          235.35    -2.95262e-02 >
142 R_BR3.BPM12L3.x_BR3.DVT6L4 equality     .          233.52     1.83342e-02 >
143 R_BR3.BPM12L3.x_BR3.DVT8L1 equality     .          234.71     3.35496e-01 >
144 R_BR3.BPM12L3.x_BR3.DVT9L1 equality     .          238.07     1.15624e-01 >
145 R_BR3.BPM13L3.x_BR3.DHZ11L4 equality     .          288.46     9.73813e-01 >
146 R_BR3.BPM13L3.x_BR3.DHZ12L4 equality     .          297.24     4.47057e-01 >
147 R_BR3.BPM13L3.x_BR3.DHZ13L4 equality     .          295.89     5.29176e-01 >
148 R_BR3.BPM13L3.x_BR3.DHZ14L1 equality     .          295.8      5.54055e-01 >
149 R_BR3.BPM13L3.x_BR3.DHZ8L1 equality     .          286.85     3.32681e-01 >
150 R_BR3.BPM13L3.x_BR3.DHZ9L1 equality     .          295.94    -2.61986e-01 >
151 R_BR3.BPM13L3.x_BR3.DVT12L4 equality     .          285.58     7.34395e-02 >
152 R_BR3.BPM13L3.x_BR3.DVT13L4 equality     .          288.7      1.66114e-01 >
153 R_BR3.BPM13L3.x_BR3.DVT2L4 equality     .          293.09    -4.93210e-02 >
154 R_BR3.BPM13L3.x_BR3.DVT6L4 equality     .          292.59    -8.36299e-02 >
155 R_BR3.BPM13L3.x_BR3.DVT8L1 equality     .          292.51     1.22366e-01 >
156 R_BR3.BPM13L3.x_BR3.DVT9L1 equality     .          290.36     2.18305e-01 >
157 R_BR3.BPM14L3.x_BR3.DHZ11L4 equality     .          212.24     9.46624e-01 >
158 R_BR3.BPM14L3.x_BR3.DHZ12L4 equality     .          213.11     3.54620e-01 >
159 R_BR3.BPM14L3.x_BR3.DHZ13L4 equality     .          215        5.82217e-01 >
160 R_BR3.BPM14L3.x_BR3.DHZ14L1 equality     .          215.57     9.16434e-01 >
161 R_BR3.BPM14L3.x_BR3.DHZ8L1 equality     .          208.87     5.05316e-01 >
162 R_BR3.BPM14L3.x_BR3.DHZ9L1 equality     .          215.99    -5.54732e-01 >
163 R_BR3.BPM14L3.x_BR3.DVT12L4 equality     .          212.81    -1.13449e-01 >
164 R_BR3.BPM14L3.x_BR3.DVT13L4 equality     .          214.9      1.30427e-01 >
165 R_BR3.BPM14L3.x_BR3.DVT2L4 equality     .          214.23     1.03302e-01 >
166 R_BR3.BPM14L3.x_BR3.DVT6L4 equality     .          214.62     1.24580e-01 >
167 R_BR3.BPM14L3.x_BR3.DVT8L1 equality     .          214.2      1.27604e-01 >
168 R_BR3.BPM14L3.x_BR3.DVT9L1 equality     .          214.58     3.15272e-02 >
169 R_BR3.BPM15L3.x_BR3.DHZ11L4 equality     .          318.02     1.91894e-01 >
170 R_BR3.BPM15L3.x_BR3.DHZ12L4 equality     .          322.62     5.64801e-01 >
171 R_BR3.BPM15L3.x_BR3.DHZ13L4 equality     .          318.77     8.01747e-01 >
172 R_BR3.BPM15L3.x_BR3.DHZ14L1 equality     .          318.38     6.57816e-01 >
173 R_BR3.BPM15L3.x_BR3.DHZ8L1 equality     .          310.39     7.18466e-01 >
174 R_BR3.BPM15L3.x_BR3.DHZ9L1 equality     .          316.93    -1.74603e-01 >
175 R_BR3.BPM15L3.x_BR3.DVT12L4 equality     .          319.68    -8.74585e-02 >
176 R_BR3.BPM15L3.x_BR3.DVT13L4 equality     .          316.76    -2.65901e-01 >
177 R_BR3.BPM15L3.x_BR3.DVT2L4 equality     .          319.5      2.35269e-02 >
178 R_BR3.BPM15L3.x_BR3.DVT6L4 equality     .          317.69     1.14249e-01 >
179 R_BR3.BPM15L3.x_BR3.DVT8L1 equality     .          319.48     3.41920e-01 >
180 R_BR3.BPM15L3.x_BR3.DVT9L1 equality     .          320.4     -3.90352e-02 >
181 R_BR3.BPM16L3.x_BR3.DHZ11L4 equality     .          338.99     2.08373e-01 >
182 R_BR3.BPM16L3.x_BR3.DHZ12L4 equality     .          342.87     3.93943e-01 >
183 R_BR3.BPM16L3.x_BR3.DHZ13L4 equality     .          335.7      4.53131e-01 >
184 R_BR3.BPM16L3.x_BR3.DHZ14L1 equality     .          338.12    -3.27366e-01 >
185 R_BR3.BPM16L3.x_BR3.DHZ8L1 equality     .          333.59     3.96424e-01 >
186 R_BR3.BPM16L3.x_BR3.DHZ9L1 equality     .          341.37    -6.60674e-02 >
187 R_BR3.BPM16L3.x_BR3.DVT12L4 equality     .          329.08     2.43432e-02 >
188 R_BR3.BPM16L3.x_BR3.DVT13L4 equality     .          332.21    -1.96967e-01 >
189 R_BR3.BPM16L3.x_BR3.DVT2L4 equality     .          328.75    -6.27529e-02 >
190 R_BR3.BPM16L3.x_BR3.DVT6L4 equality     .          328.86    -1.21745e-02 >
191 R_BR3.BPM16L3.x_BR3.DVT8L1 equality     .          334.48     3.10419e-01 >
192 R_BR3.BPM16L3.x_BR3.DVT9L1 equality     .          334.14     1.24287e-01 >
193 R_BR3.BPM1L3.y_BR3.DHZ11L4 equality     .          256.25    -1.46510e-01 >
194 R_BR3.BPM1L3.y_BR3.DHZ12L4 equality     .          262.82    -8.39933e-03 >
195 R_BR3.BPM1L3.y_BR3.DHZ13L4 equality     .          262.88     1.63441e-01 >
196 R_BR3.BPM1L3.y_BR3.DHZ14L1 equality     .          261.24     7.45221e-02 >
197 R_BR3.BPM1L3.y_BR3.DHZ8L1 equality     .          258.42    -1.63803e-01 >
198 R_BR3.BPM1L3.y_BR3.DHZ9L1 equality     .          259.81     3.84244e-02 >
199 R_BR3.BPM1L3.y_BR3.DVT12L4 equality     .          253.55    -7.61571e-02 >
200 R_BR3.BPM1L3.y_BR3.DVT13L4 equality     .          256.41    -1.39295e-01 >
201 R_BR3.BPM1L3.y_BR3.DVT2L4 equality     .          255.28     2.49302e-02 >
202 R_BR3.BPM1L3.y_BR3.DVT6L4 equality     .          258.8      2.28266e-02 >
203 R_BR3.BPM1L3.y_BR3.DVT8L1 equality     .          253.9      1.18919e-01 >
204 R_BR3.BPM1L3.y_BR3.DVT9L1 equality     .          262.54    -1.11577e-01 >
205 R_BR3.BPM2L3.y_BR3.DHZ11L4 equality     .          193.77     2.23758e-02 >
206 R_BR3.BPM2L3.y_BR3.DHZ12L4 equality     .          195.51    -1.00623e-01 >
207 R_BR3.BPM2L3.y_BR3.DHZ13L4 equality     .          194.69    -5.26947e-02 >
208 R_BR3.BPM2L3.y_BR3.DHZ14L1 equality     .          194.89    -2.37055e-02 >
209 R_BR3.BPM2L3.y_BR3.DHZ8L1 equality     .          193.7     -3.56478e-02 >
210 R_BR3.BPM2L3.y_BR3.DHZ9L1 equality     .          194       -1.29771e-01 >
211 R_BR3.BPM2L3.y_BR3.DVT12L4 equality     .          193.39     3.37440e-02 >
212 R_BR3.BPM2L3.y_BR3.DVT13L4 equality     .          199.37     2.60310e-01 >
213 R_BR3.BPM2L3.y_BR3.DVT2L4 equality     .          193.95     9.69900e-02 >
214 R_BR3.BPM2L3.y_BR3.DVT6L4 equality     .          194.29     1.18383e-01 >
215 R_BR3.BPM2L3.y_BR3.DVT8L1 equality     .          197.45     4.66365e-03 >
216 R_BR3.BPM2L3.y_BR3.DVT9L1 equality     .          201.64    -3.46178e-01 >
217 R_BR3.BPM3L3.y_BR3.DHZ11L4 equality     .          309.08     1.67910e-01 >
218 R_BR3.BPM3L3.y_BR3.DHZ12L4 equality     .          311.71     1.93879e-02 >
219 R_BR3.BPM3L3.y_BR3.DHZ13L4 equality     .          313.44    -1.99931e-01 >
220 R_BR3.BPM3L3.y_BR3.DHZ14L1 equality     .          310.99    -1.54123e-01 >
221 R_BR3.BPM3L3.y_BR3.DHZ8L1 equality     .          306.46     1.94959e-01 >
222 R_BR3.BPM3L3.y_BR3.DHZ9L1 equality     .          307.02    -4.08119e-03 >
223 R_BR3.BPM3L3.y_BR3.DVT12L4 equality     .          302.21    -4.11112e-02 >
224 R_BR3.BPM3L3.y_BR3.DVT13L4 equality     .          306.62    -8.57972e-02 >
225 R_BR3.BPM3L3.y_BR3.DVT2L4 equality     .          305.61     2.17243e-01 >
226 R_BR3.BPM3L3.y_BR3.DVT6L4 equality     .          305.13    -5.66455e-02 >
227 R_BR3.BPM3L3.y_BR3.DVT8L1 equality     .          303.25     2.24041e-02 >
228 R_BR3.BPM3L3.y_BR3.DVT9L1 equality     .          307.19     9.05577e-02 >
229 R_BR3.BPM4L3.y_BR3.DHZ11L4 equality     .          207.99    -6.50089e-02 >
230 R_BR3.BPM4L3.y_BR3.DHZ12L4 equality     .          211.05     5.30248e-02 >
231 R_BR3.BPM4L3.y_BR3.DHZ13L4 equality     .          211.6      4.16794e-02 >
232 R_BR3.BPM4L3.y_BR3.DHZ14L1 equality     .          210.73     1.79920e-02 >
233 R_BR3.BPM4L3.y_BR3.DHZ8L1 equality     .          210.5     -7.93560e-03 >
234 R_BR3.BPM4L3.y_BR3.DHZ9L1 equality     .          210.07     1.31976e-01 >
235 R_BR3.BPM4L3.y_BR3.DVT12L4 equality     .          209.22    -7.31640e-01 >
236 R_BR3.BPM4L3.y_BR3.DVT13L4 equality     .          209.46    -4.25336e-03 >
237 R_BR3.BPM4L3.y_BR3.DVT2L4 equality     .          210.76     4.50942e-01 >
238 R_BR3.BPM4L3.y_BR3.DVT6L4 equality     .          210.02     5.59954e-01 >
239 R_BR3.BPM4L3.y_BR3.DVT8L1 equality     .          206.75    -1.88726e-01 >
240 R_BR3.BPM4L3.y_BR3.DVT9L1 equality     .          208.22    -8.67224e-02 >
241 R_BR3.BPM5L3.y_BR3.DHZ11L4 equality     .          301.26    -1.67792e-01 >
242 R_BR3.BPM5L3.y_BR3.DHZ12L4 equality     .          303.11    -3.04802e-02 >
243 R_BR3.BPM5L3.y_BR3.DHZ13L4 equality     .          299.49     1.98162e-01 >
244 R_BR3.BPM5L3.y_BR3.DHZ14L1 equality     .          301.21     1.38333e-01 >
245 R_BR3.BPM5L3.y_BR3.DHZ8L1 equality     .          301.52    -1.82900e-01 >
246 R_BR3.BPM5L3.y_BR3.DHZ9L1 equality     .          302.17     3.91817e-02 >
247 R_BR3.BPM5L3.y_BR3.DVT12L4 equality     .          300       -1.69967e-02 >
248 R_BR3.BPM5L3.y_BR3.DVT13L4 equality     .          293.79     1.58954e-01 >
249 R_BR3.BPM5L3.y_BR3.DVT2L4 equality     .          295.21    -1.65525e-01 >
250 R_BR3.BPM5L3.y_BR3.DVT6L4 equality     .          296.66     1.27793e-01 >
251 R_BR3.BPM5L3.y_BR3.DVT8L1 equality     .          296.81    -4.68935e-02 >
252 R_BR3.BPM5L3.y_BR3.DVT9L1 equality     .          302.94    -1.88302e-01 >
253 R_BR3.BPM6L3.y_BR3.DHZ11L4 equality     .          201.95     5.14629e-02 >
254 R_BR3.BPM6L3.y_BR3.DHZ12L4 equality     .          201.03    -8.97803e-02 >
255 R_BR3.BPM6L3.y_BR3.DHZ13L4 equality     .          202.5     -9.25452e-02 >
256 R_BR3.BPM6L3.y_BR3.DHZ14L1 equality     .          200.64    -9.98995e-02 >
257 R_BR3.BPM6L3.y_BR3.DHZ8L1 equality     .          201.33     5.85641e-02 >
258 R_BR3.BPM6L3.y_BR3.DHZ9L1 equality     .          199.71    -1.12552e-01 >
259 R_BR3.BPM6L3.y_BR3.DVT12L4 equality     .          196.41     6.76248e-01 >
260 R_BR3.BPM6L3.y_BR3.DVT13L4 equality     .          199.93    -1.07223e-02 >
261 R_BR3.BPM6L3.y_BR3.DVT2L4 equality     .          198.6     -3.23169e-01 >
262 R_BR3.BPM6L3.y_BR3.DVT6L4 equality     .          198.12    -5.11676e-01 >
263 R_BR3.BPM6L3.y_BR3.DVT8L1 equality     .          200.55     2.68799e-01 >
264 R_BR3.BPM6L3.y_BR3.DVT9L1 equality     .          198.53     7.53936e-02 >
265 R_BR3.BPM7L3.y_BR3.DHZ11L4 equality     .          246.76     1.76286e-01 >
266 R_BR3.BPM7L3.y_BR3.DHZ12L4 equality     .          247.85     7.99465e-03 >
267 R_BR3.BPM7L3.y_BR3.DHZ13L4 equality     .          244       -2.24588e-01 >
268 R_BR3.BPM7L3.y_BR3.DHZ14L1 equality     .          246.12    -1.70115e-01 >
269 R_BR3.BPM7L3.y_BR3.DHZ8L1 equality     .          243.28     2.01424e-01 >
270 R_BR3.BPM7L3.y_BR3.DHZ9L1 equality     .          241.94     3.98357e-03 >
271 R_BR3.BPM7L3.y_BR3.DVT12L4 equality     .          246.24    -1.84785e-01 >
272 R_BR3.BPM7L3.y_BR3.DVT13L4 equality     .          249.15     1.61815e-01 >
273 R_BR3.BPM7L3.y_BR3.DVT2L4 equality     .          249.6      1.03631e-01 >
274 R_BR3.BPM7L3.y_BR3.DVT6L4 equality     .          248.85    -5.88600e-02 >
275 R_BR3.BPM7L3.y_BR3.DVT8L1 equality     .          245.18    -1.76929e-01 >
276 R_BR3.BPM7L3.y_BR3.DVT9L1 equality     .          247.54     2.06394e-01 >
277 R_BR3.BPM8L3.y_BR3.DHZ11L4 equality     .          304.27     3.40266e-02 >
278 R_BR3.BPM8L3.y_BR3.DHZ12L4 equality     .          306.73     7.44680e-02 >
279 R_BR3.BPM8L3.y_BR3.DHZ13L4 equality     .          311.23    -1.14886e-02 >
280 R_BR3.BPM8L3.y_BR3.DHZ14L1 equality     .          305.81    -6.60746e-02 >
281 R_BR3.BPM8L3.y_BR3.DHZ8L1 equality     .          306.46     7.44062e-02 >
282 R_BR3.BPM8L3.y_BR3.DHZ9L1 equality     .          305.92     1.43118e-01 >
283 R_BR3.BPM8L3.y_BR3.DVT12L4 equality     .          304.41     1.12642e-01 >
284 R_BR3.BPM8L3.y_BR3.DVT13L4 equality     .          306.97    -4.35830e-02 >
285 R_BR3.BPM8L3.y_BR3.DVT2L4 equality     .          303.15    -3.43610e-01 >
286 R_BR3.BPM8L3.y_BR3.DVT6L4 equality     .          299.95     5.22182e-02 >
287 R_BR3.BPM8L3.y_BR3.DVT8L1 equality     .          307.45     3.19211e-01 >
288 R_BR3.BPM8L3.y_BR3.DVT9L1 equality     .          309.51     3.58377e-01 >
289 R_BR3.BPM9L3.y_BR3.DHZ11L4 equality     .          337.26    -1.92331e-01 >
290 R_BR3.BPM9L3.y_BR3.DHZ12L4 equality     .          338.42    -1.34170e-02 >
291 R_BR3.BPM9L3.y_BR3.DHZ13L4 equality     .          336.49     1.83871e-01 >
292 R_BR3.BPM9L3.y_BR3.DHZ14L1 equality     .          336.12     1.31099e-01 >
293 R_BR3.BPM9L3.y_BR3.DHZ8L1 equality     .          332.47    -1.07063e-01 >
294 R_BR3.BPM9L3.y_BR3.DHZ9L1 equality     .          337.6      1.00475e-02 >
295 R_BR3.BPM9L3.y_BR3.DVT12L4 equality     .          328.6     -3.44201e-01 >
296 R_BR3.BPM9L3.y_BR3.DVT13L4 equality     .          337.33     1.56081e-01 >
297 R_BR3.BPM9L3.y_BR3.DVT2L4 equality     .          334.57     1.02874e-01 >
298 R_BR3.BPM9L3.y_BR3.DVT6L4 equality     .          331.98     2.08150e-02 >
299 R_BR3.BPM9L3.y_BR3.DVT8L1 equality     .          333.76    -7.53362e-03 >
300 R_BR3.BPM9L3.y_BR3.DVT9L1 equality     .          335.23     1.81708e-01 >
301 R_BR3.BPM10L3.y_BR3.DHZ11L4 equality     .          362.34     9.03801e-02 >
302 R_BR3.BPM10L3.y_BR3.DHZ12L4 equality     .          366.15    -8.60922e-02 >
303 R_BR3.BPM10L3.y_BR3.DHZ13L4 equality     .          367.87    -1.00202e-01 >
304 R_BR3.BPM10L3.y_BR3.DHZ14L1 equality     .          363.46    -1.39453e-02 >
305 R_BR3.BPM10L3.y_BR3.DHZ8L1 equality     .          362.05    -4.05567e-02 >
306 R_BR3.BPM10L3.y_BR3.DHZ9L1 equality     .          363.87    -1.66960e-01 >
307 R_BR3.BPM10L3.y_BR3.DVT12L4 equality     .          351.58     8.39797e-03 >
308 R_BR3.BPM10L3.y_BR3.DVT13L4 equality     .          361.06    -1.68952e-01 >
309 R_BR3.BPM10L3.y_BR3.DVT2L4 equality     .          356.01     2.94308e-01 >
310 R_BR3.BPM10L3.y_BR3.DVT6L4 equality     .          356.24    -2.04692e-02 >
311 R_BR3.BPM10L3.y_BR3.DVT8L1 equality     .          361.9     -3.24679e-01 >
312 R_BR3.BPM10L3.y_BR3.DVT9L1 equality     .          361.92     3.63684e-02 >
313 R_BR3.BPM11L3.y_BR3.DHZ11L4 equality     .          314.59     1.95053e-01 >
314 R_BR3.BPM11L3.y_BR3.DHZ12L4 equality     .          317.36     8.79338e-02 >
315 R_BR3.BPM11L3.y_BR3.DHZ13L4 equality     .          318.05    -1.98011e-01 >
316 R_BR3.BPM11L3.y_BR3.DHZ14L1 equality     .          319.71    -1.64046e-01 >
317 R_BR3.BPM11L3.y_BR3.DHZ8L1 equality     .          313.26     1.65675e-01 >
318 R_BR3.BPM11L3.y_BR3.DHZ9L1 equality     .          317.17     2.11984e-02 >
319 R_BR3.BPM11L3.y_BR3.DVT12L4 equality     .          317.98    -3.52943e-02 >
320 R_BR3.BPM11L3.y_BR3.DVT13L4 equality     .          322.72     2.58550e-02 >
321 R_BR3.BPM11L3.y_BR3.DVT2L4 equality     .          313.92     5.48755e-03 >
322 R_BR3.BPM11L3.y_BR3.DVT6L4 equality     .          318.65     1.53011e-02 >
323 R_BR3.BPM11L3.y_BR3.DVT8L1 equality     .          315.41    -1.82888e-01 >
324 R_BR3.BPM11L3.y_BR3.DVT9L1 equality     .          317.19    -8.94381e-02 >
325 R_BR3.BPM12L3.y_BR3.DHZ11L4 equality     .          227.9      2.86876e-02 >
326 R_BR3.BPM12L3.y_BR3.DHZ12L4 equality     .          231.84     9.14897e-02 >
327 R_BR3.BPM12L3.y_BR3.DHZ13L4 equality     .          231.33     3.49548e-02 >
328 R_BR3.BPM12L3.y_BR3.DHZ14L1 equality     .          231.42    -1.36047e-02 >
329 R_BR3.BPM12L3.y_BR3.DHZ8L1 equality     .          228.05     6.83884e-02 >
330 R_BR3.BPM12L3.y_BR3.DHZ9L1 equality     .          228.66     8.92790e-02 >
331 R_BR3.BPM12L3.y_BR3.DVT12L4 equality     .          232.22    -5.57049e-01 >
332 R_BR3.BPM12L3.y_BR3.DVT13L4 equality     .          234.4      2.39886e-01 >
333 R_BR3.BPM12L3.y_BR3.DVT2L4 equality     .          231.23     6.50786e-02 >
334 R_BR3.BPM12L3.y_BR3.DVT6L4 equality     .          234.4      2.36843e-01 >
335 R_BR3.BPM12L3.y_BR3.DVT8L1 equality     .          233.15    -3.25231e-02 >
336 R_BR3.BPM12L3.y_BR3.DVT9L1 equality     .          231.32    -1.66574e-02 >
337 R_BR3.BPM13L3.y_BR3.DHZ11L4 equality     .          313.96    -1.08682e-01 >
338 R_BR3.BPM13L3.y_BR3.DHZ12L4 equality     .          314.21    -1.73909e-02 >
339 R_BR3.BPM13L3.y_BR3.DHZ13L4 equality     .          313.76     2.02418e-01 >
340 R_BR3.BPM13L3.y_BR3.DHZ14L1 equality     .          313.87     1.67928e-01 >
341 R_BR3.BPM13L3.y_BR3.DHZ8L1 equality     .          311.3     -1.31688e-01 >
342 R_BR3.BPM13L3.y_BR3.DHZ9L1 equality     .          312.24     3.51047e-03 >
343 R_BR3.BPM13L3.y_BR3.DVT12L4 equality     .          315.58     8.63490e-02 >
344 R_BR3.BPM13L3.y_BR3.DVT13L4 equality     .          316.74     7.06595e-02 >
345 R_BR3.BPM13L3.y_BR3.DVT2L4 equality     .          312.35     5.70428e-02 >
346 R_BR3.BPM13L3.y_BR3.DVT6L4 equality     .          316.57    -3.98578e-02 >
347 R_BR3.BPM13L3.y_BR3.DVT8L1 equality     .          318.3      5.52473e-02 >
348 R_BR3.BPM13L3.y_BR3.DVT9L1 equality     .          321.29     1.23006e-01 >
349 R_BR3.BPM14L3.y_BR3.DHZ11L4 equality     .          245.56     1.39956e-02 >
350 R_BR3.BPM14L3.y_BR3.DHZ12L4 equality     .          245.54    -7.59070e-02 >
351 R_BR3.BPM14L3.y_BR3.DHZ13L4 equality     .          245.23     1.44724e-02 >
352 R_BR3.BPM14L3.y_BR3.DHZ14L1 equality     .          244.32     6.53940e-03 >
353 R_BR3.BPM14L3.y_BR3.DHZ8L1 equality     .          242.34    -3.44769e-02 >
354 R_BR3.BPM14L3.y_BR3.DHZ9L1 equality     .          246.38    -1.27831e-01 >
355 R_BR3.BPM14L3.y_BR3.DVT12L4 equality     .          240.96     1.61217e-01 >
356 R_BR3.BPM14L3.y_BR3.DVT13L4 equality     .          242.02     3.58948e-01 >
357 R_BR3.BPM14L3.y_BR3.DVT2L4 equality     .          243.11     1.02697e-01 >
358 R_BR3.BPM14L3.y_BR3.DVT6L4 equality     .          243.41     6.01860e-02 >
359 R_BR3.BPM14L3.y_BR3.DVT8L1 equality     .          243.07    -6.87568e-02 >
360 R_BR3.BPM14L3.y_BR3.DVT9L1 equality     .          245.83    -2.59917e-01 >
361 R_BR3.BPM15L3.y_BR3.DHZ11L4 equality     .          333.18     1.25720e-01 >
362 R_BR3.BPM15L3.y_BR3.DHZ12L4 equality     .          337.14     7.07260e-02 >
363 R_BR3.BPM15L3.y_BR3.DHZ13L4 equality     .          333.89    -1.90641e-01 >
364 R_BR3.BPM15L3.y_BR3.DHZ14L1 equality     .          334.99    -1.50280e-01 >
365 R_BR3.BPM15L3.y_BR3.DHZ8L1 equality     .          329.99     1.67542e-01 >
366 R_BR3.BPM15L3.y_BR3.DHZ9L1 equality     .          336.13     4.74993e-02 >
367 R_BR3.BPM15L3.y_BR3.DVT12L4 equality     .          333.12    -9.65421e-02 >
368 R_BR3.BPM15L3.y_BR3.DVT13L4 equality     .          332.85    -9.05729e-02 >
369 R_BR3.BPM15L3.y_BR3.DVT2L4 equality     .          338.13    -1.78208e-01 >
370 R_BR3.BPM15L3.y_BR3.DVT6L4 equality     .          336.49    -2.48012e-02 >
371 R_BR3.BPM15L3.y_BR3.DVT8L1 equality     .          338.36     3.93776e-02 >
372 R_BR3.BPM15L3.y_BR3.DVT9L1 equality     .          338.75    -8.40835e-02 >
373 R_BR3.BPM16L3.y_BR3.DHZ11L4 equality     .          368.2      4.14725e-02 >
374 R_BR3.BPM16L3.y_BR3.DHZ12L4 equality     .          370.49     7.65721e-02 >
375 R_BR3.BPM16L3.y_BR3.DHZ13L4 equality     .          369.72    -7.99433e-03 >
376 R_BR3.BPM16L3.y_BR3.DHZ14L1 equality     .          366.39    -6.95364e-03 >
377 R_BR3.BPM16L3.y_BR3.DHZ8L1 equality     .          366.65     7.48627e-02 >
378 R_BR3.BPM16L3.y_BR3.DHZ9L1 equality     .          369.32     1.23617e-01 >
379 R_BR3.BPM16L3.y_BR3.DVT12L4 equality     .          365.9      1.51998e-02 >
380 R_BR3.BPM16L3.y_BR3.DVT13L4 equality     .          367.05    -2.16724e-01 >
381 R_BR3.BPM16L3.y_BR3.DVT2L4 equality     .          365.04    -8.21790e-02 >
382 R_BR3.BPM16L3.y_BR3.DVT6L4 equality     .          365.3     -1.54094e-01 >
383 R_BR3.BPM16L3.y_BR3.DVT8L1 equality     .          366.12    -4.54474e-02 >
384 R_BR3.BPM16L3.y_BR3.DVT9L1 equality     .          368.53     3.69335e-01 >

 Variables                  Curr. Value  Curr. Step   Lower Limit  Upper Limit
--------------------------------------------------------------------------------
 1 BR.QFOCELL1.dk1l        -6.98535e-04  4.57137e-04   .            .         
 2 BR.QDE1.dk1l             1.63110e-03 -4.19531e-04   .            .         
 3 BR.QFOCELL2.dk1l        -2.61058e-03  2.49140e-06   .            .         
 4 BR.QDE2.dk1l             2.02431e-03 -5.75061e-06   .            .         
 5 BR.QFOCELL3.dk1l        -3.98867e-03 -4.61341e-04   .            .         
 6 BR.QDE3.dk1l             2.17873e-03  4.27509e-04   .            .         
 7 BR.QFOCELL4.dk1l         5.08892e-03  2.86317e-04   .            .         
 8 BR.QDE4.dk1l            -5.25245e-03 -2.56251e-04   .            .         
 9 BR.QFOCELL5.dk1l         1.03512e-02  5.76348e-04   .            .         
10 BR.QDE5.dk1l            -1.06004e-02 -5.20554e-04   .            .         
11 BR.QFOCELL6.dk1l        -7.73664e-03 -4.68568e-04   .            .         
12 BR.QDE6.dk1l             8.34923e-03  4.44014e-04   .            .         
13 BR.QFOCELL7.dk1l        -1.89269e-03 -7.36194e-04   .            .         
14 BR.QDE7.dk1l             3.26970e-03  6.80085e-04   .            .         
15 BR.QFOCELL8.dk1l         1.73192e-02  9.90304e-04   .            .         
16 BR.QDE8.dk1l            -1.79366e-02 -8.82197e-04   .            .         
17 BR.QFOCELL9.dk1l         8.51976e-03  7.01163e-04   .            .         
18 BR.QDE9.dk1l            -9.28134e-03 -6.35954e-04   .            .         
19 BR.QFOCELL10.dk1l       -1.16444e-02 -8.66152e-04   .            .         
20 BR.QDE10.dk1l            1.24131e-02  8.04359e-04   .            .         
21 BR.QFOCELL11.dk1l       -1.41328e-03 -3.68390e-04   .            .         
22 BR.QDE11.dk1l           -3.40149e-04  3.41311e-04   .            .         
23 BR.QFOCELL12.dk1l        2.27559e-03 -2.69736e-05   .            .         
24 BR.QDE12.dk1l           -2.60534e-03  3.30373e-05   .            .         
25 BR.QFOCELL13.dk1l        1.64246e-02  2.77417e-05   .            .         
26 BR.QDE13.dk1l           -1.69772e-02 -1.85411e-05   .            .         
27 BR.QFOCELL14.dk1l        5.82896e-03  2.33168e-05   .            .         
28 BR.QDE14.dk1l           -6.62468e-03 -3.02699e-05   .            .         
29 BR.QFOCELL15.dk1l       -1.03672e-02 -6.20514e-05   .            .         
30 BR.QDE15.dk1l            8.74542e-03  5.45638e-05   .            .         
31 BR.QFOCELL16.dk1l        2.46056e-03 -2.60938e-04   .            .         
32 BR.QDE16.dk1l           -9.44037e-04  2.49054e-04   .            .         

ncall=100 [3.1s], fval=2.83647e-01, fstp=-7.79569e-05, ccnt=384.


 Constraints                Type        Kind        Weight     Expr. Value
------------------------------------------------------------------------------
 1 R_BR3.BPM1L3.x_BR3.DHZ11L4 equality     .          252.48     6.42278e-01 >
 2 R_BR3.BPM1L3.x_BR3.DHZ12L4 equality     .          260.42     3.97445e-01 >
 3 R_BR3.BPM1L3.x_BR3.DHZ13L4 equality     .          256.05     6.13603e-01 >
 4 R_BR3.BPM1L3.x_BR3.DHZ14L1 equality     .          258.32     2.22872e-01 >
 5 R_BR3.BPM1L3.x_BR3.DHZ8L1 equality     .          251.74    -6.27725e-02 >
 6 R_BR3.BPM1L3.x_BR3.DHZ9L1 equality     .          252.65    -2.83309e-01 >
 7 R_BR3.BPM1L3.x_BR3.DVT12L4 equality     .          251.78     5.60860e-02 >
 8 R_BR3.BPM1L3.x_BR3.DVT13L4 equality     .          258.72     1.88025e-01 >
 9 R_BR3.BPM1L3.x_BR3.DVT2L4 equality     .          257.05    -2.01718e-02 >
10 R_BR3.BPM1L3.x_BR3.DVT6L4 equality     .          253.7     -5.09599e-02 >
11 R_BR3.BPM1L3.x_BR3.DVT8L1 equality     .          253.42     1.24177e-01 >
12 R_BR3.BPM1L3.x_BR3.DVT9L1 equality     .          257.59     1.85747e-01 >
13 R_BR3.BPM2L3.x_BR3.DHZ11L4 equality     .          157.62     3.74655e-01 >
14 R_BR3.BPM2L3.x_BR3.DHZ12L4 equality     .          157.89     7.50413e-01 >
15 R_BR3.BPM2L3.x_BR3.DHZ13L4 equality     .          158.03     9.96659e-01 >
16 R_BR3.BPM2L3.x_BR3.DHZ14L1 equality     .          158.62     1.12561e+00 >
17 R_BR3.BPM2L3.x_BR3.DHZ8L1 equality     .          156.4      2.06591e-01 >
18 R_BR3.BPM2L3.x_BR3.DHZ9L1 equality     .          157.36    -1.17775e-01 >
19 R_BR3.BPM2L3.x_BR3.DVT12L4 equality     .          156.11    -1.84365e-02 >
20 R_BR3.BPM2L3.x_BR3.DVT13L4 equality     .          155.52     7.46097e-02 >
21 R_BR3.BPM2L3.x_BR3.DVT2L4 equality     .          154.03     1.04923e-01 >
22 R_BR3.BPM2L3.x_BR3.DVT6L4 equality     .          157.2      6.54039e-02 >
23 R_BR3.BPM2L3.x_BR3.DVT8L1 equality     .          156.4      1.85090e-01 >
24 R_BR3.BPM2L3.x_BR3.DVT9L1 equality     .          155.82     3.97498e-02 >
25 R_BR3.BPM3L3.x_BR3.DHZ11L4 equality     .          306.38     6.06807e-01 >
26 R_BR3.BPM3L3.x_BR3.DHZ12L4 equality     .          309.92     1.01773e-01 >
27 R_BR3.BPM3L3.x_BR3.DHZ13L4 equality     .          307.15     2.10952e-01 >
28 R_BR3.BPM3L3.x_BR3.DHZ14L1 equality     .          305.61     1.98842e-01 >
29 R_BR3.BPM3L3.x_BR3.DHZ8L1 equality     .          303.8      1.01590e+00 >
30 R_BR3.BPM3L3.x_BR3.DHZ9L1 equality     .          305.13    -5.66817e-01 >
31 R_BR3.BPM3L3.x_BR3.DVT12L4 equality     .          308.36    -4.10726e-02 >
32 R_BR3.BPM3L3.x_BR3.DVT13L4 equality     .          309.21    -2.30169e-01 >
33 R_BR3.BPM3L3.x_BR3.DVT2L4 equality     .          309.43     1.54203e-01 >
34 R_BR3.BPM3L3.x_BR3.DVT6L4 equality     .          313.2      1.40397e-01 >
35 R_BR3.BPM3L3.x_BR3.DVT8L1 equality     .          311.18     3.28882e-01 >
36 R_BR3.BPM3L3.x_BR3.DVT9L1 equality     .          307.84     4.60156e-03 >
37 R_BR3.BPM4L3.x_BR3.DHZ11L4 equality     .          198.02     3.78053e-01 >
38 R_BR3.BPM4L3.x_BR3.DHZ12L4 equality     .          203.28     3.12120e-02 >
39 R_BR3.BPM4L3.x_BR3.DHZ13L4 equality     .          201.28     4.19129e-01 >
40 R_BR3.BPM4L3.x_BR3.DHZ14L1 equality     .          204.36    -3.05618e-01 >
41 R_BR3.BPM4L3.x_BR3.DHZ8L1 equality     .          198.49     3.24746e-01 >
42 R_BR3.BPM4L3.x_BR3.DHZ9L1 equality     .          201.82    -4.59400e-01 >
43 R_BR3.BPM4L3.x_BR3.DVT12L4 equality     .          195.66    -2.03842e-02 >
44 R_BR3.BPM4L3.x_BR3.DVT13L4 equality     .          199.18    -1.25990e-01 >
45 R_BR3.BPM4L3.x_BR3.DVT2L4 equality     .          199.43    -4.13025e-02 >
46 R_BR3.BPM4L3.x_BR3.DVT6L4 equality     .          196.72     2.52802e-02 >
47 R_BR3.BPM4L3.x_BR3.DVT8L1 equality     .          199.21     3.05817e-01 >
48 R_BR3.BPM4L3.x_BR3.DVT9L1 equality     .          198.45     8.71998e-02 >
49 R_BR3.BPM5L3.x_BR3.DHZ11L4 equality     .          324.79     7.54099e-01 >
50 R_BR3.BPM5L3.x_BR3.DHZ12L4 equality     .          337.32     3.41688e-01 >
51 R_BR3.BPM5L3.x_BR3.DHZ13L4 equality     .          331.08     6.53099e-01 >
52 R_BR3.BPM5L3.x_BR3.DHZ14L1 equality     .          329.86     4.55435e-01 >
53 R_BR3.BPM5L3.x_BR3.DHZ8L1 equality     .          326.2     -1.32786e-02 >
54 R_BR3.BPM5L3.x_BR3.DHZ9L1 equality     .          330.74    -3.57549e-01 >
55 R_BR3.BPM5L3.x_BR3.DVT12L4 equality     .          325.59     8.12044e-03 >
56 R_BR3.BPM5L3.x_BR3.DVT13L4 equality     .          331.84     1.69031e-01 >
57 R_BR3.BPM5L3.x_BR3.DVT2L4 equality     .          334.36    -9.37612e-02 >
58 R_BR3.BPM5L3.x_BR3.DVT6L4 equality     .          327.83    -3.99452e-02 >
59 R_BR3.BPM5L3.x_BR3.DVT8L1 equality     .          333.8      1.15984e-01 >
60 R_BR3.BPM5L3.x_BR3.DVT9L1 equality     .          330.19     1.47389e-01 >
61 R_BR3.BPM6L3.x_BR3.DHZ11L4 equality     .          199.47     6.30960e-01 >
62 R_BR3.BPM6L3.x_BR3.DHZ12L4 equality     .          200.7      7.75528e-01 >
63 R_BR3.BPM6L3.x_BR3.DHZ13L4 equality     .          204.48     7.56317e-01 >
64 R_BR3.BPM6L3.x_BR3.DHZ14L1 equality     .          198.32     9.37150e-01 >
65 R_BR3.BPM6L3.x_BR3.DHZ8L1 equality     .          195.69     6.27956e-01 >
66 R_BR3.BPM6L3.x_BR3.DHZ9L1 equality     .          197.62    -1.48746e-01 >
67 R_BR3.BPM6L3.x_BR3.DVT12L4 equality     .          200.77    -5.88142e-02 >
68 R_BR3.BPM6L3.x_BR3.DVT13L4 equality     .          202.21     2.41493e-02 >
69 R_BR3.BPM6L3.x_BR3.DVT2L4 equality     .          200.88     1.13049e-01 >
70 R_BR3.BPM6L3.x_BR3.DVT6L4 equality     .          202.2      1.25660e-01 >
71 R_BR3.BPM6L3.x_BR3.DVT8L1 equality     .          199.68     2.09124e-01 >
72 R_BR3.BPM6L3.x_BR3.DVT9L1 equality     .          199.01     9.13685e-03 >
73 R_BR3.BPM7L3.x_BR3.DHZ11L4 equality     .          223.23     1.38620e-01 >
74 R_BR3.BPM7L3.x_BR3.DHZ12L4 equality     .          227.83     2.61218e-01 >
75 R_BR3.BPM7L3.x_BR3.DHZ13L4 equality     .          223.5      6.78165e-01 >
76 R_BR3.BPM7L3.x_BR3.DHZ14L1 equality     .          225.13     4.04321e-01 >
77 R_BR3.BPM7L3.x_BR3.DHZ8L1 equality     .          221.05     6.46986e-01 >
78 R_BR3.BPM7L3.x_BR3.DHZ9L1 equality     .          222.81    -3.59558e-01 >
79 R_BR3.BPM7L3.x_BR3.DVT12L4 equality     .          223.25    -5.68013e-02 >
80 R_BR3.BPM7L3.x_BR3.DVT13L4 equality     .          224.06    -2.32373e-01 >
81 R_BR3.BPM7L3.x_BR3.DVT2L4 equality     .          223.73     1.05842e-01 >
82 R_BR3.BPM7L3.x_BR3.DVT6L4 equality     .          226.92     2.41689e-01 >
83 R_BR3.BPM7L3.x_BR3.DVT8L1 equality     .          219.71     3.66510e-01 >
84 R_BR3.BPM7L3.x_BR3.DVT9L1 equality     .          227.4      1.71076e-02 >
85 R_BR3.BPM8L3.x_BR3.DHZ11L4 equality     .          331.84     1.41043e-01 >
86 R_BR3.BPM8L3.x_BR3.DHZ12L4 equality     .          343.02     1.14542e-01 >
87 R_BR3.BPM8L3.x_BR3.DHZ13L4 equality     .          339.67     7.22010e-01 >
88 R_BR3.BPM8L3.x_BR3.DHZ14L1 equality     .          338.78    -2.54333e-02 >
89 R_BR3.BPM8L3.x_BR3.DHZ8L1 equality     .          329.23     4.13378e-01 >
90 R_BR3.BPM8L3.x_BR3.DHZ9L1 equality     .          336.85    -3.24339e-01 >
91 R_BR3.BPM8L3.x_BR3.DVT12L4 equality     .          332.26    -3.72675e-03 >
92 R_BR3.BPM8L3.x_BR3.DVT13L4 equality     .          335.48    -1.02631e-01 >
93 R_BR3.BPM8L3.x_BR3.DVT2L4 equality     .          332.57    -1.49551e-02 >
94 R_BR3.BPM8L3.x_BR3.DVT6L4 equality     .          326.42     4.81389e-02 >
95 R_BR3.BPM8L3.x_BR3.DVT8L1 equality     .          334.17     3.70090e-01 >
96 R_BR3.BPM8L3.x_BR3.DVT9L1 equality     .          334.19     1.23195e-01 >
97 R_BR3.BPM9L3.x_BR3.DHZ11L4 equality     .          297.89     6.91518e-01 >
98 R_BR3.BPM9L3.x_BR3.DHZ12L4 equality     .          290.36    -1.97837e-02 >
99 R_BR3.BPM9L3.x_BR3.DHZ13L4 equality     .          300.89     6.96208e-01 >
100 R_BR3.BPM9L3.x_BR3.DHZ14L1 equality     .          300.3      7.91604e-01 >
101 R_BR3.BPM9L3.x_BR3.DHZ8L1 equality     .          275.12    -4.42884e-02 >
102 R_BR3.BPM9L3.x_BR3.DHZ9L1 equality     .          299.62    -2.75040e-01 >
103 R_BR3.BPM9L3.x_BR3.DVT12L4 equality     .          269.07    -5.44248e-02 >
104 R_BR3.BPM9L3.x_BR3.DVT13L4 equality     .          276.44     1.62428e-01 >
105 R_BR3.BPM9L3.x_BR3.DVT2L4 equality     .          271.33    -6.13238e-02 >
106 R_BR3.BPM9L3.x_BR3.DVT6L4 equality     .          272.15    -9.29721e-02 >
107 R_BR3.BPM9L3.x_BR3.DVT8L1 equality     .          281.79     2.12526e-01 >
108 R_BR3.BPM9L3.x_BR3.DVT9L1 equality     .          280.47     2.28443e-01 >
109 R_BR3.BPM10L3.x_BR3.DHZ11L4 equality     .          318.21     9.13791e-01 >
110 R_BR3.BPM10L3.x_BR3.DHZ12L4 equality     .          328.28     7.41844e-01 >
111 R_BR3.BPM10L3.x_BR3.DHZ13L4 equality     .          325.38     3.62748e-01 >
112 R_BR3.BPM10L3.x_BR3.DHZ14L1 equality     .          328.01     5.79258e-01 >
113 R_BR3.BPM10L3.x_BR3.DHZ8L1 equality     .          322.19     4.67654e-02 >
114 R_BR3.BPM10L3.x_BR3.DHZ9L1 equality     .          321.78     2.08958e-02 >
115 R_BR3.BPM10L3.x_BR3.DVT12L4 equality     .          314.56    -2.57474e-02 >
116 R_BR3.BPM10L3.x_BR3.DVT13L4 equality     .          323.59    -2.13585e-02 >
117 R_BR3.BPM10L3.x_BR3.DVT2L4 equality     .          324.95     6.17041e-02 >
118 R_BR3.BPM10L3.x_BR3.DVT6L4 equality     .          323.52     1.27523e-01 >
119 R_BR3.BPM10L3.x_BR3.DVT8L1 equality     .          325.33     9.39926e-02 >
120 R_BR3.BPM10L3.x_BR3.DVT9L1 equality     .          318.99     3.58690e-02 >
121 R_BR3.BPM11L3.x_BR3.DHZ11L4 equality     .          318.91    -1.61388e-01 >
122 R_BR3.BPM11L3.x_BR3.DHZ12L4 equality     .          325.59     5.25982e-01 >
123 R_BR3.BPM11L3.x_BR3.DHZ13L4 equality     .          322.64     8.89002e-01 >
124 R_BR3.BPM11L3.x_BR3.DHZ14L1 equality     .          325.75     2.43924e-01 >
125 R_BR3.BPM11L3.x_BR3.DHZ8L1 equality     .          315.33     2.02410e-01 >
126 R_BR3.BPM11L3.x_BR3.DHZ9L1 equality     .          318.05    -1.94030e-01 >
127 R_BR3.BPM11L3.x_BR3.DVT12L4 equality     .          321.26    -2.62222e-03 >
128 R_BR3.BPM11L3.x_BR3.DVT13L4 equality     .          323.22    -2.19202e-01 >
129 R_BR3.BPM11L3.x_BR3.DVT2L4 equality     .          323.98     8.43496e-02 >
130 R_BR3.BPM11L3.x_BR3.DVT6L4 equality     .          321.05     1.89177e-01 >
131 R_BR3.BPM11L3.x_BR3.DVT8L1 equality     .          323.79     3.56033e-01 >
132 R_BR3.BPM11L3.x_BR3.DVT9L1 equality     .          323.73    -5.54401e-02 >
133 R_BR3.BPM12L3.x_BR3.DHZ11L4 equality     .          232.5      2.68316e-01 >
134 R_BR3.BPM12L3.x_BR3.DHZ12L4 equality     .          234.92     3.54313e-01 >
135 R_BR3.BPM12L3.x_BR3.DHZ13L4 equality     .          234.62     1.02372e+00 >
136 R_BR3.BPM12L3.x_BR3.DHZ14L1 equality     .          237.48     1.79573e-01 >
137 R_BR3.BPM12L3.x_BR3.DHZ8L1 equality     .          231.14     5.51798e-01 >
138 R_BR3.BPM12L3.x_BR3.DHZ9L1 equality     .          236.23    -3.87363e-01 >
139 R_BR3.BPM12L3.x_BR3.DVT12L4 equality     .          231.44    -2.45247e-02 >
140 R_BR3.BPM12L3.x_BR3.DVT13L4 equality     .          235.61    -6.72609e-02 >
141 R_BR3.BPM12L3.x_BR3.DVT2L4 equality     .          235.35    -2.95263e-02 >
142 R_BR3.BPM12L3.x_BR3.DVT6L4 equality     .          233.52     1.83342e-02 >
143 R_BR3.BPM12L3.x_BR3.DVT8L1 equality     .          234.71     3.35496e-01 >
144 R_BR3.BPM12L3.x_BR3.DVT9L1 equality     .          238.07     1.15625e-01 >
145 R_BR3.BPM13L3.x_BR3.DHZ11L4 equality     .          288.46     9.71973e-01 >
146 R_BR3.BPM13L3.x_BR3.DHZ12L4 equality     .          297.24     4.49935e-01 >
147 R_BR3.BPM13L3.x_BR3.DHZ13L4 equality     .          295.89     5.30563e-01 >
148 R_BR3.BPM13L3.x_BR3.DHZ14L1 equality     .          295.8      5.54679e-01 >
149 R_BR3.BPM13L3.x_BR3.DHZ8L1 equality     .          286.85     3.31202e-01 >
150 R_BR3.BPM13L3.x_BR3.DHZ9L1 equality     .          295.94    -2.64538e-01 >
151 R_BR3.BPM13L3.x_BR3.DVT12L4 equality     .          285.58     7.34385e-02 >
152 R_BR3.BPM13L3.x_BR3.DVT13L4 equality     .          288.7      1.66115e-01 >
153 R_BR3.BPM13L3.x_BR3.DVT2L4 equality     .          293.09    -4.93206e-02 >
154 R_BR3.BPM13L3.x_BR3.DVT6L4 equality     .          292.59    -8.36288e-02 >
155 R_BR3.BPM13L3.x_BR3.DVT8L1 equality     .          292.51     1.22365e-01 >
156 R_BR3.BPM13L3.x_BR3.DVT9L1 equality     .          290.36     2.18305e-01 >
157 R_BR3.BPM14L3.x_BR3.DHZ11L4 equality     .          212.24     9.47124e-01 >
158 R_BR3.BPM14L3.x_BR3.DHZ12L4 equality     .          213.11     3.53446e-01 >
159 R_BR3.BPM14L3.x_BR3.DHZ13L4 equality     .          215        5.81992e-01 >
160 R_BR3.BPM14L3.x_BR3.DHZ14L1 equality     .          215.57     9.17240e-01 >
161 R_BR3.BPM14L3.x_BR3.DHZ8L1 equality     .          208.87     5.06402e-01 >
162 R_BR3.BPM14L3.x_BR3.DHZ9L1 equality     .          215.99    -5.52753e-01 >
163 R_BR3.BPM14L3.x_BR3.DVT12L4 equality     .          212.81    -1.13450e-01 >
164 R_BR3.BPM14L3.x_BR3.DVT13L4 equality     .          214.9      1.30428e-01 >
165 R_BR3.BPM14L3.x_BR3.DVT2L4 equality     .          214.23     1.03302e-01 >
166 R_BR3.BPM14L3.x_BR3.DVT6L4 equality     .          214.62     1.24580e-01 >
167 R_BR3.BPM14L3.x_BR3.DVT8L1 equality     .          214.2      1.27604e-01 >
168 R_BR3.BPM14L3.x_BR3.DVT9L1 equality     .          214.58     3.15269e-02 >
169 R_BR3.BPM15L3.x_BR3.DHZ11L4 equality     .          318.02     1.92593e-01 >
170 R_BR3.BPM15L3.x_BR3.DHZ12L4 equality     .          322.62     5.61177e-01 >
171 R_BR3.BPM15L3.x_BR3.DHZ13L4 equality     .          318.77     8.01547e-01 >
172 R_BR3.BPM15L3.x_BR3.DHZ14L1 equality     .          318.38     6.58625e-01 >
173 R_BR3.BPM15L3.x_BR3.DHZ8L1 equality     .          310.39     7.18457e-01 >
174 R_BR3.BPM15L3.x_BR3.DHZ9L1 equality     .          316.93    -1.72977e-01 >
175 R_BR3.BPM15L3.x_BR3.DVT12L4 equality     .          319.68    -8.74573e-02 >
176 R_BR3.BPM15L3.x_BR3.DVT13L4 equality     .          316.76    -2.65903e-01 >
177 R_BR3.BPM15L3.x_BR3.DVT2L4 equality     .          319.5      2.35264e-02 >
178 R_BR3.BPM15L3.x_BR3.DVT6L4 equality     .          317.69     1.14248e-01 >
179 R_BR3.BPM15L3.x_BR3.DVT8L1 equality     .          319.48     3.41921e-01 >
180 R_BR3.BPM15L3.x_BR3.DVT9L1 equality     .          320.4     -3.90350e-02 >
181 R_BR3.BPM16L3.x_BR3.DHZ11L4 equality     .          338.99     2.06396e-01 >
182 R_BR3.BPM16L3.x_BR3.DHZ12L4 equality     .          342.87     3.95785e-01 >
183 R_BR3.BPM16L3.x_BR3.DHZ13L4 equality     .          335.7      4.54673e-01 >
184 R_BR3.BPM16L3.x_BR3.DHZ14L1 equality     .          338.12    -3.27402e-01 >
185 R_BR3.BPM16L3.x_BR3.DHZ8L1 equality     .          333.59     3.94023e-01 >
186 R_BR3.BPM16L3.x_BR3.DHZ9L1 equality     .          341.37    -6.74090e-02 >
187 R_BR3.BPM16L3.x_BR3.DVT12L4 equality     .          329.08     2.43438e-02 >
188 R_BR3.BPM16L3.x_BR3.DVT13L4 equality     .          332.21    -1.96968e-01 >
189 R_BR3.BPM16L3.x_BR3.DVT2L4 equality     .          328.75    -6.27529e-02 >
190 R_BR3.BPM16L3.x_BR3.DVT6L4 equality     .          328.86    -1.21742e-02 >
191 R_BR3.BPM16L3.x_BR3.DVT8L1 equality     .          334.48     3.10418e-01 >
192 R_BR3.BPM16L3.x_BR3.DVT9L1 equality     .          334.14     1.24288e-01 >
193 R_BR3.BPM1L3.y_BR3.DHZ11L4 equality     .          256.25    -1.46511e-01 >
194 R_BR3.BPM1L3.y_BR3.DHZ12L4 equality     .          262.82    -8.40019e-03 >
195 R_BR3.BPM1L3.y_BR3.DHZ13L4 equality     .          262.88     1.63442e-01 >
196 R_BR3.BPM1L3.y_BR3.DHZ14L1 equality     .          261.24     7.45237e-02 >
197 R_BR3.BPM1L3.y_BR3.DHZ8L1 equality     .          258.42    -1.63805e-01 >
198 R_BR3.BPM1L3.y_BR3.DHZ9L1 equality     .          259.81     3.84244e-02 >
199 R_BR3.BPM1L3.y_BR3.DVT12L4 equality     .          253.55    -7.60078e-02 >
200 R_BR3.BPM1L3.y_BR3.DVT13L4 equality     .          256.41    -1.39016e-01 >
201 R_BR3.BPM1L3.y_BR3.DVT2L4 equality     .          255.28     2.50484e-02 >
202 R_BR3.BPM1L3.y_BR3.DVT6L4 equality     .          258.8      2.27421e-02 >
203 R_BR3.BPM1L3.y_BR3.DVT8L1 equality     .          253.9      1.18726e-01 >
204 R_BR3.BPM1L3.y_BR3.DVT9L1 equality     .          262.54    -1.11619e-01 >
205 R_BR3.BPM2L3.y_BR3.DHZ11L4 equality     .          193.77     2.23753e-02 >
206 R_BR3.BPM2L3.y_BR3.DHZ12L4 equality     .          195.51    -1.00623e-01 >
207 R_BR3.BPM2L3.y_BR3.DHZ13L4 equality     .          194.69    -5.26941e-02 >
208 R_BR3.BPM2L3.y_BR3.DHZ14L1 equality     .          194.89    -2.37050e-02 >
209 R_BR3.BPM2L3.y_BR3.DHZ8L1 equality     .          193.7     -3.56478e-02 >
210 R_BR3.BPM2L3.y_BR3.DHZ9L1 equality     .          194       -1.29772e-01 >
211 R_BR3.BPM2L3.y_BR3.DVT12L4 equality     .          193.39     3.35058e-02 >
212 R_BR3.BPM2L3.y_BR3.DVT13L4 equality     .          199.37     2.60179e-01 >
213 R_BR3.BPM2L3.y_BR3.DVT2L4 equality     .          193.95     9.71980e-02 >
214 R_BR3.BPM2L3.y_BR3.DVT6L4 equality     .          194.29     1.18044e-01 >
215 R_BR3.BPM2L3.y_BR3.DVT8L1 equality     .          197.45     4.55128e-03 >
216 R_BR3.BPM2L3.y_BR3.DVT9L1 equality     .          201.64    -3.46245e-01 >
217 R_BR3.BPM3L3.y_BR3.DHZ11L4 equality     .          309.08     1.67911e-01 >
218 R_BR3.BPM3L3.y_BR3.DHZ12L4 equality     .          311.71     1.93893e-02 >
219 R_BR3.BPM3L3.y_BR3.DHZ13L4 equality     .          313.44    -1.99932e-01 >
220 R_BR3.BPM3L3.y_BR3.DHZ14L1 equality     .          310.99    -1.54125e-01 >
221 R_BR3.BPM3L3.y_BR3.DHZ8L1 equality     .          306.46     1.94960e-01 >
222 R_BR3.BPM3L3.y_BR3.DHZ9L1 equality     .          307.02    -4.08108e-03 >
223 R_BR3.BPM3L3.y_BR3.DVT12L4 equality     .          302.21    -4.10376e-02 >
224 R_BR3.BPM3L3.y_BR3.DVT13L4 equality     .          306.62    -8.55382e-02 >
225 R_BR3.BPM3L3.y_BR3.DVT2L4 equality     .          305.61     2.16978e-01 >
226 R_BR3.BPM3L3.y_BR3.DVT6L4 equality     .          305.13    -5.63652e-02 >
227 R_BR3.BPM3L3.y_BR3.DVT8L1 equality     .          303.25     2.23178e-02 >
228 R_BR3.BPM3L3.y_BR3.DVT9L1 equality     .          307.19     9.07689e-02 >
229 R_BR3.BPM4L3.y_BR3.DHZ11L4 equality     .          207.99    -6.50087e-02 >
230 R_BR3.BPM4L3.y_BR3.DHZ12L4 equality     .          211.05     5.30251e-02 >
231 R_BR3.BPM4L3.y_BR3.DHZ13L4 equality     .          211.6      4.16790e-02 >
232 R_BR3.BPM4L3.y_BR3.DHZ14L1 equality     .          210.73     1.79916e-02 >
233 R_BR3.BPM4L3.y_BR3.DHZ8L1 equality     .          210.5     -7.93591e-03 >
234 R_BR3.BPM4L3.y_BR3.DHZ9L1 equality     .          210.07     1.31976e-01 >
235 R_BR3.BPM4L3.y_BR3.DVT12L4 equality     .          209.22    -7.31097e-01 >
236 R_BR3.BPM4L3.y_BR3.DVT13L4 equality     .          209.46    -4.17139e-03 >
237 R_BR3.BPM4L3.y_BR3.DVT2L4 equality     .          210.76     4.50506e-01 >
238 R_BR3.BPM4L3.y_BR3.DVT6L4 equality     .          210.02     5.59981e-01 >
239 R_BR3.BPM4L3.y_BR3.DVT8L1 equality     .          206.75    -1.88576e-01 >
240 R_BR3.BPM4L3.y_BR3.DVT9L1 equality     .          208.22    -8.65029e-02 >
241 R_BR3.BPM5L3.y_BR3.DHZ11L4 equality     .          301.26    -1.67793e-01 >
242 R_BR3.BPM5L3.y_BR3.DHZ12L4 equality     .          303.11    -3.04808e-02 >
243 R_BR3.BPM5L3.y_BR3.DHZ13L4 equality     .          299.49     1.98163e-01 >
244 R_BR3.BPM5L3.y_BR3.DHZ14L1 equality     .          301.21     1.38334e-01 >
245 R_BR3.BPM5L3.y_BR3.DHZ8L1 equality     .          301.52    -1.82901e-01 >
246 R_BR3.BPM5L3.y_BR3.DHZ9L1 equality     .          302.17     3.91816e-02 >
247 R_BR3.BPM5L3.y_BR3.DVT12L4 equality     .          300       -1.70018e-02 >
248 R_BR3.BPM5L3.y_BR3.DVT13L4 equality     .          293.79     1.59378e-01 >
249 R_BR3.BPM5L3.y_BR3.DVT2L4 equality     .          295.21    -1.65709e-01 >
250 R_BR3.BPM5L3.y_BR3.DVT6L4 equality     .          296.66     1.27744e-01 >
251 R_BR3.BPM5L3.y_BR3.DVT8L1 equality     .          296.81    -4.72495e-02 >
252 R_BR3.BPM5L3.y_BR3.DVT9L1 equality     .          302.94    -1.88385e-01 >
253 R_BR3.BPM6L3.y_BR3.DHZ11L4 equality     .          201.95     5.14617e-02 >
254 R_BR3.BPM6L3.y_BR3.DHZ12L4 equality     .          201.03    -8.97800e-02 >
255 R_BR3.BPM6L3.y_BR3.DHZ13L4 equality     .          202.5     -9.25441e-02 >
256 R_BR3.BPM6L3.y_BR3.DHZ14L1 equality     .          200.64    -9.98987e-02 >
257 R_BR3.BPM6L3.y_BR3.DHZ8L1 equality     .          201.33     5.85636e-02 >
258 R_BR3.BPM6L3.y_BR3.DHZ9L1 equality     .          199.71    -1.12552e-01 >
259 R_BR3.BPM6L3.y_BR3.DVT12L4 equality     .          196.41     6.76500e-01 >
260 R_BR3.BPM6L3.y_BR3.DVT13L4 equality     .          199.93    -1.06320e-02 >
261 R_BR3.BPM6L3.y_BR3.DVT2L4 equality     .          198.6     -3.23549e-01 >
262 R_BR3.BPM6L3.y_BR3.DVT6L4 equality     .          198.12    -5.12192e-01 >
263 R_BR3.BPM6L3.y_BR3.DVT8L1 equality     .          200.55     2.68620e-01 >
264 R_BR3.BPM6L3.y_BR3.DVT9L1 equality     .          198.53     7.56991e-02 >
265 R_BR3.BPM7L3.y_BR3.DHZ11L4 equality     .          246.76     1.76287e-01 >
266 R_BR3.BPM7L3.y_BR3.DHZ12L4 equality     .          247.85     7.99452e-03 >
267 R_BR3.BPM7L3.y_BR3.DHZ13L4 equality     .          244       -2.24589e-01 >
268 R_BR3.BPM7L3.y_BR3.DHZ14L1 equality     .          246.12    -1.70115e-01 >
269 R_BR3.BPM7L3.y_BR3.DHZ8L1 equality     .          243.28     2.01425e-01 >
270 R_BR3.BPM7L3.y_BR3.DHZ9L1 equality     .          241.94     3.98270e-03 >
271 R_BR3.BPM7L3.y_BR3.DVT12L4 equality     .          246.24    -1.85242e-01 >
272 R_BR3.BPM7L3.y_BR3.DVT13L4 equality     .          249.15     1.62592e-01 >
273 R_BR3.BPM7L3.y_BR3.DVT2L4 equality     .          249.6      1.03598e-01 >
274 R_BR3.BPM7L3.y_BR3.DVT6L4 equality     .          248.85    -5.95143e-02 >
275 R_BR3.BPM7L3.y_BR3.DVT8L1 equality     .          245.18    -1.77312e-01 >
276 R_BR3.BPM7L3.y_BR3.DVT9L1 equality     .          247.54     2.06284e-01 >
277 R_BR3.BPM8L3.y_BR3.DHZ11L4 equality     .          304.27     3.40277e-02 >
278 R_BR3.BPM8L3.y_BR3.DHZ12L4 equality     .          306.73     7.44682e-02 >
279 R_BR3.BPM8L3.y_BR3.DHZ13L4 equality     .          311.23    -1.14897e-02 >
280 R_BR3.BPM8L3.y_BR3.DHZ14L1 equality     .          305.81    -6.60755e-02 >
281 R_BR3.BPM8L3.y_BR3.DHZ8L1 equality     .          306.46     7.44068e-02 >
282 R_BR3.BPM8L3.y_BR3.DHZ9L1 equality     .          305.92     1.43119e-01 >
283 R_BR3.BPM8L3.y_BR3.DVT12L4 equality     .          304.41     1.14031e-01 >
284 R_BR3.BPM8L3.y_BR3.DVT13L4 equality     .          306.97    -4.34150e-02 >
285 R_BR3.BPM8L3.y_BR3.DVT2L4 equality     .          303.15    -3.44842e-01 >
286 R_BR3.BPM8L3.y_BR3.DVT6L4 equality     .          299.95     5.15554e-02 >
287 R_BR3.BPM8L3.y_BR3.DVT8L1 equality     .          307.45     3.19973e-01 >
288 R_BR3.BPM8L3.y_BR3.DVT9L1 equality     .          309.51     3.59081e-01 >
289 R_BR3.BPM9L3.y_BR3.DHZ11L4 equality     .          337.26    -1.92332e-01 >
290 R_BR3.BPM9L3.y_BR3.DHZ12L4 equality     .          338.42    -1.34167e-02 >
291 R_BR3.BPM9L3.y_BR3.DHZ13L4 equality     .          336.49     1.83872e-01 >
292 R_BR3.BPM9L3.y_BR3.DHZ14L1 equality     .          336.12     1.31100e-01 >
293 R_BR3.BPM9L3.y_BR3.DHZ8L1 equality     .          332.47    -1.07064e-01 >
294 R_BR3.BPM9L3.y_BR3.DHZ9L1 equality     .          337.6      1.00482e-02 >
295 R_BR3.BPM9L3.y_BR3.DVT12L4 equality     .          328.6     -3.44446e-01 >
296 R_BR3.BPM9L3.y_BR3.DVT13L4 equality     .          337.33     1.56869e-01 >
297 R_BR3.BPM9L3.y_BR3.DVT2L4 equality     .          334.57     1.02667e-01 >
298 R_BR3.BPM9L3.y_BR3.DVT6L4 equality     .          331.98     2.05466e-02 >
299 R_BR3.BPM9L3.y_BR3.DVT8L1 equality     .          333.76    -7.69606e-03 >
300 R_BR3.BPM9L3.y_BR3.DVT9L1 equality     .          335.23     1.82174e-01 >
301 R_BR3.BPM10L3.y_BR3.DHZ11L4 equality     .          362.34     9.03792e-02 >
302 R_BR3.BPM10L3.y_BR3.DHZ12L4 equality     .          366.15    -8.60928e-02 >
303 R_BR3.BPM10L3.y_BR3.DHZ13L4 equality     .          367.87    -1.00201e-01 >
304 R_BR3.BPM10L3.y_BR3.DHZ14L1 equality     .          363.46    -1.39441e-02 >
305 R_BR3.BPM10L3.y_BR3.DHZ8L1 equality     .          362.05    -4.05577e-02 >
306 R_BR3.BPM10L3.y_BR3.DHZ9L1 equality     .          363.87    -1.66962e-01 >
307 R_BR3.BPM10L3.y_BR3.DVT12L4 equality     .          351.58     8.88914e-03 >
308 R_BR3.BPM10L3.y_BR3.DVT13L4 equality     .          361.06    -1.68683e-01 >
309 R_BR3.BPM10L3.y_BR3.DVT2L4 equality     .          356.01     2.93611e-01 >
310 R_BR3.BPM10L3.y_BR3.DVT6L4 equality     .          356.24    -2.14480e-02 >
311 R_BR3.BPM10L3.y_BR3.DVT8L1 equality     .          361.9     -3.24240e-01 >
312 R_BR3.BPM10L3.y_BR3.DVT9L1 equality     .          361.92     3.62375e-02 >
313 R_BR3.BPM11L3.y_BR3.DHZ11L4 equality     .          314.59     1.95054e-01 >
314 R_BR3.BPM11L3.y_BR3.DHZ12L4 equality     .          317.36     8.79343e-02 >
315 R_BR3.BPM11L3.y_BR3.DHZ13L4 equality     .          318.05    -1.98012e-01 >
316 R_BR3.BPM11L3.y_BR3.DHZ14L1 equality     .          319.71    -1.64047e-01 >
317 R_BR3.BPM11L3.y_BR3.DHZ8L1 equality     .          313.26     1.65677e-01 >
318 R_BR3.BPM11L3.y_BR3.DHZ9L1 equality     .          317.17     2.11979e-02 >
319 R_BR3.BPM11L3.y_BR3.DVT12L4 equality     .          317.98    -3.56262e-02 >
320 R_BR3.BPM11L3.y_BR3.DVT13L4 equality     .          322.72     2.63140e-02 >
321 R_BR3.BPM11L3.y_BR3.DVT2L4 equality     .          313.92     5.55438e-03 >
322 R_BR3.BPM11L3.y_BR3.DVT6L4 equality     .          318.65     1.49799e-02 >
323 R_BR3.BPM11L3.y_BR3.DVT8L1 equality     .          315.41    -1.82991e-01 >
324 R_BR3.BPM11L3.y_BR3.DVT9L1 equality     .          317.19    -8.90873e-02 >
325 R_BR3.BPM12L3.y_BR3.DHZ11L4 equality     .          227.9      2.86888e-02 >
326 R_BR3.BPM12L3.y_BR3.DHZ12L4 equality     .          231.84     9.14903e-02 >
327 R_BR3.BPM12L3.y_BR3.DHZ13L4 equality     .          231.33     3.49535e-02 >
328 R_BR3.BPM12L3.y_BR3.DHZ14L1 equality     .          231.42    -1.36061e-02 >
329 R_BR3.BPM12L3.y_BR3.DHZ8L1 equality     .          228.05     6.83893e-02 >
330 R_BR3.BPM12L3.y_BR3.DHZ9L1 equality     .          228.66     8.92800e-02 >
331 R_BR3.BPM12L3.y_BR3.DVT12L4 equality     .          232.22    -5.56643e-01 >
332 R_BR3.BPM12L3.y_BR3.DVT13L4 equality     .          234.4      2.39854e-01 >
333 R_BR3.BPM12L3.y_BR3.DVT2L4 equality     .          231.23     6.48347e-02 >
334 R_BR3.BPM12L3.y_BR3.DVT6L4 equality     .          234.4      2.37068e-01 >
335 R_BR3.BPM12L3.y_BR3.DVT8L1 equality     .          233.15    -3.24069e-02 >
336 R_BR3.BPM12L3.y_BR3.DVT9L1 equality     .          231.32    -1.63896e-02 >
337 R_BR3.BPM13L3.y_BR3.DHZ11L4 equality     .          313.96    -1.08684e-01 >
338 R_BR3.BPM13L3.y_BR3.DHZ12L4 equality     .          314.21    -1.73916e-02 >
339 R_BR3.BPM13L3.y_BR3.DHZ13L4 equality     .          313.76     2.02420e-01 >
340 R_BR3.BPM13L3.y_BR3.DHZ14L1 equality     .          313.87     1.67929e-01 >
341 R_BR3.BPM13L3.y_BR3.DHZ8L1 equality     .          311.3     -1.31690e-01 >
342 R_BR3.BPM13L3.y_BR3.DHZ9L1 equality     .          312.24     3.51068e-03 >
343 R_BR3.BPM13L3.y_BR3.DVT12L4 equality     .          315.58     8.63661e-02 >
344 R_BR3.BPM13L3.y_BR3.DVT13L4 equality     .          316.74     7.05714e-02 >
345 R_BR3.BPM13L3.y_BR3.DVT2L4 equality     .          312.35     5.68414e-02 >
346 R_BR3.BPM13L3.y_BR3.DVT6L4 equality     .          316.57    -3.98688e-02 >
347 R_BR3.BPM13L3.y_BR3.DVT8L1 equality     .          318.3      5.53470e-02 >
348 R_BR3.BPM13L3.y_BR3.DVT9L1 equality     .          321.29     1.22829e-01 >
349 R_BR3.BPM14L3.y_BR3.DHZ11L4 equality     .          245.56     1.39948e-02 >
350 R_BR3.BPM14L3.y_BR3.DHZ12L4 equality     .          245.54    -7.59076e-02 >
351 R_BR3.BPM14L3.y_BR3.DHZ13L4 equality     .          245.23     1.44733e-02 >
352 R_BR3.BPM14L3.y_BR3.DHZ14L1 equality     .          244.32     6.54037e-03 >
353 R_BR3.BPM14L3.y_BR3.DHZ8L1 equality     .          242.34    -3.44773e-02 >
354 R_BR3.BPM14L3.y_BR3.DHZ9L1 equality     .          246.38    -1.27832e-01 >
355 R_BR3.BPM14L3.y_BR3.DVT12L4 equality     .          240.96     1.61126e-01 >
356 R_BR3.BPM14L3.y_BR3.DVT13L4 equality     .          242.02     3.58961e-01 >
357 R_BR3.BPM14L3.y_BR3.DVT2L4 equality     .          243.11     1.02931e-01 >
358 R_BR3.BPM14L3.y_BR3.DVT6L4 equality     .          243.41     5.97786e-02 >
359 R_BR3.BPM14L3.y_BR3.DVT8L1 equality     .          243.07    -6.89535e-02 >
360 R_BR3.BPM14L3.y_BR3.DVT9L1 equality     .          245.83    -2.59940e-01 >
361 R_BR3.BPM15L3.y_BR3.DHZ11L4 equality     .          333.18     1.25721e-01 >
362 R_BR3.BPM15L3.y_BR3.DHZ12L4 equality     .          337.14     7.07269e-02 >
363 R_BR3.BPM15L3.y_BR3.DHZ13L4 equality     .          333.89    -1.90642e-01 >
364 R_BR3.BPM15L3.y_BR3.DHZ14L1 equality     .          334.99    -1.50282e-01 >
365 R_BR3.BPM15L3.y_BR3.DHZ8L1 equality     .          329.99     1.67544e-01 >
366 R_BR3.BPM15L3.y_BR3.DHZ9L1 equality     .          336.13     4.74989e-02 >
367 R_BR3.BPM15L3.y_BR3.DVT12L4 equality     .          333.12    -9.66432e-02 >
368 R_BR3.BPM15L3.y_BR3.DVT13L4 equality     .          332.85    -9.07227e-02 >
369 R_BR3.BPM15L3.y_BR3.DVT2L4 equality     .          338.13    -1.78213e-01 >
370 R_BR3.BPM15L3.y_BR3.DVT6L4 equality     .          336.49    -2.47641e-02 >
371 R_BR3.BPM15L3.y_BR3.DVT8L1 equality     .          338.36     3.94653e-02 >
372 R_BR3.BPM15L3.y_BR3.DVT9L1 equality     .          338.75    -8.39907e-02 >
373 R_BR3.BPM16L3.y_BR3.DHZ11L4 equality     .          368.2      4.14729e-02 >
374 R_BR3.BPM16L3.y_BR3.DHZ12L4 equality     .          370.49     7.65727e-02 >
375 R_BR3.BPM16L3.y_BR3.DHZ13L4 equality     .          369.72    -7.99486e-03 >
376 R_BR3.BPM16L3.y_BR3.DHZ14L1 equality     .          366.39    -6.95434e-03 >
377 R_BR3.BPM16L3.y_BR3.DHZ8L1 equality     .          366.65     7.48627e-02 >
378 R_BR3.BPM16L3.y_BR3.DHZ9L1 equality     .          369.32     1.23618e-01 >
379 R_BR3.BPM16L3.y_BR3.DVT12L4 equality     .          365.9      1.54621e-02 >
380 R_BR3.BPM16L3.y_BR3.DVT13L4 equality     .          367.05    -2.16581e-01 >
381 R_BR3.BPM16L3.y_BR3.DVT2L4 equality     .          365.04    -8.23837e-02 >
382 R_BR3.BPM16L3.y_BR3.DVT6L4 equality     .          365.3     -1.53748e-01 >
383 R_BR3.BPM16L3.y_BR3.DVT8L1 equality     .          366.12    -4.53348e-02 >
384 R_BR3.BPM16L3.y_BR3.DVT9L1 equality     .          368.53     3.69445e-01 >

 Variables                  Curr. Value  Curr. Step   Lower Limit  Upper Limit
--------------------------------------------------------------------------------
 1 BR.QFOCELL1.dk1l        -6.20555e-04  7.79794e-05   .            .         
 2 BR.QDE1.dk1l             1.55966e-03 -7.14396e-05   .            .         
 3 BR.QFOCELL2.dk1l        -2.62722e-03 -1.66312e-05   .            .         
 4 BR.QDE2.dk1l             2.03894e-03  1.46299e-05   .            .         
 5 BR.QFOCELL3.dk1l        -4.05590e-03 -6.72331e-05   .            .         
 6 BR.QDE3.dk1l             2.24047e-03  6.17399e-05   .            .         
 7 BR.QFOCELL4.dk1l         5.14843e-03  5.95116e-05   .            .         
 8 BR.QDE4.dk1l            -5.30566e-03 -5.32084e-05   .            .         
 9 BR.QFOCELL5.dk1l         1.04734e-02  1.22237e-04   .            .         
10 BR.QDE5.dk1l            -1.07096e-02 -1.09178e-04   .            .         
11 BR.QFOCELL6.dk1l        -7.87653e-03 -1.39889e-04   .            .         
12 BR.QDE6.dk1l             8.48124e-03  1.32008e-04   .            .         
13 BR.QFOCELL7.dk1l        -2.09071e-03 -1.98024e-04   .            .         
14 BR.QDE7.dk1l             3.45259e-03  1.82893e-04   .            .         
15 BR.QFOCELL8.dk1l         1.75899e-02  2.70686e-04   .            .         
16 BR.QDE8.dk1l            -1.81784e-02 -2.41752e-04   .            .         
17 BR.QFOCELL9.dk1l         8.74666e-03  2.26900e-04   .            .         
18 BR.QDE9.dk1l            -9.48945e-03 -2.08118e-04   .            .         
19 BR.QFOCELL10.dk1l       -1.18668e-02 -2.22387e-04   .            .         
20 BR.QDE10.dk1l            1.26189e-02  2.05837e-04   .            .         
21 BR.QFOCELL11.dk1l       -1.53725e-03 -1.23969e-04   .            .         
22 BR.QDE11.dk1l           -2.23285e-04  1.16863e-04   .            .         
23 BR.QFOCELL12.dk1l        2.27872e-03  3.13363e-06   .            .         
24 BR.QDE12.dk1l           -2.60568e-03 -3.37289e-07   .            .         
25 BR.QFOCELL13.dk1l        1.63801e-02 -4.44352e-05   .            .         
26 BR.QDE13.dk1l           -1.69347e-02  4.25795e-05   .            .         
27 BR.QFOCELL14.dk1l        5.80313e-03 -2.58286e-05   .            .         
28 BR.QDE14.dk1l           -6.60132e-03  2.33577e-05   .            .         
29 BR.QFOCELL15.dk1l       -1.03349e-02  3.22838e-05   .            .         
30 BR.QDE15.dk1l            8.71385e-03 -3.15645e-05   .            .         
31 BR.QFOCELL16.dk1l        2.44965e-03 -1.09078e-05   .            .         
32 BR.QDE16.dk1l           -9.34214e-04  9.82314e-06   .            .         

ncall=133 [4.1s], fval=2.83640e-01, fstp=-6.44224e-06, ccnt=384.


 Constraints                Type        Kind        Weight     Expr. Value
------------------------------------------------------------------------------
 1 R_BR3.BPM1L3.x_BR3.DHZ11L4 equality     .          252.48     6.42123e-01 >
 2 R_BR3.BPM1L3.x_BR3.DHZ12L4 equality     .          260.42     3.98518e-01 >
 3 R_BR3.BPM1L3.x_BR3.DHZ13L4 equality     .          256.05     6.13561e-01 >
 4 R_BR3.BPM1L3.x_BR3.DHZ14L1 equality     .          258.32     2.22456e-01 >
 5 R_BR3.BPM1L3.x_BR3.DHZ8L1 equality     .          251.74    -6.25204e-02 >
 6 R_BR3.BPM1L3.x_BR3.DHZ9L1 equality     .          252.65    -2.83562e-01 >
 7 R_BR3.BPM1L3.x_BR3.DVT12L4 equality     .          251.78     5.60856e-02 >
 8 R_BR3.BPM1L3.x_BR3.DVT13L4 equality     .          258.72     1.88025e-01 >
 9 R_BR3.BPM1L3.x_BR3.DVT2L4 equality     .          257.05    -2.01716e-02 >
10 R_BR3.BPM1L3.x_BR3.DVT6L4 equality     .          253.7     -5.09595e-02 >
11 R_BR3.BPM1L3.x_BR3.DVT8L1 equality     .          253.42     1.24177e-01 >
12 R_BR3.BPM1L3.x_BR3.DVT9L1 equality     .          257.59     1.85747e-01 >
13 R_BR3.BPM2L3.x_BR3.DHZ11L4 equality     .          157.62     3.76334e-01 >
14 R_BR3.BPM2L3.x_BR3.DHZ12L4 equality     .          157.89     7.49311e-01 >
15 R_BR3.BPM2L3.x_BR3.DHZ13L4 equality     .          158.03     9.95224e-01 >
16 R_BR3.BPM2L3.x_BR3.DHZ14L1 equality     .          158.62     1.12502e+00 >
17 R_BR3.BPM2L3.x_BR3.DHZ8L1 equality     .          156.4      2.07918e-01 >
18 R_BR3.BPM2L3.x_BR3.DHZ9L1 equality     .          157.36    -1.17656e-01 >
19 R_BR3.BPM2L3.x_BR3.DVT12L4 equality     .          156.11    -1.84364e-02 >
20 R_BR3.BPM2L3.x_BR3.DVT13L4 equality     .          155.52     7.46099e-02 >
21 R_BR3.BPM2L3.x_BR3.DVT2L4 equality     .          154.03     1.04923e-01 >
22 R_BR3.BPM2L3.x_BR3.DVT6L4 equality     .          157.2      6.54035e-02 >
23 R_BR3.BPM2L3.x_BR3.DVT8L1 equality     .          156.4      1.85090e-01 >
24 R_BR3.BPM2L3.x_BR3.DVT9L1 equality     .          155.82     3.97499e-02 >
25 R_BR3.BPM3L3.x_BR3.DHZ11L4 equality     .          306.38     6.07152e-01 >
26 R_BR3.BPM3L3.x_BR3.DHZ12L4 equality     .          309.92     1.00942e-01 >
27 R_BR3.BPM3L3.x_BR3.DHZ13L4 equality     .          307.15     2.10771e-01 >
28 R_BR3.BPM3L3.x_BR3.DHZ14L1 equality     .          305.61     1.98954e-01 >
29 R_BR3.BPM3L3.x_BR3.DHZ8L1 equality     .          303.8      1.01591e+00 >
30 R_BR3.BPM3L3.x_BR3.DHZ9L1 equality     .          305.13    -5.66522e-01 >
31 R_BR3.BPM3L3.x_BR3.DVT12L4 equality     .          308.36    -4.10722e-02 >
32 R_BR3.BPM3L3.x_BR3.DVT13L4 equality     .          309.21    -2.30170e-01 >
33 R_BR3.BPM3L3.x_BR3.DVT2L4 equality     .          309.43     1.54202e-01 >
34 R_BR3.BPM3L3.x_BR3.DVT6L4 equality     .          313.2      1.40396e-01 >
35 R_BR3.BPM3L3.x_BR3.DVT8L1 equality     .          311.18     3.28882e-01 >
36 R_BR3.BPM3L3.x_BR3.DVT9L1 equality     .          307.84     4.60166e-03 >
37 R_BR3.BPM4L3.x_BR3.DHZ11L4 equality     .          198.02     3.77073e-01 >
38 R_BR3.BPM4L3.x_BR3.DHZ12L4 equality     .          203.28     3.22096e-02 >
39 R_BR3.BPM4L3.x_BR3.DHZ13L4 equality     .          201.28     4.19906e-01 >
40 R_BR3.BPM4L3.x_BR3.DHZ14L1 equality     .          204.36    -3.05498e-01 >
41 R_BR3.BPM4L3.x_BR3.DHZ8L1 equality     .          198.49     3.24091e-01 >
42 R_BR3.BPM4L3.x_BR3.DHZ9L1 equality     .          201.82    -4.59842e-01 >
43 R_BR3.BPM4L3.x_BR3.DVT12L4 equality     .          195.66    -2.03842e-02 >
44 R_BR3.BPM4L3.x_BR3.DVT13L4 equality     .          199.18    -1.25990e-01 >
45 R_BR3.BPM4L3.x_BR3.DVT2L4 equality     .          199.43    -4.13023e-02 >
46 R_BR3.BPM4L3.x_BR3.DVT6L4 equality     .          196.72     2.52805e-02 >
47 R_BR3.BPM4L3.x_BR3.DVT8L1 equality     .          199.21     3.05817e-01 >
48 R_BR3.BPM4L3.x_BR3.DVT9L1 equality     .          198.45     8.71998e-02 >
49 R_BR3.BPM5L3.x_BR3.DHZ11L4 equality     .          324.79     7.54187e-01 >
50 R_BR3.BPM5L3.x_BR3.DHZ12L4 equality     .          337.32     3.42049e-01 >
51 R_BR3.BPM5L3.x_BR3.DHZ13L4 equality     .          331.08     6.52942e-01 >
52 R_BR3.BPM5L3.x_BR3.DHZ14L1 equality     .          329.86     4.55273e-01 >
53 R_BR3.BPM5L3.x_BR3.DHZ8L1 equality     .          326.2     -1.29861e-02 >
54 R_BR3.BPM5L3.x_BR3.DHZ9L1 equality     .          330.74    -3.58058e-01 >
55 R_BR3.BPM5L3.x_BR3.DVT12L4 equality     .          325.59     8.12014e-03 >
56 R_BR3.BPM5L3.x_BR3.DVT13L4 equality     .          331.84     1.69032e-01 >
57 R_BR3.BPM5L3.x_BR3.DVT2L4 equality     .          334.36    -9.37612e-02 >
58 R_BR3.BPM5L3.x_BR3.DVT6L4 equality     .          327.83    -3.99451e-02 >
59 R_BR3.BPM5L3.x_BR3.DVT8L1 equality     .          333.8      1.15984e-01 >
60 R_BR3.BPM5L3.x_BR3.DVT9L1 equality     .          330.19     1.47389e-01 >
61 R_BR3.BPM6L3.x_BR3.DHZ11L4 equality     .          199.47     6.33710e-01 >
62 R_BR3.BPM6L3.x_BR3.DHZ12L4 equality     .          200.7      7.74129e-01 >
63 R_BR3.BPM6L3.x_BR3.DHZ13L4 equality     .          204.48     7.53900e-01 >
64 R_BR3.BPM6L3.x_BR3.DHZ14L1 equality     .          198.32     9.35848e-01 >
65 R_BR3.BPM6L3.x_BR3.DHZ8L1 equality     .          195.69     6.30226e-01 >
66 R_BR3.BPM6L3.x_BR3.DHZ9L1 equality     .          197.62    -1.48817e-01 >
67 R_BR3.BPM6L3.x_BR3.DVT12L4 equality     .          200.77    -5.88141e-02 >
68 R_BR3.BPM6L3.x_BR3.DVT13L4 equality     .          202.21     2.41496e-02 >
69 R_BR3.BPM6L3.x_BR3.DVT2L4 equality     .          200.88     1.13048e-01 >
70 R_BR3.BPM6L3.x_BR3.DVT6L4 equality     .          202.2      1.25660e-01 >
71 R_BR3.BPM6L3.x_BR3.DVT8L1 equality     .          199.68     2.09124e-01 >
72 R_BR3.BPM6L3.x_BR3.DVT9L1 equality     .          199.01     9.13689e-03 >
73 R_BR3.BPM7L3.x_BR3.DHZ11L4 equality     .          223.23     1.39100e-01 >
74 R_BR3.BPM7L3.x_BR3.DHZ12L4 equality     .          227.83     2.59186e-01 >
75 R_BR3.BPM7L3.x_BR3.DHZ13L4 equality     .          223.5      6.78054e-01 >
76 R_BR3.BPM7L3.x_BR3.DHZ14L1 equality     .          225.13     4.05056e-01 >
77 R_BR3.BPM7L3.x_BR3.DHZ8L1 equality     .          221.05     6.46824e-01 >
78 R_BR3.BPM7L3.x_BR3.DHZ9L1 equality     .          222.81    -3.60800e-01 >
79 R_BR3.BPM7L3.x_BR3.DVT12L4 equality     .          223.25    -5.68011e-02 >
80 R_BR3.BPM7L3.x_BR3.DVT13L4 equality     .          224.06    -2.32373e-01 >
81 R_BR3.BPM7L3.x_BR3.DVT2L4 equality     .          223.73     1.05842e-01 >
82 R_BR3.BPM7L3.x_BR3.DVT6L4 equality     .          226.92     2.41689e-01 >
83 R_BR3.BPM7L3.x_BR3.DVT8L1 equality     .          219.71     3.66511e-01 >
84 R_BR3.BPM7L3.x_BR3.DVT9L1 equality     .          227.4      1.71075e-02 >
85 R_BR3.BPM8L3.x_BR3.DHZ11L4 equality     .          331.84     1.41326e-01 >
86 R_BR3.BPM8L3.x_BR3.DHZ12L4 equality     .          343.02     1.15390e-01 >
87 R_BR3.BPM8L3.x_BR3.DHZ13L4 equality     .          339.67     7.21589e-01 >
88 R_BR3.BPM8L3.x_BR3.DHZ14L1 equality     .          338.78    -2.61723e-02 >
89 R_BR3.BPM8L3.x_BR3.DHZ8L1 equality     .          329.23     4.13782e-01 >
90 R_BR3.BPM8L3.x_BR3.DHZ9L1 equality     .          336.85    -3.25395e-01 >
91 R_BR3.BPM8L3.x_BR3.DVT12L4 equality     .          332.26    -3.72674e-03 >
92 R_BR3.BPM8L3.x_BR3.DVT13L4 equality     .          335.48    -1.02632e-01 >
93 R_BR3.BPM8L3.x_BR3.DVT2L4 equality     .          332.57    -1.49549e-02 >
94 R_BR3.BPM8L3.x_BR3.DVT6L4 equality     .          326.42     4.81390e-02 >
95 R_BR3.BPM8L3.x_BR3.DVT8L1 equality     .          334.17     3.70090e-01 >
96 R_BR3.BPM8L3.x_BR3.DVT9L1 equality     .          334.19     1.23195e-01 >
97 R_BR3.BPM9L3.x_BR3.DHZ11L4 equality     .          297.89     6.92633e-01 >
98 R_BR3.BPM9L3.x_BR3.DHZ12L4 equality     .          290.36    -2.19639e-02 >
99 R_BR3.BPM9L3.x_BR3.DHZ13L4 equality     .          300.89     6.95490e-01 >
100 R_BR3.BPM9L3.x_BR3.DHZ14L1 equality     .          300.3      7.92194e-01 >
101 R_BR3.BPM9L3.x_BR3.DHZ8L1 equality     .          275.12    -4.74524e-02 >
102 R_BR3.BPM9L3.x_BR3.DHZ9L1 equality     .          299.62    -2.77594e-01 >
103 R_BR3.BPM9L3.x_BR3.DVT12L4 equality     .          269.07    -5.44245e-02 >
104 R_BR3.BPM9L3.x_BR3.DVT13L4 equality     .          276.44     1.62429e-01 >
105 R_BR3.BPM9L3.x_BR3.DVT2L4 equality     .          271.33    -6.13243e-02 >
106 R_BR3.BPM9L3.x_BR3.DVT6L4 equality     .          272.15    -9.29724e-02 >
107 R_BR3.BPM9L3.x_BR3.DVT8L1 equality     .          281.79     2.12526e-01 >
108 R_BR3.BPM9L3.x_BR3.DVT9L1 equality     .          280.47     2.28444e-01 >
109 R_BR3.BPM10L3.x_BR3.DHZ11L4 equality     .          318.21     9.16617e-01 >
110 R_BR3.BPM10L3.x_BR3.DHZ12L4 equality     .          328.28     7.41135e-01 >
111 R_BR3.BPM10L3.x_BR3.DHZ13L4 equality     .          325.38     3.60145e-01 >
112 R_BR3.BPM10L3.x_BR3.DHZ14L1 equality     .          328.01     5.77426e-01 >
113 R_BR3.BPM10L3.x_BR3.DHZ8L1 equality     .          322.19     4.74692e-02 >
114 R_BR3.BPM10L3.x_BR3.DHZ9L1 equality     .          321.78     1.89270e-02 >
115 R_BR3.BPM10L3.x_BR3.DVT12L4 equality     .          314.56    -2.57473e-02 >
116 R_BR3.BPM10L3.x_BR3.DVT13L4 equality     .          323.59    -2.13582e-02 >
117 R_BR3.BPM10L3.x_BR3.DVT2L4 equality     .          324.95     6.17039e-02 >
118 R_BR3.BPM10L3.x_BR3.DVT6L4 equality     .          323.52     1.27522e-01 >
119 R_BR3.BPM10L3.x_BR3.DVT8L1 equality     .          325.33     9.39926e-02 >
120 R_BR3.BPM10L3.x_BR3.DVT9L1 equality     .          318.99     3.58691e-02 >
121 R_BR3.BPM11L3.x_BR3.DHZ11L4 equality     .          318.91    -1.60359e-01 >
122 R_BR3.BPM11L3.x_BR3.DHZ12L4 equality     .          325.59     5.25059e-01 >
123 R_BR3.BPM11L3.x_BR3.DHZ13L4 equality     .          322.64     8.88173e-01 >
124 R_BR3.BPM11L3.x_BR3.DHZ14L1 equality     .          325.75     2.43547e-01 >
125 R_BR3.BPM11L3.x_BR3.DHZ8L1 equality     .          315.33     2.02959e-01 >
126 R_BR3.BPM11L3.x_BR3.DHZ9L1 equality     .          318.05    -1.93634e-01 >
127 R_BR3.BPM11L3.x_BR3.DVT12L4 equality     .          321.26    -2.62190e-03 >
128 R_BR3.BPM11L3.x_BR3.DVT13L4 equality     .          323.22    -2.19203e-01 >
129 R_BR3.BPM11L3.x_BR3.DVT2L4 equality     .          323.98     8.43494e-02 >
130 R_BR3.BPM11L3.x_BR3.DVT6L4 equality     .          321.05     1.89177e-01 >
131 R_BR3.BPM11L3.x_BR3.DVT8L1 equality     .          323.79     3.56033e-01 >
132 R_BR3.BPM11L3.x_BR3.DVT9L1 equality     .          323.73    -5.54400e-02 >
133 R_BR3.BPM12L3.x_BR3.DHZ11L4 equality     .          232.5      2.67629e-01 >
134 R_BR3.BPM12L3.x_BR3.DHZ12L4 equality     .          234.92     3.54836e-01 >
135 R_BR3.BPM12L3.x_BR3.DHZ13L4 equality     .          234.62     1.02439e+00 >
136 R_BR3.BPM12L3.x_BR3.DHZ14L1 equality     .          237.48     1.79926e-01 >
137 R_BR3.BPM12L3.x_BR3.DHZ8L1 equality     .          231.14     5.51236e-01 >
138 R_BR3.BPM12L3.x_BR3.DHZ9L1 equality     .          236.23    -3.87469e-01 >
139 R_BR3.BPM12L3.x_BR3.DVT12L4 equality     .          231.44    -2.45246e-02 >
140 R_BR3.BPM12L3.x_BR3.DVT13L4 equality     .          235.61    -6.72612e-02 >
141 R_BR3.BPM12L3.x_BR3.DVT2L4 equality     .          235.35    -2.95262e-02 >
142 R_BR3.BPM12L3.x_BR3.DVT6L4 equality     .          233.52     1.83345e-02 >
143 R_BR3.BPM12L3.x_BR3.DVT8L1 equality     .          234.71     3.35496e-01 >
144 R_BR3.BPM12L3.x_BR3.DVT9L1 equality     .          238.07     1.15625e-01 >
145 R_BR3.BPM13L3.x_BR3.DHZ11L4 equality     .          288.46     9.71346e-01 >
146 R_BR3.BPM13L3.x_BR3.DHZ12L4 equality     .          297.24     4.50962e-01 >
147 R_BR3.BPM13L3.x_BR3.DHZ13L4 equality     .          295.89     5.30981e-01 >
148 R_BR3.BPM13L3.x_BR3.DHZ14L1 equality     .          295.8      5.54670e-01 >
149 R_BR3.BPM13L3.x_BR3.DHZ8L1 equality     .          286.85     3.30984e-01 >
150 R_BR3.BPM13L3.x_BR3.DHZ9L1 equality     .          295.94    -2.65164e-01 >
151 R_BR3.BPM13L3.x_BR3.DVT12L4 equality     .          285.58     7.34382e-02 >
152 R_BR3.BPM13L3.x_BR3.DVT13L4 equality     .          288.7      1.66115e-01 >
153 R_BR3.BPM13L3.x_BR3.DVT2L4 equality     .          293.09    -4.93204e-02 >
154 R_BR3.BPM13L3.x_BR3.DVT6L4 equality     .          292.59    -8.36284e-02 >
155 R_BR3.BPM13L3.x_BR3.DVT8L1 equality     .          292.51     1.22365e-01 >
156 R_BR3.BPM13L3.x_BR3.DVT9L1 equality     .          290.36     2.18304e-01 >
157 R_BR3.BPM14L3.x_BR3.DHZ11L4 equality     .          212.24     9.47694e-01 >
158 R_BR3.BPM14L3.x_BR3.DHZ12L4 equality     .          213.11     3.52866e-01 >
159 R_BR3.BPM14L3.x_BR3.DHZ13L4 equality     .          215        5.81538e-01 >
160 R_BR3.BPM14L3.x_BR3.DHZ14L1 equality     .          215.57     9.17216e-01 >
161 R_BR3.BPM14L3.x_BR3.DHZ8L1 equality     .          208.87     5.06793e-01 >
162 R_BR3.BPM14L3.x_BR3.DHZ9L1 equality     .          215.99    -5.52206e-01 >
163 R_BR3.BPM14L3.x_BR3.DVT12L4 equality     .          212.81    -1.13450e-01 >
164 R_BR3.BPM14L3.x_BR3.DVT13L4 equality     .          214.9      1.30428e-01 >
165 R_BR3.BPM14L3.x_BR3.DVT2L4 equality     .          214.23     1.03301e-01 >
166 R_BR3.BPM14L3.x_BR3.DVT6L4 equality     .          214.62     1.24580e-01 >
167 R_BR3.BPM14L3.x_BR3.DVT8L1 equality     .          214.2      1.27604e-01 >
168 R_BR3.BPM14L3.x_BR3.DVT9L1 equality     .          214.58     3.15270e-02 >
169 R_BR3.BPM15L3.x_BR3.DHZ11L4 equality     .          318.02     1.93070e-01 >
170 R_BR3.BPM15L3.x_BR3.DHZ12L4 equality     .          322.62     5.60332e-01 >
171 R_BR3.BPM15L3.x_BR3.DHZ13L4 equality     .          318.77     8.01240e-01 >
172 R_BR3.BPM15L3.x_BR3.DHZ14L1 equality     .          318.38     6.58655e-01 >
173 R_BR3.BPM15L3.x_BR3.DHZ8L1 equality     .          310.39     7.18573e-01 >
174 R_BR3.BPM15L3.x_BR3.DHZ9L1 equality     .          316.93    -1.72339e-01 >
175 R_BR3.BPM15L3.x_BR3.DVT12L4 equality     .          319.68    -8.74570e-02 >
176 R_BR3.BPM15L3.x_BR3.DVT13L4 equality     .          316.76    -2.65903e-01 >
177 R_BR3.BPM15L3.x_BR3.DVT2L4 equality     .          319.5      2.35262e-02 >
178 R_BR3.BPM15L3.x_BR3.DVT6L4 equality     .          317.69     1.14247e-01 >
179 R_BR3.BPM15L3.x_BR3.DVT8L1 equality     .          319.48     3.41921e-01 >
180 R_BR3.BPM15L3.x_BR3.DVT9L1 equality     .          320.4     -3.90349e-02 >
181 R_BR3.BPM16L3.x_BR3.DHZ11L4 equality     .          338.99     2.05832e-01 >
182 R_BR3.BPM16L3.x_BR3.DHZ12L4 equality     .          342.87     3.96441e-01 >
183 R_BR3.BPM16L3.x_BR3.DHZ13L4 equality     .          335.7      4.55109e-01 >
184 R_BR3.BPM16L3.x_BR3.DHZ14L1 equality     .          338.12    -3.27426e-01 >
185 R_BR3.BPM16L3.x_BR3.DHZ8L1 equality     .          333.59     3.93661e-01 >
186 R_BR3.BPM16L3.x_BR3.DHZ9L1 equality     .          341.37    -6.79725e-02 >
187 R_BR3.BPM16L3.x_BR3.DVT12L4 equality     .          329.08     2.43438e-02 >
188 R_BR3.BPM16L3.x_BR3.DVT13L4 equality     .          332.21    -1.96968e-01 >
189 R_BR3.BPM16L3.x_BR3.DVT2L4 equality     .          328.75    -6.27527e-02 >
190 R_BR3.BPM16L3.x_BR3.DVT6L4 equality     .          328.86    -1.21739e-02 >
191 R_BR3.BPM16L3.x_BR3.DVT8L1 equality     .          334.48     3.10418e-01 >
192 R_BR3.BPM16L3.x_BR3.DVT9L1 equality     .          334.14     1.24287e-01 >
193 R_BR3.BPM1L3.y_BR3.DHZ11L4 equality     .          256.25    -1.46512e-01 >
194 R_BR3.BPM1L3.y_BR3.DHZ12L4 equality     .          262.82    -8.40041e-03 >
195 R_BR3.BPM1L3.y_BR3.DHZ13L4 equality     .          262.88     1.63443e-01 >
196 R_BR3.BPM1L3.y_BR3.DHZ14L1 equality     .          261.24     7.45242e-02 >
197 R_BR3.BPM1L3.y_BR3.DHZ8L1 equality     .          258.42    -1.63806e-01 >
198 R_BR3.BPM1L3.y_BR3.DHZ9L1 equality     .          259.81     3.84244e-02 >
199 R_BR3.BPM1L3.y_BR3.DVT12L4 equality     .          253.55    -7.59642e-02 >
200 R_BR3.BPM1L3.y_BR3.DVT13L4 equality     .          256.41    -1.38944e-01 >
201 R_BR3.BPM1L3.y_BR3.DVT2L4 equality     .          255.28     2.51137e-02 >
202 R_BR3.BPM1L3.y_BR3.DVT6L4 equality     .          258.8      2.27275e-02 >
203 R_BR3.BPM1L3.y_BR3.DVT8L1 equality     .          253.9      1.18682e-01 >
204 R_BR3.BPM1L3.y_BR3.DVT9L1 equality     .          262.54    -1.11644e-01 >
205 R_BR3.BPM2L3.y_BR3.DHZ11L4 equality     .          193.77     2.23751e-02 >
206 R_BR3.BPM2L3.y_BR3.DHZ12L4 equality     .          195.51    -1.00623e-01 >
207 R_BR3.BPM2L3.y_BR3.DHZ13L4 equality     .          194.69    -5.26940e-02 >
208 R_BR3.BPM2L3.y_BR3.DHZ14L1 equality     .          194.89    -2.37050e-02 >
209 R_BR3.BPM2L3.y_BR3.DHZ8L1 equality     .          193.7     -3.56477e-02 >
210 R_BR3.BPM2L3.y_BR3.DHZ9L1 equality     .          194       -1.29772e-01 >
211 R_BR3.BPM2L3.y_BR3.DVT12L4 equality     .          193.39     3.34349e-02 >
212 R_BR3.BPM2L3.y_BR3.DVT13L4 equality     .          199.37     2.60164e-01 >
213 R_BR3.BPM2L3.y_BR3.DVT2L4 equality     .          193.95     9.72683e-02 >
214 R_BR3.BPM2L3.y_BR3.DVT6L4 equality     .          194.29     1.17965e-01 >
215 R_BR3.BPM2L3.y_BR3.DVT8L1 equality     .          197.45     4.52170e-03 >
216 R_BR3.BPM2L3.y_BR3.DVT9L1 equality     .          201.64    -3.46271e-01 >
217 R_BR3.BPM3L3.y_BR3.DHZ11L4 equality     .          309.08     1.67912e-01 >
218 R_BR3.BPM3L3.y_BR3.DHZ12L4 equality     .          311.71     1.93897e-02 >
219 R_BR3.BPM3L3.y_BR3.DHZ13L4 equality     .          313.44    -1.99932e-01 >
220 R_BR3.BPM3L3.y_BR3.DHZ14L1 equality     .          310.99    -1.54125e-01 >
221 R_BR3.BPM3L3.y_BR3.DHZ8L1 equality     .          306.46     1.94961e-01 >
222 R_BR3.BPM3L3.y_BR3.DHZ9L1 equality     .          307.02    -4.08105e-03 >
223 R_BR3.BPM3L3.y_BR3.DVT12L4 equality     .          302.21    -4.10293e-02 >
224 R_BR3.BPM3L3.y_BR3.DVT13L4 equality     .          306.62    -8.54724e-02 >
225 R_BR3.BPM3L3.y_BR3.DVT2L4 equality     .          305.61     2.16931e-01 >
226 R_BR3.BPM3L3.y_BR3.DVT6L4 equality     .          305.13    -5.62942e-02 >
227 R_BR3.BPM3L3.y_BR3.DVT8L1 equality     .          303.25     2.22880e-02 >
228 R_BR3.BPM3L3.y_BR3.DVT9L1 equality     .          307.19     9.08348e-02 >
229 R_BR3.BPM4L3.y_BR3.DHZ11L4 equality     .          207.99    -6.50086e-02 >
230 R_BR3.BPM4L3.y_BR3.DHZ12L4 equality     .          211.05     5.30250e-02 >
231 R_BR3.BPM4L3.y_BR3.DHZ13L4 equality     .          211.6      4.16789e-02 >
232 R_BR3.BPM4L3.y_BR3.DHZ14L1 equality     .          210.73     1.79916e-02 >
233 R_BR3.BPM4L3.y_BR3.DHZ8L1 equality     .          210.5     -7.93612e-03 >
234 R_BR3.BPM4L3.y_BR3.DHZ9L1 equality     .          210.07     1.31976e-01 >
235 R_BR3.BPM4L3.y_BR3.DVT12L4 equality     .          209.22    -7.31019e-01 >
236 R_BR3.BPM4L3.y_BR3.DVT13L4 equality     .          209.46    -4.15846e-03 >
237 R_BR3.BPM4L3.y_BR3.DVT2L4 equality     .          210.76     4.50429e-01 >
238 R_BR3.BPM4L3.y_BR3.DVT6L4 equality     .          210.02     5.60045e-01 >
239 R_BR3.BPM4L3.y_BR3.DVT8L1 equality     .          206.75    -1.88547e-01 >
240 R_BR3.BPM4L3.y_BR3.DVT9L1 equality     .          208.22    -8.64843e-02 >
241 R_BR3.BPM5L3.y_BR3.DHZ11L4 equality     .          301.26    -1.67794e-01 >
242 R_BR3.BPM5L3.y_BR3.DHZ12L4 equality     .          303.11    -3.04810e-02 >
243 R_BR3.BPM5L3.y_BR3.DHZ13L4 equality     .          299.49     1.98163e-01 >
244 R_BR3.BPM5L3.y_BR3.DHZ14L1 equality     .          301.21     1.38335e-01 >
245 R_BR3.BPM5L3.y_BR3.DHZ8L1 equality     .          301.52    -1.82902e-01 >
246 R_BR3.BPM5L3.y_BR3.DHZ9L1 equality     .          302.17     3.91816e-02 >
247 R_BR3.BPM5L3.y_BR3.DVT12L4 equality     .          300       -1.69958e-02 >
248 R_BR3.BPM5L3.y_BR3.DVT13L4 equality     .          293.79     1.59501e-01 >
249 R_BR3.BPM5L3.y_BR3.DVT2L4 equality     .          295.21    -1.65778e-01 >
250 R_BR3.BPM5L3.y_BR3.DVT6L4 equality     .          296.66     1.27740e-01 >
251 R_BR3.BPM5L3.y_BR3.DVT8L1 equality     .          296.81    -4.73397e-02 >
252 R_BR3.BPM5L3.y_BR3.DVT9L1 equality     .          302.94    -1.88419e-01 >
253 R_BR3.BPM6L3.y_BR3.DHZ11L4 equality     .          201.95     5.14613e-02 >
254 R_BR3.BPM6L3.y_BR3.DHZ12L4 equality     .          201.03    -8.97797e-02 >
255 R_BR3.BPM6L3.y_BR3.DHZ13L4 equality     .          202.5     -9.25438e-02 >
256 R_BR3.BPM6L3.y_BR3.DHZ14L1 equality     .          200.64    -9.98986e-02 >
257 R_BR3.BPM6L3.y_BR3.DHZ8L1 equality     .          201.33     5.85636e-02 >
258 R_BR3.BPM6L3.y_BR3.DHZ9L1 equality     .          199.71    -1.12553e-01 >
259 R_BR3.BPM6L3.y_BR3.DVT12L4 equality     .          196.41     6.76584e-01 >
260 R_BR3.BPM6L3.y_BR3.DVT13L4 equality     .          199.93    -1.06088e-02 >
261 R_BR3.BPM6L3.y_BR3.DVT2L4 equality     .          198.6     -3.23639e-01 >
262 R_BR3.BPM6L3.y_BR3.DVT6L4 equality     .          198.12    -5.12353e-01 >
263 R_BR3.BPM6L3.y_BR3.DVT8L1 equality     .          200.55     2.68583e-01 >
264 R_BR3.BPM6L3.y_BR3.DVT9L1 equality     .          198.53     7.57925e-02 >
265 R_BR3.BPM7L3.y_BR3.DHZ11L4 equality     .          246.76     1.76287e-01 >
266 R_BR3.BPM7L3.y_BR3.DHZ12L4 equality     .          247.85     7.99452e-03 >
267 R_BR3.BPM7L3.y_BR3.DHZ13L4 equality     .          244       -2.24589e-01 >
268 R_BR3.BPM7L3.y_BR3.DHZ14L1 equality     .          246.12    -1.70116e-01 >
269 R_BR3.BPM7L3.y_BR3.DHZ8L1 equality     .          243.28     2.01425e-01 >
270 R_BR3.BPM7L3.y_BR3.DHZ9L1 equality     .          241.94     3.98252e-03 >
271 R_BR3.BPM7L3.y_BR3.DVT12L4 equality     .          246.24    -1.85377e-01 >
272 R_BR3.BPM7L3.y_BR3.DVT13L4 equality     .          249.15     1.62823e-01 >
273 R_BR3.BPM7L3.y_BR3.DVT2L4 equality     .          249.6      1.03592e-01 >
274 R_BR3.BPM7L3.y_BR3.DVT6L4 equality     .          248.85    -5.96949e-02 >
275 R_BR3.BPM7L3.y_BR3.DVT8L1 equality     .          245.18    -1.77441e-01 >
276 R_BR3.BPM7L3.y_BR3.DVT9L1 equality     .          247.54     2.06266e-01 >
277 R_BR3.BPM8L3.y_BR3.DHZ11L4 equality     .          304.27     3.40281e-02 >
278 R_BR3.BPM8L3.y_BR3.DHZ12L4 equality     .          306.73     7.44680e-02 >
279 R_BR3.BPM8L3.y_BR3.DHZ13L4 equality     .          311.23    -1.14900e-02 >
280 R_BR3.BPM8L3.y_BR3.DHZ14L1 equality     .          305.81    -6.60757e-02 >
281 R_BR3.BPM8L3.y_BR3.DHZ8L1 equality     .          306.46     7.44069e-02 >
282 R_BR3.BPM8L3.y_BR3.DHZ9L1 equality     .          305.92     1.43119e-01 >
283 R_BR3.BPM8L3.y_BR3.DVT12L4 equality     .          304.41     1.14427e-01 >
284 R_BR3.BPM8L3.y_BR3.DVT13L4 equality     .          306.97    -4.33569e-02 >
285 R_BR3.BPM8L3.y_BR3.DVT2L4 equality     .          303.15    -3.45229e-01 >
286 R_BR3.BPM8L3.y_BR3.DVT6L4 equality     .          299.95     5.13623e-02 >
287 R_BR3.BPM8L3.y_BR3.DVT8L1 equality     .          307.45     3.20190e-01 >
288 R_BR3.BPM8L3.y_BR3.DVT9L1 equality     .          309.51     3.59281e-01 >
289 R_BR3.BPM9L3.y_BR3.DHZ11L4 equality     .          337.26    -1.92332e-01 >
290 R_BR3.BPM9L3.y_BR3.DHZ12L4 equality     .          338.42    -1.34167e-02 >
291 R_BR3.BPM9L3.y_BR3.DHZ13L4 equality     .          336.49     1.83872e-01 >
292 R_BR3.BPM9L3.y_BR3.DHZ14L1 equality     .          336.12     1.31100e-01 >
293 R_BR3.BPM9L3.y_BR3.DHZ8L1 equality     .          332.47    -1.07064e-01 >
294 R_BR3.BPM9L3.y_BR3.DHZ9L1 equality     .          337.6      1.00484e-02 >
295 R_BR3.BPM9L3.y_BR3.DVT12L4 equality     .          328.6     -3.44504e-01 >
296 R_BR3.BPM9L3.y_BR3.DVT13L4 equality     .          337.33     1.57072e-01 >
297 R_BR3.BPM9L3.y_BR3.DVT2L4 equality     .          334.57     1.02612e-01 >
298 R_BR3.BPM9L3.y_BR3.DVT6L4 equality     .          331.98     2.04687e-02 >
299 R_BR3.BPM9L3.y_BR3.DVT8L1 equality     .          333.76    -7.72142e-03 >
300 R_BR3.BPM9L3.y_BR3.DVT9L1 equality     .          335.23     1.82285e-01 >
301 R_BR3.BPM10L3.y_BR3.DHZ11L4 equality     .          362.34     9.03789e-02 >
302 R_BR3.BPM10L3.y_BR3.DHZ12L4 equality     .          366.15    -8.60927e-02 >
303 R_BR3.BPM10L3.y_BR3.DHZ13L4 equality     .          367.87    -1.00201e-01 >
304 R_BR3.BPM10L3.y_BR3.DHZ14L1 equality     .          363.46    -1.39439e-02 >
305 R_BR3.BPM10L3.y_BR3.DHZ8L1 equality     .          362.05    -4.05578e-02 >
306 R_BR3.BPM10L3.y_BR3.DHZ9L1 equality     .          363.87    -1.66962e-01 >
307 R_BR3.BPM10L3.y_BR3.DVT12L4 equality     .          351.58     9.11230e-03 >
308 R_BR3.BPM10L3.y_BR3.DVT13L4 equality     .          361.06    -1.68616e-01 >
309 R_BR3.BPM10L3.y_BR3.DVT2L4 equality     .          356.01     2.93372e-01 >
310 R_BR3.BPM10L3.y_BR3.DVT6L4 equality     .          356.24    -2.17753e-02 >
311 R_BR3.BPM10L3.y_BR3.DVT8L1 equality     .          361.9     -3.24067e-01 >
312 R_BR3.BPM10L3.y_BR3.DVT9L1 equality     .          361.92     3.62094e-02 >
313 R_BR3.BPM11L3.y_BR3.DHZ11L4 equality     .          314.59     1.95054e-01 >
314 R_BR3.BPM11L3.y_BR3.DHZ12L4 equality     .          317.36     8.79345e-02 >
315 R_BR3.BPM11L3.y_BR3.DHZ13L4 equality     .          318.05    -1.98013e-01 >
316 R_BR3.BPM11L3.y_BR3.DHZ14L1 equality     .          319.71    -1.64047e-01 >
317 R_BR3.BPM11L3.y_BR3.DHZ8L1 equality     .          313.26     1.65678e-01 >
318 R_BR3.BPM11L3.y_BR3.DHZ9L1 equality     .          317.17     2.11977e-02 >
319 R_BR3.BPM11L3.y_BR3.DVT12L4 equality     .          317.98    -3.56942e-02 >
320 R_BR3.BPM11L3.y_BR3.DVT13L4 equality     .          322.72     2.64514e-02 >
321 R_BR3.BPM11L3.y_BR3.DVT2L4 equality     .          313.92     5.53882e-03 >
322 R_BR3.BPM11L3.y_BR3.DVT6L4 equality     .          318.65     1.48770e-02 >
323 R_BR3.BPM11L3.y_BR3.DVT8L1 equality     .          315.41    -1.83019e-01 >
324 R_BR3.BPM11L3.y_BR3.DVT9L1 equality     .          317.19    -8.89773e-02 >
325 R_BR3.BPM12L3.y_BR3.DHZ11L4 equality     .          227.9      2.86892e-02 >
326 R_BR3.BPM12L3.y_BR3.DHZ12L4 equality     .          231.84     9.14903e-02 >
327 R_BR3.BPM12L3.y_BR3.DHZ13L4 equality     .          231.33     3.49532e-02 >
328 R_BR3.BPM12L3.y_BR3.DHZ14L1 equality     .          231.42    -1.36064e-02 >
329 R_BR3.BPM12L3.y_BR3.DHZ8L1 equality     .          228.05     6.83895e-02 >
330 R_BR3.BPM12L3.y_BR3.DHZ9L1 equality     .          228.66     8.92801e-02 >
331 R_BR3.BPM12L3.y_BR3.DVT12L4 equality     .          232.22    -5.56559e-01 >
332 R_BR3.BPM12L3.y_BR3.DVT13L4 equality     .          234.4      2.39859e-01 >
333 R_BR3.BPM12L3.y_BR3.DVT2L4 equality     .          231.23     6.47598e-02 >
334 R_BR3.BPM12L3.y_BR3.DVT6L4 equality     .          234.4      2.37141e-01 >
335 R_BR3.BPM12L3.y_BR3.DVT8L1 equality     .          233.15    -3.23870e-02 >
336 R_BR3.BPM12L3.y_BR3.DVT9L1 equality     .          231.32    -1.63213e-02 >
337 R_BR3.BPM13L3.y_BR3.DHZ11L4 equality     .          313.96    -1.08684e-01 >
338 R_BR3.BPM13L3.y_BR3.DHZ12L4 equality     .          314.21    -1.73918e-02 >
339 R_BR3.BPM13L3.y_BR3.DHZ13L4 equality     .          313.76     2.02420e-01 >
340 R_BR3.BPM13L3.y_BR3.DHZ14L1 equality     .          313.87     1.67930e-01 >
341 R_BR3.BPM13L3.y_BR3.DHZ8L1 equality     .          311.3     -1.31690e-01 >
342 R_BR3.BPM13L3.y_BR3.DHZ9L1 equality     .          312.24     3.51075e-03 >
343 R_BR3.BPM13L3.y_BR3.DVT12L4 equality     .          315.58     8.63779e-02 >
344 R_BR3.BPM13L3.y_BR3.DVT13L4 equality     .          316.74     7.05421e-02 >
345 R_BR3.BPM13L3.y_BR3.DVT2L4 equality     .          312.35     5.68170e-02 >
346 R_BR3.BPM13L3.y_BR3.DVT6L4 equality     .          316.57    -3.98667e-02 >
347 R_BR3.BPM13L3.y_BR3.DVT8L1 equality     .          318.3      5.53766e-02 >
348 R_BR3.BPM13L3.y_BR3.DVT9L1 equality     .          321.29     1.22773e-01 >
349 R_BR3.BPM14L3.y_BR3.DHZ11L4 equality     .          245.56     1.39945e-02 >
350 R_BR3.BPM14L3.y_BR3.DHZ12L4 equality     .          245.54    -7.59076e-02 >
351 R_BR3.BPM14L3.y_BR3.DHZ13L4 equality     .          245.23     1.44736e-02 >
352 R_BR3.BPM14L3.y_BR3.DHZ14L1 equality     .          244.32     6.54054e-03 >
353 R_BR3.BPM14L3.y_BR3.DHZ8L1 equality     .          242.34    -3.44774e-02 >
354 R_BR3.BPM14L3.y_BR3.DHZ9L1 equality     .          246.38    -1.27832e-01 >
355 R_BR3.BPM14L3.y_BR3.DVT12L4 equality     .          240.96     1.61085e-01 >
356 R_BR3.BPM14L3.y_BR3.DVT13L4 equality     .          242.02     3.58983e-01 >
357 R_BR3.BPM14L3.y_BR3.DVT2L4 equality     .          243.11     1.03025e-01 >
358 R_BR3.BPM14L3.y_BR3.DVT6L4 equality     .          243.41     5.96924e-02 >
359 R_BR3.BPM14L3.y_BR3.DVT8L1 equality     .          243.07    -6.90039e-02 >
360 R_BR3.BPM14L3.y_BR3.DVT9L1 equality     .          245.83    -2.59964e-01 >
361 R_BR3.BPM15L3.y_BR3.DHZ11L4 equality     .          333.18     1.25721e-01 >
362 R_BR3.BPM15L3.y_BR3.DHZ12L4 equality     .          337.14     7.07271e-02 >
363 R_BR3.BPM15L3.y_BR3.DHZ13L4 equality     .          333.89    -1.90642e-01 >
364 R_BR3.BPM15L3.y_BR3.DHZ14L1 equality     .          334.99    -1.50282e-01 >
365 R_BR3.BPM15L3.y_BR3.DHZ8L1 equality     .          329.99     1.67544e-01 >
366 R_BR3.BPM15L3.y_BR3.DHZ9L1 equality     .          336.13     4.74989e-02 >
367 R_BR3.BPM15L3.y_BR3.DVT12L4 equality     .          333.12    -9.66479e-02 >
368 R_BR3.BPM15L3.y_BR3.DVT13L4 equality     .          332.85    -9.07211e-02 >
369 R_BR3.BPM15L3.y_BR3.DVT2L4 equality     .          338.13    -1.78229e-01 >
370 R_BR3.BPM15L3.y_BR3.DVT6L4 equality     .          336.49    -2.47624e-02 >
371 R_BR3.BPM15L3.y_BR3.DVT8L1 equality     .          338.36     3.94619e-02 >
372 R_BR3.BPM15L3.y_BR3.DVT9L1 equality     .          338.75    -8.39339e-02 >
373 R_BR3.BPM16L3.y_BR3.DHZ11L4 equality     .          368.2      4.14731e-02 >
374 R_BR3.BPM16L3.y_BR3.DHZ12L4 equality     .          370.49     7.65726e-02 >
375 R_BR3.BPM16L3.y_BR3.DHZ13L4 equality     .          369.72    -7.99501e-03 >
376 R_BR3.BPM16L3.y_BR3.DHZ14L1 equality     .          366.39    -6.95445e-03 >
377 R_BR3.BPM16L3.y_BR3.DHZ8L1 equality     .          366.65     7.48626e-02 >
378 R_BR3.BPM16L3.y_BR3.DHZ9L1 equality     .          369.32     1.23618e-01 >
379 R_BR3.BPM16L3.y_BR3.DVT12L4 equality     .          365.9      1.54772e-02 >
380 R_BR3.BPM16L3.y_BR3.DVT13L4 equality     .          367.05    -2.16566e-01 >
381 R_BR3.BPM16L3.y_BR3.DVT2L4 equality     .          365.04    -8.24304e-02 >
382 R_BR3.BPM16L3.y_BR3.DVT6L4 equality     .          365.3     -1.53621e-01 >
383 R_BR3.BPM16L3.y_BR3.DVT8L1 equality     .          366.12    -4.53082e-02 >
384 R_BR3.BPM16L3.y_BR3.DVT9L1 equality     .          368.53     3.69446e-01 >

 Variables                  Curr. Value  Curr. Step   Lower Limit  Upper Limit
--------------------------------------------------------------------------------
 1 BR.QFOCELL1.dk1l        -5.97799e-04  2.27562e-05   .            .         
 2 BR.QDE1.dk1l             1.53860e-03 -2.10586e-05   .            .         
 3 BR.QFOCELL2.dk1l        -2.62366e-03  3.55685e-06   .            .         
 4 BR.QDE2.dk1l             2.03549e-03 -3.45282e-06   .            .         
 5 BR.QFOCELL3.dk1l        -4.07091e-03 -1.50036e-05   .            .         
 6 BR.QDE3.dk1l             2.25423e-03  1.37680e-05   .            .         
 7 BR.QFOCELL4.dk1l         5.15340e-03  4.96187e-06   .            .         
 8 BR.QDE4.dk1l            -5.30999e-03 -4.33805e-06   .            .         
 9 BR.QFOCELL5.dk1l         1.05096e-02  3.61736e-05   .            .         
10 BR.QDE5.dk1l            -1.07420e-02 -3.23754e-05   .            .         
11 BR.QFOCELL6.dk1l        -7.91279e-03 -3.62629e-05   .            .         
12 BR.QDE6.dk1l             8.51545e-03  3.42075e-05   .            .         
13 BR.QFOCELL7.dk1l        -2.14858e-03 -5.78638e-05   .            .         
14 BR.QDE7.dk1l             3.50595e-03  5.33620e-05   .            .         
15 BR.QFOCELL8.dk1l         1.76741e-02  8.42094e-05   .            .         
16 BR.QDE8.dk1l            -1.82536e-02 -7.52064e-05   .            .         
17 BR.QFOCELL9.dk1l         8.80684e-03  6.01852e-05   .            .         
18 BR.QDE9.dk1l            -9.54494e-03 -5.54891e-05   .            .         
19 BR.QFOCELL10.dk1l       -1.19431e-02 -7.63258e-05   .            .         
20 BR.QDE10.dk1l            1.26894e-02  7.05562e-05   .            .         
21 BR.QFOCELL11.dk1l       -1.56866e-03 -3.14130e-05   .            .         
22 BR.QDE11.dk1l           -1.93330e-04  2.99555e-05   .            .         
23 BR.QFOCELL12.dk1l        2.27934e-03  6.15129e-07   .            .         
24 BR.QDE12.dk1l           -2.60553e-03  1.55671e-07   .            .         
25 BR.QFOCELL13.dk1l        1.63729e-02 -7.23082e-06   .            .         
26 BR.QDE13.dk1l           -1.69276e-02  7.02604e-06   .            .         
27 BR.QFOCELL14.dk1l        5.80467e-03  1.54437e-06   .            .         
28 BR.QDE14.dk1l           -6.60279e-03 -1.47436e-06   .            .         
29 BR.QFOCELL15.dk1l       -1.03353e-02 -3.82264e-07   .            .         
30 BR.QDE15.dk1l            8.71406e-03  2.09295e-07   .            .         
31 BR.QFOCELL16.dk1l        2.44090e-03 -8.74560e-06   .            .         
32 BR.QDE16.dk1l           -9.26151e-04  8.06310e-06   .            .         

ncall=166 [5.0s], fval=2.83640e-01, fstp=-5.58941e-07, ccnt=384.


 Constraints                Type        Kind        Weight     Expr. Value
------------------------------------------------------------------------------
 1 R_BR3.BPM1L3.x_BR3.DHZ11L4 equality     .          252.48     6.42075e-01 >
 2 R_BR3.BPM1L3.x_BR3.DHZ12L4 equality     .          260.42     3.98827e-01 >
 3 R_BR3.BPM1L3.x_BR3.DHZ13L4 equality     .          256.05     6.13555e-01 >
 4 R_BR3.BPM1L3.x_BR3.DHZ14L1 equality     .          258.32     2.22366e-01 >
 5 R_BR3.BPM1L3.x_BR3.DHZ8L1 equality     .          251.74    -6.24715e-02 >
 6 R_BR3.BPM1L3.x_BR3.DHZ9L1 equality     .          252.65    -2.83646e-01 >
 7 R_BR3.BPM1L3.x_BR3.DVT12L4 equality     .          251.78     5.60855e-02 >
 8 R_BR3.BPM1L3.x_BR3.DVT13L4 equality     .          258.72     1.88025e-01 >
 9 R_BR3.BPM1L3.x_BR3.DVT2L4 equality     .          257.05    -2.01715e-02 >
10 R_BR3.BPM1L3.x_BR3.DVT6L4 equality     .          253.7     -5.09594e-02 >
11 R_BR3.BPM1L3.x_BR3.DVT8L1 equality     .          253.42     1.24177e-01 >
12 R_BR3.BPM1L3.x_BR3.DVT9L1 equality     .          257.59     1.85746e-01 >
13 R_BR3.BPM2L3.x_BR3.DHZ11L4 equality     .          157.62     3.76755e-01 >
14 R_BR3.BPM2L3.x_BR3.DHZ12L4 equality     .          157.89     7.49042e-01 >
15 R_BR3.BPM2L3.x_BR3.DHZ13L4 equality     .          158.03     9.94884e-01 >
16 R_BR3.BPM2L3.x_BR3.DHZ14L1 equality     .          158.62     1.12489e+00 >
17 R_BR3.BPM2L3.x_BR3.DHZ8L1 equality     .          156.4      2.08288e-01 >
18 R_BR3.BPM2L3.x_BR3.DHZ9L1 equality     .          157.36    -1.17619e-01 >
19 R_BR3.BPM2L3.x_BR3.DVT12L4 equality     .          156.11    -1.84364e-02 >
20 R_BR3.BPM2L3.x_BR3.DVT13L4 equality     .          155.52     7.46099e-02 >
21 R_BR3.BPM2L3.x_BR3.DVT2L4 equality     .          154.03     1.04923e-01 >
22 R_BR3.BPM2L3.x_BR3.DVT6L4 equality     .          157.2      6.54034e-02 >
23 R_BR3.BPM2L3.x_BR3.DVT8L1 equality     .          156.4      1.85090e-01 >
24 R_BR3.BPM2L3.x_BR3.DVT9L1 equality     .          155.82     3.97499e-02 >
25 R_BR3.BPM3L3.x_BR3.DHZ11L4 equality     .          306.38     6.07234e-01 >
26 R_BR3.BPM3L3.x_BR3.DHZ12L4 equality     .          309.92     1.00693e-01 >
27 R_BR3.BPM3L3.x_BR3.DHZ13L4 equality     .          307.15     2.10732e-01 >
28 R_BR3.BPM3L3.x_BR3.DHZ14L1 equality     .          305.61     1.98974e-01 >
29 R_BR3.BPM3L3.x_BR3.DHZ8L1 equality     .          303.8      1.01590e+00 >
30 R_BR3.BPM3L3.x_BR3.DHZ9L1 equality     .          305.13    -5.66424e-01 >
31 R_BR3.BPM3L3.x_BR3.DVT12L4 equality     .          308.36    -4.10721e-02 >
32 R_BR3.BPM3L3.x_BR3.DVT13L4 equality     .          309.21    -2.30170e-01 >
33 R_BR3.BPM3L3.x_BR3.DVT2L4 equality     .          309.43     1.54202e-01 >
34 R_BR3.BPM3L3.x_BR3.DVT6L4 equality     .          313.2      1.40396e-01 >
35 R_BR3.BPM3L3.x_BR3.DVT8L1 equality     .          311.18     3.28882e-01 >
36 R_BR3.BPM3L3.x_BR3.DVT9L1 equality     .          307.84     4.60168e-03 >
37 R_BR3.BPM4L3.x_BR3.DHZ11L4 equality     .          198.02     3.76703e-01 >
38 R_BR3.BPM4L3.x_BR3.DHZ12L4 equality     .          203.28     3.24881e-02 >
39 R_BR3.BPM4L3.x_BR3.DHZ13L4 equality     .          201.28     4.20196e-01 >
40 R_BR3.BPM4L3.x_BR3.DHZ14L1 equality     .          204.36    -3.05414e-01 >
41 R_BR3.BPM4L3.x_BR3.DHZ8L1 equality     .          198.49     3.23775e-01 >
42 R_BR3.BPM4L3.x_BR3.DHZ9L1 equality     .          201.82    -4.59909e-01 >
43 R_BR3.BPM4L3.x_BR3.DVT12L4 equality     .          195.66    -2.03842e-02 >
44 R_BR3.BPM4L3.x_BR3.DVT13L4 equality     .          199.18    -1.25990e-01 >
45 R_BR3.BPM4L3.x_BR3.DVT2L4 equality     .          199.43    -4.13022e-02 >
46 R_BR3.BPM4L3.x_BR3.DVT6L4 equality     .          196.72     2.52806e-02 >
47 R_BR3.BPM4L3.x_BR3.DVT8L1 equality     .          199.21     3.05817e-01 >
48 R_BR3.BPM4L3.x_BR3.DVT9L1 equality     .          198.45     8.71998e-02 >
49 R_BR3.BPM5L3.x_BR3.DHZ11L4 equality     .          324.79     7.54194e-01 >
50 R_BR3.BPM5L3.x_BR3.DHZ12L4 equality     .          337.32     3.42143e-01 >
51 R_BR3.BPM5L3.x_BR3.DHZ13L4 equality     .          331.08     6.52925e-01 >
52 R_BR3.BPM5L3.x_BR3.DHZ14L1 equality     .          329.86     4.55283e-01 >
53 R_BR3.BPM5L3.x_BR3.DHZ8L1 equality     .          326.2     -1.29324e-02 >
54 R_BR3.BPM5L3.x_BR3.DHZ9L1 equality     .          330.74    -3.58238e-01 >
55 R_BR3.BPM5L3.x_BR3.DVT12L4 equality     .          325.59     8.12007e-03 >
56 R_BR3.BPM5L3.x_BR3.DVT13L4 equality     .          331.84     1.69032e-01 >
57 R_BR3.BPM5L3.x_BR3.DVT2L4 equality     .          334.36    -9.37612e-02 >
58 R_BR3.BPM5L3.x_BR3.DVT6L4 equality     .          327.83    -3.99450e-02 >
59 R_BR3.BPM5L3.x_BR3.DVT8L1 equality     .          333.8      1.15984e-01 >
60 R_BR3.BPM5L3.x_BR3.DVT9L1 equality     .          330.19     1.47389e-01 >
61 R_BR3.BPM6L3.x_BR3.DHZ11L4 equality     .          199.47     6.34420e-01 >
62 R_BR3.BPM6L3.x_BR3.DHZ12L4 equality     .          200.7      7.73745e-01 >
63 R_BR3.BPM6L3.x_BR3.DHZ13L4 equality     .          204.48     7.53299e-01 >
64 R_BR3.BPM6L3.x_BR3.DHZ14L1 equality     .          198.32     9.35544e-01 >
65 R_BR3.BPM6L3.x_BR3.DHZ8L1 equality     .          195.69     6.30844e-01 >
66 R_BR3.BPM6L3.x_BR3.DHZ9L1 equality     .          197.62    -1.48850e-01 >
67 R_BR3.BPM6L3.x_BR3.DVT12L4 equality     .          200.77    -5.88141e-02 >
68 R_BR3.BPM6L3.x_BR3.DVT13L4 equality     .          202.21     2.41496e-02 >
69 R_BR3.BPM6L3.x_BR3.DVT2L4 equality     .          200.88     1.13048e-01 >
70 R_BR3.BPM6L3.x_BR3.DVT6L4 equality     .          202.2      1.25660e-01 >
71 R_BR3.BPM6L3.x_BR3.DVT8L1 equality     .          199.68     2.09124e-01 >
72 R_BR3.BPM6L3.x_BR3.DVT9L1 equality     .          199.01     9.13689e-03 >
73 R_BR3.BPM7L3.x_BR3.DHZ11L4 equality     .          223.23     1.39218e-01 >
74 R_BR3.BPM7L3.x_BR3.DHZ12L4 equality     .          227.83     2.58590e-01 >
75 R_BR3.BPM7L3.x_BR3.DHZ13L4 equality     .          223.5      6.78034e-01 >
76 R_BR3.BPM7L3.x_BR3.DHZ14L1 equality     .          225.13     4.05252e-01 >
77 R_BR3.BPM7L3.x_BR3.DHZ8L1 equality     .          221.05     6.46761e-01 >
78 R_BR3.BPM7L3.x_BR3.DHZ9L1 equality     .          222.81    -3.61132e-01 >
79 R_BR3.BPM7L3.x_BR3.DVT12L4 equality     .          223.25    -5.68010e-02 >
80 R_BR3.BPM7L3.x_BR3.DVT13L4 equality     .          224.06    -2.32373e-01 >
81 R_BR3.BPM7L3.x_BR3.DVT2L4 equality     .          223.73     1.05842e-01 >
82 R_BR3.BPM7L3.x_BR3.DVT6L4 equality     .          226.92     2.41689e-01 >
83 R_BR3.BPM7L3.x_BR3.DVT8L1 equality     .          219.71     3.66511e-01 >
84 R_BR3.BPM7L3.x_BR3.DVT9L1 equality     .          227.4      1.71075e-02 >
85 R_BR3.BPM8L3.x_BR3.DHZ11L4 equality     .          331.84     1.41440e-01 >
86 R_BR3.BPM8L3.x_BR3.DHZ12L4 equality     .          343.02     1.15619e-01 >
87 R_BR3.BPM8L3.x_BR3.DHZ13L4 equality     .          339.67     7.21421e-01 >
88 R_BR3.BPM8L3.x_BR3.DHZ14L1 equality     .          338.78    -2.64144e-02 >
89 R_BR3.BPM8L3.x_BR3.DHZ8L1 equality     .          329.23     4.13889e-01 >
90 R_BR3.BPM8L3.x_BR3.DHZ9L1 equality     .          336.85    -3.25678e-01 >
91 R_BR3.BPM8L3.x_BR3.DVT12L4 equality     .          332.26    -3.72673e-03 >
92 R_BR3.BPM8L3.x_BR3.DVT13L4 equality     .          335.48    -1.02632e-01 >
93 R_BR3.BPM8L3.x_BR3.DVT2L4 equality     .          332.57    -1.49549e-02 >
94 R_BR3.BPM8L3.x_BR3.DVT6L4 equality     .          326.42     4.81390e-02 >
95 R_BR3.BPM8L3.x_BR3.DVT8L1 equality     .          334.17     3.70090e-01 >
96 R_BR3.BPM8L3.x_BR3.DVT9L1 equality     .          334.19     1.23195e-01 >
97 R_BR3.BPM9L3.x_BR3.DHZ11L4 equality     .          297.89     6.92950e-01 >
98 R_BR3.BPM9L3.x_BR3.DHZ12L4 equality     .          290.36    -2.25211e-02 >
99 R_BR3.BPM9L3.x_BR3.DHZ13L4 equality     .          300.89     6.95290e-01 >
100 R_BR3.BPM9L3.x_BR3.DHZ14L1 equality     .          300.3      7.92364e-01 >
101 R_BR3.BPM9L3.x_BR3.DHZ8L1 equality     .          275.12    -4.82986e-02 >
102 R_BR3.BPM9L3.x_BR3.DHZ9L1 equality     .          299.62    -2.78313e-01 >
103 R_BR3.BPM9L3.x_BR3.DVT12L4 equality     .          269.07    -5.44245e-02 >
104 R_BR3.BPM9L3.x_BR3.DVT13L4 equality     .          276.44     1.62429e-01 >
105 R_BR3.BPM9L3.x_BR3.DVT2L4 equality     .          271.33    -6.13244e-02 >
106 R_BR3.BPM9L3.x_BR3.DVT6L4 equality     .          272.15    -9.29725e-02 >
107 R_BR3.BPM9L3.x_BR3.DVT8L1 equality     .          281.79     2.12526e-01 >
108 R_BR3.BPM9L3.x_BR3.DVT9L1 equality     .          280.47     2.28444e-01 >
109 R_BR3.BPM10L3.x_BR3.DHZ11L4 equality     .          318.21     9.17531e-01 >
110 R_BR3.BPM10L3.x_BR3.DHZ12L4 equality     .          328.28     7.40994e-01 >
111 R_BR3.BPM10L3.x_BR3.DHZ13L4 equality     .          325.38     3.59302e-01 >
112 R_BR3.BPM10L3.x_BR3.DHZ14L1 equality     .          328.01     5.76785e-01 >
113 R_BR3.BPM10L3.x_BR3.DHZ8L1 equality     .          322.19     4.77588e-02 >
114 R_BR3.BPM10L3.x_BR3.DHZ9L1 equality     .          321.78     1.82169e-02 >
115 R_BR3.BPM10L3.x_BR3.DVT12L4 equality     .          314.56    -2.57473e-02 >
116 R_BR3.BPM10L3.x_BR3.DVT13L4 equality     .          323.59    -2.13581e-02 >
117 R_BR3.BPM10L3.x_BR3.DVT2L4 equality     .          324.95     6.17039e-02 >
118 R_BR3.BPM10L3.x_BR3.DVT6L4 equality     .          323.52     1.27522e-01 >
119 R_BR3.BPM10L3.x_BR3.DVT8L1 equality     .          325.33     9.39926e-02 >
120 R_BR3.BPM10L3.x_BR3.DVT9L1 equality     .          318.99     3.58691e-02 >
121 R_BR3.BPM11L3.x_BR3.DHZ11L4 equality     .          318.91    -1.60061e-01 >
122 R_BR3.BPM11L3.x_BR3.DHZ12L4 equality     .          325.59     5.24830e-01 >
123 R_BR3.BPM11L3.x_BR3.DHZ13L4 equality     .          322.64     8.87911e-01 >
124 R_BR3.BPM11L3.x_BR3.DHZ14L1 equality     .          325.75     2.43371e-01 >
125 R_BR3.BPM11L3.x_BR3.DHZ8L1 equality     .          315.33     2.03159e-01 >
126 R_BR3.BPM11L3.x_BR3.DHZ9L1 equality     .          318.05    -1.93528e-01 >
127 R_BR3.BPM11L3.x_BR3.DVT12L4 equality     .          321.26    -2.62183e-03 >
128 R_BR3.BPM11L3.x_BR3.DVT13L4 equality     .          323.22    -2.19203e-01 >
129 R_BR3.BPM11L3.x_BR3.DVT2L4 equality     .          323.98     8.43494e-02 >
130 R_BR3.BPM11L3.x_BR3.DVT6L4 equality     .          321.05     1.89177e-01 >
131 R_BR3.BPM11L3.x_BR3.DVT8L1 equality     .          323.79     3.56033e-01 >
132 R_BR3.BPM11L3.x_BR3.DVT9L1 equality     .          323.73    -5.54400e-02 >
133 R_BR3.BPM12L3.x_BR3.DHZ11L4 equality     .          232.5      2.67447e-01 >
134 R_BR3.BPM12L3.x_BR3.DHZ12L4 equality     .          234.92     3.54977e-01 >
135 R_BR3.BPM12L3.x_BR3.DHZ13L4 equality     .          234.62     1.02457e+00 >
136 R_BR3.BPM12L3.x_BR3.DHZ14L1 equality     .          237.48     1.80027e-01 >
137 R_BR3.BPM12L3.x_BR3.DHZ8L1 equality     .          231.14     5.51064e-01 >
138 R_BR3.BPM12L3.x_BR3.DHZ9L1 equality     .          236.23    -3.87458e-01 >
139 R_BR3.BPM12L3.x_BR3.DVT12L4 equality     .          231.44    -2.45246e-02 >
140 R_BR3.BPM12L3.x_BR3.DVT13L4 equality     .          235.61    -6.72613e-02 >
141 R_BR3.BPM12L3.x_BR3.DVT2L4 equality     .          235.35    -2.95262e-02 >
142 R_BR3.BPM12L3.x_BR3.DVT6L4 equality     .          233.52     1.83345e-02 >
143 R_BR3.BPM12L3.x_BR3.DVT8L1 equality     .          234.71     3.35496e-01 >
144 R_BR3.BPM12L3.x_BR3.DVT9L1 equality     .          238.07     1.15625e-01 >
145 R_BR3.BPM13L3.x_BR3.DHZ11L4 equality     .          288.46     9.71168e-01 >
146 R_BR3.BPM13L3.x_BR3.DHZ12L4 equality     .          297.24     4.51221e-01 >
147 R_BR3.BPM13L3.x_BR3.DHZ13L4 equality     .          295.89     5.31098e-01 >
148 R_BR3.BPM13L3.x_BR3.DHZ14L1 equality     .          295.8      5.54712e-01 >
149 R_BR3.BPM13L3.x_BR3.DHZ8L1 equality     .          286.85     3.30883e-01 >
150 R_BR3.BPM13L3.x_BR3.DHZ9L1 equality     .          295.94    -2.65373e-01 >
151 R_BR3.BPM13L3.x_BR3.DVT12L4 equality     .          285.58     7.34381e-02 >
152 R_BR3.BPM13L3.x_BR3.DVT13L4 equality     .          288.7      1.66115e-01 >
153 R_BR3.BPM13L3.x_BR3.DVT2L4 equality     .          293.09    -4.93204e-02 >
154 R_BR3.BPM13L3.x_BR3.DVT6L4 equality     .          292.59    -8.36284e-02 >
155 R_BR3.BPM13L3.x_BR3.DVT8L1 equality     .          292.51     1.22365e-01 >
156 R_BR3.BPM13L3.x_BR3.DVT9L1 equality     .          290.36     2.18304e-01 >
157 R_BR3.BPM14L3.x_BR3.DHZ11L4 equality     .          212.24     9.47776e-01 >
158 R_BR3.BPM14L3.x_BR3.DHZ12L4 equality     .          213.11     3.52757e-01 >
159 R_BR3.BPM14L3.x_BR3.DHZ13L4 equality     .          215        5.81497e-01 >
160 R_BR3.BPM14L3.x_BR3.DHZ14L1 equality     .          215.57     9.17270e-01 >
161 R_BR3.BPM14L3.x_BR3.DHZ8L1 equality     .          208.87     5.06873e-01 >
162 R_BR3.BPM14L3.x_BR3.DHZ9L1 equality     .          215.99    -5.52033e-01 >
163 R_BR3.BPM14L3.x_BR3.DVT12L4 equality     .          212.81    -1.13450e-01 >
164 R_BR3.BPM14L3.x_BR3.DVT13L4 equality     .          214.9      1.30428e-01 >
165 R_BR3.BPM14L3.x_BR3.DVT2L4 equality     .          214.23     1.03301e-01 >
166 R_BR3.BPM14L3.x_BR3.DVT6L4 equality     .          214.62     1.24580e-01 >
167 R_BR3.BPM14L3.x_BR3.DVT8L1 equality     .          214.2      1.27604e-01 >
168 R_BR3.BPM14L3.x_BR3.DVT9L1 equality     .          214.58     3.15270e-02 >
169 R_BR3.BPM15L3.x_BR3.DHZ11L4 equality     .          318.02     1.93160e-01 >
170 R_BR3.BPM15L3.x_BR3.DHZ12L4 equality     .          322.62     5.60035e-01 >
171 R_BR3.BPM15L3.x_BR3.DHZ13L4 equality     .          318.77     8.01207e-01 >
172 R_BR3.BPM15L3.x_BR3.DHZ14L1 equality     .          318.38     6.58709e-01 >
173 R_BR3.BPM15L3.x_BR3.DHZ8L1 equality     .          310.39     7.18573e-01 >
174 R_BR3.BPM15L3.x_BR3.DHZ9L1 equality     .          316.93    -1.72191e-01 >
175 R_BR3.BPM15L3.x_BR3.DVT12L4 equality     .          319.68    -8.74569e-02 >
176 R_BR3.BPM15L3.x_BR3.DVT13L4 equality     .          316.76    -2.65903e-01 >
177 R_BR3.BPM15L3.x_BR3.DVT2L4 equality     .          319.5      2.35262e-02 >
178 R_BR3.BPM15L3.x_BR3.DVT6L4 equality     .          317.69     1.14247e-01 >
179 R_BR3.BPM15L3.x_BR3.DVT8L1 equality     .          319.48     3.41921e-01 >
180 R_BR3.BPM15L3.x_BR3.DVT9L1 equality     .          320.4     -3.90349e-02 >
181 R_BR3.BPM16L3.x_BR3.DHZ11L4 equality     .          338.99     2.05670e-01 >
182 R_BR3.BPM16L3.x_BR3.DHZ12L4 equality     .          342.87     3.96587e-01 >
183 R_BR3.BPM16L3.x_BR3.DHZ13L4 equality     .          335.7      4.55219e-01 >
184 R_BR3.BPM16L3.x_BR3.DHZ14L1 equality     .          338.12    -3.27440e-01 >
185 R_BR3.BPM16L3.x_BR3.DHZ8L1 equality     .          333.59     3.93513e-01 >
186 R_BR3.BPM16L3.x_BR3.DHZ9L1 equality     .          341.37    -6.81186e-02 >
187 R_BR3.BPM16L3.x_BR3.DVT12L4 equality     .          329.08     2.43438e-02 >
188 R_BR3.BPM16L3.x_BR3.DVT13L4 equality     .          332.21    -1.96968e-01 >
189 R_BR3.BPM16L3.x_BR3.DVT2L4 equality     .          328.75    -6.27526e-02 >
190 R_BR3.BPM16L3.x_BR3.DVT6L4 equality     .          328.86    -1.21738e-02 >
191 R_BR3.BPM16L3.x_BR3.DVT8L1 equality     .          334.48     3.10418e-01 >
192 R_BR3.BPM16L3.x_BR3.DVT9L1 equality     .          334.14     1.24287e-01 >
193 R_BR3.BPM1L3.y_BR3.DHZ11L4 equality     .          256.25    -1.46512e-01 >
194 R_BR3.BPM1L3.y_BR3.DHZ12L4 equality     .          262.82    -8.40048e-03 >
195 R_BR3.BPM1L3.y_BR3.DHZ13L4 equality     .          262.88     1.63443e-01 >
196 R_BR3.BPM1L3.y_BR3.DHZ14L1 equality     .          261.24     7.45243e-02 >
197 R_BR3.BPM1L3.y_BR3.DHZ8L1 equality     .          258.42    -1.63806e-01 >
198 R_BR3.BPM1L3.y_BR3.DHZ9L1 equality     .          259.81     3.84244e-02 >
199 R_BR3.BPM1L3.y_BR3.DVT12L4 equality     .          253.55    -7.59537e-02 >
200 R_BR3.BPM1L3.y_BR3.DVT13L4 equality     .          256.41    -1.38931e-01 >
201 R_BR3.BPM1L3.y_BR3.DVT2L4 equality     .          255.28     2.51307e-02 >
202 R_BR3.BPM1L3.y_BR3.DVT6L4 equality     .          258.8      2.27238e-02 >
203 R_BR3.BPM1L3.y_BR3.DVT8L1 equality     .          253.9      1.18671e-01 >
204 R_BR3.BPM1L3.y_BR3.DVT9L1 equality     .          262.54    -1.11652e-01 >
205 R_BR3.BPM2L3.y_BR3.DHZ11L4 equality     .          193.77     2.23751e-02 >
206 R_BR3.BPM2L3.y_BR3.DHZ12L4 equality     .          195.51    -1.00623e-01 >
207 R_BR3.BPM2L3.y_BR3.DHZ13L4 equality     .          194.69    -5.26939e-02 >
208 R_BR3.BPM2L3.y_BR3.DHZ14L1 equality     .          194.89    -2.37049e-02 >
209 R_BR3.BPM2L3.y_BR3.DHZ8L1 equality     .          193.7     -3.56477e-02 >
210 R_BR3.BPM2L3.y_BR3.DHZ9L1 equality     .          194       -1.29772e-01 >
211 R_BR3.BPM2L3.y_BR3.DVT12L4 equality     .          193.39     3.34164e-02 >
212 R_BR3.BPM2L3.y_BR3.DVT13L4 equality     .          199.37     2.60159e-01 >
213 R_BR3.BPM2L3.y_BR3.DVT2L4 equality     .          193.95     9.72855e-02 >
214 R_BR3.BPM2L3.y_BR3.DVT6L4 equality     .          194.29     1.17938e-01 >
215 R_BR3.BPM2L3.y_BR3.DVT8L1 equality     .          197.45     4.51431e-03 >
216 R_BR3.BPM2L3.y_BR3.DVT9L1 equality     .          201.64    -3.46275e-01 >
217 R_BR3.BPM3L3.y_BR3.DHZ11L4 equality     .          309.08     1.67912e-01 >
218 R_BR3.BPM3L3.y_BR3.DHZ12L4 equality     .          311.71     1.93898e-02 >
219 R_BR3.BPM3L3.y_BR3.DHZ13L4 equality     .          313.44    -1.99932e-01 >
220 R_BR3.BPM3L3.y_BR3.DHZ14L1 equality     .          310.99    -1.54125e-01 >
221 R_BR3.BPM3L3.y_BR3.DHZ8L1 equality     .          306.46     1.94961e-01 >
222 R_BR3.BPM3L3.y_BR3.DHZ9L1 equality     .          307.02    -4.08105e-03 >
223 R_BR3.BPM3L3.y_BR3.DVT12L4 equality     .          302.21    -4.10297e-02 >
224 R_BR3.BPM3L3.y_BR3.DVT13L4 equality     .          306.62    -8.54615e-02 >
225 R_BR3.BPM3L3.y_BR3.DVT2L4 equality     .          305.61     2.16925e-01 >
226 R_BR3.BPM3L3.y_BR3.DVT6L4 equality     .          305.13    -5.62785e-02 >
227 R_BR3.BPM3L3.y_BR3.DVT8L1 equality     .          303.25     2.22870e-02 >
228 R_BR3.BPM3L3.y_BR3.DVT9L1 equality     .          307.19     9.08494e-02 >
229 R_BR3.BPM4L3.y_BR3.DHZ11L4 equality     .          207.99    -6.50086e-02 >
230 R_BR3.BPM4L3.y_BR3.DHZ12L4 equality     .          211.05     5.30250e-02 >
231 R_BR3.BPM4L3.y_BR3.DHZ13L4 equality     .          211.6      4.16789e-02 >
232 R_BR3.BPM4L3.y_BR3.DHZ14L1 equality     .          210.73     1.79917e-02 >
233 R_BR3.BPM4L3.y_BR3.DHZ8L1 equality     .          210.5     -7.93618e-03 >
234 R_BR3.BPM4L3.y_BR3.DHZ9L1 equality     .          210.07     1.31976e-01 >
235 R_BR3.BPM4L3.y_BR3.DVT12L4 equality     .          209.22    -7.30995e-01 >
236 R_BR3.BPM4L3.y_BR3.DVT13L4 equality     .          209.46    -4.15529e-03 >
237 R_BR3.BPM4L3.y_BR3.DVT2L4 equality     .          210.76     4.50408e-01 >
238 R_BR3.BPM4L3.y_BR3.DVT6L4 equality     .          210.02     5.60065e-01 >
239 R_BR3.BPM4L3.y_BR3.DVT8L1 equality     .          206.75    -1.88539e-01 >
240 R_BR3.BPM4L3.y_BR3.DVT9L1 equality     .          208.22    -8.64799e-02 >
241 R_BR3.BPM5L3.y_BR3.DHZ11L4 equality     .          301.26    -1.67794e-01 >
242 R_BR3.BPM5L3.y_BR3.DHZ12L4 equality     .          303.11    -3.04811e-02 >
243 R_BR3.BPM5L3.y_BR3.DHZ13L4 equality     .          299.49     1.98163e-01 >
244 R_BR3.BPM5L3.y_BR3.DHZ14L1 equality     .          301.21     1.38335e-01 >
245 R_BR3.BPM5L3.y_BR3.DHZ8L1 equality     .          301.52    -1.82902e-01 >
246 R_BR3.BPM5L3.y_BR3.DHZ9L1 equality     .          302.17     3.91815e-02 >
247 R_BR3.BPM5L3.y_BR3.DVT12L4 equality     .          300       -1.69935e-02 >
248 R_BR3.BPM5L3.y_BR3.DVT13L4 equality     .          293.79     1.59520e-01 >
249 R_BR3.BPM5L3.y_BR3.DVT2L4 equality     .          295.21    -1.65789e-01 >
250 R_BR3.BPM5L3.y_BR3.DVT6L4 equality     .          296.66     1.27731e-01 >
251 R_BR3.BPM5L3.y_BR3.DVT8L1 equality     .          296.81    -4.73579e-02 >
252 R_BR3.BPM5L3.y_BR3.DVT9L1 equality     .          302.94    -1.88428e-01 >
253 R_BR3.BPM6L3.y_BR3.DHZ11L4 equality     .          201.95     5.14612e-02 >
254 R_BR3.BPM6L3.y_BR3.DHZ12L4 equality     .          201.03    -8.97796e-02 >
255 R_BR3.BPM6L3.y_BR3.DHZ13L4 equality     .          202.5     -9.25437e-02 >
256 R_BR3.BPM6L3.y_BR3.DHZ14L1 equality     .          200.64    -9.98986e-02 >
257 R_BR3.BPM6L3.y_BR3.DHZ8L1 equality     .          201.33     5.85636e-02 >
258 R_BR3.BPM6L3.y_BR3.DHZ9L1 equality     .          199.71    -1.12553e-01 >
259 R_BR3.BPM6L3.y_BR3.DVT12L4 equality     .          196.41     6.76610e-01 >
260 R_BR3.BPM6L3.y_BR3.DVT13L4 equality     .          199.93    -1.06001e-02 >
261 R_BR3.BPM6L3.y_BR3.DVT2L4 equality     .          198.6     -3.23668e-01 >
262 R_BR3.BPM6L3.y_BR3.DVT6L4 equality     .          198.12    -5.12403e-01 >
263 R_BR3.BPM6L3.y_BR3.DVT8L1 equality     .          200.55     2.68573e-01 >
264 R_BR3.BPM6L3.y_BR3.DVT9L1 equality     .          198.53     7.58215e-02 >
265 R_BR3.BPM7L3.y_BR3.DHZ11L4 equality     .          246.76     1.76287e-01 >
266 R_BR3.BPM7L3.y_BR3.DHZ12L4 equality     .          247.85     7.99453e-03 >
267 R_BR3.BPM7L3.y_BR3.DHZ13L4 equality     .          244       -2.24589e-01 >
268 R_BR3.BPM7L3.y_BR3.DHZ14L1 equality     .          246.12    -1.70116e-01 >
269 R_BR3.BPM7L3.y_BR3.DHZ8L1 equality     .          243.28     2.01425e-01 >
270 R_BR3.BPM7L3.y_BR3.DHZ9L1 equality     .          241.94     3.98246e-03 >
271 R_BR3.BPM7L3.y_BR3.DVT12L4 equality     .          246.24    -1.85414e-01 >
272 R_BR3.BPM7L3.y_BR3.DVT13L4 equality     .          249.15     1.62888e-01 >
273 R_BR3.BPM7L3.y_BR3.DVT2L4 equality     .          249.6      1.03590e-01 >
274 R_BR3.BPM7L3.y_BR3.DVT6L4 equality     .          248.85    -5.97457e-02 >
275 R_BR3.BPM7L3.y_BR3.DVT8L1 equality     .          245.18    -1.77476e-01 >
276 R_BR3.BPM7L3.y_BR3.DVT9L1 equality     .          247.54     2.06259e-01 >
277 R_BR3.BPM8L3.y_BR3.DHZ11L4 equality     .          304.27     3.40281e-02 >
278 R_BR3.BPM8L3.y_BR3.DHZ12L4 equality     .          306.73     7.44680e-02 >
279 R_BR3.BPM8L3.y_BR3.DHZ13L4 equality     .          311.23    -1.14901e-02 >
280 R_BR3.BPM8L3.y_BR3.DHZ14L1 equality     .          305.81    -6.60757e-02 >
281 R_BR3.BPM8L3.y_BR3.DHZ8L1 equality     .          306.46     7.44069e-02 >
282 R_BR3.BPM8L3.y_BR3.DHZ9L1 equality     .          305.92     1.43119e-01 >
283 R_BR3.BPM8L3.y_BR3.DVT12L4 equality     .          304.41     1.14536e-01 >
284 R_BR3.BPM8L3.y_BR3.DVT13L4 equality     .          306.97    -4.33424e-02 >
285 R_BR3.BPM8L3.y_BR3.DVT2L4 equality     .          303.15    -3.45332e-01 >
286 R_BR3.BPM8L3.y_BR3.DVT6L4 equality     .          299.95     5.13129e-02 >
287 R_BR3.BPM8L3.y_BR3.DVT8L1 equality     .          307.45     3.20249e-01 >
288 R_BR3.BPM8L3.y_BR3.DVT9L1 equality     .          309.51     3.59334e-01 >
289 R_BR3.BPM9L3.y_BR3.DHZ11L4 equality     .          337.26    -1.92332e-01 >
290 R_BR3.BPM9L3.y_BR3.DHZ12L4 equality     .          338.42    -1.34167e-02 >
291 R_BR3.BPM9L3.y_BR3.DHZ13L4 equality     .          336.49     1.83873e-01 >
292 R_BR3.BPM9L3.y_BR3.DHZ14L1 equality     .          336.12     1.31100e-01 >
293 R_BR3.BPM9L3.y_BR3.DHZ8L1 equality     .          332.47    -1.07064e-01 >
294 R_BR3.BPM9L3.y_BR3.DHZ9L1 equality     .          337.6      1.00484e-02 >
295 R_BR3.BPM9L3.y_BR3.DVT12L4 equality     .          328.6     -3.44527e-01 >
296 R_BR3.BPM9L3.y_BR3.DVT13L4 equality     .          337.33     1.57139e-01 >
297 R_BR3.BPM9L3.y_BR3.DVT2L4 equality     .          334.57     1.02597e-01 >
298 R_BR3.BPM9L3.y_BR3.DVT6L4 equality     .          331.98     2.04427e-02 >
299 R_BR3.BPM9L3.y_BR3.DVT8L1 equality     .          333.76    -7.73298e-03 >
300 R_BR3.BPM9L3.y_BR3.DVT9L1 equality     .          335.23     1.82324e-01 >
301 R_BR3.BPM10L3.y_BR3.DHZ11L4 equality     .          362.34     9.03788e-02 >
302 R_BR3.BPM10L3.y_BR3.DHZ12L4 equality     .          366.15    -8.60927e-02 >
303 R_BR3.BPM10L3.y_BR3.DHZ13L4 equality     .          367.87    -1.00201e-01 >
304 R_BR3.BPM10L3.y_BR3.DHZ14L1 equality     .          363.46    -1.39439e-02 >
305 R_BR3.BPM10L3.y_BR3.DHZ8L1 equality     .          362.05    -4.05579e-02 >
306 R_BR3.BPM10L3.y_BR3.DHZ9L1 equality     .          363.87    -1.66962e-01 >
307 R_BR3.BPM10L3.y_BR3.DVT12L4 equality     .          351.58     9.17076e-03 >
308 R_BR3.BPM10L3.y_BR3.DVT13L4 equality     .          361.06    -1.68597e-01 >
309 R_BR3.BPM10L3.y_BR3.DVT2L4 equality     .          356.01     2.93307e-01 >
310 R_BR3.BPM10L3.y_BR3.DVT6L4 equality     .          356.24    -2.18663e-02 >
311 R_BR3.BPM10L3.y_BR3.DVT8L1 equality     .          361.9     -3.24020e-01 >
312 R_BR3.BPM10L3.y_BR3.DVT9L1 equality     .          361.92     3.62028e-02 >
313 R_BR3.BPM11L3.y_BR3.DHZ11L4 equality     .          314.59     1.95054e-01 >
314 R_BR3.BPM11L3.y_BR3.DHZ12L4 equality     .          317.36     8.79346e-02 >
315 R_BR3.BPM11L3.y_BR3.DHZ13L4 equality     .          318.05    -1.98013e-01 >
316 R_BR3.BPM11L3.y_BR3.DHZ14L1 equality     .          319.71    -1.64047e-01 >
317 R_BR3.BPM11L3.y_BR3.DHZ8L1 equality     .          313.26     1.65678e-01 >
318 R_BR3.BPM11L3.y_BR3.DHZ9L1 equality     .          317.17     2.11977e-02 >
319 R_BR3.BPM11L3.y_BR3.DVT12L4 equality     .          317.98    -3.57182e-02 >
320 R_BR3.BPM11L3.y_BR3.DVT13L4 equality     .          322.72     2.65025e-02 >
321 R_BR3.BPM11L3.y_BR3.DVT2L4 equality     .          313.92     5.53310e-03 >
322 R_BR3.BPM11L3.y_BR3.DVT6L4 equality     .          318.65     1.48422e-02 >
323 R_BR3.BPM11L3.y_BR3.DVT8L1 equality     .          315.41    -1.83028e-01 >
324 R_BR3.BPM11L3.y_BR3.DVT9L1 equality     .          317.19    -8.89410e-02 >
325 R_BR3.BPM12L3.y_BR3.DHZ11L4 equality     .          227.9      2.86893e-02 >
326 R_BR3.BPM12L3.y_BR3.DHZ12L4 equality     .          231.84     9.14903e-02 >
327 R_BR3.BPM12L3.y_BR3.DHZ13L4 equality     .          231.33     3.49531e-02 >
328 R_BR3.BPM12L3.y_BR3.DHZ14L1 equality     .          231.42    -1.36064e-02 >
329 R_BR3.BPM12L3.y_BR3.DHZ8L1 equality     .          228.05     6.83895e-02 >
330 R_BR3.BPM12L3.y_BR3.DHZ9L1 equality     .          228.66     8.92801e-02 >
331 R_BR3.BPM12L3.y_BR3.DVT12L4 equality     .          232.22    -5.56535e-01 >
332 R_BR3.BPM12L3.y_BR3.DVT13L4 equality     .          234.4      2.39859e-01 >
333 R_BR3.BPM12L3.y_BR3.DVT2L4 equality     .          231.23     6.47401e-02 >
334 R_BR3.BPM12L3.y_BR3.DVT6L4 equality     .          234.4      2.37164e-01 >
335 R_BR3.BPM12L3.y_BR3.DVT8L1 equality     .          233.15    -3.23820e-02 >
336 R_BR3.BPM12L3.y_BR3.DVT9L1 equality     .          231.32    -1.63037e-02 >
337 R_BR3.BPM13L3.y_BR3.DHZ11L4 equality     .          313.96    -1.08684e-01 >
338 R_BR3.BPM13L3.y_BR3.DHZ12L4 equality     .          314.21    -1.73919e-02 >
339 R_BR3.BPM13L3.y_BR3.DHZ13L4 equality     .          313.76     2.02420e-01 >
340 R_BR3.BPM13L3.y_BR3.DHZ14L1 equality     .          313.87     1.67930e-01 >
341 R_BR3.BPM13L3.y_BR3.DHZ8L1 equality     .          311.3     -1.31690e-01 >
342 R_BR3.BPM13L3.y_BR3.DHZ9L1 equality     .          312.24     3.51076e-03 >
343 R_BR3.BPM13L3.y_BR3.DVT12L4 equality     .          315.58     8.63793e-02 >
344 R_BR3.BPM13L3.y_BR3.DVT13L4 equality     .          316.74     7.05275e-02 >
345 R_BR3.BPM13L3.y_BR3.DVT2L4 equality     .          312.35     5.68093e-02 >
346 R_BR3.BPM13L3.y_BR3.DVT6L4 equality     .          316.57    -3.98646e-02 >
347 R_BR3.BPM13L3.y_BR3.DVT8L1 equality     .          318.3      5.53860e-02 >
348 R_BR3.BPM13L3.y_BR3.DVT9L1 equality     .          321.29     1.22756e-01 >
349 R_BR3.BPM14L3.y_BR3.DHZ11L4 equality     .          245.56     1.39945e-02 >
350 R_BR3.BPM14L3.y_BR3.DHZ12L4 equality     .          245.54    -7.59076e-02 >
351 R_BR3.BPM14L3.y_BR3.DHZ13L4 equality     .          245.23     1.44737e-02 >
352 R_BR3.BPM14L3.y_BR3.DHZ14L1 equality     .          244.32     6.54059e-03 >
353 R_BR3.BPM14L3.y_BR3.DHZ8L1 equality     .          242.34    -3.44774e-02 >
354 R_BR3.BPM14L3.y_BR3.DHZ9L1 equality     .          246.38    -1.27832e-01 >
355 R_BR3.BPM14L3.y_BR3.DVT12L4 equality     .          240.96     1.61081e-01 >
356 R_BR3.BPM14L3.y_BR3.DVT13L4 equality     .          242.02     3.58981e-01 >
357 R_BR3.BPM14L3.y_BR3.DVT2L4 equality     .          243.11     1.03040e-01 >
358 R_BR3.BPM14L3.y_BR3.DVT6L4 equality     .          243.41     5.96556e-02 >
359 R_BR3.BPM14L3.y_BR3.DVT8L1 equality     .          243.07    -6.90125e-02 >
360 R_BR3.BPM14L3.y_BR3.DVT9L1 equality     .          245.83    -2.59965e-01 >
361 R_BR3.BPM15L3.y_BR3.DHZ11L4 equality     .          333.18     1.25721e-01 >
362 R_BR3.BPM15L3.y_BR3.DHZ12L4 equality     .          337.14     7.07272e-02 >
363 R_BR3.BPM15L3.y_BR3.DHZ13L4 equality     .          333.89    -1.90642e-01 >
364 R_BR3.BPM15L3.y_BR3.DHZ14L1 equality     .          334.99    -1.50282e-01 >
365 R_BR3.BPM15L3.y_BR3.DHZ8L1 equality     .          329.99     1.67544e-01 >
366 R_BR3.BPM15L3.y_BR3.DHZ9L1 equality     .          336.13     4.74988e-02 >
367 R_BR3.BPM15L3.y_BR3.DVT12L4 equality     .          333.12    -9.66554e-02 >
368 R_BR3.BPM15L3.y_BR3.DVT13L4 equality     .          332.85    -9.07220e-02 >
369 R_BR3.BPM15L3.y_BR3.DVT2L4 equality     .          338.13    -1.78235e-01 >
370 R_BR3.BPM15L3.y_BR3.DVT6L4 equality     .          336.49    -2.47610e-02 >
371 R_BR3.BPM15L3.y_BR3.DVT8L1 equality     .          338.36     3.94644e-02 >
372 R_BR3.BPM15L3.y_BR3.DVT9L1 equality     .          338.75    -8.39227e-02 >
373 R_BR3.BPM16L3.y_BR3.DHZ11L4 equality     .          368.2      4.14731e-02 >
374 R_BR3.BPM16L3.y_BR3.DHZ12L4 equality     .          370.49     7.65726e-02 >
375 R_BR3.BPM16L3.y_BR3.DHZ13L4 equality     .          369.72    -7.99505e-03 >
376 R_BR3.BPM16L3.y_BR3.DHZ14L1 equality     .          366.39    -6.95448e-03 >
377 R_BR3.BPM16L3.y_BR3.DHZ8L1 equality     .          366.65     7.48625e-02 >
378 R_BR3.BPM16L3.y_BR3.DHZ9L1 equality     .          369.32     1.23618e-01 >
379 R_BR3.BPM16L3.y_BR3.DVT12L4 equality     .          365.9      1.54861e-02 >
380 R_BR3.BPM16L3.y_BR3.DVT13L4 equality     .          367.05    -2.16562e-01 >
381 R_BR3.BPM16L3.y_BR3.DVT2L4 equality     .          365.04    -8.24453e-02 >
382 R_BR3.BPM16L3.y_BR3.DVT6L4 equality     .          365.3     -1.53587e-01 >
383 R_BR3.BPM16L3.y_BR3.DVT8L1 equality     .          366.12    -4.53003e-02 >
384 R_BR3.BPM16L3.y_BR3.DVT9L1 equality     .          368.53     3.69447e-01 >

 Variables                  Curr. Value  Curr. Step   Lower Limit  Upper Limit
--------------------------------------------------------------------------------
 1 BR.QFOCELL1.dk1l        -5.92533e-04  5.26596e-06   .            .         
 2 BR.QDE1.dk1l             1.53372e-03 -4.87834e-06   .            .         
 3 BR.QFOCELL2.dk1l        -2.62283e-03  8.25174e-07   .            .         
 4 BR.QDE2.dk1l             2.03468e-03 -8.01982e-07   .            .         
 5 BR.QFOCELL3.dk1l        -4.07213e-03 -1.21779e-06   .            .         
 6 BR.QDE3.dk1l             2.25534e-03  1.10571e-06   .            .         
 7 BR.QFOCELL4.dk1l         5.15530e-03  1.90610e-06   .            .         
 8 BR.QDE4.dk1l            -5.31170e-03 -1.70929e-06   .            .         
 9 BR.QFOCELL5.dk1l         1.05164e-02  6.85169e-06   .            .         
10 BR.QDE5.dk1l            -1.07481e-02 -6.09721e-06   .            .         
11 BR.QFOCELL6.dk1l        -7.92344e-03 -1.06427e-05   .            .         
12 BR.QDE6.dk1l             8.52551e-03  1.00631e-05   .            .         
13 BR.QFOCELL7.dk1l        -2.16420e-03 -1.56222e-05   .            .         
14 BR.QDE7.dk1l             3.52036e-03  1.44034e-05   .            .         
15 BR.QFOCELL8.dk1l         1.76971e-02  2.30454e-05   .            .         
16 BR.QDE8.dk1l            -1.82742e-02 -2.06122e-05   .            .         
17 BR.QFOCELL9.dk1l         8.82723e-03  2.03853e-05   .            .         
18 BR.QDE9.dk1l            -9.56367e-03 -1.87247e-05   .            .         
19 BR.QFOCELL10.dk1l       -1.19632e-02 -2.01336e-05   .            .         
20 BR.QDE10.dk1l            1.27080e-02  1.85774e-05   .            .         
21 BR.QFOCELL11.dk1l       -1.58031e-03 -1.16442e-05   .            .         
22 BR.QDE11.dk1l           -1.82346e-04  1.09840e-05   .            .         
23 BR.QFOCELL12.dk1l        2.28002e-03  6.79287e-07   .            .         
24 BR.QDE12.dk1l           -2.60591e-03 -3.81580e-07   .            .         
25 BR.QFOCELL13.dk1l        1.63693e-02 -3.55612e-06   .            .         
26 BR.QDE13.dk1l           -1.69243e-02  3.34378e-06   .            .         
27 BR.QFOCELL14.dk1l        5.80309e-03 -1.58149e-06   .            .         
28 BR.QDE14.dk1l           -6.60136e-03  1.43194e-06   .            .         
29 BR.QFOCELL15.dk1l       -1.03337e-02  1.64647e-06   .            .         
30 BR.QDE15.dk1l            8.71252e-03 -1.54694e-06   .            .         
31 BR.QFOCELL16.dk1l        2.43982e-03 -1.08224e-06   .            .         
32 BR.QDE16.dk1l           -9.25184e-04  9.66912e-07   .            .         

ncall=199 [6.0s], fval=2.83640e-01, fstp=-4.90960e-08, ccnt=384.


 Constraints                Type        Kind        Weight     Expr. Value
------------------------------------------------------------------------------
 1 R_BR3.BPM1L3.x_BR3.DHZ11L4 equality     .          252.48     6.42055e-01 >
 2 R_BR3.BPM1L3.x_BR3.DHZ12L4 equality     .          260.42     3.98919e-01 >
 3 R_BR3.BPM1L3.x_BR3.DHZ13L4 equality     .          256.05     6.13553e-01 >
 4 R_BR3.BPM1L3.x_BR3.DHZ14L1 equality     .          258.32     2.22334e-01 >
 5 R_BR3.BPM1L3.x_BR3.DHZ8L1 equality     .          251.74    -6.24507e-02 >
 6 R_BR3.BPM1L3.x_BR3.DHZ9L1 equality     .          252.65    -2.83668e-01 >
 7 R_BR3.BPM1L3.x_BR3.DVT12L4 equality     .          251.78     5.60855e-02 >
 8 R_BR3.BPM1L3.x_BR3.DVT13L4 equality     .          258.72     1.88026e-01 >
 9 R_BR3.BPM1L3.x_BR3.DVT2L4 equality     .          257.05    -2.01715e-02 >
10 R_BR3.BPM1L3.x_BR3.DVT6L4 equality     .          253.7     -5.09594e-02 >
11 R_BR3.BPM1L3.x_BR3.DVT8L1 equality     .          253.42     1.24177e-01 >
12 R_BR3.BPM1L3.x_BR3.DVT9L1 equality     .          257.59     1.85746e-01 >
13 R_BR3.BPM2L3.x_BR3.DHZ11L4 equality     .          157.62     3.76885e-01 >
14 R_BR3.BPM2L3.x_BR3.DHZ12L4 equality     .          157.89     7.48959e-01 >
15 R_BR3.BPM2L3.x_BR3.DHZ13L4 equality     .          158.03     9.94785e-01 >
16 R_BR3.BPM2L3.x_BR3.DHZ14L1 equality     .          158.62     1.12486e+00 >
17 R_BR3.BPM2L3.x_BR3.DHZ8L1 equality     .          156.4      2.08380e-01 >
18 R_BR3.BPM2L3.x_BR3.DHZ9L1 equality     .          157.36    -1.17589e-01 >
19 R_BR3.BPM2L3.x_BR3.DVT12L4 equality     .          156.11    -1.84364e-02 >
20 R_BR3.BPM2L3.x_BR3.DVT13L4 equality     .          155.52     7.46099e-02 >
21 R_BR3.BPM2L3.x_BR3.DVT2L4 equality     .          154.03     1.04923e-01 >
22 R_BR3.BPM2L3.x_BR3.DVT6L4 equality     .          157.2      6.54034e-02 >
23 R_BR3.BPM2L3.x_BR3.DVT8L1 equality     .          156.4      1.85090e-01 >
24 R_BR3.BPM2L3.x_BR3.DVT9L1 equality     .          155.82     3.97499e-02 >
25 R_BR3.BPM3L3.x_BR3.DHZ11L4 equality     .          306.38     6.07266e-01 >
26 R_BR3.BPM3L3.x_BR3.DHZ12L4 equality     .          309.92     1.00641e-01 >
27 R_BR3.BPM3L3.x_BR3.DHZ13L4 equality     .          307.15     2.10713e-01 >
28 R_BR3.BPM3L3.x_BR3.DHZ14L1 equality     .          305.61     1.98970e-01 >
29 R_BR3.BPM3L3.x_BR3.DHZ8L1 equality     .          303.8      1.01591e+00 >
30 R_BR3.BPM3L3.x_BR3.DHZ9L1 equality     .          305.13    -5.66381e-01 >
31 R_BR3.BPM3L3.x_BR3.DVT12L4 equality     .          308.36    -4.10721e-02 >
32 R_BR3.BPM3L3.x_BR3.DVT13L4 equality     .          309.21    -2.30170e-01 >
33 R_BR3.BPM3L3.x_BR3.DVT2L4 equality     .          309.43     1.54202e-01 >
34 R_BR3.BPM3L3.x_BR3.DVT6L4 equality     .          313.2      1.40396e-01 >
35 R_BR3.BPM3L3.x_BR3.DVT8L1 equality     .          311.18     3.28882e-01 >
36 R_BR3.BPM3L3.x_BR3.DVT9L1 equality     .          307.84     4.60168e-03 >
37 R_BR3.BPM4L3.x_BR3.DHZ11L4 equality     .          198.02     3.76582e-01 >
38 R_BR3.BPM4L3.x_BR3.DHZ12L4 equality     .          203.28     3.25803e-02 >
39 R_BR3.BPM4L3.x_BR3.DHZ13L4 equality     .          201.28     4.20282e-01 >
40 R_BR3.BPM4L3.x_BR3.DHZ14L1 equality     .          204.36    -3.05392e-01 >
41 R_BR3.BPM4L3.x_BR3.DHZ8L1 equality     .          198.49     3.23697e-01 >
42 R_BR3.BPM4L3.x_BR3.DHZ9L1 equality     .          201.82    -4.59940e-01 >
43 R_BR3.BPM4L3.x_BR3.DVT12L4 equality     .          195.66    -2.03842e-02 >
44 R_BR3.BPM4L3.x_BR3.DVT13L4 equality     .          199.18    -1.25990e-01 >
45 R_BR3.BPM4L3.x_BR3.DVT2L4 equality     .          199.43    -4.13022e-02 >
46 R_BR3.BPM4L3.x_BR3.DVT6L4 equality     .          196.72     2.52806e-02 >
47 R_BR3.BPM4L3.x_BR3.DVT8L1 equality     .          199.21     3.05817e-01 >
48 R_BR3.BPM4L3.x_BR3.DVT9L1 equality     .          198.45     8.71998e-02 >
49 R_BR3.BPM5L3.x_BR3.DHZ11L4 equality     .          324.79     7.54196e-01 >
50 R_BR3.BPM5L3.x_BR3.DHZ12L4 equality     .          337.32     3.42192e-01 >
51 R_BR3.BPM5L3.x_BR3.DHZ13L4 equality     .          331.08     6.52913e-01 >
52 R_BR3.BPM5L3.x_BR3.DHZ14L1 equality     .          329.86     4.55265e-01 >
53 R_BR3.BPM5L3.x_BR3.DHZ8L1 equality     .          326.2     -1.29069e-02 >
54 R_BR3.BPM5L3.x_BR3.DHZ9L1 equality     .          330.74    -3.58264e-01 >
55 R_BR3.BPM5L3.x_BR3.DVT12L4 equality     .          325.59     8.12004e-03 >
56 R_BR3.BPM5L3.x_BR3.DVT13L4 equality     .          331.84     1.69032e-01 >
57 R_BR3.BPM5L3.x_BR3.DVT2L4 equality     .          334.36    -9.37611e-02 >
58 R_BR3.BPM5L3.x_BR3.DVT6L4 equality     .          327.83    -3.99450e-02 >
59 R_BR3.BPM5L3.x_BR3.DVT8L1 equality     .          333.8      1.15984e-01 >
60 R_BR3.BPM5L3.x_BR3.DVT9L1 equality     .          330.19     1.47389e-01 >
61 R_BR3.BPM6L3.x_BR3.DHZ11L4 equality     .          199.47     6.34645e-01 >
62 R_BR3.BPM6L3.x_BR3.DHZ12L4 equality     .          200.7      7.73628e-01 >
63 R_BR3.BPM6L3.x_BR3.DHZ13L4 equality     .          204.48     7.53115e-01 >
64 R_BR3.BPM6L3.x_BR3.DHZ14L1 equality     .          198.32     9.35450e-01 >
65 R_BR3.BPM6L3.x_BR3.DHZ8L1 equality     .          195.69     6.31016e-01 >
66 R_BR3.BPM6L3.x_BR3.DHZ9L1 equality     .          197.62    -1.48845e-01 >
67 R_BR3.BPM6L3.x_BR3.DVT12L4 equality     .          200.77    -5.88140e-02 >
68 R_BR3.BPM6L3.x_BR3.DVT13L4 equality     .          202.21     2.41497e-02 >
69 R_BR3.BPM6L3.x_BR3.DVT2L4 equality     .          200.88     1.13048e-01 >
70 R_BR3.BPM6L3.x_BR3.DVT6L4 equality     .          202.2      1.25660e-01 >
71 R_BR3.BPM6L3.x_BR3.DVT8L1 equality     .          199.68     2.09124e-01 >
72 R_BR3.BPM6L3.x_BR3.DVT9L1 equality     .          199.01     9.13690e-03 >
73 R_BR3.BPM7L3.x_BR3.DHZ11L4 equality     .          223.23     1.39252e-01 >
74 R_BR3.BPM7L3.x_BR3.DHZ12L4 equality     .          227.83     2.58416e-01 >
75 R_BR3.BPM7L3.x_BR3.DHZ13L4 equality     .          223.5      6.78031e-01 >
76 R_BR3.BPM7L3.x_BR3.DHZ14L1 equality     .          225.13     4.05318e-01 >
77 R_BR3.BPM7L3.x_BR3.DHZ8L1 equality     .          221.05     6.46739e-01 >
78 R_BR3.BPM7L3.x_BR3.DHZ9L1 equality     .          222.81    -3.61237e-01 >
79 R_BR3.BPM7L3.x_BR3.DVT12L4 equality     .          223.25    -5.68010e-02 >
80 R_BR3.BPM7L3.x_BR3.DVT13L4 equality     .          224.06    -2.32373e-01 >
81 R_BR3.BPM7L3.x_BR3.DVT2L4 equality     .          223.73     1.05842e-01 >
82 R_BR3.BPM7L3.x_BR3.DVT6L4 equality     .          226.92     2.41689e-01 >
83 R_BR3.BPM7L3.x_BR3.DVT8L1 equality     .          219.71     3.66511e-01 >
84 R_BR3.BPM7L3.x_BR3.DVT9L1 equality     .          227.4      1.71075e-02 >
85 R_BR3.BPM8L3.x_BR3.DHZ11L4 equality     .          331.84     1.41455e-01 >
86 R_BR3.BPM8L3.x_BR3.DHZ12L4 equality     .          343.02     1.15694e-01 >
87 R_BR3.BPM8L3.x_BR3.DHZ13L4 equality     .          339.67     7.21381e-01 >
88 R_BR3.BPM8L3.x_BR3.DHZ14L1 equality     .          338.78    -2.64821e-02 >
89 R_BR3.BPM8L3.x_BR3.DHZ8L1 equality     .          329.23     4.13927e-01 >
90 R_BR3.BPM8L3.x_BR3.DHZ9L1 equality     .          336.85    -3.25771e-01 >
91 R_BR3.BPM8L3.x_BR3.DVT12L4 equality     .          332.26    -3.72674e-03 >
92 R_BR3.BPM8L3.x_BR3.DVT13L4 equality     .          335.48    -1.02632e-01 >
93 R_BR3.BPM8L3.x_BR3.DVT2L4 equality     .          332.57    -1.49549e-02 >
94 R_BR3.BPM8L3.x_BR3.DVT6L4 equality     .          326.42     4.81390e-02 >
95 R_BR3.BPM8L3.x_BR3.DVT8L1 equality     .          334.17     3.70090e-01 >
96 R_BR3.BPM8L3.x_BR3.DVT9L1 equality     .          334.19     1.23195e-01 >
97 R_BR3.BPM9L3.x_BR3.DHZ11L4 equality     .          297.89     6.93054e-01 >
98 R_BR3.BPM9L3.x_BR3.DHZ12L4 equality     .          290.36    -2.27178e-02 >
99 R_BR3.BPM9L3.x_BR3.DHZ13L4 equality     .          300.89     6.95226e-01 >
100 R_BR3.BPM9L3.x_BR3.DHZ14L1 equality     .          300.3      7.92420e-01 >
101 R_BR3.BPM9L3.x_BR3.DHZ8L1 equality     .          275.12    -4.85749e-02 >
102 R_BR3.BPM9L3.x_BR3.DHZ9L1 equality     .          299.62    -2.78542e-01 >
103 R_BR3.BPM9L3.x_BR3.DVT12L4 equality     .          269.07    -5.44244e-02 >
104 R_BR3.BPM9L3.x_BR3.DVT13L4 equality     .          276.44     1.62429e-01 >
105 R_BR3.BPM9L3.x_BR3.DVT2L4 equality     .          271.33    -6.13244e-02 >
106 R_BR3.BPM9L3.x_BR3.DVT6L4 equality     .          272.15    -9.29725e-02 >
107 R_BR3.BPM9L3.x_BR3.DVT8L1 equality     .          281.79     2.12526e-01 >
108 R_BR3.BPM9L3.x_BR3.DVT9L1 equality     .          280.47     2.28444e-01 >
109 R_BR3.BPM10L3.x_BR3.DHZ11L4 equality     .          318.21     9.17797e-01 >
110 R_BR3.BPM10L3.x_BR3.DHZ12L4 equality     .          328.28     7.40935e-01 >
111 R_BR3.BPM10L3.x_BR3.DHZ13L4 equality     .          325.38     3.59069e-01 >
112 R_BR3.BPM10L3.x_BR3.DHZ14L1 equality     .          328.01     5.76618e-01 >
113 R_BR3.BPM10L3.x_BR3.DHZ8L1 equality     .          322.19     4.78214e-02 >
114 R_BR3.BPM10L3.x_BR3.DHZ9L1 equality     .          321.78     1.80379e-02 >
115 R_BR3.BPM10L3.x_BR3.DVT12L4 equality     .          314.56    -2.57473e-02 >
116 R_BR3.BPM10L3.x_BR3.DVT13L4 equality     .          323.59    -2.13580e-02 >
117 R_BR3.BPM10L3.x_BR3.DVT2L4 equality     .          324.95     6.17038e-02 >
118 R_BR3.BPM10L3.x_BR3.DVT6L4 equality     .          323.52     1.27522e-01 >
119 R_BR3.BPM10L3.x_BR3.DVT8L1 equality     .          325.33     9.39926e-02 >
120 R_BR3.BPM10L3.x_BR3.DVT9L1 equality     .          318.99     3.58691e-02 >
121 R_BR3.BPM11L3.x_BR3.DHZ11L4 equality     .          318.91    -1.59970e-01 >
122 R_BR3.BPM11L3.x_BR3.DHZ12L4 equality     .          325.59     5.24744e-01 >
123 R_BR3.BPM11L3.x_BR3.DHZ13L4 equality     .          322.64     8.87833e-01 >
124 R_BR3.BPM11L3.x_BR3.DHZ14L1 equality     .          325.75     2.43335e-01 >
125 R_BR3.BPM11L3.x_BR3.DHZ8L1 equality     .          315.33     2.03197e-01 >
126 R_BR3.BPM11L3.x_BR3.DHZ9L1 equality     .          318.05    -1.93496e-01 >
127 R_BR3.BPM11L3.x_BR3.DVT12L4 equality     .          321.26    -2.62180e-03 >
128 R_BR3.BPM11L3.x_BR3.DVT13L4 equality     .          323.22    -2.19203e-01 >
129 R_BR3.BPM11L3.x_BR3.DVT2L4 equality     .          323.98     8.43493e-02 >
130 R_BR3.BPM11L3.x_BR3.DVT6L4 equality     .          321.05     1.89177e-01 >
131 R_BR3.BPM11L3.x_BR3.DVT8L1 equality     .          323.79     3.56033e-01 >
132 R_BR3.BPM11L3.x_BR3.DVT9L1 equality     .          323.73    -5.54400e-02 >
133 R_BR3.BPM12L3.x_BR3.DHZ11L4 equality     .          232.5      2.67381e-01 >
134 R_BR3.BPM12L3.x_BR3.DHZ12L4 equality     .          234.92     3.55020e-01 >
135 R_BR3.BPM12L3.x_BR3.DHZ13L4 equality     .          234.62     1.02462e+00 >
136 R_BR3.BPM12L3.x_BR3.DHZ14L1 equality     .          237.48     1.80055e-01 >
137 R_BR3.BPM12L3.x_BR3.DHZ8L1 equality     .          231.14     5.51018e-01 >
138 R_BR3.BPM12L3.x_BR3.DHZ9L1 equality     .          236.23    -3.87472e-01 >
139 R_BR3.BPM12L3.x_BR3.DVT12L4 equality     .          231.44    -2.45246e-02 >
140 R_BR3.BPM12L3.x_BR3.DVT13L4 equality     .          235.61    -6.72613e-02 >
141 R_BR3.BPM12L3.x_BR3.DVT2L4 equality     .          235.35    -2.95261e-02 >
142 R_BR3.BPM12L3.x_BR3.DVT6L4 equality     .          233.52     1.83345e-02 >
143 R_BR3.BPM12L3.x_BR3.DVT8L1 equality     .          234.71     3.35496e-01 >
144 R_BR3.BPM12L3.x_BR3.DVT9L1 equality     .          238.07     1.15625e-01 >
145 R_BR3.BPM13L3.x_BR3.DHZ11L4 equality     .          288.46     9.71106e-01 >
146 R_BR3.BPM13L3.x_BR3.DHZ12L4 equality     .          297.24     4.51305e-01 >
147 R_BR3.BPM13L3.x_BR3.DHZ13L4 equality     .          295.89     5.31134e-01 >
148 R_BR3.BPM13L3.x_BR3.DHZ14L1 equality     .          295.8      5.54715e-01 >
149 R_BR3.BPM13L3.x_BR3.DHZ8L1 equality     .          286.85     3.30864e-01 >
150 R_BR3.BPM13L3.x_BR3.DHZ9L1 equality     .          295.94    -2.65433e-01 >
151 R_BR3.BPM13L3.x_BR3.DVT12L4 equality     .          285.58     7.34381e-02 >
152 R_BR3.BPM13L3.x_BR3.DVT13L4 equality     .          288.7      1.66115e-01 >
153 R_BR3.BPM13L3.x_BR3.DVT2L4 equality     .          293.09    -4.93204e-02 >
154 R_BR3.BPM13L3.x_BR3.DVT6L4 equality     .          292.59    -8.36283e-02 >
155 R_BR3.BPM13L3.x_BR3.DVT8L1 equality     .          292.51     1.22365e-01 >
156 R_BR3.BPM13L3.x_BR3.DVT9L1 equality     .          290.36     2.18304e-01 >
157 R_BR3.BPM14L3.x_BR3.DHZ11L4 equality     .          212.24     9.47828e-01 >
158 R_BR3.BPM14L3.x_BR3.DHZ12L4 equality     .          213.11     3.52711e-01 >
159 R_BR3.BPM14L3.x_BR3.DHZ13L4 equality     .          215        5.81467e-01 >
160 R_BR3.BPM14L3.x_BR3.DHZ14L1 equality     .          215.57     9.17275e-01 >
161 R_BR3.BPM14L3.x_BR3.DHZ8L1 equality     .          208.87     5.06899e-01 >
162 R_BR3.BPM14L3.x_BR3.DHZ9L1 equality     .          215.99    -5.51978e-01 >
163 R_BR3.BPM14L3.x_BR3.DVT12L4 equality     .          212.81    -1.13450e-01 >
164 R_BR3.BPM14L3.x_BR3.DVT13L4 equality     .          214.9      1.30428e-01 >
165 R_BR3.BPM14L3.x_BR3.DVT2L4 equality     .          214.23     1.03301e-01 >
166 R_BR3.BPM14L3.x_BR3.DVT6L4 equality     .          214.62     1.24580e-01 >
167 R_BR3.BPM14L3.x_BR3.DVT8L1 equality     .          214.2      1.27604e-01 >
168 R_BR3.BPM14L3.x_BR3.DVT9L1 equality     .          214.58     3.15270e-02 >
169 R_BR3.BPM15L3.x_BR3.DHZ11L4 equality     .          318.02     1.93203e-01 >
170 R_BR3.BPM15L3.x_BR3.DHZ12L4 equality     .          322.62     5.59957e-01 >
171 R_BR3.BPM15L3.x_BR3.DHZ13L4 equality     .          318.77     8.01186e-01 >
172 R_BR3.BPM15L3.x_BR3.DHZ14L1 equality     .          318.38     6.58717e-01 >
173 R_BR3.BPM15L3.x_BR3.DHZ8L1 equality     .          310.39     7.18576e-01 >
174 R_BR3.BPM15L3.x_BR3.DHZ9L1 equality     .          316.93    -1.72139e-01 >
175 R_BR3.BPM15L3.x_BR3.DVT12L4 equality     .          319.68    -8.74569e-02 >
176 R_BR3.BPM15L3.x_BR3.DVT13L4 equality     .          316.76    -2.65903e-01 >
177 R_BR3.BPM15L3.x_BR3.DVT2L4 equality     .          319.5      2.35262e-02 >
178 R_BR3.BPM15L3.x_BR3.DVT6L4 equality     .          317.69     1.14247e-01 >
179 R_BR3.BPM15L3.x_BR3.DVT8L1 equality     .          319.48     3.41921e-01 >
180 R_BR3.BPM15L3.x_BR3.DVT9L1 equality     .          320.4     -3.90349e-02 >
181 R_BR3.BPM16L3.x_BR3.DHZ11L4 equality     .          338.99     2.05614e-01 >
182 R_BR3.BPM16L3.x_BR3.DHZ12L4 equality     .          342.87     3.96639e-01 >
183 R_BR3.BPM16L3.x_BR3.DHZ13L4 equality     .          335.7      4.55252e-01 >
184 R_BR3.BPM16L3.x_BR3.DHZ14L1 equality     .          338.12    -3.27445e-01 >
185 R_BR3.BPM16L3.x_BR3.DHZ8L1 equality     .          333.59     3.93484e-01 >
186 R_BR3.BPM16L3.x_BR3.DHZ9L1 equality     .          341.37    -6.81750e-02 >
187 R_BR3.BPM16L3.x_BR3.DVT12L4 equality     .          329.08     2.43438e-02 >
188 R_BR3.BPM16L3.x_BR3.DVT13L4 equality     .          332.21    -1.96968e-01 >
189 R_BR3.BPM16L3.x_BR3.DVT2L4 equality     .          328.75    -6.27526e-02 >
190 R_BR3.BPM16L3.x_BR3.DVT6L4 equality     .          328.86    -1.21738e-02 >
191 R_BR3.BPM16L3.x_BR3.DVT8L1 equality     .          334.48     3.10418e-01 >
192 R_BR3.BPM16L3.x_BR3.DVT9L1 equality     .          334.14     1.24287e-01 >
193 R_BR3.BPM1L3.y_BR3.DHZ11L4 equality     .          256.25    -1.46512e-01 >
194 R_BR3.BPM1L3.y_BR3.DHZ12L4 equality     .          262.82    -8.40050e-03 >
195 R_BR3.BPM1L3.y_BR3.DHZ13L4 equality     .          262.88     1.63443e-01 >
196 R_BR3.BPM1L3.y_BR3.DHZ14L1 equality     .          261.24     7.45243e-02 >
197 R_BR3.BPM1L3.y_BR3.DHZ8L1 equality     .          258.42    -1.63806e-01 >
198 R_BR3.BPM1L3.y_BR3.DHZ9L1 equality     .          259.81     3.84244e-02 >
199 R_BR3.BPM1L3.y_BR3.DVT12L4 equality     .          253.55    -7.59504e-02 >
200 R_BR3.BPM1L3.y_BR3.DVT13L4 equality     .          256.41    -1.38927e-01 >
201 R_BR3.BPM1L3.y_BR3.DVT2L4 equality     .          255.28     2.51367e-02 >
202 R_BR3.BPM1L3.y_BR3.DVT6L4 equality     .          258.8      2.27232e-02 >
203 R_BR3.BPM1L3.y_BR3.DVT8L1 equality     .          253.9      1.18668e-01 >
204 R_BR3.BPM1L3.y_BR3.DVT9L1 equality     .          262.54    -1.11655e-01 >
205 R_BR3.BPM2L3.y_BR3.DHZ11L4 equality     .          193.77     2.23750e-02 >
206 R_BR3.BPM2L3.y_BR3.DHZ12L4 equality     .          195.51    -1.00623e-01 >
207 R_BR3.BPM2L3.y_BR3.DHZ13L4 equality     .          194.69    -5.26939e-02 >
208 R_BR3.BPM2L3.y_BR3.DHZ14L1 equality     .          194.89    -2.37049e-02 >
209 R_BR3.BPM2L3.y_BR3.DHZ8L1 equality     .          193.7     -3.56477e-02 >
210 R_BR3.BPM2L3.y_BR3.DHZ9L1 equality     .          194       -1.29772e-01 >
211 R_BR3.BPM2L3.y_BR3.DVT12L4 equality     .          193.39     3.34094e-02 >
212 R_BR3.BPM2L3.y_BR3.DVT13L4 equality     .          199.37     2.60159e-01 >
213 R_BR3.BPM2L3.y_BR3.DVT2L4 equality     .          193.95     9.72920e-02 >
214 R_BR3.BPM2L3.y_BR3.DVT6L4 equality     .          194.29     1.17933e-01 >
215 R_BR3.BPM2L3.y_BR3.DVT8L1 equality     .          197.45     4.51191e-03 >
216 R_BR3.BPM2L3.y_BR3.DVT9L1 equality     .          201.64    -3.46277e-01 >
217 R_BR3.BPM3L3.y_BR3.DHZ11L4 equality     .          309.08     1.67912e-01 >
218 R_BR3.BPM3L3.y_BR3.DHZ12L4 equality     .          311.71     1.93899e-02 >
219 R_BR3.BPM3L3.y_BR3.DHZ13L4 equality     .          313.44    -1.99932e-01 >
220 R_BR3.BPM3L3.y_BR3.DHZ14L1 equality     .          310.99    -1.54125e-01 >
221 R_BR3.BPM3L3.y_BR3.DHZ8L1 equality     .          306.46     1.94961e-01 >
222 R_BR3.BPM3L3.y_BR3.DHZ9L1 equality     .          307.02    -4.08104e-03 >
223 R_BR3.BPM3L3.y_BR3.DVT12L4 equality     .          302.21    -4.10300e-02 >
224 R_BR3.BPM3L3.y_BR3.DVT13L4 equality     .          306.62    -8.54592e-02 >
225 R_BR3.BPM3L3.y_BR3.DVT2L4 equality     .          305.61     2.16924e-01 >
226 R_BR3.BPM3L3.y_BR3.DVT6L4 equality     .          305.13    -5.62749e-02 >
227 R_BR3.BPM3L3.y_BR3.DVT8L1 equality     .          303.25     2.22868e-02 >
228 R_BR3.BPM3L3.y_BR3.DVT9L1 equality     .          307.19     9.08544e-02 >
229 R_BR3.BPM4L3.y_BR3.DHZ11L4 equality     .          207.99    -6.50086e-02 >
230 R_BR3.BPM4L3.y_BR3.DHZ12L4 equality     .          211.05     5.30249e-02 >
231 R_BR3.BPM4L3.y_BR3.DHZ13L4 equality     .          211.6      4.16789e-02 >
232 R_BR3.BPM4L3.y_BR3.DHZ14L1 equality     .          210.73     1.79917e-02 >
233 R_BR3.BPM4L3.y_BR3.DHZ8L1 equality     .          210.5     -7.93621e-03 >
234 R_BR3.BPM4L3.y_BR3.DHZ9L1 equality     .          210.07     1.31976e-01 >
235 R_BR3.BPM4L3.y_BR3.DVT12L4 equality     .          209.22    -7.30992e-01 >
236 R_BR3.BPM4L3.y_BR3.DVT13L4 equality     .          209.46    -4.15381e-03 >
237 R_BR3.BPM4L3.y_BR3.DVT2L4 equality     .          210.76     4.50404e-01 >
238 R_BR3.BPM4L3.y_BR3.DVT6L4 equality     .          210.02     5.60073e-01 >
239 R_BR3.BPM4L3.y_BR3.DVT8L1 equality     .          206.75    -1.88538e-01 >
240 R_BR3.BPM4L3.y_BR3.DVT9L1 equality     .          208.22    -8.64811e-02 >
241 R_BR3.BPM5L3.y_BR3.DHZ11L4 equality     .          301.26    -1.67794e-01 >
242 R_BR3.BPM5L3.y_BR3.DHZ12L4 equality     .          303.11    -3.04811e-02 >
243 R_BR3.BPM5L3.y_BR3.DHZ13L4 equality     .          299.49     1.98163e-01 >
244 R_BR3.BPM5L3.y_BR3.DHZ14L1 equality     .          301.21     1.38335e-01 >
245 R_BR3.BPM5L3.y_BR3.DHZ8L1 equality     .          301.52    -1.82902e-01 >
246 R_BR3.BPM5L3.y_BR3.DHZ9L1 equality     .          302.17     3.91815e-02 >
247 R_BR3.BPM5L3.y_BR3.DVT12L4 equality     .          300       -1.69930e-02 >
248 R_BR3.BPM5L3.y_BR3.DVT13L4 equality     .          293.79     1.59526e-01 >
249 R_BR3.BPM5L3.y_BR3.DVT2L4 equality     .          295.21    -1.65793e-01 >
250 R_BR3.BPM5L3.y_BR3.DVT6L4 equality     .          296.66     1.27730e-01 >
251 R_BR3.BPM5L3.y_BR3.DVT8L1 equality     .          296.81    -4.73634e-02 >
252 R_BR3.BPM5L3.y_BR3.DVT9L1 equality     .          302.94    -1.88432e-01 >
253 R_BR3.BPM6L3.y_BR3.DHZ11L4 equality     .          201.95     5.14612e-02 >
254 R_BR3.BPM6L3.y_BR3.DHZ12L4 equality     .          201.03    -8.97796e-02 >
255 R_BR3.BPM6L3.y_BR3.DHZ13L4 equality     .          202.5     -9.25437e-02 >
256 R_BR3.BPM6L3.y_BR3.DHZ14L1 equality     .          200.64    -9.98986e-02 >
257 R_BR3.BPM6L3.y_BR3.DHZ8L1 equality     .          201.33     5.85636e-02 >
258 R_BR3.BPM6L3.y_BR3.DHZ9L1 equality     .          199.71    -1.12553e-01 >
259 R_BR3.BPM6L3.y_BR3.DVT12L4 equality     .          196.41     6.76615e-01 >
260 R_BR3.BPM6L3.y_BR3.DVT13L4 equality     .          199.93    -1.05978e-02 >
261 R_BR3.BPM6L3.y_BR3.DVT2L4 equality     .          198.6     -3.23674e-01 >
262 R_BR3.BPM6L3.y_BR3.DVT6L4 equality     .          198.12    -5.12416e-01 >
263 R_BR3.BPM6L3.y_BR3.DVT8L1 equality     .          200.55     2.68570e-01 >
264 R_BR3.BPM6L3.y_BR3.DVT9L1 equality     .          198.53     7.58293e-02 >
265 R_BR3.BPM7L3.y_BR3.DHZ11L4 equality     .          246.76     1.76287e-01 >
266 R_BR3.BPM7L3.y_BR3.DHZ12L4 equality     .          247.85     7.99454e-03 >
267 R_BR3.BPM7L3.y_BR3.DHZ13L4 equality     .          244       -2.24589e-01 >
268 R_BR3.BPM7L3.y_BR3.DHZ14L1 equality     .          246.12    -1.70116e-01 >
269 R_BR3.BPM7L3.y_BR3.DHZ8L1 equality     .          243.28     2.01425e-01 >
270 R_BR3.BPM7L3.y_BR3.DHZ9L1 equality     .          241.94     3.98245e-03 >
271 R_BR3.BPM7L3.y_BR3.DVT12L4 equality     .          246.24    -1.85425e-01 >
272 R_BR3.BPM7L3.y_BR3.DVT13L4 equality     .          249.15     1.62907e-01 >
273 R_BR3.BPM7L3.y_BR3.DVT2L4 equality     .          249.6      1.03589e-01 >
274 R_BR3.BPM7L3.y_BR3.DVT6L4 equality     .          248.85    -5.97599e-02 >
275 R_BR3.BPM7L3.y_BR3.DVT8L1 equality     .          245.18    -1.77486e-01 >
276 R_BR3.BPM7L3.y_BR3.DVT9L1 equality     .          247.54     2.06258e-01 >
277 R_BR3.BPM8L3.y_BR3.DHZ11L4 equality     .          304.27     3.40281e-02 >
278 R_BR3.BPM8L3.y_BR3.DHZ12L4 equality     .          306.73     7.44679e-02 >
279 R_BR3.BPM8L3.y_BR3.DHZ13L4 equality     .          311.23    -1.14901e-02 >
280 R_BR3.BPM8L3.y_BR3.DHZ14L1 equality     .          305.81    -6.60757e-02 >
281 R_BR3.BPM8L3.y_BR3.DHZ8L1 equality     .          306.46     7.44069e-02 >
282 R_BR3.BPM8L3.y_BR3.DHZ9L1 equality     .          305.92     1.43119e-01 >
283 R_BR3.BPM8L3.y_BR3.DVT12L4 equality     .          304.41     1.14570e-01 >
284 R_BR3.BPM8L3.y_BR3.DVT13L4 equality     .          306.97    -4.33377e-02 >
285 R_BR3.BPM8L3.y_BR3.DVT2L4 equality     .          303.15    -3.45366e-01 >
286 R_BR3.BPM8L3.y_BR3.DVT6L4 equality     .          299.95     5.12959e-02 >
287 R_BR3.BPM8L3.y_BR3.DVT8L1 equality     .          307.45     3.20267e-01 >
288 R_BR3.BPM8L3.y_BR3.DVT9L1 equality     .          309.51     3.59351e-01 >
289 R_BR3.BPM9L3.y_BR3.DHZ11L4 equality     .          337.26    -1.92332e-01 >
290 R_BR3.BPM9L3.y_BR3.DHZ12L4 equality     .          338.42    -1.34167e-02 >
291 R_BR3.BPM9L3.y_BR3.DHZ13L4 equality     .          336.49     1.83873e-01 >
292 R_BR3.BPM9L3.y_BR3.DHZ14L1 equality     .          336.12     1.31100e-01 >
293 R_BR3.BPM9L3.y_BR3.DHZ8L1 equality     .          332.47    -1.07064e-01 >
294 R_BR3.BPM9L3.y_BR3.DHZ9L1 equality     .          337.6      1.00484e-02 >
295 R_BR3.BPM9L3.y_BR3.DVT12L4 equality     .          328.6     -3.44533e-01 >
296 R_BR3.BPM9L3.y_BR3.DVT13L4 equality     .          337.33     1.57157e-01 >
297 R_BR3.BPM9L3.y_BR3.DVT2L4 equality     .          334.57     1.02592e-01 >
298 R_BR3.BPM9L3.y_BR3.DVT6L4 equality     .          331.98     2.04348e-02 >
299 R_BR3.BPM9L3.y_BR3.DVT8L1 equality     .          333.76    -7.73523e-03 >
300 R_BR3.BPM9L3.y_BR3.DVT9L1 equality     .          335.23     1.82334e-01 >
301 R_BR3.BPM10L3.y_BR3.DHZ11L4 equality     .          362.34     9.03788e-02 >
302 R_BR3.BPM10L3.y_BR3.DHZ12L4 equality     .          366.15    -8.60927e-02 >
303 R_BR3.BPM10L3.y_BR3.DHZ13L4 equality     .          367.87    -1.00201e-01 >
304 R_BR3.BPM10L3.y_BR3.DHZ14L1 equality     .          363.46    -1.39439e-02 >
305 R_BR3.BPM10L3.y_BR3.DHZ8L1 equality     .          362.05    -4.05579e-02 >
306 R_BR3.BPM10L3.y_BR3.DHZ9L1 equality     .          363.87    -1.66962e-01 >
307 R_BR3.BPM10L3.y_BR3.DVT12L4 equality     .          351.58     9.19220e-03 >
308 R_BR3.BPM10L3.y_BR3.DVT13L4 equality     .          361.06    -1.68591e-01 >
309 R_BR3.BPM10L3.y_BR3.DVT2L4 equality     .          356.01     2.93285e-01 >
310 R_BR3.BPM10L3.y_BR3.DVT6L4 equality     .          356.24    -2.18954e-02 >
311 R_BR3.BPM10L3.y_BR3.DVT8L1 equality     .          361.9     -3.24003e-01 >
312 R_BR3.BPM10L3.y_BR3.DVT9L1 equality     .          361.92     3.62011e-02 >
313 R_BR3.BPM11L3.y_BR3.DHZ11L4 equality     .          314.59     1.95054e-01 >
314 R_BR3.BPM11L3.y_BR3.DHZ12L4 equality     .          317.36     8.79346e-02 >
315 R_BR3.BPM11L3.y_BR3.DHZ13L4 equality     .          318.05    -1.98013e-01 >
316 R_BR3.BPM11L3.y_BR3.DHZ14L1 equality     .          319.71    -1.64048e-01 >
317 R_BR3.BPM11L3.y_BR3.DHZ8L1 equality     .          313.26     1.65678e-01 >
318 R_BR3.BPM11L3.y_BR3.DHZ9L1 equality     .          317.17     2.11977e-02 >
319 R_BR3.BPM11L3.y_BR3.DVT12L4 equality     .          317.98    -3.57236e-02 >
320 R_BR3.BPM11L3.y_BR3.DVT13L4 equality     .          322.72     2.65157e-02 >
321 R_BR3.BPM11L3.y_BR3.DVT2L4 equality     .          313.92     5.53087e-03 >
322 R_BR3.BPM11L3.y_BR3.DVT6L4 equality     .          318.65     1.48329e-02 >
323 R_BR3.BPM11L3.y_BR3.DVT8L1 equality     .          315.41    -1.83030e-01 >
324 R_BR3.BPM11L3.y_BR3.DVT9L1 equality     .          317.19    -8.89307e-02 >
325 R_BR3.BPM12L3.y_BR3.DHZ11L4 equality     .          227.9      2.86893e-02 >
326 R_BR3.BPM12L3.y_BR3.DHZ12L4 equality     .          231.84     9.14903e-02 >
327 R_BR3.BPM12L3.y_BR3.DHZ13L4 equality     .          231.33     3.49530e-02 >
328 R_BR3.BPM12L3.y_BR3.DHZ14L1 equality     .          231.42    -1.36065e-02 >
329 R_BR3.BPM12L3.y_BR3.DHZ8L1 equality     .          228.05     6.83895e-02 >
330 R_BR3.BPM12L3.y_BR3.DHZ9L1 equality     .          228.66     8.92802e-02 >
331 R_BR3.BPM12L3.y_BR3.DVT12L4 equality     .          232.22    -5.56528e-01 >
332 R_BR3.BPM12L3.y_BR3.DVT13L4 equality     .          234.4      2.39860e-01 >
333 R_BR3.BPM12L3.y_BR3.DVT2L4 equality     .          231.23     6.47327e-02 >
334 R_BR3.BPM12L3.y_BR3.DVT6L4 equality     .          234.4      2.37169e-01 >
335 R_BR3.BPM12L3.y_BR3.DVT8L1 equality     .          233.15    -3.23804e-02 >
336 R_BR3.BPM12L3.y_BR3.DVT9L1 equality     .          231.32    -1.62980e-02 >
337 R_BR3.BPM13L3.y_BR3.DHZ11L4 equality     .          313.96    -1.08684e-01 >
338 R_BR3.BPM13L3.y_BR3.DHZ12L4 equality     .          314.21    -1.73919e-02 >
339 R_BR3.BPM13L3.y_BR3.DHZ13L4 equality     .          313.76     2.02420e-01 >
340 R_BR3.BPM13L3.y_BR3.DHZ14L1 equality     .          313.87     1.67930e-01 >
341 R_BR3.BPM13L3.y_BR3.DHZ8L1 equality     .          311.3     -1.31691e-01 >
342 R_BR3.BPM13L3.y_BR3.DHZ9L1 equality     .          312.24     3.51077e-03 >
343 R_BR3.BPM13L3.y_BR3.DVT12L4 equality     .          315.58     8.63805e-02 >
344 R_BR3.BPM13L3.y_BR3.DVT13L4 equality     .          316.74     7.05240e-02 >
345 R_BR3.BPM13L3.y_BR3.DVT2L4 equality     .          312.35     5.68083e-02 >
346 R_BR3.BPM13L3.y_BR3.DVT6L4 equality     .          316.57    -3.98639e-02 >
347 R_BR3.BPM13L3.y_BR3.DVT8L1 equality     .          318.3      5.53885e-02 >
348 R_BR3.BPM13L3.y_BR3.DVT9L1 equality     .          321.29     1.22751e-01 >
349 R_BR3.BPM14L3.y_BR3.DHZ11L4 equality     .          245.56     1.39944e-02 >
350 R_BR3.BPM14L3.y_BR3.DHZ12L4 equality     .          245.54    -7.59076e-02 >
351 R_BR3.BPM14L3.y_BR3.DHZ13L4 equality     .          245.23     1.44737e-02 >
352 R_BR3.BPM14L3.y_BR3.DHZ14L1 equality     .          244.32     6.54060e-03 >
353 R_BR3.BPM14L3.y_BR3.DHZ8L1 equality     .          242.34    -3.44774e-02 >
354 R_BR3.BPM14L3.y_BR3.DHZ9L1 equality     .          246.38    -1.27832e-01 >
355 R_BR3.BPM14L3.y_BR3.DVT12L4 equality     .          240.96     1.61079e-01 >
356 R_BR3.BPM14L3.y_BR3.DVT13L4 equality     .          242.02     3.58982e-01 >
357 R_BR3.BPM14L3.y_BR3.DVT2L4 equality     .          243.11     1.03047e-01 >
358 R_BR3.BPM14L3.y_BR3.DVT6L4 equality     .          243.41     5.96474e-02 >
359 R_BR3.BPM14L3.y_BR3.DVT8L1 equality     .          243.07    -6.90160e-02 >
360 R_BR3.BPM14L3.y_BR3.DVT9L1 equality     .          245.83    -2.59966e-01 >
361 R_BR3.BPM15L3.y_BR3.DHZ11L4 equality     .          333.18     1.25721e-01 >
362 R_BR3.BPM15L3.y_BR3.DHZ12L4 equality     .          337.14     7.07272e-02 >
363 R_BR3.BPM15L3.y_BR3.DHZ13L4 equality     .          333.89    -1.90642e-01 >
364 R_BR3.BPM15L3.y_BR3.DHZ14L1 equality     .          334.99    -1.50282e-01 >
365 R_BR3.BPM15L3.y_BR3.DHZ8L1 equality     .          329.99     1.67544e-01 >
366 R_BR3.BPM15L3.y_BR3.DHZ9L1 equality     .          336.13     4.74988e-02 >
367 R_BR3.BPM15L3.y_BR3.DVT12L4 equality     .          333.12    -9.66573e-02 >
368 R_BR3.BPM15L3.y_BR3.DVT13L4 equality     .          332.85    -9.07211e-02 >
369 R_BR3.BPM15L3.y_BR3.DVT2L4 equality     .          338.13    -1.78237e-01 >
370 R_BR3.BPM15L3.y_BR3.DVT6L4 equality     .          336.49    -2.47607e-02 >
371 R_BR3.BPM15L3.y_BR3.DVT8L1 equality     .          338.36     3.94641e-02 >
372 R_BR3.BPM15L3.y_BR3.DVT9L1 equality     .          338.75    -8.39182e-02 >
373 R_BR3.BPM16L3.y_BR3.DHZ11L4 equality     .          368.2      4.14731e-02 >
374 R_BR3.BPM16L3.y_BR3.DHZ12L4 equality     .          370.49     7.65726e-02 >
375 R_BR3.BPM16L3.y_BR3.DHZ13L4 equality     .          369.72    -7.99506e-03 >
376 R_BR3.BPM16L3.y_BR3.DHZ14L1 equality     .          366.39    -6.95448e-03 >
377 R_BR3.BPM16L3.y_BR3.DHZ8L1 equality     .          366.65     7.48625e-02 >
378 R_BR3.BPM16L3.y_BR3.DHZ9L1 equality     .          369.32     1.23619e-01 >
379 R_BR3.BPM16L3.y_BR3.DVT12L4 equality     .          365.9      1.54874e-02 >
380 R_BR3.BPM16L3.y_BR3.DVT13L4 equality     .          367.05    -2.16562e-01 >
381 R_BR3.BPM16L3.y_BR3.DVT2L4 equality     .          365.04    -8.24494e-02 >
382 R_BR3.BPM16L3.y_BR3.DVT6L4 equality     .          365.3     -1.53577e-01 >
383 R_BR3.BPM16L3.y_BR3.DVT8L1 equality     .          366.12    -4.52983e-02 >
384 R_BR3.BPM16L3.y_BR3.DVT9L1 equality     .          368.53     3.69446e-01 >

 Variables                  Curr. Value  Curr. Step   Lower Limit  Upper Limit
--------------------------------------------------------------------------------
 1 BR.QFOCELL1.dk1l        -5.91056e-04  1.47751e-06   .            .         
 2 BR.QDE1.dk1l             1.53235e-03 -1.37356e-06   .            .         
 3 BR.QFOCELL2.dk1l        -2.62215e-03  6.80752e-07   .            .         
 4 BR.QDE2.dk1l             2.03404e-03 -6.40194e-07   .            .         
 5 BR.QFOCELL3.dk1l        -4.07239e-03 -2.68449e-07   .            .         
 6 BR.QDE3.dk1l             2.25558e-03  2.40169e-07   .            .         
 7 BR.QFOCELL4.dk1l         5.15496e-03 -3.44224e-07   .            .         
 8 BR.QDE4.dk1l            -5.31138e-03  3.18026e-07   .            .         
 9 BR.QFOCELL5.dk1l         1.05186e-02  2.15871e-06   .            .         
10 BR.QDE5.dk1l            -1.07500e-02 -1.91678e-06   .            .         
11 BR.QFOCELL6.dk1l        -7.92611e-03 -2.67267e-06   .            .         
12 BR.QDE6.dk1l             8.52804e-03  2.52915e-06   .            .         
13 BR.QFOCELL7.dk1l        -2.16878e-03 -4.58030e-06   .            .         
14 BR.QDE7.dk1l             3.52458e-03  4.21972e-06   .            .         
15 BR.QFOCELL8.dk1l         1.77045e-02  7.37998e-06   .            .         
16 BR.QDE8.dk1l            -1.82808e-02 -6.59179e-06   .            .         
17 BR.QFOCELL9.dk1l         8.83268e-03  5.45675e-06   .            .         
18 BR.QDE9.dk1l            -9.56870e-03 -5.03239e-06   .            .         
19 BR.QFOCELL10.dk1l       -1.19702e-02 -6.95091e-06   .            .         
20 BR.QDE10.dk1l            1.27144e-02  6.42142e-06   .            .         
21 BR.QFOCELL11.dk1l       -1.58327e-03 -2.95859e-06   .            .         
22 BR.QDE11.dk1l           -1.79528e-04  2.81819e-06   .            .         
23 BR.QFOCELL12.dk1l        2.28036e-03  3.45746e-07   .            .         
24 BR.QDE12.dk1l           -2.60616e-03 -2.53263e-07   .            .         
25 BR.QFOCELL13.dk1l        1.63686e-02 -7.42477e-07   .            .         
26 BR.QDE13.dk1l           -1.69236e-02  7.14997e-07   .            .         
27 BR.QFOCELL14.dk1l        5.80299e-03 -9.88265e-08   .            .         
28 BR.QDE14.dk1l           -6.60127e-03  8.94326e-08   .            .         
29 BR.QFOCELL15.dk1l       -1.03336e-02  6.64490e-08   .            .         
30 BR.QDE15.dk1l            8.71244e-03 -7.31463e-08   .            .         
31 BR.QFOCELL16.dk1l        2.43924e-03 -5.85394e-07   .            .         
32 BR.QDE16.dk1l           -9.24652e-04  5.32021e-07   .            .         

ncall=232 [7.0s], fval=2.83640e-01, fstp=-4.35162e-09, ccnt=384.


 Constraints                Type        Kind        Weight     Expr. Value
------------------------------------------------------------------------------
 1 R_BR3.BPM1L3.x_BR3.DHZ11L4 equality     .          252.48     6.42049e-01 >
 2 R_BR3.BPM1L3.x_BR3.DHZ12L4 equality     .          260.42     3.98945e-01 >
 3 R_BR3.BPM1L3.x_BR3.DHZ13L4 equality     .          256.05     6.13553e-01 >
 4 R_BR3.BPM1L3.x_BR3.DHZ14L1 equality     .          258.32     2.22327e-01 >
 5 R_BR3.BPM1L3.x_BR3.DHZ8L1 equality     .          251.74    -6.24476e-02 >
 6 R_BR3.BPM1L3.x_BR3.DHZ9L1 equality     .          252.65    -2.83677e-01 >
 7 R_BR3.BPM1L3.x_BR3.DVT12L4 equality     .          251.78     5.60855e-02 >
 8 R_BR3.BPM1L3.x_BR3.DVT13L4 equality     .          258.72     1.88026e-01 >
 9 R_BR3.BPM1L3.x_BR3.DVT2L4 equality     .          257.05    -2.01715e-02 >
10 R_BR3.BPM1L3.x_BR3.DVT6L4 equality     .          253.7     -5.09594e-02 >
11 R_BR3.BPM1L3.x_BR3.DVT8L1 equality     .          253.42     1.24177e-01 >
12 R_BR3.BPM1L3.x_BR3.DVT9L1 equality     .          257.59     1.85746e-01 >
13 R_BR3.BPM2L3.x_BR3.DHZ11L4 equality     .          157.62     3.76915e-01 >
14 R_BR3.BPM2L3.x_BR3.DHZ12L4 equality     .          157.89     7.48940e-01 >
15 R_BR3.BPM2L3.x_BR3.DHZ13L4 equality     .          158.03     9.94764e-01 >
16 R_BR3.BPM2L3.x_BR3.DHZ14L1 equality     .          158.62     1.12485e+00 >
17 R_BR3.BPM2L3.x_BR3.DHZ8L1 equality     .          156.4      2.08402e-01 >
18 R_BR3.BPM2L3.x_BR3.DHZ9L1 equality     .          157.36    -1.17580e-01 >
19 R_BR3.BPM2L3.x_BR3.DVT12L4 equality     .          156.11    -1.84364e-02 >
20 R_BR3.BPM2L3.x_BR3.DVT13L4 equality     .          155.52     7.46099e-02 >
21 R_BR3.BPM2L3.x_BR3.DVT2L4 equality     .          154.03     1.04923e-01 >
22 R_BR3.BPM2L3.x_BR3.DVT6L4 equality     .          157.2      6.54034e-02 >
23 R_BR3.BPM2L3.x_BR3.DVT8L1 equality     .          156.4      1.85090e-01 >
24 R_BR3.BPM2L3.x_BR3.DVT9L1 equality     .          155.82     3.97499e-02 >
25 R_BR3.BPM3L3.x_BR3.DHZ11L4 equality     .          306.38     6.07274e-01 >
26 R_BR3.BPM3L3.x_BR3.DHZ12L4 equality     .          309.92     1.00624e-01 >
27 R_BR3.BPM3L3.x_BR3.DHZ13L4 equality     .          307.15     2.10710e-01 >
28 R_BR3.BPM3L3.x_BR3.DHZ14L1 equality     .          305.61     1.98971e-01 >
29 R_BR3.BPM3L3.x_BR3.DHZ8L1 equality     .          303.8      1.01591e+00 >
30 R_BR3.BPM3L3.x_BR3.DHZ9L1 equality     .          305.13    -5.66368e-01 >
31 R_BR3.BPM3L3.x_BR3.DVT12L4 equality     .          308.36    -4.10720e-02 >
32 R_BR3.BPM3L3.x_BR3.DVT13L4 equality     .          309.21    -2.30170e-01 >
33 R_BR3.BPM3L3.x_BR3.DVT2L4 equality     .          309.43     1.54202e-01 >
34 R_BR3.BPM3L3.x_BR3.DVT6L4 equality     .          313.2      1.40396e-01 >
35 R_BR3.BPM3L3.x_BR3.DVT8L1 equality     .          311.18     3.28882e-01 >
36 R_BR3.BPM3L3.x_BR3.DVT9L1 equality     .          307.84     4.60168e-03 >
37 R_BR3.BPM4L3.x_BR3.DHZ11L4 equality     .          198.02     3.76542e-01 >
38 R_BR3.BPM4L3.x_BR3.DHZ12L4 equality     .          203.28     3.26057e-02 >
39 R_BR3.BPM4L3.x_BR3.DHZ13L4 equality     .          201.28     4.20313e-01 >
40 R_BR3.BPM4L3.x_BR3.DHZ14L1 equality     .          204.36    -3.05380e-01 >
41 R_BR3.BPM4L3.x_BR3.DHZ8L1 equality     .          198.49     3.23666e-01 >
42 R_BR3.BPM4L3.x_BR3.DHZ9L1 equality     .          201.82    -4.59944e-01 >
43 R_BR3.BPM4L3.x_BR3.DVT12L4 equality     .          195.66    -2.03842e-02 >
44 R_BR3.BPM4L3.x_BR3.DVT13L4 equality     .          199.18    -1.25990e-01 >
45 R_BR3.BPM4L3.x_BR3.DVT2L4 equality     .          199.43    -4.13022e-02 >
46 R_BR3.BPM4L3.x_BR3.DVT6L4 equality     .          196.72     2.52806e-02 >
47 R_BR3.BPM4L3.x_BR3.DVT8L1 equality     .          199.21     3.05817e-01 >
48 R_BR3.BPM4L3.x_BR3.DVT9L1 equality     .          198.45     8.71998e-02 >
49 R_BR3.BPM5L3.x_BR3.DHZ11L4 equality     .          324.79     7.54195e-01 >
50 R_BR3.BPM5L3.x_BR3.DHZ12L4 equality     .          337.32     3.42205e-01 >
51 R_BR3.BPM5L3.x_BR3.DHZ13L4 equality     .          331.08     6.52912e-01 >
52 R_BR3.BPM5L3.x_BR3.DHZ14L1 equality     .          329.86     4.55262e-01 >
53 R_BR3.BPM5L3.x_BR3.DHZ8L1 equality     .          326.2     -1.29027e-02 >
54 R_BR3.BPM5L3.x_BR3.DHZ9L1 equality     .          330.74    -3.58274e-01 >
55 R_BR3.BPM5L3.x_BR3.DVT12L4 equality     .          325.59     8.12004e-03 >
56 R_BR3.BPM5L3.x_BR3.DVT13L4 equality     .          331.84     1.69032e-01 >
57 R_BR3.BPM5L3.x_BR3.DVT2L4 equality     .          334.36    -9.37611e-02 >
58 R_BR3.BPM5L3.x_BR3.DVT6L4 equality     .          327.83    -3.99450e-02 >
59 R_BR3.BPM5L3.x_BR3.DVT8L1 equality     .          333.8      1.15984e-01 >
60 R_BR3.BPM5L3.x_BR3.DVT9L1 equality     .          330.19     1.47389e-01 >
61 R_BR3.BPM6L3.x_BR3.DHZ11L4 equality     .          199.47     6.34703e-01 >
62 R_BR3.BPM6L3.x_BR3.DHZ12L4 equality     .          200.7      7.73596e-01 >
63 R_BR3.BPM6L3.x_BR3.DHZ13L4 equality     .          204.48     7.53069e-01 >
64 R_BR3.BPM6L3.x_BR3.DHZ14L1 equality     .          198.32     9.35428e-01 >
65 R_BR3.BPM6L3.x_BR3.DHZ8L1 equality     .          195.69     6.31062e-01 >
66 R_BR3.BPM6L3.x_BR3.DHZ9L1 equality     .          197.62    -1.48845e-01 >
67 R_BR3.BPM6L3.x_BR3.DVT12L4 equality     .          200.77    -5.88140e-02 >
68 R_BR3.BPM6L3.x_BR3.DVT13L4 equality     .          202.21     2.41497e-02 >
69 R_BR3.BPM6L3.x_BR3.DVT2L4 equality     .          200.88     1.13048e-01 >
70 R_BR3.BPM6L3.x_BR3.DVT6L4 equality     .          202.2      1.25660e-01 >
71 R_BR3.BPM6L3.x_BR3.DVT8L1 equality     .          199.68     2.09124e-01 >
72 R_BR3.BPM6L3.x_BR3.DVT9L1 equality     .          199.01     9.13690e-03 >
73 R_BR3.BPM7L3.x_BR3.DHZ11L4 equality     .          223.23     1.39260e-01 >
74 R_BR3.BPM7L3.x_BR3.DHZ12L4 equality     .          227.83     2.58367e-01 >
75 R_BR3.BPM7L3.x_BR3.DHZ13L4 equality     .          223.5      6.78031e-01 >
76 R_BR3.BPM7L3.x_BR3.DHZ14L1 equality     .          225.13     4.05337e-01 >
77 R_BR3.BPM7L3.x_BR3.DHZ8L1 equality     .          221.05     6.46733e-01 >
78 R_BR3.BPM7L3.x_BR3.DHZ9L1 equality     .          222.81    -3.61263e-01 >
79 R_BR3.BPM7L3.x_BR3.DVT12L4 equality     .          223.25    -5.68010e-02 >
80 R_BR3.BPM7L3.x_BR3.DVT13L4 equality     .          224.06    -2.32373e-01 >
81 R_BR3.BPM7L3.x_BR3.DVT2L4 equality     .          223.73     1.05842e-01 >
82 R_BR3.BPM7L3.x_BR3.DVT6L4 equality     .          226.92     2.41689e-01 >
83 R_BR3.BPM7L3.x_BR3.DVT8L1 equality     .          219.71     3.66511e-01 >
84 R_BR3.BPM7L3.x_BR3.DVT9L1 equality     .          227.4      1.71075e-02 >
85 R_BR3.BPM8L3.x_BR3.DHZ11L4 equality     .          331.84     1.41463e-01 >
86 R_BR3.BPM8L3.x_BR3.DHZ12L4 equality     .          343.02     1.15714e-01 >
87 R_BR3.BPM8L3.x_BR3.DHZ13L4 equality     .          339.67     7.21365e-01 >
88 R_BR3.BPM8L3.x_BR3.DHZ14L1 equality     .          338.78    -2.65041e-02 >
89 R_BR3.BPM8L3.x_BR3.DHZ8L1 equality     .          329.23     4.13939e-01 >
90 R_BR3.BPM8L3.x_BR3.DHZ9L1 equality     .          336.85    -3.25797e-01 >
91 R_BR3.BPM8L3.x_BR3.DVT12L4 equality     .          332.26    -3.72674e-03 >
92 R_BR3.BPM8L3.x_BR3.DVT13L4 equality     .          335.48    -1.02632e-01 >
93 R_BR3.BPM8L3.x_BR3.DVT2L4 equality     .          332.57    -1.49549e-02 >
94 R_BR3.BPM8L3.x_BR3.DVT6L4 equality     .          326.42     4.81390e-02 >
95 R_BR3.BPM8L3.x_BR3.DVT8L1 equality     .          334.17     3.70090e-01 >
96 R_BR3.BPM8L3.x_BR3.DVT9L1 equality     .          334.19     1.23195e-01 >
97 R_BR3.BPM9L3.x_BR3.DHZ11L4 equality     .          297.89     6.93082e-01 >
98 R_BR3.BPM9L3.x_BR3.DHZ12L4 equality     .          290.36    -2.27691e-02 >
99 R_BR3.BPM9L3.x_BR3.DHZ13L4 equality     .          300.89     6.95208e-01 >
100 R_BR3.BPM9L3.x_BR3.DHZ14L1 equality     .          300.3      7.92434e-01 >
101 R_BR3.BPM9L3.x_BR3.DHZ8L1 equality     .          275.12    -4.86492e-02 >
102 R_BR3.BPM9L3.x_BR3.DHZ9L1 equality     .          299.62    -2.78607e-01 >
103 R_BR3.BPM9L3.x_BR3.DVT12L4 equality     .          269.07    -5.44244e-02 >
104 R_BR3.BPM9L3.x_BR3.DVT13L4 equality     .          276.44     1.62429e-01 >
105 R_BR3.BPM9L3.x_BR3.DVT2L4 equality     .          271.33    -6.13244e-02 >
106 R_BR3.BPM9L3.x_BR3.DVT6L4 equality     .          272.15    -9.29725e-02 >
107 R_BR3.BPM9L3.x_BR3.DVT8L1 equality     .          281.79     2.12526e-01 >
108 R_BR3.BPM9L3.x_BR3.DVT9L1 equality     .          280.47     2.28444e-01 >
109 R_BR3.BPM10L3.x_BR3.DHZ11L4 equality     .          318.21     9.17882e-01 >
110 R_BR3.BPM10L3.x_BR3.DHZ12L4 equality     .          328.28     7.40924e-01 >
111 R_BR3.BPM10L3.x_BR3.DHZ13L4 equality     .          325.38     3.58993e-01 >
112 R_BR3.BPM10L3.x_BR3.DHZ14L1 equality     .          328.01     5.76559e-01 >
113 R_BR3.BPM10L3.x_BR3.DHZ8L1 equality     .          322.19     4.78463e-02 >
114 R_BR3.BPM10L3.x_BR3.DHZ9L1 equality     .          321.78     1.79733e-02 >
115 R_BR3.BPM10L3.x_BR3.DVT12L4 equality     .          314.56    -2.57473e-02 >
116 R_BR3.BPM10L3.x_BR3.DVT13L4 equality     .          323.59    -2.13580e-02 >
117 R_BR3.BPM10L3.x_BR3.DVT2L4 equality     .          324.95     6.17038e-02 >
118 R_BR3.BPM10L3.x_BR3.DVT6L4 equality     .          323.52     1.27522e-01 >
119 R_BR3.BPM10L3.x_BR3.DVT8L1 equality     .          325.33     9.39926e-02 >
120 R_BR3.BPM10L3.x_BR3.DVT9L1 equality     .          318.99     3.58691e-02 >
121 R_BR3.BPM11L3.x_BR3.DHZ11L4 equality     .          318.91    -1.59942e-01 >
122 R_BR3.BPM11L3.x_BR3.DHZ12L4 equality     .          325.59     5.24724e-01 >
123 R_BR3.BPM11L3.x_BR3.DHZ13L4 equality     .          322.64     8.87809e-01 >
124 R_BR3.BPM11L3.x_BR3.DHZ14L1 equality     .          325.75     2.43319e-01 >
125 R_BR3.BPM11L3.x_BR3.DHZ8L1 equality     .          315.33     2.03212e-01 >
126 R_BR3.BPM11L3.x_BR3.DHZ9L1 equality     .          318.05    -1.93487e-01 >
127 R_BR3.BPM11L3.x_BR3.DVT12L4 equality     .          321.26    -2.62180e-03 >
128 R_BR3.BPM11L3.x_BR3.DVT13L4 equality     .          323.22    -2.19203e-01 >
129 R_BR3.BPM11L3.x_BR3.DVT2L4 equality     .          323.98     8.43493e-02 >
130 R_BR3.BPM11L3.x_BR3.DVT6L4 equality     .          321.05     1.89177e-01 >
131 R_BR3.BPM11L3.x_BR3.DVT8L1 equality     .          323.79     3.56033e-01 >
132 R_BR3.BPM11L3.x_BR3.DVT9L1 equality     .          323.73    -5.54400e-02 >
133 R_BR3.BPM12L3.x_BR3.DHZ11L4 equality     .          232.5      2.67365e-01 >
134 R_BR3.BPM12L3.x_BR3.DHZ12L4 equality     .          234.92     3.55031e-01 >
135 R_BR3.BPM12L3.x_BR3.DHZ13L4 equality     .          234.62     1.02463e+00 >
136 R_BR3.BPM12L3.x_BR3.DHZ14L1 equality     .          237.48     1.80062e-01 >
137 R_BR3.BPM12L3.x_BR3.DHZ8L1 equality     .          231.14     5.51005e-01 >
138 R_BR3.BPM12L3.x_BR3.DHZ9L1 equality     .          236.23    -3.87473e-01 >
139 R_BR3.BPM12L3.x_BR3.DVT12L4 equality     .          231.44    -2.45246e-02 >
140 R_BR3.BPM12L3.x_BR3.DVT13L4 equality     .          235.61    -6.72613e-02 >
141 R_BR3.BPM12L3.x_BR3.DVT2L4 equality     .          235.35    -2.95261e-02 >
142 R_BR3.BPM12L3.x_BR3.DVT6L4 equality     .          233.52     1.83346e-02 >
143 R_BR3.BPM12L3.x_BR3.DVT8L1 equality     .          234.71     3.35496e-01 >
144 R_BR3.BPM12L3.x_BR3.DVT9L1 equality     .          238.07     1.15625e-01 >
145 R_BR3.BPM13L3.x_BR3.DHZ11L4 equality     .          288.46     9.71089e-01 >
146 R_BR3.BPM13L3.x_BR3.DHZ12L4 equality     .          297.24     4.51326e-01 >
147 R_BR3.BPM13L3.x_BR3.DHZ13L4 equality     .          295.89     5.31145e-01 >
148 R_BR3.BPM13L3.x_BR3.DHZ14L1 equality     .          295.8      5.54718e-01 >
149 R_BR3.BPM13L3.x_BR3.DHZ8L1 equality     .          286.85     3.30856e-01 >
150 R_BR3.BPM13L3.x_BR3.DHZ9L1 equality     .          295.94    -2.65453e-01 >
151 R_BR3.BPM13L3.x_BR3.DVT12L4 equality     .          285.58     7.34381e-02 >
152 R_BR3.BPM13L3.x_BR3.DVT13L4 equality     .          288.7      1.66115e-01 >
153 R_BR3.BPM13L3.x_BR3.DVT2L4 equality     .          293.09    -4.93204e-02 >
154 R_BR3.BPM13L3.x_BR3.DVT6L4 equality     .          292.59    -8.36283e-02 >
155 R_BR3.BPM13L3.x_BR3.DVT8L1 equality     .          292.51     1.22365e-01 >
156 R_BR3.BPM13L3.x_BR3.DVT9L1 equality     .          290.36     2.18304e-01 >
157 R_BR3.BPM14L3.x_BR3.DHZ11L4 equality     .          212.24     9.47838e-01 >
158 R_BR3.BPM14L3.x_BR3.DHZ12L4 equality     .          213.11     3.52701e-01 >
159 R_BR3.BPM14L3.x_BR3.DHZ13L4 equality     .          215        5.81463e-01 >
160 R_BR3.BPM14L3.x_BR3.DHZ14L1 equality     .          215.57     9.17278e-01 >
161 R_BR3.BPM14L3.x_BR3.DHZ8L1 equality     .          208.87     5.06905e-01 >
162 R_BR3.BPM14L3.x_BR3.DHZ9L1 equality     .          215.99    -5.51962e-01 >
163 R_BR3.BPM14L3.x_BR3.DVT12L4 equality     .          212.81    -1.13450e-01 >
164 R_BR3.BPM14L3.x_BR3.DVT13L4 equality     .          214.9      1.30428e-01 >
165 R_BR3.BPM14L3.x_BR3.DVT2L4 equality     .          214.23     1.03301e-01 >
166 R_BR3.BPM14L3.x_BR3.DVT6L4 equality     .          214.62     1.24580e-01 >
167 R_BR3.BPM14L3.x_BR3.DVT8L1 equality     .          214.2      1.27604e-01 >
168 R_BR3.BPM14L3.x_BR3.DVT9L1 equality     .          214.58     3.15270e-02 >
169 R_BR3.BPM15L3.x_BR3.DHZ11L4 equality     .          318.02     1.93213e-01 >
170 R_BR3.BPM15L3.x_BR3.DHZ12L4 equality     .          322.62     5.59933e-01 >
171 R_BR3.BPM15L3.x_BR3.DHZ13L4 equality     .          318.77     8.01183e-01 >
172 R_BR3.BPM15L3.x_BR3.DHZ14L1 equality     .          318.38     6.58722e-01 >
173 R_BR3.BPM15L3.x_BR3.DHZ8L1 equality     .          310.39     7.18576e-01 >
174 R_BR3.BPM15L3.x_BR3.DHZ9L1 equality     .          316.93    -1.72125e-01 >
175 R_BR3.BPM15L3.x_BR3.DVT12L4 equality     .          319.68    -8.74569e-02 >
176 R_BR3.BPM15L3.x_BR3.DVT13L4 equality     .          316.76    -2.65903e-01 >
177 R_BR3.BPM15L3.x_BR3.DVT2L4 equality     .          319.5      2.35262e-02 >
178 R_BR3.BPM15L3.x_BR3.DVT6L4 equality     .          317.69     1.14247e-01 >
179 R_BR3.BPM15L3.x_BR3.DVT8L1 equality     .          319.48     3.41921e-01 >
180 R_BR3.BPM15L3.x_BR3.DVT9L1 equality     .          320.4     -3.90349e-02 >
181 R_BR3.BPM16L3.x_BR3.DHZ11L4 equality     .          338.99     2.05599e-01 >
182 R_BR3.BPM16L3.x_BR3.DHZ12L4 equality     .          342.87     3.96651e-01 >
183 R_BR3.BPM16L3.x_BR3.DHZ13L4 equality     .          335.7      4.55261e-01 >
184 R_BR3.BPM16L3.x_BR3.DHZ14L1 equality     .          338.12    -3.27446e-01 >
185 R_BR3.BPM16L3.x_BR3.DHZ8L1 equality     .          333.59     3.93474e-01 >
186 R_BR3.BPM16L3.x_BR3.DHZ9L1 equality     .          341.37    -6.81894e-02 >
187 R_BR3.BPM16L3.x_BR3.DVT12L4 equality     .          329.08     2.43438e-02 >
188 R_BR3.BPM16L3.x_BR3.DVT13L4 equality     .          332.21    -1.96968e-01 >
189 R_BR3.BPM16L3.x_BR3.DVT2L4 equality     .          328.75    -6.27526e-02 >
190 R_BR3.BPM16L3.x_BR3.DVT6L4 equality     .          328.86    -1.21738e-02 >
191 R_BR3.BPM16L3.x_BR3.DVT8L1 equality     .          334.48     3.10418e-01 >
192 R_BR3.BPM16L3.x_BR3.DVT9L1 equality     .          334.14     1.24287e-01 >
193 R_BR3.BPM1L3.y_BR3.DHZ11L4 equality     .          256.25    -1.46512e-01 >
194 R_BR3.BPM1L3.y_BR3.DHZ12L4 equality     .          262.82    -8.40051e-03 >
195 R_BR3.BPM1L3.y_BR3.DHZ13L4 equality     .          262.88     1.63443e-01 >
196 R_BR3.BPM1L3.y_BR3.DHZ14L1 equality     .          261.24     7.45243e-02 >
197 R_BR3.BPM1L3.y_BR3.DHZ8L1 equality     .          258.42    -1.63806e-01 >
198 R_BR3.BPM1L3.y_BR3.DHZ9L1 equality     .          259.81     3.84244e-02 >
199 R_BR3.BPM1L3.y_BR3.DVT12L4 equality     .          253.55    -7.59501e-02 >
200 R_BR3.BPM1L3.y_BR3.DVT13L4 equality     .          256.41    -1.38926e-01 >
201 R_BR3.BPM1L3.y_BR3.DVT2L4 equality     .          255.28     2.51385e-02 >
202 R_BR3.BPM1L3.y_BR3.DVT6L4 equality     .          258.8      2.27235e-02 >
203 R_BR3.BPM1L3.y_BR3.DVT8L1 equality     .          253.9      1.18667e-01 >
204 R_BR3.BPM1L3.y_BR3.DVT9L1 equality     .          262.54    -1.11656e-01 >
205 R_BR3.BPM2L3.y_BR3.DHZ11L4 equality     .          193.77     2.23750e-02 >
206 R_BR3.BPM2L3.y_BR3.DHZ12L4 equality     .          195.51    -1.00623e-01 >
207 R_BR3.BPM2L3.y_BR3.DHZ13L4 equality     .          194.69    -5.26939e-02 >
208 R_BR3.BPM2L3.y_BR3.DHZ14L1 equality     .          194.89    -2.37049e-02 >
209 R_BR3.BPM2L3.y_BR3.DHZ8L1 equality     .          193.7     -3.56477e-02 >
210 R_BR3.BPM2L3.y_BR3.DHZ9L1 equality     .          194       -1.29772e-01 >
211 R_BR3.BPM2L3.y_BR3.DVT12L4 equality     .          193.39     3.34078e-02 >
212 R_BR3.BPM2L3.y_BR3.DVT13L4 equality     .          199.37     2.60159e-01 >
213 R_BR3.BPM2L3.y_BR3.DVT2L4 equality     .          193.95     9.72934e-02 >
214 R_BR3.BPM2L3.y_BR3.DVT6L4 equality     .          194.29     1.17931e-01 >
215 R_BR3.BPM2L3.y_BR3.DVT8L1 equality     .          197.45     4.51110e-03 >
216 R_BR3.BPM2L3.y_BR3.DVT9L1 equality     .          201.64    -3.46277e-01 >
217 R_BR3.BPM3L3.y_BR3.DHZ11L4 equality     .          309.08     1.67912e-01 >
218 R_BR3.BPM3L3.y_BR3.DHZ12L4 equality     .          311.71     1.93899e-02 >
219 R_BR3.BPM3L3.y_BR3.DHZ13L4 equality     .          313.44    -1.99932e-01 >
220 R_BR3.BPM3L3.y_BR3.DHZ14L1 equality     .          310.99    -1.54125e-01 >
221 R_BR3.BPM3L3.y_BR3.DHZ8L1 equality     .          306.46     1.94961e-01 >
222 R_BR3.BPM3L3.y_BR3.DHZ9L1 equality     .          307.02    -4.08105e-03 >
223 R_BR3.BPM3L3.y_BR3.DVT12L4 equality     .          302.21    -4.10307e-02 >
224 R_BR3.BPM3L3.y_BR3.DVT13L4 equality     .          306.62    -8.54593e-02 >
225 R_BR3.BPM3L3.y_BR3.DVT2L4 equality     .          305.61     2.16924e-01 >
226 R_BR3.BPM3L3.y_BR3.DVT6L4 equality     .          305.13    -5.62740e-02 >
227 R_BR3.BPM3L3.y_BR3.DVT8L1 equality     .          303.25     2.22873e-02 >
228 R_BR3.BPM3L3.y_BR3.DVT9L1 equality     .          307.19     9.08552e-02 >
229 R_BR3.BPM4L3.y_BR3.DHZ11L4 equality     .          207.99    -6.50086e-02 >
230 R_BR3.BPM4L3.y_BR3.DHZ12L4 equality     .          211.05     5.30249e-02 >
231 R_BR3.BPM4L3.y_BR3.DHZ13L4 equality     .          211.6      4.16789e-02 >
232 R_BR3.BPM4L3.y_BR3.DHZ14L1 equality     .          210.73     1.79917e-02 >
233 R_BR3.BPM4L3.y_BR3.DHZ8L1 equality     .          210.5     -7.93622e-03 >
234 R_BR3.BPM4L3.y_BR3.DHZ9L1 equality     .          210.07     1.31976e-01 >
235 R_BR3.BPM4L3.y_BR3.DVT12L4 equality     .          209.22    -7.30991e-01 >
236 R_BR3.BPM4L3.y_BR3.DVT13L4 equality     .          209.46    -4.15339e-03 >
237 R_BR3.BPM4L3.y_BR3.DVT2L4 equality     .          210.76     4.50403e-01 >
238 R_BR3.BPM4L3.y_BR3.DVT6L4 equality     .          210.02     5.60076e-01 >
239 R_BR3.BPM4L3.y_BR3.DVT8L1 equality     .          206.75    -1.88537e-01 >
240 R_BR3.BPM4L3.y_BR3.DVT9L1 equality     .          208.22    -8.64813e-02 >
241 R_BR3.BPM5L3.y_BR3.DHZ11L4 equality     .          301.26    -1.67794e-01 >
242 R_BR3.BPM5L3.y_BR3.DHZ12L4 equality     .          303.11    -3.04811e-02 >
243 R_BR3.BPM5L3.y_BR3.DHZ13L4 equality     .          299.49     1.98163e-01 >
244 R_BR3.BPM5L3.y_BR3.DHZ14L1 equality     .          301.21     1.38335e-01 >
245 R_BR3.BPM5L3.y_BR3.DHZ8L1 equality     .          301.52    -1.82902e-01 >
246 R_BR3.BPM5L3.y_BR3.DHZ9L1 equality     .          302.17     3.91815e-02 >
247 R_BR3.BPM5L3.y_BR3.DVT12L4 equality     .          300       -1.69928e-02 >
248 R_BR3.BPM5L3.y_BR3.DVT13L4 equality     .          293.79     1.59527e-01 >
249 R_BR3.BPM5L3.y_BR3.DVT2L4 equality     .          295.21    -1.65794e-01 >
250 R_BR3.BPM5L3.y_BR3.DVT6L4 equality     .          296.66     1.27729e-01 >
251 R_BR3.BPM5L3.y_BR3.DVT8L1 equality     .          296.81    -4.73644e-02 >
252 R_BR3.BPM5L3.y_BR3.DVT9L1 equality     .          302.94    -1.88433e-01 >
253 R_BR3.BPM6L3.y_BR3.DHZ11L4 equality     .          201.95     5.14612e-02 >
254 R_BR3.BPM6L3.y_BR3.DHZ12L4 equality     .          201.03    -8.97796e-02 >
255 R_BR3.BPM6L3.y_BR3.DHZ13L4 equality     .          202.5     -9.25437e-02 >
256 R_BR3.BPM6L3.y_BR3.DHZ14L1 equality     .          200.64    -9.98986e-02 >
257 R_BR3.BPM6L3.y_BR3.DHZ8L1 equality     .          201.33     5.85636e-02 >
258 R_BR3.BPM6L3.y_BR3.DHZ9L1 equality     .          199.71    -1.12553e-01 >
259 R_BR3.BPM6L3.y_BR3.DVT12L4 equality     .          196.41     6.76617e-01 >
260 R_BR3.BPM6L3.y_BR3.DVT13L4 equality     .          199.93    -1.05971e-02 >
261 R_BR3.BPM6L3.y_BR3.DVT2L4 equality     .          198.6     -3.23676e-01 >
262 R_BR3.BPM6L3.y_BR3.DVT6L4 equality     .          198.12    -5.12419e-01 >
263 R_BR3.BPM6L3.y_BR3.DVT8L1 equality     .          200.55     2.68570e-01 >
264 R_BR3.BPM6L3.y_BR3.DVT9L1 equality     .          198.53     7.58316e-02 >
265 R_BR3.BPM7L3.y_BR3.DHZ11L4 equality     .          246.76     1.76287e-01 >
266 R_BR3.BPM7L3.y_BR3.DHZ12L4 equality     .          247.85     7.99454e-03 >
267 R_BR3.BPM7L3.y_BR3.DHZ13L4 equality     .          244       -2.24589e-01 >
268 R_BR3.BPM7L3.y_BR3.DHZ14L1 equality     .          246.12    -1.70116e-01 >
269 R_BR3.BPM7L3.y_BR3.DHZ8L1 equality     .          243.28     2.01425e-01 >
270 R_BR3.BPM7L3.y_BR3.DHZ9L1 equality     .          241.94     3.98245e-03 >
271 R_BR3.BPM7L3.y_BR3.DVT12L4 equality     .          246.24    -1.85427e-01 >
272 R_BR3.BPM7L3.y_BR3.DVT13L4 equality     .          249.15     1.62912e-01 >
273 R_BR3.BPM7L3.y_BR3.DVT2L4 equality     .          249.6      1.03588e-01 >
274 R_BR3.BPM7L3.y_BR3.DVT6L4 equality     .          248.85    -5.97640e-02 >
275 R_BR3.BPM7L3.y_BR3.DVT8L1 equality     .          245.18    -1.77489e-01 >
276 R_BR3.BPM7L3.y_BR3.DVT9L1 equality     .          247.54     2.06258e-01 >
277 R_BR3.BPM8L3.y_BR3.DHZ11L4 equality     .          304.27     3.40281e-02 >
278 R_BR3.BPM8L3.y_BR3.DHZ12L4 equality     .          306.73     7.44679e-02 >
279 R_BR3.BPM8L3.y_BR3.DHZ13L4 equality     .          311.23    -1.14901e-02 >
280 R_BR3.BPM8L3.y_BR3.DHZ14L1 equality     .          305.81    -6.60757e-02 >
281 R_BR3.BPM8L3.y_BR3.DHZ8L1 equality     .          306.46     7.44069e-02 >
282 R_BR3.BPM8L3.y_BR3.DHZ9L1 equality     .          305.92     1.43119e-01 >
283 R_BR3.BPM8L3.y_BR3.DVT12L4 equality     .          304.41     1.14579e-01 >
284 R_BR3.BPM8L3.y_BR3.DVT13L4 equality     .          306.97    -4.33364e-02 >
285 R_BR3.BPM8L3.y_BR3.DVT2L4 equality     .          303.15    -3.45375e-01 >
286 R_BR3.BPM8L3.y_BR3.DVT6L4 equality     .          299.95     5.12914e-02 >
287 R_BR3.BPM8L3.y_BR3.DVT8L1 equality     .          307.45     3.20272e-01 >
288 R_BR3.BPM8L3.y_BR3.DVT9L1 equality     .          309.51     3.59356e-01 >
289 R_BR3.BPM9L3.y_BR3.DHZ11L4 equality     .          337.26    -1.92332e-01 >
290 R_BR3.BPM9L3.y_BR3.DHZ12L4 equality     .          338.42    -1.34167e-02 >
291 R_BR3.BPM9L3.y_BR3.DHZ13L4 equality     .          336.49     1.83873e-01 >
292 R_BR3.BPM9L3.y_BR3.DHZ14L1 equality     .          336.12     1.31100e-01 >
293 R_BR3.BPM9L3.y_BR3.DHZ8L1 equality     .          332.47    -1.07064e-01 >
294 R_BR3.BPM9L3.y_BR3.DHZ9L1 equality     .          337.6      1.00484e-02 >
295 R_BR3.BPM9L3.y_BR3.DVT12L4 equality     .          328.6     -3.44535e-01 >
296 R_BR3.BPM9L3.y_BR3.DVT13L4 equality     .          337.33     1.57163e-01 >
297 R_BR3.BPM9L3.y_BR3.DVT2L4 equality     .          334.57     1.02591e-01 >
298 R_BR3.BPM9L3.y_BR3.DVT6L4 equality     .          331.98     2.04320e-02 >
299 R_BR3.BPM9L3.y_BR3.DVT8L1 equality     .          333.76    -7.73607e-03 >
300 R_BR3.BPM9L3.y_BR3.DVT9L1 equality     .          335.23     1.82338e-01 >
301 R_BR3.BPM10L3.y_BR3.DHZ11L4 equality     .          362.34     9.03788e-02 >
302 R_BR3.BPM10L3.y_BR3.DHZ12L4 equality     .          366.15    -8.60927e-02 >
303 R_BR3.BPM10L3.y_BR3.DHZ13L4 equality     .          367.87    -1.00201e-01 >
304 R_BR3.BPM10L3.y_BR3.DHZ14L1 equality     .          363.46    -1.39439e-02 >
305 R_BR3.BPM10L3.y_BR3.DHZ8L1 equality     .          362.05    -4.05579e-02 >
306 R_BR3.BPM10L3.y_BR3.DHZ9L1 equality     .          363.87    -1.66962e-01 >
307 R_BR3.BPM10L3.y_BR3.DVT12L4 equality     .          351.58     9.19770e-03 >
308 R_BR3.BPM10L3.y_BR3.DVT13L4 equality     .          361.06    -1.68589e-01 >
309 R_BR3.BPM10L3.y_BR3.DVT2L4 equality     .          356.01     2.93279e-01 >
310 R_BR3.BPM10L3.y_BR3.DVT6L4 equality     .          356.24    -2.19033e-02 >
311 R_BR3.BPM10L3.y_BR3.DVT8L1 equality     .          361.9     -3.23999e-01 >
312 R_BR3.BPM10L3.y_BR3.DVT9L1 equality     .          361.92     3.62008e-02 >
313 R_BR3.BPM11L3.y_BR3.DHZ11L4 equality     .          314.59     1.95054e-01 >
314 R_BR3.BPM11L3.y_BR3.DHZ12L4 equality     .          317.36     8.79346e-02 >
315 R_BR3.BPM11L3.y_BR3.DHZ13L4 equality     .          318.05    -1.98013e-01 >
316 R_BR3.BPM11L3.y_BR3.DHZ14L1 equality     .          319.71    -1.64048e-01 >
317 R_BR3.BPM11L3.y_BR3.DHZ8L1 equality     .          313.26     1.65678e-01 >
318 R_BR3.BPM11L3.y_BR3.DHZ9L1 equality     .          317.17     2.11977e-02 >
319 R_BR3.BPM11L3.y_BR3.DVT12L4 equality     .          317.98    -3.57259e-02 >
320 R_BR3.BPM11L3.y_BR3.DVT13L4 equality     .          322.72     2.65205e-02 >
321 R_BR3.BPM11L3.y_BR3.DVT2L4 equality     .          313.92     5.53018e-03 >
322 R_BR3.BPM11L3.y_BR3.DVT6L4 equality     .          318.65     1.48299e-02 >
323 R_BR3.BPM11L3.y_BR3.DVT8L1 equality     .          315.41    -1.83031e-01 >
324 R_BR3.BPM11L3.y_BR3.DVT9L1 equality     .          317.19    -8.89274e-02 >
325 R_BR3.BPM12L3.y_BR3.DHZ11L4 equality     .          227.9      2.86893e-02 >
326 R_BR3.BPM12L3.y_BR3.DHZ12L4 equality     .          231.84     9.14903e-02 >
327 R_BR3.BPM12L3.y_BR3.DHZ13L4 equality     .          231.33     3.49530e-02 >
328 R_BR3.BPM12L3.y_BR3.DHZ14L1 equality     .          231.42    -1.36065e-02 >
329 R_BR3.BPM12L3.y_BR3.DHZ8L1 equality     .          228.05     6.83895e-02 >
330 R_BR3.BPM12L3.y_BR3.DHZ9L1 equality     .          228.66     8.92802e-02 >
331 R_BR3.BPM12L3.y_BR3.DVT12L4 equality     .          232.22    -5.56526e-01 >
332 R_BR3.BPM12L3.y_BR3.DVT13L4 equality     .          234.4      2.39860e-01 >
333 R_BR3.BPM12L3.y_BR3.DVT2L4 equality     .          231.23     6.47309e-02 >
334 R_BR3.BPM12L3.y_BR3.DVT6L4 equality     .          234.4      2.37170e-01 >
335 R_BR3.BPM12L3.y_BR3.DVT8L1 equality     .          233.15    -3.23799e-02 >
336 R_BR3.BPM12L3.y_BR3.DVT9L1 equality     .          231.32    -1.62966e-02 >
337 R_BR3.BPM13L3.y_BR3.DHZ11L4 equality     .          313.96    -1.08684e-01 >
338 R_BR3.BPM13L3.y_BR3.DHZ12L4 equality     .          314.21    -1.73919e-02 >
339 R_BR3.BPM13L3.y_BR3.DHZ13L4 equality     .          313.76     2.02420e-01 >
340 R_BR3.BPM13L3.y_BR3.DHZ14L1 equality     .          313.87     1.67930e-01 >
341 R_BR3.BPM13L3.y_BR3.DHZ8L1 equality     .          311.3     -1.31691e-01 >
342 R_BR3.BPM13L3.y_BR3.DHZ9L1 equality     .          312.24     3.51077e-03 >
343 R_BR3.BPM13L3.y_BR3.DVT12L4 equality     .          315.58     8.63808e-02 >
344 R_BR3.BPM13L3.y_BR3.DVT13L4 equality     .          316.74     7.05227e-02 >
345 R_BR3.BPM13L3.y_BR3.DVT2L4 equality     .          312.35     5.68080e-02 >
346 R_BR3.BPM13L3.y_BR3.DVT6L4 equality     .          316.57    -3.98636e-02 >
347 R_BR3.BPM13L3.y_BR3.DVT8L1 equality     .          318.3      5.53893e-02 >
348 R_BR3.BPM13L3.y_BR3.DVT9L1 equality     .          321.29     1.22749e-01 >
349 R_BR3.BPM14L3.y_BR3.DHZ11L4 equality     .          245.56     1.39944e-02 >
350 R_BR3.BPM14L3.y_BR3.DHZ12L4 equality     .          245.54    -7.59076e-02 >
351 R_BR3.BPM14L3.y_BR3.DHZ13L4 equality     .          245.23     1.44737e-02 >
352 R_BR3.BPM14L3.y_BR3.DHZ14L1 equality     .          244.32     6.54060e-03 >
353 R_BR3.BPM14L3.y_BR3.DHZ8L1 equality     .          242.34    -3.44774e-02 >
354 R_BR3.BPM14L3.y_BR3.DHZ9L1 equality     .          246.38    -1.27832e-01 >
355 R_BR3.BPM14L3.y_BR3.DVT12L4 equality     .          240.96     1.61079e-01 >
356 R_BR3.BPM14L3.y_BR3.DVT13L4 equality     .          242.02     3.58982e-01 >
357 R_BR3.BPM14L3.y_BR3.DVT2L4 equality     .          243.11     1.03048e-01 >
358 R_BR3.BPM14L3.y_BR3.DVT6L4 equality     .          243.41     5.96446e-02 >
359 R_BR3.BPM14L3.y_BR3.DVT8L1 equality     .          243.07    -6.90168e-02 >
360 R_BR3.BPM14L3.y_BR3.DVT9L1 equality     .          245.83    -2.59966e-01 >
361 R_BR3.BPM15L3.y_BR3.DHZ11L4 equality     .          333.18     1.25721e-01 >
362 R_BR3.BPM15L3.y_BR3.DHZ12L4 equality     .          337.14     7.07272e-02 >
363 R_BR3.BPM15L3.y_BR3.DHZ13L4 equality     .          333.89    -1.90642e-01 >
364 R_BR3.BPM15L3.y_BR3.DHZ14L1 equality     .          334.99    -1.50282e-01 >
365 R_BR3.BPM15L3.y_BR3.DHZ8L1 equality     .          329.99     1.67544e-01 >
366 R_BR3.BPM15L3.y_BR3.DHZ9L1 equality     .          336.13     4.74988e-02 >
367 R_BR3.BPM15L3.y_BR3.DVT12L4 equality     .          333.12    -9.66581e-02 >
368 R_BR3.BPM15L3.y_BR3.DVT13L4 equality     .          332.85    -9.07209e-02 >
369 R_BR3.BPM15L3.y_BR3.DVT2L4 equality     .          338.13    -1.78238e-01 >
370 R_BR3.BPM15L3.y_BR3.DVT6L4 equality     .          336.49    -2.47606e-02 >
371 R_BR3.BPM15L3.y_BR3.DVT8L1 equality     .          338.36     3.94642e-02 >
372 R_BR3.BPM15L3.y_BR3.DVT9L1 equality     .          338.75    -8.39172e-02 >
373 R_BR3.BPM16L3.y_BR3.DHZ11L4 equality     .          368.2      4.14731e-02 >
374 R_BR3.BPM16L3.y_BR3.DHZ12L4 equality     .          370.49     7.65726e-02 >
375 R_BR3.BPM16L3.y_BR3.DHZ13L4 equality     .          369.72    -7.99506e-03 >
376 R_BR3.BPM16L3.y_BR3.DHZ14L1 equality     .          366.39    -6.95448e-03 >
377 R_BR3.BPM16L3.y_BR3.DHZ8L1 equality     .          366.65     7.48625e-02 >
378 R_BR3.BPM16L3.y_BR3.DHZ9L1 equality     .          369.32     1.23619e-01 >
379 R_BR3.BPM16L3.y_BR3.DVT12L4 equality     .          365.9      1.54882e-02 >
380 R_BR3.BPM16L3.y_BR3.DVT13L4 equality     .          367.05    -2.16561e-01 >
381 R_BR3.BPM16L3.y_BR3.DVT2L4 equality     .          365.04    -8.24504e-02 >
382 R_BR3.BPM16L3.y_BR3.DVT6L4 equality     .          365.3     -1.53574e-01 >
383 R_BR3.BPM16L3.y_BR3.DVT8L1 equality     .          366.12    -4.52977e-02 >
384 R_BR3.BPM16L3.y_BR3.DVT9L1 equality     .          368.53     3.69446e-01 >

 Variables                  Curr. Value  Curr. Step   Lower Limit  Upper Limit
--------------------------------------------------------------------------------
 1 BR.QFOCELL1.dk1l        -5.90774e-04  2.81434e-07   .            .         
 2 BR.QDE1.dk1l             1.53209e-03 -2.59531e-07   .            .         
 3 BR.QFOCELL2.dk1l        -2.62203e-03  1.25579e-07   .            .         
 4 BR.QDE2.dk1l             2.03393e-03 -1.12283e-07   .            .         
 5 BR.QFOCELL3.dk1l        -4.07219e-03  2.06868e-07   .            .         
 6 BR.QDE3.dk1l             2.25539e-03 -1.93969e-07   .            .         
 7 BR.QFOCELL4.dk1l         5.15493e-03 -2.82189e-08   .            .         
 8 BR.QDE4.dk1l            -5.31136e-03  2.15678e-08   .            .         
 9 BR.QFOCELL5.dk1l         1.05190e-02  3.54171e-07   .            .         
10 BR.QDE5.dk1l            -1.07503e-02 -3.10718e-07   .            .         
11 BR.QFOCELL6.dk1l        -7.92686e-03 -7.51873e-07   .            .         
12 BR.QDE6.dk1l             8.52875e-03  7.12923e-07   .            .         
13 BR.QFOCELL7.dk1l        -2.17005e-03 -1.26563e-06   .            .         
14 BR.QDE7.dk1l             3.52574e-03  1.16466e-06   .            .         
15 BR.QFOCELL8.dk1l         1.77065e-02  1.99627e-06   .            .         
16 BR.QDE8.dk1l            -1.82826e-02 -1.78329e-06   .            .         
17 BR.QFOCELL9.dk1l         8.83455e-03  1.86895e-06   .            .         
18 BR.QDE9.dk1l            -9.57042e-03 -1.71451e-06   .            .         
19 BR.QFOCELL10.dk1l       -1.19720e-02 -1.83020e-06   .            .         
20 BR.QDE10.dk1l            1.27161e-02  1.68822e-06   .            .         
21 BR.QFOCELL11.dk1l       -1.58437e-03 -1.10539e-06   .            .         
22 BR.QDE11.dk1l           -1.78488e-04  1.03978e-06   .            .         
23 BR.QFOCELL12.dk1l        2.28046e-03  1.00785e-07   .            .         
24 BR.QDE12.dk1l           -2.60623e-03 -7.20733e-08   .            .         
25 BR.QFOCELL13.dk1l        1.63683e-02 -2.68385e-07   .            .         
26 BR.QDE13.dk1l           -1.69233e-02  2.55114e-07   .            .         
27 BR.QFOCELL14.dk1l        5.80285e-03 -1.37191e-07   .            .         
28 BR.QDE14.dk1l           -6.60115e-03  1.24909e-07   .            .         
29 BR.QFOCELL15.dk1l       -1.03335e-02  1.04270e-07   .            .         
30 BR.QDE15.dk1l            8.71234e-03 -1.00847e-07   .            .         
31 BR.QFOCELL16.dk1l        2.43917e-03 -7.18204e-08   .            .         
32 BR.QDE16.dk1l           -9.24592e-04  5.95863e-08   .            .         

ncall=265 [7.9s], fval=2.83640e-01, fstp=-3.88106e-10, ccnt=384.


 Constraints                Type        Kind        Weight     Expr. Value
------------------------------------------------------------------------------
 1 R_BR3.BPM1L3.x_BR3.DHZ11L4 equality     .          252.48     6.42049e-01 >
 2 R_BR3.BPM1L3.x_BR3.DHZ12L4 equality     .          260.42     3.98957e-01 >
 3 R_BR3.BPM1L3.x_BR3.DHZ13L4 equality     .          256.05     6.13550e-01 >
 4 R_BR3.BPM1L3.x_BR3.DHZ14L1 equality     .          258.32     2.22321e-01 >
 5 R_BR3.BPM1L3.x_BR3.DHZ8L1 equality     .          251.74    -6.24426e-02 >
 6 R_BR3.BPM1L3.x_BR3.DHZ9L1 equality     .          252.65    -2.83675e-01 >
 7 R_BR3.BPM1L3.x_BR3.DVT12L4 equality     .          251.78     5.60855e-02 >
 8 R_BR3.BPM1L3.x_BR3.DVT13L4 equality     .          258.72     1.88026e-01 >
 9 R_BR3.BPM1L3.x_BR3.DVT2L4 equality     .          257.05    -2.01715e-02 >
10 R_BR3.BPM1L3.x_BR3.DVT6L4 equality     .          253.7     -5.09594e-02 >
11 R_BR3.BPM1L3.x_BR3.DVT8L1 equality     .          253.42     1.24177e-01 >
12 R_BR3.BPM1L3.x_BR3.DVT9L1 equality     .          257.59     1.85746e-01 >
13 R_BR3.BPM2L3.x_BR3.DHZ11L4 equality     .          157.62     3.76932e-01 >
14 R_BR3.BPM2L3.x_BR3.DHZ12L4 equality     .          157.89     7.48932e-01 >
15 R_BR3.BPM2L3.x_BR3.DHZ13L4 equality     .          158.03     9.94751e-01 >
16 R_BR3.BPM2L3.x_BR3.DHZ14L1 equality     .          158.62     1.12484e+00 >
17 R_BR3.BPM2L3.x_BR3.DHZ8L1 equality     .          156.4      2.08414e-01 >
18 R_BR3.BPM2L3.x_BR3.DHZ9L1 equality     .          157.36    -1.17578e-01 >
19 R_BR3.BPM2L3.x_BR3.DVT12L4 equality     .          156.11    -1.84364e-02 >
20 R_BR3.BPM2L3.x_BR3.DVT13L4 equality     .          155.52     7.46099e-02 >
21 R_BR3.BPM2L3.x_BR3.DVT2L4 equality     .          154.03     1.04923e-01 >
22 R_BR3.BPM2L3.x_BR3.DVT6L4 equality     .          157.2      6.54034e-02 >
23 R_BR3.BPM2L3.x_BR3.DVT8L1 equality     .          156.4      1.85090e-01 >
24 R_BR3.BPM2L3.x_BR3.DVT9L1 equality     .          155.82     3.97499e-02 >
25 R_BR3.BPM3L3.x_BR3.DHZ11L4 equality     .          306.38     6.07277e-01 >
26 R_BR3.BPM3L3.x_BR3.DHZ12L4 equality     .          309.92     1.00620e-01 >
27 R_BR3.BPM3L3.x_BR3.DHZ13L4 equality     .          307.15     2.10708e-01 >
28 R_BR3.BPM3L3.x_BR3.DHZ14L1 equality     .          305.61     1.98969e-01 >
29 R_BR3.BPM3L3.x_BR3.DHZ8L1 equality     .          303.8      1.01591e+00 >
30 R_BR3.BPM3L3.x_BR3.DHZ9L1 equality     .          305.13    -5.66364e-01 >
31 R_BR3.BPM3L3.x_BR3.DVT12L4 equality     .          308.36    -4.10720e-02 >
32 R_BR3.BPM3L3.x_BR3.DVT13L4 equality     .          309.21    -2.30170e-01 >
33 R_BR3.BPM3L3.x_BR3.DVT2L4 equality     .          309.43     1.54202e-01 >
34 R_BR3.BPM3L3.x_BR3.DVT6L4 equality     .          313.2      1.40396e-01 >
35 R_BR3.BPM3L3.x_BR3.DVT8L1 equality     .          311.18     3.28882e-01 >
36 R_BR3.BPM3L3.x_BR3.DVT9L1 equality     .          307.84     4.60168e-03 >
37 R_BR3.BPM4L3.x_BR3.DHZ11L4 equality     .          198.02     3.76533e-01 >
38 R_BR3.BPM4L3.x_BR3.DHZ12L4 equality     .          203.28     3.26138e-02 >
39 R_BR3.BPM4L3.x_BR3.DHZ13L4 equality     .          201.28     4.20318e-01 >
40 R_BR3.BPM4L3.x_BR3.DHZ14L1 equality     .          204.36    -3.05380e-01 >
41 R_BR3.BPM4L3.x_BR3.DHZ8L1 equality     .          198.49     3.23662e-01 >
42 R_BR3.BPM4L3.x_BR3.DHZ9L1 equality     .          201.82    -4.59948e-01 >
43 R_BR3.BPM4L3.x_BR3.DVT12L4 equality     .          195.66    -2.03843e-02 >
44 R_BR3.BPM4L3.x_BR3.DVT13L4 equality     .          199.18    -1.25990e-01 >
45 R_BR3.BPM4L3.x_BR3.DVT2L4 equality     .          199.43    -4.13022e-02 >
46 R_BR3.BPM4L3.x_BR3.DVT6L4 equality     .          196.72     2.52806e-02 >
47 R_BR3.BPM4L3.x_BR3.DVT8L1 equality     .          199.21     3.05817e-01 >
48 R_BR3.BPM4L3.x_BR3.DVT9L1 equality     .          198.45     8.71998e-02 >
49 R_BR3.BPM5L3.x_BR3.DHZ11L4 equality     .          324.79     7.54196e-01 >
50 R_BR3.BPM5L3.x_BR3.DHZ12L4 equality     .          337.32     3.42210e-01 >
51 R_BR3.BPM5L3.x_BR3.DHZ13L4 equality     .          331.08     6.52910e-01 >
52 R_BR3.BPM5L3.x_BR3.DHZ14L1 equality     .          329.86     4.55261e-01 >
53 R_BR3.BPM5L3.x_BR3.DHZ8L1 equality     .          326.2     -1.28991e-02 >
54 R_BR3.BPM5L3.x_BR3.DHZ9L1 equality     .          330.74    -3.58276e-01 >
55 R_BR3.BPM5L3.x_BR3.DVT12L4 equality     .          325.59     8.12003e-03 >
56 R_BR3.BPM5L3.x_BR3.DVT13L4 equality     .          331.84     1.69032e-01 >
57 R_BR3.BPM5L3.x_BR3.DVT2L4 equality     .          334.36    -9.37611e-02 >
58 R_BR3.BPM5L3.x_BR3.DVT6L4 equality     .          327.83    -3.99450e-02 >
59 R_BR3.BPM5L3.x_BR3.DVT8L1 equality     .          333.8      1.15984e-01 >
60 R_BR3.BPM5L3.x_BR3.DVT9L1 equality     .          330.19     1.47389e-01 >
61 R_BR3.BPM6L3.x_BR3.DHZ11L4 equality     .          199.47     6.34718e-01 >
62 R_BR3.BPM6L3.x_BR3.DHZ12L4 equality     .          200.7      7.73586e-01 >
63 R_BR3.BPM6L3.x_BR3.DHZ13L4 equality     .          204.48     7.53058e-01 >
64 R_BR3.BPM6L3.x_BR3.DHZ14L1 equality     .          198.32     9.35424e-01 >
65 R_BR3.BPM6L3.x_BR3.DHZ8L1 equality     .          195.69     6.31071e-01 >
66 R_BR3.BPM6L3.x_BR3.DHZ9L1 equality     .          197.62    -1.48842e-01 >
67 R_BR3.BPM6L3.x_BR3.DVT12L4 equality     .          200.77    -5.88140e-02 >
68 R_BR3.BPM6L3.x_BR3.DVT13L4 equality     .          202.21     2.41497e-02 >
69 R_BR3.BPM6L3.x_BR3.DVT2L4 equality     .          200.88     1.13048e-01 >
70 R_BR3.BPM6L3.x_BR3.DVT6L4 equality     .          202.2      1.25660e-01 >
71 R_BR3.BPM6L3.x_BR3.DVT8L1 equality     .          199.68     2.09124e-01 >
72 R_BR3.BPM6L3.x_BR3.DVT9L1 equality     .          199.01     9.13691e-03 >
73 R_BR3.BPM7L3.x_BR3.DHZ11L4 equality     .          223.23     1.39261e-01 >
74 R_BR3.BPM7L3.x_BR3.DHZ12L4 equality     .          227.83     2.58352e-01 >
75 R_BR3.BPM7L3.x_BR3.DHZ13L4 equality     .          223.5      6.78033e-01 >
76 R_BR3.BPM7L3.x_BR3.DHZ14L1 equality     .          225.13     4.05343e-01 >
77 R_BR3.BPM7L3.x_BR3.DHZ8L1 equality     .          221.05     6.46729e-01 >
78 R_BR3.BPM7L3.x_BR3.DHZ9L1 equality     .          222.81    -3.61273e-01 >
79 R_BR3.BPM7L3.x_BR3.DVT12L4 equality     .          223.25    -5.68010e-02 >
80 R_BR3.BPM7L3.x_BR3.DVT13L4 equality     .          224.06    -2.32373e-01 >
81 R_BR3.BPM7L3.x_BR3.DVT2L4 equality     .          223.73     1.05842e-01 >
82 R_BR3.BPM7L3.x_BR3.DVT6L4 equality     .          226.92     2.41689e-01 >
83 R_BR3.BPM7L3.x_BR3.DVT8L1 equality     .          219.71     3.66511e-01 >
84 R_BR3.BPM7L3.x_BR3.DVT9L1 equality     .          227.4      1.71075e-02 >
85 R_BR3.BPM8L3.x_BR3.DHZ11L4 equality     .          331.84     1.41464e-01 >
86 R_BR3.BPM8L3.x_BR3.DHZ12L4 equality     .          343.02     1.15720e-01 >
87 R_BR3.BPM8L3.x_BR3.DHZ13L4 equality     .          339.67     7.21362e-01 >
88 R_BR3.BPM8L3.x_BR3.DHZ14L1 equality     .          338.78    -2.65099e-02 >
89 R_BR3.BPM8L3.x_BR3.DHZ8L1 equality     .          329.23     4.13942e-01 >
90 R_BR3.BPM8L3.x_BR3.DHZ9L1 equality     .          336.85    -3.25806e-01 >
91 R_BR3.BPM8L3.x_BR3.DVT12L4 equality     .          332.26    -3.72674e-03 >
92 R_BR3.BPM8L3.x_BR3.DVT13L4 equality     .          335.48    -1.02632e-01 >
93 R_BR3.BPM8L3.x_BR3.DVT2L4 equality     .          332.57    -1.49549e-02 >
94 R_BR3.BPM8L3.x_BR3.DVT6L4 equality     .          326.42     4.81390e-02 >
95 R_BR3.BPM8L3.x_BR3.DVT8L1 equality     .          334.17     3.70090e-01 >
96 R_BR3.BPM8L3.x_BR3.DVT9L1 equality     .          334.19     1.23195e-01 >
97 R_BR3.BPM9L3.x_BR3.DHZ11L4 equality     .          297.89     6.93093e-01 >
98 R_BR3.BPM9L3.x_BR3.DHZ12L4 equality     .          290.36    -2.27885e-02 >
99 R_BR3.BPM9L3.x_BR3.DHZ13L4 equality     .          300.89     6.95202e-01 >
100 R_BR3.BPM9L3.x_BR3.DHZ14L1 equality     .          300.3      7.92441e-01 >
101 R_BR3.BPM9L3.x_BR3.DHZ8L1 equality     .          275.12    -4.86744e-02 >
102 R_BR3.BPM9L3.x_BR3.DHZ9L1 equality     .          299.62    -2.78628e-01 >
103 R_BR3.BPM9L3.x_BR3.DVT12L4 equality     .          269.07    -5.44244e-02 >
104 R_BR3.BPM9L3.x_BR3.DVT13L4 equality     .          276.44     1.62429e-01 >
105 R_BR3.BPM9L3.x_BR3.DVT2L4 equality     .          271.33    -6.13245e-02 >
106 R_BR3.BPM9L3.x_BR3.DVT6L4 equality     .          272.15    -9.29725e-02 >
107 R_BR3.BPM9L3.x_BR3.DVT8L1 equality     .          281.79     2.12526e-01 >
108 R_BR3.BPM9L3.x_BR3.DVT9L1 equality     .          280.47     2.28444e-01 >
109 R_BR3.BPM10L3.x_BR3.DHZ11L4 equality     .          318.21     9.17907e-01 >
110 R_BR3.BPM10L3.x_BR3.DHZ12L4 equality     .          328.28     7.40919e-01 >
111 R_BR3.BPM10L3.x_BR3.DHZ13L4 equality     .          325.38     3.58971e-01 >
112 R_BR3.BPM10L3.x_BR3.DHZ14L1 equality     .          328.01     5.76544e-01 >
113 R_BR3.BPM10L3.x_BR3.DHZ8L1 equality     .          322.19     4.78517e-02 >
114 R_BR3.BPM10L3.x_BR3.DHZ9L1 equality     .          321.78     1.79578e-02 >
115 R_BR3.BPM10L3.x_BR3.DVT12L4 equality     .          314.56    -2.57473e-02 >
116 R_BR3.BPM10L3.x_BR3.DVT13L4 equality     .          323.59    -2.13580e-02 >
117 R_BR3.BPM10L3.x_BR3.DVT2L4 equality     .          324.95     6.17038e-02 >
118 R_BR3.BPM10L3.x_BR3.DVT6L4 equality     .          323.52     1.27522e-01 >
119 R_BR3.BPM10L3.x_BR3.DVT8L1 equality     .          325.33     9.39926e-02 >
120 R_BR3.BPM10L3.x_BR3.DVT9L1 equality     .          318.99     3.58692e-02 >
121 R_BR3.BPM11L3.x_BR3.DHZ11L4 equality     .          318.91    -1.59934e-01 >
122 R_BR3.BPM11L3.x_BR3.DHZ12L4 equality     .          325.59     5.24716e-01 >
123 R_BR3.BPM11L3.x_BR3.DHZ13L4 equality     .          322.64     8.87801e-01 >
124 R_BR3.BPM11L3.x_BR3.DHZ14L1 equality     .          325.75     2.43315e-01 >
125 R_BR3.BPM11L3.x_BR3.DHZ8L1 equality     .          315.33     2.03215e-01 >
126 R_BR3.BPM11L3.x_BR3.DHZ9L1 equality     .          318.05    -1.93484e-01 >
127 R_BR3.BPM11L3.x_BR3.DVT12L4 equality     .          321.26    -2.62180e-03 >
128 R_BR3.BPM11L3.x_BR3.DVT13L4 equality     .          323.22    -2.19203e-01 >
129 R_BR3.BPM11L3.x_BR3.DVT2L4 equality     .          323.98     8.43493e-02 >
130 R_BR3.BPM11L3.x_BR3.DVT6L4 equality     .          321.05     1.89177e-01 >
131 R_BR3.BPM11L3.x_BR3.DVT8L1 equality     .          323.79     3.56033e-01 >
132 R_BR3.BPM11L3.x_BR3.DVT9L1 equality     .          323.73    -5.54400e-02 >
133 R_BR3.BPM12L3.x_BR3.DHZ11L4 equality     .          232.5      2.67359e-01 >
134 R_BR3.BPM12L3.x_BR3.DHZ12L4 equality     .          234.92     3.55035e-01 >
135 R_BR3.BPM12L3.x_BR3.DHZ13L4 equality     .          234.62     1.02464e+00 >
136 R_BR3.BPM12L3.x_BR3.DHZ14L1 equality     .          237.48     1.80065e-01 >
137 R_BR3.BPM12L3.x_BR3.DHZ8L1 equality     .          231.14     5.51001e-01 >
138 R_BR3.BPM12L3.x_BR3.DHZ9L1 equality     .          236.23    -3.87475e-01 >
139 R_BR3.BPM12L3.x_BR3.DVT12L4 equality     .          231.44    -2.45246e-02 >
140 R_BR3.BPM12L3.x_BR3.DVT13L4 equality     .          235.61    -6.72613e-02 >
141 R_BR3.BPM12L3.x_BR3.DVT2L4 equality     .          235.35    -2.95261e-02 >
142 R_BR3.BPM12L3.x_BR3.DVT6L4 equality     .          233.52     1.83346e-02 >
143 R_BR3.BPM12L3.x_BR3.DVT8L1 equality     .          234.71     3.35496e-01 >
144 R_BR3.BPM12L3.x_BR3.DVT9L1 equality     .          238.07     1.15625e-01 >
145 R_BR3.BPM13L3.x_BR3.DHZ11L4 equality     .          288.46     9.71083e-01 >
146 R_BR3.BPM13L3.x_BR3.DHZ12L4 equality     .          297.24     4.51333e-01 >
147 R_BR3.BPM13L3.x_BR3.DHZ13L4 equality     .          295.89     5.31148e-01 >
148 R_BR3.BPM13L3.x_BR3.DHZ14L1 equality     .          295.8      5.54720e-01 >
149 R_BR3.BPM13L3.x_BR3.DHZ8L1 equality     .          286.85     3.30854e-01 >
150 R_BR3.BPM13L3.x_BR3.DHZ9L1 equality     .          295.94    -2.65458e-01 >
151 R_BR3.BPM13L3.x_BR3.DVT12L4 equality     .          285.58     7.34381e-02 >
152 R_BR3.BPM13L3.x_BR3.DVT13L4 equality     .          288.7      1.66115e-01 >
153 R_BR3.BPM13L3.x_BR3.DVT2L4 equality     .          293.09    -4.93204e-02 >
154 R_BR3.BPM13L3.x_BR3.DVT6L4 equality     .          292.59    -8.36283e-02 >
155 R_BR3.BPM13L3.x_BR3.DVT8L1 equality     .          292.51     1.22365e-01 >
156 R_BR3.BPM13L3.x_BR3.DVT9L1 equality     .          290.36     2.18304e-01 >
157 R_BR3.BPM14L3.x_BR3.DHZ11L4 equality     .          212.24     9.47841e-01 >
158 R_BR3.BPM14L3.x_BR3.DHZ12L4 equality     .          213.11     3.52698e-01 >
159 R_BR3.BPM14L3.x_BR3.DHZ13L4 equality     .          215        5.81461e-01 >
160 R_BR3.BPM14L3.x_BR3.DHZ14L1 equality     .          215.57     9.17280e-01 >
161 R_BR3.BPM14L3.x_BR3.DHZ8L1 equality     .          208.87     5.06906e-01 >
162 R_BR3.BPM14L3.x_BR3.DHZ9L1 equality     .          215.99    -5.51955e-01 >
163 R_BR3.BPM14L3.x_BR3.DVT12L4 equality     .          212.81    -1.13450e-01 >
164 R_BR3.BPM14L3.x_BR3.DVT13L4 equality     .          214.9      1.30428e-01 >
165 R_BR3.BPM14L3.x_BR3.DVT2L4 equality     .          214.23     1.03301e-01 >
166 R_BR3.BPM14L3.x_BR3.DVT6L4 equality     .          214.62     1.24580e-01 >
167 R_BR3.BPM14L3.x_BR3.DVT8L1 equality     .          214.2      1.27604e-01 >
168 R_BR3.BPM14L3.x_BR3.DVT9L1 equality     .          214.58     3.15270e-02 >
169 R_BR3.BPM15L3.x_BR3.DHZ11L4 equality     .          318.02     1.93218e-01 >
170 R_BR3.BPM15L3.x_BR3.DHZ12L4 equality     .          322.62     5.59929e-01 >
171 R_BR3.BPM15L3.x_BR3.DHZ13L4 equality     .          318.77     8.01180e-01 >
172 R_BR3.BPM15L3.x_BR3.DHZ14L1 equality     .          318.38     6.58720e-01 >
173 R_BR3.BPM15L3.x_BR3.DHZ8L1 equality     .          310.39     7.18577e-01 >
174 R_BR3.BPM15L3.x_BR3.DHZ9L1 equality     .          316.93    -1.72118e-01 >
175 R_BR3.BPM15L3.x_BR3.DVT12L4 equality     .          319.68    -8.74569e-02 >
176 R_BR3.BPM15L3.x_BR3.DVT13L4 equality     .          316.76    -2.65903e-01 >
177 R_BR3.BPM15L3.x_BR3.DVT2L4 equality     .          319.5      2.35262e-02 >
178 R_BR3.BPM15L3.x_BR3.DVT6L4 equality     .          317.69     1.14247e-01 >
179 R_BR3.BPM15L3.x_BR3.DVT8L1 equality     .          319.48     3.41921e-01 >
180 R_BR3.BPM15L3.x_BR3.DVT9L1 equality     .          320.4     -3.90349e-02 >
181 R_BR3.BPM16L3.x_BR3.DHZ11L4 equality     .          338.99     2.05592e-01 >
182 R_BR3.BPM16L3.x_BR3.DHZ12L4 equality     .          342.87     3.96657e-01 >
183 R_BR3.BPM16L3.x_BR3.DHZ13L4 equality     .          335.7      4.55265e-01 >
184 R_BR3.BPM16L3.x_BR3.DHZ14L1 equality     .          338.12    -3.27447e-01 >
185 R_BR3.BPM16L3.x_BR3.DHZ8L1 equality     .          333.59     3.93471e-01 >
186 R_BR3.BPM16L3.x_BR3.DHZ9L1 equality     .          341.37    -6.81937e-02 >
187 R_BR3.BPM16L3.x_BR3.DVT12L4 equality     .          329.08     2.43438e-02 >
188 R_BR3.BPM16L3.x_BR3.DVT13L4 equality     .          332.21    -1.96968e-01 >
189 R_BR3.BPM16L3.x_BR3.DVT2L4 equality     .          328.75    -6.27526e-02 >
190 R_BR3.BPM16L3.x_BR3.DVT6L4 equality     .          328.86    -1.21738e-02 >
191 R_BR3.BPM16L3.x_BR3.DVT8L1 equality     .          334.48     3.10418e-01 >
192 R_BR3.BPM16L3.x_BR3.DVT9L1 equality     .          334.14     1.24287e-01 >
193 R_BR3.BPM1L3.y_BR3.DHZ11L4 equality     .          256.25    -1.46512e-01 >
194 R_BR3.BPM1L3.y_BR3.DHZ12L4 equality     .          262.82    -8.40051e-03 >
195 R_BR3.BPM1L3.y_BR3.DHZ13L4 equality     .          262.88     1.63443e-01 >
196 R_BR3.BPM1L3.y_BR3.DHZ14L1 equality     .          261.24     7.45243e-02 >
197 R_BR3.BPM1L3.y_BR3.DHZ8L1 equality     .          258.42    -1.63806e-01 >
198 R_BR3.BPM1L3.y_BR3.DHZ9L1 equality     .          259.81     3.84244e-02 >
199 R_BR3.BPM1L3.y_BR3.DVT12L4 equality     .          253.55    -7.59468e-02 >
200 R_BR3.BPM1L3.y_BR3.DVT13L4 equality     .          256.41    -1.38927e-01 >
201 R_BR3.BPM1L3.y_BR3.DVT2L4 equality     .          255.28     2.51369e-02 >
202 R_BR3.BPM1L3.y_BR3.DVT6L4 equality     .          258.8      2.27208e-02 >
203 R_BR3.BPM1L3.y_BR3.DVT8L1 equality     .          253.9      1.18668e-01 >
204 R_BR3.BPM1L3.y_BR3.DVT9L1 equality     .          262.54    -1.11655e-01 >
205 R_BR3.BPM2L3.y_BR3.DHZ11L4 equality     .          193.77     2.23750e-02 >
206 R_BR3.BPM2L3.y_BR3.DHZ12L4 equality     .          195.51    -1.00623e-01 >
207 R_BR3.BPM2L3.y_BR3.DHZ13L4 equality     .          194.69    -5.26939e-02 >
208 R_BR3.BPM2L3.y_BR3.DHZ14L1 equality     .          194.89    -2.37049e-02 >
209 R_BR3.BPM2L3.y_BR3.DHZ8L1 equality     .          193.7     -3.56477e-02 >
210 R_BR3.BPM2L3.y_BR3.DHZ9L1 equality     .          194       -1.29772e-01 >
211 R_BR3.BPM2L3.y_BR3.DVT12L4 equality     .          193.39     3.34065e-02 >
212 R_BR3.BPM2L3.y_BR3.DVT13L4 equality     .          199.37     2.60159e-01 >
213 R_BR3.BPM2L3.y_BR3.DVT2L4 equality     .          193.95     9.72948e-02 >
214 R_BR3.BPM2L3.y_BR3.DVT6L4 equality     .          194.29     1.17931e-01 >
215 R_BR3.BPM2L3.y_BR3.DVT8L1 equality     .          197.45     4.51105e-03 >
216 R_BR3.BPM2L3.y_BR3.DVT9L1 equality     .          201.64    -3.46278e-01 >
217 R_BR3.BPM3L3.y_BR3.DHZ11L4 equality     .          309.08     1.67912e-01 >
218 R_BR3.BPM3L3.y_BR3.DHZ12L4 equality     .          311.71     1.93899e-02 >
219 R_BR3.BPM3L3.y_BR3.DHZ13L4 equality     .          313.44    -1.99932e-01 >
220 R_BR3.BPM3L3.y_BR3.DHZ14L1 equality     .          310.99    -1.54125e-01 >
221 R_BR3.BPM3L3.y_BR3.DHZ8L1 equality     .          306.46     1.94961e-01 >
222 R_BR3.BPM3L3.y_BR3.DHZ9L1 equality     .          307.02    -4.08104e-03 >
223 R_BR3.BPM3L3.y_BR3.DVT12L4 equality     .          302.21    -4.10301e-02 >
224 R_BR3.BPM3L3.y_BR3.DVT13L4 equality     .          306.62    -8.54582e-02 >
225 R_BR3.BPM3L3.y_BR3.DVT2L4 equality     .          305.61     2.16924e-01 >
226 R_BR3.BPM3L3.y_BR3.DVT6L4 equality     .          305.13    -5.62741e-02 >
227 R_BR3.BPM3L3.y_BR3.DVT8L1 equality     .          303.25     2.22868e-02 >
228 R_BR3.BPM3L3.y_BR3.DVT9L1 equality     .          307.19     9.08562e-02 >
229 R_BR3.BPM4L3.y_BR3.DHZ11L4 equality     .          207.99    -6.50086e-02 >
230 R_BR3.BPM4L3.y_BR3.DHZ12L4 equality     .          211.05     5.30249e-02 >
231 R_BR3.BPM4L3.y_BR3.DHZ13L4 equality     .          211.6      4.16789e-02 >
232 R_BR3.BPM4L3.y_BR3.DHZ14L1 equality     .          210.73     1.79917e-02 >
233 R_BR3.BPM4L3.y_BR3.DHZ8L1 equality     .          210.5     -7.93622e-03 >
234 R_BR3.BPM4L3.y_BR3.DHZ9L1 equality     .          210.07     1.31976e-01 >
235 R_BR3.BPM4L3.y_BR3.DVT12L4 equality     .          209.22    -7.30990e-01 >
236 R_BR3.BPM4L3.y_BR3.DVT13L4 equality     .          209.46    -4.15473e-03 >
237 R_BR3.BPM4L3.y_BR3.DVT2L4 equality     .          210.76     4.50403e-01 >
238 R_BR3.BPM4L3.y_BR3.DVT6L4 equality     .          210.02     5.60076e-01 >
239 R_BR3.BPM4L3.y_BR3.DVT8L1 equality     .          206.75    -1.88536e-01 >
240 R_BR3.BPM4L3.y_BR3.DVT9L1 equality     .          208.22    -8.64817e-02 >
241 R_BR3.BPM5L3.y_BR3.DHZ11L4 equality     .          301.26    -1.67794e-01 >
242 R_BR3.BPM5L3.y_BR3.DHZ12L4 equality     .          303.11    -3.04811e-02 >
243 R_BR3.BPM5L3.y_BR3.DHZ13L4 equality     .          299.49     1.98163e-01 >
244 R_BR3.BPM5L3.y_BR3.DHZ14L1 equality     .          301.21     1.38335e-01 >
245 R_BR3.BPM5L3.y_BR3.DHZ8L1 equality     .          301.52    -1.82902e-01 >
246 R_BR3.BPM5L3.y_BR3.DHZ9L1 equality     .          302.17     3.91815e-02 >
247 R_BR3.BPM5L3.y_BR3.DVT12L4 equality     .          300       -1.69921e-02 >
248 R_BR3.BPM5L3.y_BR3.DVT13L4 equality     .          293.79     1.59527e-01 >
249 R_BR3.BPM5L3.y_BR3.DVT2L4 equality     .          295.21    -1.65795e-01 >
250 R_BR3.BPM5L3.y_BR3.DVT6L4 equality     .          296.66     1.27729e-01 >
251 R_BR3.BPM5L3.y_BR3.DVT8L1 equality     .          296.81    -4.73645e-02 >
252 R_BR3.BPM5L3.y_BR3.DVT9L1 equality     .          302.94    -1.88433e-01 >
253 R_BR3.BPM6L3.y_BR3.DHZ11L4 equality     .          201.95     5.14612e-02 >
254 R_BR3.BPM6L3.y_BR3.DHZ12L4 equality     .          201.03    -8.97796e-02 >
255 R_BR3.BPM6L3.y_BR3.DHZ13L4 equality     .          202.5     -9.25437e-02 >
256 R_BR3.BPM6L3.y_BR3.DHZ14L1 equality     .          200.64    -9.98986e-02 >
257 R_BR3.BPM6L3.y_BR3.DHZ8L1 equality     .          201.33     5.85636e-02 >
258 R_BR3.BPM6L3.y_BR3.DHZ9L1 equality     .          199.71    -1.12553e-01 >
259 R_BR3.BPM6L3.y_BR3.DVT12L4 equality     .          196.41     6.76617e-01 >
260 R_BR3.BPM6L3.y_BR3.DVT13L4 equality     .          199.93    -1.05968e-02 >
261 R_BR3.BPM6L3.y_BR3.DVT2L4 equality     .          198.6     -3.23676e-01 >
262 R_BR3.BPM6L3.y_BR3.DVT6L4 equality     .          198.12    -5.12420e-01 >
263 R_BR3.BPM6L3.y_BR3.DVT8L1 equality     .          200.55     2.68569e-01 >
264 R_BR3.BPM6L3.y_BR3.DVT9L1 equality     .          198.53     7.58324e-02 >
265 R_BR3.BPM7L3.y_BR3.DHZ11L4 equality     .          246.76     1.76287e-01 >
266 R_BR3.BPM7L3.y_BR3.DHZ12L4 equality     .          247.85     7.99454e-03 >
267 R_BR3.BPM7L3.y_BR3.DHZ13L4 equality     .          244       -2.24589e-01 >
268 R_BR3.BPM7L3.y_BR3.DHZ14L1 equality     .          246.12    -1.70116e-01 >
269 R_BR3.BPM7L3.y_BR3.DHZ8L1 equality     .          243.28     2.01425e-01 >
270 R_BR3.BPM7L3.y_BR3.DHZ9L1 equality     .          241.94     3.98245e-03 >
271 R_BR3.BPM7L3.y_BR3.DVT12L4 equality     .          246.24    -1.85428e-01 >
272 R_BR3.BPM7L3.y_BR3.DVT13L4 equality     .          249.15     1.62914e-01 >
273 R_BR3.BPM7L3.y_BR3.DVT2L4 equality     .          249.6      1.03589e-01 >
274 R_BR3.BPM7L3.y_BR3.DVT6L4 equality     .          248.85    -5.97651e-02 >
275 R_BR3.BPM7L3.y_BR3.DVT8L1 equality     .          245.18    -1.77489e-01 >
276 R_BR3.BPM7L3.y_BR3.DVT9L1 equality     .          247.54     2.06258e-01 >
277 R_BR3.BPM8L3.y_BR3.DHZ11L4 equality     .          304.27     3.40281e-02 >
278 R_BR3.BPM8L3.y_BR3.DHZ12L4 equality     .          306.73     7.44679e-02 >
279 R_BR3.BPM8L3.y_BR3.DHZ13L4 equality     .          311.23    -1.14901e-02 >
280 R_BR3.BPM8L3.y_BR3.DHZ14L1 equality     .          305.81    -6.60757e-02 >
281 R_BR3.BPM8L3.y_BR3.DHZ8L1 equality     .          306.46     7.44069e-02 >
282 R_BR3.BPM8L3.y_BR3.DHZ9L1 equality     .          305.92     1.43119e-01 >
283 R_BR3.BPM8L3.y_BR3.DVT12L4 equality     .          304.41     1.14582e-01 >
284 R_BR3.BPM8L3.y_BR3.DVT13L4 equality     .          306.97    -4.33360e-02 >
285 R_BR3.BPM8L3.y_BR3.DVT2L4 equality     .          303.15    -3.45378e-01 >
286 R_BR3.BPM8L3.y_BR3.DVT6L4 equality     .          299.95     5.12897e-02 >
287 R_BR3.BPM8L3.y_BR3.DVT8L1 equality     .          307.45     3.20274e-01 >
288 R_BR3.BPM8L3.y_BR3.DVT9L1 equality     .          309.51     3.59357e-01 >
289 R_BR3.BPM9L3.y_BR3.DHZ11L4 equality     .          337.26    -1.92332e-01 >
290 R_BR3.BPM9L3.y_BR3.DHZ12L4 equality     .          338.42    -1.34167e-02 >
291 R_BR3.BPM9L3.y_BR3.DHZ13L4 equality     .          336.49     1.83873e-01 >
292 R_BR3.BPM9L3.y_BR3.DHZ14L1 equality     .          336.12     1.31100e-01 >
293 R_BR3.BPM9L3.y_BR3.DHZ8L1 equality     .          332.47    -1.07064e-01 >
294 R_BR3.BPM9L3.y_BR3.DHZ9L1 equality     .          337.6      1.00484e-02 >
295 R_BR3.BPM9L3.y_BR3.DVT12L4 equality     .          328.6     -3.44536e-01 >
296 R_BR3.BPM9L3.y_BR3.DVT13L4 equality     .          337.33     1.57165e-01 >
297 R_BR3.BPM9L3.y_BR3.DVT2L4 equality     .          334.57     1.02590e-01 >
298 R_BR3.BPM9L3.y_BR3.DVT6L4 equality     .          331.98     2.04317e-02 >
299 R_BR3.BPM9L3.y_BR3.DVT8L1 equality     .          333.76    -7.73636e-03 >
300 R_BR3.BPM9L3.y_BR3.DVT9L1 equality     .          335.23     1.82338e-01 >
301 R_BR3.BPM10L3.y_BR3.DHZ11L4 equality     .          362.34     9.03788e-02 >
302 R_BR3.BPM10L3.y_BR3.DHZ12L4 equality     .          366.15    -8.60927e-02 >
303 R_BR3.BPM10L3.y_BR3.DHZ13L4 equality     .          367.87    -1.00201e-01 >
304 R_BR3.BPM10L3.y_BR3.DHZ14L1 equality     .          363.46    -1.39439e-02 >
305 R_BR3.BPM10L3.y_BR3.DHZ8L1 equality     .          362.05    -4.05579e-02 >
306 R_BR3.BPM10L3.y_BR3.DHZ9L1 equality     .          363.87    -1.66962e-01 >
307 R_BR3.BPM10L3.y_BR3.DVT12L4 equality     .          351.58     9.19987e-03 >
308 R_BR3.BPM10L3.y_BR3.DVT13L4 equality     .          361.06    -1.68589e-01 >
309 R_BR3.BPM10L3.y_BR3.DVT2L4 equality     .          356.01     2.93277e-01 >
310 R_BR3.BPM10L3.y_BR3.DVT6L4 equality     .          356.24    -2.19059e-02 >
311 R_BR3.BPM10L3.y_BR3.DVT8L1 equality     .          361.9     -3.23997e-01 >
312 R_BR3.BPM10L3.y_BR3.DVT9L1 equality     .          361.92     3.62008e-02 >
313 R_BR3.BPM11L3.y_BR3.DHZ11L4 equality     .          314.59     1.95054e-01 >
314 R_BR3.BPM11L3.y_BR3.DHZ12L4 equality     .          317.36     8.79346e-02 >
315 R_BR3.BPM11L3.y_BR3.DHZ13L4 equality     .          318.05    -1.98013e-01 >
316 R_BR3.BPM11L3.y_BR3.DHZ14L1 equality     .          319.71    -1.64048e-01 >
317 R_BR3.BPM11L3.y_BR3.DHZ8L1 equality     .          313.26     1.65678e-01 >
318 R_BR3.BPM11L3.y_BR3.DHZ9L1 equality     .          317.17     2.11977e-02 >
319 R_BR3.BPM11L3.y_BR3.DVT12L4 equality     .          317.98    -3.57265e-02 >
320 R_BR3.BPM11L3.y_BR3.DVT13L4 equality     .          322.72     2.65219e-02 >
321 R_BR3.BPM11L3.y_BR3.DVT2L4 equality     .          313.92     5.53044e-03 >
322 R_BR3.BPM11L3.y_BR3.DVT6L4 equality     .          318.65     1.48291e-02 >
323 R_BR3.BPM11L3.y_BR3.DVT8L1 equality     .          315.41    -1.83032e-01 >
324 R_BR3.BPM11L3.y_BR3.DVT9L1 equality     .          317.19    -8.89263e-02 >
325 R_BR3.BPM12L3.y_BR3.DHZ11L4 equality     .          227.9      2.86893e-02 >
326 R_BR3.BPM12L3.y_BR3.DHZ12L4 equality     .          231.84     9.14903e-02 >
327 R_BR3.BPM12L3.y_BR3.DHZ13L4 equality     .          231.33     3.49530e-02 >
328 R_BR3.BPM12L3.y_BR3.DHZ14L1 equality     .          231.42    -1.36065e-02 >
329 R_BR3.BPM12L3.y_BR3.DHZ8L1 equality     .          228.05     6.83895e-02 >
330 R_BR3.BPM12L3.y_BR3.DHZ9L1 equality     .          228.66     8.92802e-02 >
331 R_BR3.BPM12L3.y_BR3.DVT12L4 equality     .          232.22    -5.56525e-01 >
332 R_BR3.BPM12L3.y_BR3.DVT13L4 equality     .          234.4      2.39860e-01 >
333 R_BR3.BPM12L3.y_BR3.DVT2L4 equality     .          231.23     6.47295e-02 >
334 R_BR3.BPM12L3.y_BR3.DVT6L4 equality     .          234.4      2.37170e-01 >
335 R_BR3.BPM12L3.y_BR3.DVT8L1 equality     .          233.15    -3.23798e-02 >
336 R_BR3.BPM12L3.y_BR3.DVT9L1 equality     .          231.32    -1.62962e-02 >
337 R_BR3.BPM13L3.y_BR3.DHZ11L4 equality     .          313.96    -1.08684e-01 >
338 R_BR3.BPM13L3.y_BR3.DHZ12L4 equality     .          314.21    -1.73919e-02 >
339 R_BR3.BPM13L3.y_BR3.DHZ13L4 equality     .          313.76     2.02420e-01 >
340 R_BR3.BPM13L3.y_BR3.DHZ14L1 equality     .          313.87     1.67930e-01 >
341 R_BR3.BPM13L3.y_BR3.DHZ8L1 equality     .          311.3     -1.31691e-01 >
342 R_BR3.BPM13L3.y_BR3.DHZ9L1 equality     .          312.24     3.51077e-03 >
343 R_BR3.BPM13L3.y_BR3.DVT12L4 equality     .          315.58     8.63809e-02 >
344 R_BR3.BPM13L3.y_BR3.DVT13L4 equality     .          316.74     7.05221e-02 >
345 R_BR3.BPM13L3.y_BR3.DVT2L4 equality     .          312.35     5.68077e-02 >
346 R_BR3.BPM13L3.y_BR3.DVT6L4 equality     .          316.57    -3.98634e-02 >
347 R_BR3.BPM13L3.y_BR3.DVT8L1 equality     .          318.3      5.53897e-02 >
348 R_BR3.BPM13L3.y_BR3.DVT9L1 equality     .          321.29     1.22749e-01 >
349 R_BR3.BPM14L3.y_BR3.DHZ11L4 equality     .          245.56     1.39944e-02 >
350 R_BR3.BPM14L3.y_BR3.DHZ12L4 equality     .          245.54    -7.59076e-02 >
351 R_BR3.BPM14L3.y_BR3.DHZ13L4 equality     .          245.23     1.44737e-02 >
352 R_BR3.BPM14L3.y_BR3.DHZ14L1 equality     .          244.32     6.54060e-03 >
353 R_BR3.BPM14L3.y_BR3.DHZ8L1 equality     .          242.34    -3.44774e-02 >
354 R_BR3.BPM14L3.y_BR3.DHZ9L1 equality     .          246.38    -1.27832e-01 >
355 R_BR3.BPM14L3.y_BR3.DVT12L4 equality     .          240.96     1.61079e-01 >
356 R_BR3.BPM14L3.y_BR3.DVT13L4 equality     .          242.02     3.58983e-01 >
357 R_BR3.BPM14L3.y_BR3.DVT2L4 equality     .          243.11     1.03050e-01 >
358 R_BR3.BPM14L3.y_BR3.DVT6L4 equality     .          243.41     5.96439e-02 >
359 R_BR3.BPM14L3.y_BR3.DVT8L1 equality     .          243.07    -6.90175e-02 >
360 R_BR3.BPM14L3.y_BR3.DVT9L1 equality     .          245.83    -2.59966e-01 >
361 R_BR3.BPM15L3.y_BR3.DHZ11L4 equality     .          333.18     1.25721e-01 >
362 R_BR3.BPM15L3.y_BR3.DHZ12L4 equality     .          337.14     7.07272e-02 >
363 R_BR3.BPM15L3.y_BR3.DHZ13L4 equality     .          333.89    -1.90642e-01 >
364 R_BR3.BPM15L3.y_BR3.DHZ14L1 equality     .          334.99    -1.50282e-01 >
365 R_BR3.BPM15L3.y_BR3.DHZ8L1 equality     .          329.99     1.67544e-01 >
366 R_BR3.BPM15L3.y_BR3.DHZ9L1 equality     .          336.13     4.74988e-02 >
367 R_BR3.BPM15L3.y_BR3.DVT12L4 equality     .          333.12    -9.66575e-02 >
368 R_BR3.BPM15L3.y_BR3.DVT13L4 equality     .          332.85    -9.07217e-02 >
369 R_BR3.BPM15L3.y_BR3.DVT2L4 equality     .          338.13    -1.78239e-01 >
370 R_BR3.BPM15L3.y_BR3.DVT6L4 equality     .          336.49    -2.47620e-02 >
371 R_BR3.BPM15L3.y_BR3.DVT8L1 equality     .          338.36     3.94648e-02 >
372 R_BR3.BPM15L3.y_BR3.DVT9L1 equality     .          338.75    -8.39163e-02 >
373 R_BR3.BPM16L3.y_BR3.DHZ11L4 equality     .          368.2      4.14731e-02 >
374 R_BR3.BPM16L3.y_BR3.DHZ12L4 equality     .          370.49     7.65726e-02 >
375 R_BR3.BPM16L3.y_BR3.DHZ13L4 equality     .          369.72    -7.99506e-03 >
376 R_BR3.BPM16L3.y_BR3.DHZ14L1 equality     .          366.39    -6.95448e-03 >
377 R_BR3.BPM16L3.y_BR3.DHZ8L1 equality     .          366.65     7.48625e-02 >
378 R_BR3.BPM16L3.y_BR3.DHZ9L1 equality     .          369.32     1.23619e-01 >
379 R_BR3.BPM16L3.y_BR3.DVT12L4 equality     .          365.9      1.54879e-02 >
380 R_BR3.BPM16L3.y_BR3.DVT13L4 equality     .          367.05    -2.16560e-01 >
381 R_BR3.BPM16L3.y_BR3.DVT2L4 equality     .          365.04    -8.24500e-02 >
382 R_BR3.BPM16L3.y_BR3.DVT6L4 equality     .          365.3     -1.53572e-01 >
383 R_BR3.BPM16L3.y_BR3.DVT8L1 equality     .          366.12    -4.52985e-02 >
384 R_BR3.BPM16L3.y_BR3.DVT9L1 equality     .          368.53     3.69446e-01 >

 Variables                  Curr. Value  Curr. Step   Lower Limit  Upper Limit
--------------------------------------------------------------------------------
 1 BR.QFOCELL1.dk1l        -5.90586e-04  1.87806e-07   .            .         
 2 BR.QDE1.dk1l             1.53192e-03 -1.66920e-07   .            .         
 3 BR.QFOCELL2.dk1l        -2.62185e-03  1.74044e-07   .            .         
 4 BR.QDE2.dk1l             2.03374e-03 -1.87451e-07   .            .         
 5 BR.QFOCELL3.dk1l        -4.07236e-03 -1.73454e-07   .            .         
 6 BR.QDE3.dk1l             2.25556e-03  1.72295e-07   .            .         
 7 BR.QFOCELL4.dk1l         5.15488e-03 -4.66676e-08   .            .         
 8 BR.QDE4.dk1l            -5.31131e-03  5.37479e-08   .            .         
 9 BR.QFOCELL5.dk1l         1.05191e-02  1.32228e-07   .            .         
10 BR.QDE5.dk1l            -1.07504e-02 -1.26908e-07   .            .         
11 BR.QFOCELL6.dk1l        -7.92708e-03 -2.21548e-07   .            .         
12 BR.QDE6.dk1l             8.52895e-03  2.04181e-07   .            .         
13 BR.QFOCELL7.dk1l        -2.17033e-03 -2.82644e-07   .            .         
14 BR.QDE7.dk1l             3.52600e-03  2.58332e-07   .            .         
15 BR.QFOCELL8.dk1l         1.77072e-02  6.82506e-07   .            .         
16 BR.QDE8.dk1l            -1.82832e-02 -6.12514e-07   .            .         
17 BR.QFOCELL9.dk1l         8.83504e-03  4.90460e-07   .            .         
18 BR.QDE9.dk1l            -9.57087e-03 -4.53472e-07   .            .         
19 BR.QFOCELL10.dk1l       -1.19727e-02 -6.62751e-07   .            .         
20 BR.QDE10.dk1l            1.27167e-02  6.16108e-07   .            .         
21 BR.QFOCELL11.dk1l       -1.58465e-03 -2.78122e-07   .            .         
22 BR.QDE11.dk1l           -1.78223e-04  2.64977e-07   .            .         
23 BR.QFOCELL12.dk1l        2.28052e-03  5.31995e-08   .            .         
24 BR.QDE12.dk1l           -2.60628e-03 -4.40662e-08   .            .         
25 BR.QFOCELL13.dk1l        1.63682e-02 -9.51398e-08   .            .         
26 BR.QDE13.dk1l           -1.69232e-02  9.66605e-08   .            .         
27 BR.QFOCELL14.dk1l        5.80290e-03  4.35051e-08   .            .         
28 BR.QDE14.dk1l           -6.60120e-03 -4.93244e-08   .            .         
29 BR.QFOCELL15.dk1l       -1.03334e-02  8.84686e-08   .            .         
30 BR.QDE15.dk1l            8.71224e-03 -1.00475e-07   .            .         
31 BR.QFOCELL16.dk1l        2.43894e-03 -2.22037e-07   .            .         
32 BR.QDE16.dk1l           -9.24360e-04  2.32836e-07   .            .         

ncall=298 [8.9s], fval=2.83640e-01, fstp=-3.45544e-11, ccnt=384.


 Constraints                Type        Kind        Weight     Penalty Value
------------------------------------------------------------------------------
 1 R_BR3.BPM1L3.x_BR3.DHZ11L4 equality     .          252.48     6.42049e-01 >
 2 R_BR3.BPM1L3.x_BR3.DHZ12L4 equality     .          260.42     3.98957e-01 >
 3 R_BR3.BPM1L3.x_BR3.DHZ13L4 equality     .          256.05     6.13550e-01 >
 4 R_BR3.BPM1L3.x_BR3.DHZ14L1 equality     .          258.32     2.22321e-01 >
 5 R_BR3.BPM1L3.x_BR3.DHZ8L1 equality     .          251.74     6.24426e-02 >
 6 R_BR3.BPM1L3.x_BR3.DHZ9L1 equality     .          252.65     2.83675e-01 >
 7 R_BR3.BPM1L3.x_BR3.DVT12L4 equality     .          251.78     5.60855e-02 >
 8 R_BR3.BPM1L3.x_BR3.DVT13L4 equality     .          258.72     1.88026e-01 >
 9 R_BR3.BPM1L3.x_BR3.DVT2L4 equality     .          257.05     2.01715e-02 >
10 R_BR3.BPM1L3.x_BR3.DVT6L4 equality     .          253.7      5.09594e-02 >
11 R_BR3.BPM1L3.x_BR3.DVT8L1 equality     .          253.42     1.24177e-01 >
12 R_BR3.BPM1L3.x_BR3.DVT9L1 equality     .          257.59     1.85746e-01 >
13 R_BR3.BPM2L3.x_BR3.DHZ11L4 equality     .          157.62     3.76932e-01 >
14 R_BR3.BPM2L3.x_BR3.DHZ12L4 equality     .          157.89     7.48932e-01 >
15 R_BR3.BPM2L3.x_BR3.DHZ13L4 equality     .          158.03     9.94751e-01 >
16 R_BR3.BPM2L3.x_BR3.DHZ14L1 equality     .          158.62     1.12484e+00 >
17 R_BR3.BPM2L3.x_BR3.DHZ8L1 equality     .          156.4      2.08414e-01 >
18 R_BR3.BPM2L3.x_BR3.DHZ9L1 equality     .          157.36     1.17578e-01 >
19 R_BR3.BPM2L3.x_BR3.DVT12L4 equality     .          156.11     1.84364e-02 >
20 R_BR3.BPM2L3.x_BR3.DVT13L4 equality     .          155.52     7.46099e-02 >
21 R_BR3.BPM2L3.x_BR3.DVT2L4 equality     .          154.03     1.04923e-01 >
22 R_BR3.BPM2L3.x_BR3.DVT6L4 equality     .          157.2      6.54034e-02 >
23 R_BR3.BPM2L3.x_BR3.DVT8L1 equality     .          156.4      1.85090e-01 >
24 R_BR3.BPM2L3.x_BR3.DVT9L1 equality     .          155.82     3.97499e-02 >
25 R_BR3.BPM3L3.x_BR3.DHZ11L4 equality     .          306.38     6.07277e-01 >
26 R_BR3.BPM3L3.x_BR3.DHZ12L4 equality     .          309.92     1.00620e-01 >
27 R_BR3.BPM3L3.x_BR3.DHZ13L4 equality     .          307.15     2.10708e-01 >
28 R_BR3.BPM3L3.x_BR3.DHZ14L1 equality     .          305.61     1.98969e-01 >
29 R_BR3.BPM3L3.x_BR3.DHZ8L1 equality     .          303.8      1.01591e+00 >
30 R_BR3.BPM3L3.x_BR3.DHZ9L1 equality     .          305.13     5.66364e-01 >
31 R_BR3.BPM3L3.x_BR3.DVT12L4 equality     .          308.36     4.10720e-02 >
32 R_BR3.BPM3L3.x_BR3.DVT13L4 equality     .          309.21     2.30170e-01 >
33 R_BR3.BPM3L3.x_BR3.DVT2L4 equality     .          309.43     1.54202e-01 >
34 R_BR3.BPM3L3.x_BR3.DVT6L4 equality     .          313.2      1.40396e-01 >
35 R_BR3.BPM3L3.x_BR3.DVT8L1 equality     .          311.18     3.28882e-01 >
36 R_BR3.BPM3L3.x_BR3.DVT9L1 equality     .          307.84     4.60168e-03 >
37 R_BR3.BPM4L3.x_BR3.DHZ11L4 equality     .          198.02     3.76533e-01 >
38 R_BR3.BPM4L3.x_BR3.DHZ12L4 equality     .          203.28     3.26138e-02 >
39 R_BR3.BPM4L3.x_BR3.DHZ13L4 equality     .          201.28     4.20318e-01 >
40 R_BR3.BPM4L3.x_BR3.DHZ14L1 equality     .          204.36     3.05380e-01 >
41 R_BR3.BPM4L3.x_BR3.DHZ8L1 equality     .          198.49     3.23662e-01 >
42 R_BR3.BPM4L3.x_BR3.DHZ9L1 equality     .          201.82     4.59948e-01 >
43 R_BR3.BPM4L3.x_BR3.DVT12L4 equality     .          195.66     2.03843e-02 >
44 R_BR3.BPM4L3.x_BR3.DVT13L4 equality     .          199.18     1.25990e-01 >
45 R_BR3.BPM4L3.x_BR3.DVT2L4 equality     .          199.43     4.13022e-02 >
46 R_BR3.BPM4L3.x_BR3.DVT6L4 equality     .          196.72     2.52806e-02 >
47 R_BR3.BPM4L3.x_BR3.DVT8L1 equality     .          199.21     3.05817e-01 >
48 R_BR3.BPM4L3.x_BR3.DVT9L1 equality     .          198.45     8.71998e-02 >
49 R_BR3.BPM5L3.x_BR3.DHZ11L4 equality     .          324.79     7.54196e-01 >
50 R_BR3.BPM5L3.x_BR3.DHZ12L4 equality     .          337.32     3.42210e-01 >
51 R_BR3.BPM5L3.x_BR3.DHZ13L4 equality     .          331.08     6.52910e-01 >
52 R_BR3.BPM5L3.x_BR3.DHZ14L1 equality     .          329.86     4.55261e-01 >
53 R_BR3.BPM5L3.x_BR3.DHZ8L1 equality     .          326.2      1.28991e-02 >
54 R_BR3.BPM5L3.x_BR3.DHZ9L1 equality     .          330.74     3.58276e-01 >
55 R_BR3.BPM5L3.x_BR3.DVT12L4 equality     .          325.59     8.12003e-03 >
56 R_BR3.BPM5L3.x_BR3.DVT13L4 equality     .          331.84     1.69032e-01 >
57 R_BR3.BPM5L3.x_BR3.DVT2L4 equality     .          334.36     9.37611e-02 >
58 R_BR3.BPM5L3.x_BR3.DVT6L4 equality     .          327.83     3.99450e-02 >
59 R_BR3.BPM5L3.x_BR3.DVT8L1 equality     .          333.8      1.15984e-01 >
60 R_BR3.BPM5L3.x_BR3.DVT9L1 equality     .          330.19     1.47389e-01 >
61 R_BR3.BPM6L3.x_BR3.DHZ11L4 equality     .          199.47     6.34718e-01 >
62 R_BR3.BPM6L3.x_BR3.DHZ12L4 equality     .          200.7      7.73586e-01 >
63 R_BR3.BPM6L3.x_BR3.DHZ13L4 equality     .          204.48     7.53058e-01 >
64 R_BR3.BPM6L3.x_BR3.DHZ14L1 equality     .          198.32     9.35424e-01 >
65 R_BR3.BPM6L3.x_BR3.DHZ8L1 equality     .          195.69     6.31071e-01 >
66 R_BR3.BPM6L3.x_BR3.DHZ9L1 equality     .          197.62     1.48842e-01 >
67 R_BR3.BPM6L3.x_BR3.DVT12L4 equality     .          200.77     5.88140e-02 >
68 R_BR3.BPM6L3.x_BR3.DVT13L4 equality     .          202.21     2.41497e-02 >
69 R_BR3.BPM6L3.x_BR3.DVT2L4 equality     .          200.88     1.13048e-01 >
70 R_BR3.BPM6L3.x_BR3.DVT6L4 equality     .          202.2      1.25660e-01 >
71 R_BR3.BPM6L3.x_BR3.DVT8L1 equality     .          199.68     2.09124e-01 >
72 R_BR3.BPM6L3.x_BR3.DVT9L1 equality     .          199.01     9.13691e-03 >
73 R_BR3.BPM7L3.x_BR3.DHZ11L4 equality     .          223.23     1.39261e-01 >
74 R_BR3.BPM7L3.x_BR3.DHZ12L4 equality     .          227.83     2.58352e-01 >
75 R_BR3.BPM7L3.x_BR3.DHZ13L4 equality     .          223.5      6.78033e-01 >
76 R_BR3.BPM7L3.x_BR3.DHZ14L1 equality     .          225.13     4.05343e-01 >
77 R_BR3.BPM7L3.x_BR3.DHZ8L1 equality     .          221.05     6.46729e-01 >
78 R_BR3.BPM7L3.x_BR3.DHZ9L1 equality     .          222.81     3.61273e-01 >
79 R_BR3.BPM7L3.x_BR3.DVT12L4 equality     .          223.25     5.68010e-02 >
80 R_BR3.BPM7L3.x_BR3.DVT13L4 equality     .          224.06     2.32373e-01 >
81 R_BR3.BPM7L3.x_BR3.DVT2L4 equality     .          223.73     1.05842e-01 >
82 R_BR3.BPM7L3.x_BR3.DVT6L4 equality     .          226.92     2.41689e-01 >
83 R_BR3.BPM7L3.x_BR3.DVT8L1 equality     .          219.71     3.66511e-01 >
84 R_BR3.BPM7L3.x_BR3.DVT9L1 equality     .          227.4      1.71075e-02 >
85 R_BR3.BPM8L3.x_BR3.DHZ11L4 equality     .          331.84     1.41464e-01 >
86 R_BR3.BPM8L3.x_BR3.DHZ12L4 equality     .          343.02     1.15720e-01 >
87 R_BR3.BPM8L3.x_BR3.DHZ13L4 equality     .          339.67     7.21362e-01 >
88 R_BR3.BPM8L3.x_BR3.DHZ14L1 equality     .          338.78     2.65099e-02 >
89 R_BR3.BPM8L3.x_BR3.DHZ8L1 equality     .          329.23     4.13942e-01 >
90 R_BR3.BPM8L3.x_BR3.DHZ9L1 equality     .          336.85     3.25806e-01 >
91 R_BR3.BPM8L3.x_BR3.DVT12L4 equality     .          332.26     3.72674e-03 >
92 R_BR3.BPM8L3.x_BR3.DVT13L4 equality     .          335.48     1.02632e-01 >
93 R_BR3.BPM8L3.x_BR3.DVT2L4 equality     .          332.57     1.49549e-02 >
94 R_BR3.BPM8L3.x_BR3.DVT6L4 equality     .          326.42     4.81390e-02 >
95 R_BR3.BPM8L3.x_BR3.DVT8L1 equality     .          334.17     3.70090e-01 >
96 R_BR3.BPM8L3.x_BR3.DVT9L1 equality     .          334.19     1.23195e-01 >
97 R_BR3.BPM9L3.x_BR3.DHZ11L4 equality     .          297.89     6.93093e-01 >
98 R_BR3.BPM9L3.x_BR3.DHZ12L4 equality     .          290.36     2.27885e-02 >
99 R_BR3.BPM9L3.x_BR3.DHZ13L4 equality     .          300.89     6.95202e-01 >
100 R_BR3.BPM9L3.x_BR3.DHZ14L1 equality     .          300.3      7.92441e-01 >
101 R_BR3.BPM9L3.x_BR3.DHZ8L1 equality     .          275.12     4.86744e-02 >
102 R_BR3.BPM9L3.x_BR3.DHZ9L1 equality     .          299.62     2.78628e-01 >
103 R_BR3.BPM9L3.x_BR3.DVT12L4 equality     .          269.07     5.44244e-02 >
104 R_BR3.BPM9L3.x_BR3.DVT13L4 equality     .          276.44     1.62429e-01 >
105 R_BR3.BPM9L3.x_BR3.DVT2L4 equality     .          271.33     6.13245e-02 >
106 R_BR3.BPM9L3.x_BR3.DVT6L4 equality     .          272.15     9.29725e-02 >
107 R_BR3.BPM9L3.x_BR3.DVT8L1 equality     .          281.79     2.12526e-01 >
108 R_BR3.BPM9L3.x_BR3.DVT9L1 equality     .          280.47     2.28444e-01 >
109 R_BR3.BPM10L3.x_BR3.DHZ11L4 equality     .          318.21     9.17907e-01 >
110 R_BR3.BPM10L3.x_BR3.DHZ12L4 equality     .          328.28     7.40919e-01 >
111 R_BR3.BPM10L3.x_BR3.DHZ13L4 equality     .          325.38     3.58971e-01 >
112 R_BR3.BPM10L3.x_BR3.DHZ14L1 equality     .          328.01     5.76544e-01 >
113 R_BR3.BPM10L3.x_BR3.DHZ8L1 equality     .          322.19     4.78517e-02 >
114 R_BR3.BPM10L3.x_BR3.DHZ9L1 equality     .          321.78     1.79578e-02 >
115 R_BR3.BPM10L3.x_BR3.DVT12L4 equality     .          314.56     2.57473e-02 >
116 R_BR3.BPM10L3.x_BR3.DVT13L4 equality     .          323.59     2.13580e-02 >
117 R_BR3.BPM10L3.x_BR3.DVT2L4 equality     .          324.95     6.17038e-02 >
118 R_BR3.BPM10L3.x_BR3.DVT6L4 equality     .          323.52     1.27522e-01 >
119 R_BR3.BPM10L3.x_BR3.DVT8L1 equality     .          325.33     9.39926e-02 >
120 R_BR3.BPM10L3.x_BR3.DVT9L1 equality     .          318.99     3.58692e-02 >
121 R_BR3.BPM11L3.x_BR3.DHZ11L4 equality     .          318.91     1.59934e-01 >
122 R_BR3.BPM11L3.x_BR3.DHZ12L4 equality     .          325.59     5.24716e-01 >
123 R_BR3.BPM11L3.x_BR3.DHZ13L4 equality     .          322.64     8.87801e-01 >
124 R_BR3.BPM11L3.x_BR3.DHZ14L1 equality     .          325.75     2.43315e-01 >
125 R_BR3.BPM11L3.x_BR3.DHZ8L1 equality     .          315.33     2.03215e-01 >
126 R_BR3.BPM11L3.x_BR3.DHZ9L1 equality     .          318.05     1.93484e-01 >
127 R_BR3.BPM11L3.x_BR3.DVT12L4 equality     .          321.26     2.62180e-03 >
128 R_BR3.BPM11L3.x_BR3.DVT13L4 equality     .          323.22     2.19203e-01 >
129 R_BR3.BPM11L3.x_BR3.DVT2L4 equality     .          323.98     8.43493e-02 >
130 R_BR3.BPM11L3.x_BR3.DVT6L4 equality     .          321.05     1.89177e-01 >
131 R_BR3.BPM11L3.x_BR3.DVT8L1 equality     .          323.79     3.56033e-01 >
132 R_BR3.BPM11L3.x_BR3.DVT9L1 equality     .          323.73     5.54400e-02 >
133 R_BR3.BPM12L3.x_BR3.DHZ11L4 equality     .          232.5      2.67359e-01 >
134 R_BR3.BPM12L3.x_BR3.DHZ12L4 equality     .          234.92     3.55035e-01 >
135 R_BR3.BPM12L3.x_BR3.DHZ13L4 equality     .          234.62     1.02464e+00 >
136 R_BR3.BPM12L3.x_BR3.DHZ14L1 equality     .          237.48     1.80065e-01 >
137 R_BR3.BPM12L3.x_BR3.DHZ8L1 equality     .          231.14     5.51001e-01 >
138 R_BR3.BPM12L3.x_BR3.DHZ9L1 equality     .          236.23     3.87475e-01 >
139 R_BR3.BPM12L3.x_BR3.DVT12L4 equality     .          231.44     2.45246e-02 >
140 R_BR3.BPM12L3.x_BR3.DVT13L4 equality     .          235.61     6.72613e-02 >
141 R_BR3.BPM12L3.x_BR3.DVT2L4 equality     .          235.35     2.95261e-02 >
142 R_BR3.BPM12L3.x_BR3.DVT6L4 equality     .          233.52     1.83346e-02 >
143 R_BR3.BPM12L3.x_BR3.DVT8L1 equality     .          234.71     3.35496e-01 >
144 R_BR3.BPM12L3.x_BR3.DVT9L1 equality     .          238.07     1.15625e-01 >
145 R_BR3.BPM13L3.x_BR3.DHZ11L4 equality     .          288.46     9.71083e-01 >
146 R_BR3.BPM13L3.x_BR3.DHZ12L4 equality     .          297.24     4.51333e-01 >
147 R_BR3.BPM13L3.x_BR3.DHZ13L4 equality     .          295.89     5.31148e-01 >
148 R_BR3.BPM13L3.x_BR3.DHZ14L1 equality     .          295.8      5.54720e-01 >
149 R_BR3.BPM13L3.x_BR3.DHZ8L1 equality     .          286.85     3.30854e-01 >
150 R_BR3.BPM13L3.x_BR3.DHZ9L1 equality     .          295.94     2.65458e-01 >
151 R_BR3.BPM13L3.x_BR3.DVT12L4 equality     .          285.58     7.34381e-02 >
152 R_BR3.BPM13L3.x_BR3.DVT13L4 equality     .          288.7      1.66115e-01 >
153 R_BR3.BPM13L3.x_BR3.DVT2L4 equality     .          293.09     4.93204e-02 >
154 R_BR3.BPM13L3.x_BR3.DVT6L4 equality     .          292.59     8.36283e-02 >
155 R_BR3.BPM13L3.x_BR3.DVT8L1 equality     .          292.51     1.22365e-01 >
156 R_BR3.BPM13L3.x_BR3.DVT9L1 equality     .          290.36     2.18304e-01 >
157 R_BR3.BPM14L3.x_BR3.DHZ11L4 equality     .          212.24     9.47841e-01 >
158 R_BR3.BPM14L3.x_BR3.DHZ12L4 equality     .          213.11     3.52698e-01 >
159 R_BR3.BPM14L3.x_BR3.DHZ13L4 equality     .          215        5.81461e-01 >
160 R_BR3.BPM14L3.x_BR3.DHZ14L1 equality     .          215.57     9.17280e-01 >
161 R_BR3.BPM14L3.x_BR3.DHZ8L1 equality     .          208.87     5.06906e-01 >
162 R_BR3.BPM14L3.x_BR3.DHZ9L1 equality     .          215.99     5.51955e-01 >
163 R_BR3.BPM14L3.x_BR3.DVT12L4 equality     .          212.81     1.13450e-01 >
164 R_BR3.BPM14L3.x_BR3.DVT13L4 equality     .          214.9      1.30428e-01 >
165 R_BR3.BPM14L3.x_BR3.DVT2L4 equality     .          214.23     1.03301e-01 >
166 R_BR3.BPM14L3.x_BR3.DVT6L4 equality     .          214.62     1.24580e-01 >
167 R_BR3.BPM14L3.x_BR3.DVT8L1 equality     .          214.2      1.27604e-01 >
168 R_BR3.BPM14L3.x_BR3.DVT9L1 equality     .          214.58     3.15270e-02 >
169 R_BR3.BPM15L3.x_BR3.DHZ11L4 equality     .          318.02     1.93218e-01 >
170 R_BR3.BPM15L3.x_BR3.DHZ12L4 equality     .          322.62     5.59929e-01 >
171 R_BR3.BPM15L3.x_BR3.DHZ13L4 equality     .          318.77     8.01180e-01 >
172 R_BR3.BPM15L3.x_BR3.DHZ14L1 equality     .          318.38     6.58720e-01 >
173 R_BR3.BPM15L3.x_BR3.DHZ8L1 equality     .          310.39     7.18577e-01 >
174 R_BR3.BPM15L3.x_BR3.DHZ9L1 equality     .          316.93     1.72118e-01 >
175 R_BR3.BPM15L3.x_BR3.DVT12L4 equality     .          319.68     8.74569e-02 >
176 R_BR3.BPM15L3.x_BR3.DVT13L4 equality     .          316.76     2.65903e-01 >
177 R_BR3.BPM15L3.x_BR3.DVT2L4 equality     .          319.5      2.35262e-02 >
178 R_BR3.BPM15L3.x_BR3.DVT6L4 equality     .          317.69     1.14247e-01 >
179 R_BR3.BPM15L3.x_BR3.DVT8L1 equality     .          319.48     3.41921e-01 >
180 R_BR3.BPM15L3.x_BR3.DVT9L1 equality     .          320.4      3.90349e-02 >
181 R_BR3.BPM16L3.x_BR3.DHZ11L4 equality     .          338.99     2.05592e-01 >
182 R_BR3.BPM16L3.x_BR3.DHZ12L4 equality     .          342.87     3.96657e-01 >
183 R_BR3.BPM16L3.x_BR3.DHZ13L4 equality     .          335.7      4.55265e-01 >
184 R_BR3.BPM16L3.x_BR3.DHZ14L1 equality     .          338.12     3.27447e-01 >
185 R_BR3.BPM16L3.x_BR3.DHZ8L1 equality     .          333.59     3.93471e-01 >
186 R_BR3.BPM16L3.x_BR3.DHZ9L1 equality     .          341.37     6.81937e-02 >
187 R_BR3.BPM16L3.x_BR3.DVT12L4 equality     .          329.08     2.43438e-02 >
188 R_BR3.BPM16L3.x_BR3.DVT13L4 equality     .          332.21     1.96968e-01 >
189 R_BR3.BPM16L3.x_BR3.DVT2L4 equality     .          328.75     6.27526e-02 >
190 R_BR3.BPM16L3.x_BR3.DVT6L4 equality     .          328.86     1.21738e-02 >
191 R_BR3.BPM16L3.x_BR3.DVT8L1 equality     .          334.48     3.10418e-01 >
192 R_BR3.BPM16L3.x_BR3.DVT9L1 equality     .          334.14     1.24287e-01 >
193 R_BR3.BPM1L3.y_BR3.DHZ11L4 equality     .          256.25     1.46512e-01 >
194 R_BR3.BPM1L3.y_BR3.DHZ12L4 equality     .          262.82     8.40051e-03 >
195 R_BR3.BPM1L3.y_BR3.DHZ13L4 equality     .          262.88     1.63443e-01 >
196 R_BR3.BPM1L3.y_BR3.DHZ14L1 equality     .          261.24     7.45243e-02 >
197 R_BR3.BPM1L3.y_BR3.DHZ8L1 equality     .          258.42     1.63806e-01 >
198 R_BR3.BPM1L3.y_BR3.DHZ9L1 equality     .          259.81     3.84244e-02 >
199 R_BR3.BPM1L3.y_BR3.DVT12L4 equality     .          253.55     7.59468e-02 >
200 R_BR3.BPM1L3.y_BR3.DVT13L4 equality     .          256.41     1.38927e-01 >
201 R_BR3.BPM1L3.y_BR3.DVT2L4 equality     .          255.28     2.51369e-02 >
202 R_BR3.BPM1L3.y_BR3.DVT6L4 equality     .          258.8      2.27208e-02 >
203 R_BR3.BPM1L3.y_BR3.DVT8L1 equality     .          253.9      1.18668e-01 >
204 R_BR3.BPM1L3.y_BR3.DVT9L1 equality     .          262.54     1.11655e-01 >
205 R_BR3.BPM2L3.y_BR3.DHZ11L4 equality     .          193.77     2.23750e-02 >
206 R_BR3.BPM2L3.y_BR3.DHZ12L4 equality     .          195.51     1.00623e-01 >
207 R_BR3.BPM2L3.y_BR3.DHZ13L4 equality     .          194.69     5.26939e-02 >
208 R_BR3.BPM2L3.y_BR3.DHZ14L1 equality     .          194.89     2.37049e-02 >
209 R_BR3.BPM2L3.y_BR3.DHZ8L1 equality     .          193.7      3.56477e-02 >
210 R_BR3.BPM2L3.y_BR3.DHZ9L1 equality     .          194        1.29772e-01 >
211 R_BR3.BPM2L3.y_BR3.DVT12L4 equality     .          193.39     3.34065e-02 >
212 R_BR3.BPM2L3.y_BR3.DVT13L4 equality     .          199.37     2.60159e-01 >
213 R_BR3.BPM2L3.y_BR3.DVT2L4 equality     .          193.95     9.72948e-02 >
214 R_BR3.BPM2L3.y_BR3.DVT6L4 equality     .          194.29     1.17931e-01 >
215 R_BR3.BPM2L3.y_BR3.DVT8L1 equality     .          197.45     4.51105e-03 >
216 R_BR3.BPM2L3.y_BR3.DVT9L1 equality     .          201.64     3.46278e-01 >
217 R_BR3.BPM3L3.y_BR3.DHZ11L4 equality     .          309.08     1.67912e-01 >
218 R_BR3.BPM3L3.y_BR3.DHZ12L4 equality     .          311.71     1.93899e-02 >
219 R_BR3.BPM3L3.y_BR3.DHZ13L4 equality     .          313.44     1.99932e-01 >
220 R_BR3.BPM3L3.y_BR3.DHZ14L1 equality     .          310.99     1.54125e-01 >
221 R_BR3.BPM3L3.y_BR3.DHZ8L1 equality     .          306.46     1.94961e-01 >
222 R_BR3.BPM3L3.y_BR3.DHZ9L1 equality     .          307.02     4.08104e-03 >
223 R_BR3.BPM3L3.y_BR3.DVT12L4 equality     .          302.21     4.10301e-02 >
224 R_BR3.BPM3L3.y_BR3.DVT13L4 equality     .          306.62     8.54582e-02 >
225 R_BR3.BPM3L3.y_BR3.DVT2L4 equality     .          305.61     2.16924e-01 >
226 R_BR3.BPM3L3.y_BR3.DVT6L4 equality     .          305.13     5.62741e-02 >
227 R_BR3.BPM3L3.y_BR3.DVT8L1 equality     .          303.25     2.22868e-02 >
228 R_BR3.BPM3L3.y_BR3.DVT9L1 equality     .          307.19     9.08562e-02 >
229 R_BR3.BPM4L3.y_BR3.DHZ11L4 equality     .          207.99     6.50086e-02 >
230 R_BR3.BPM4L3.y_BR3.DHZ12L4 equality     .          211.05     5.30249e-02 >
231 R_BR3.BPM4L3.y_BR3.DHZ13L4 equality     .          211.6      4.16789e-02 >
232 R_BR3.BPM4L3.y_BR3.DHZ14L1 equality     .          210.73     1.79917e-02 >
233 R_BR3.BPM4L3.y_BR3.DHZ8L1 equality     .          210.5      7.93622e-03 >
234 R_BR3.BPM4L3.y_BR3.DHZ9L1 equality     .          210.07     1.31976e-01 >
235 R_BR3.BPM4L3.y_BR3.DVT12L4 equality     .          209.22     7.30990e-01 >
236 R_BR3.BPM4L3.y_BR3.DVT13L4 equality     .          209.46     4.15473e-03 >
237 R_BR3.BPM4L3.y_BR3.DVT2L4 equality     .          210.76     4.50403e-01 >
238 R_BR3.BPM4L3.y_BR3.DVT6L4 equality     .          210.02     5.60076e-01 >
239 R_BR3.BPM4L3.y_BR3.DVT8L1 equality     .          206.75     1.88536e-01 >
240 R_BR3.BPM4L3.y_BR3.DVT9L1 equality     .          208.22     8.64817e-02 >
241 R_BR3.BPM5L3.y_BR3.DHZ11L4 equality     .          301.26     1.67794e-01 >
242 R_BR3.BPM5L3.y_BR3.DHZ12L4 equality     .          303.11     3.04811e-02 >
243 R_BR3.BPM5L3.y_BR3.DHZ13L4 equality     .          299.49     1.98163e-01 >
244 R_BR3.BPM5L3.y_BR3.DHZ14L1 equality     .          301.21     1.38335e-01 >
245 R_BR3.BPM5L3.y_BR3.DHZ8L1 equality     .          301.52     1.82902e-01 >
246 R_BR3.BPM5L3.y_BR3.DHZ9L1 equality     .          302.17     3.91815e-02 >
247 R_BR3.BPM5L3.y_BR3.DVT12L4 equality     .          300        1.69921e-02 >
248 R_BR3.BPM5L3.y_BR3.DVT13L4 equality     .          293.79     1.59527e-01 >
249 R_BR3.BPM5L3.y_BR3.DVT2L4 equality     .          295.21     1.65795e-01 >
250 R_BR3.BPM5L3.y_BR3.DVT6L4 equality     .          296.66     1.27729e-01 >
251 R_BR3.BPM5L3.y_BR3.DVT8L1 equality     .          296.81     4.73645e-02 >
252 R_BR3.BPM5L3.y_BR3.DVT9L1 equality     .          302.94     1.88433e-01 >
253 R_BR3.BPM6L3.y_BR3.DHZ11L4 equality     .          201.95     5.14612e-02 >
254 R_BR3.BPM6L3.y_BR3.DHZ12L4 equality     .          201.03     8.97796e-02 >
255 R_BR3.BPM6L3.y_BR3.DHZ13L4 equality     .          202.5      9.25437e-02 >
256 R_BR3.BPM6L3.y_BR3.DHZ14L1 equality     .          200.64     9.98986e-02 >
257 R_BR3.BPM6L3.y_BR3.DHZ8L1 equality     .          201.33     5.85636e-02 >
258 R_BR3.BPM6L3.y_BR3.DHZ9L1 equality     .          199.71     1.12553e-01 >
259 R_BR3.BPM6L3.y_BR3.DVT12L4 equality     .          196.41     6.76617e-01 >
260 R_BR3.BPM6L3.y_BR3.DVT13L4 equality     .          199.93     1.05968e-02 >
261 R_BR3.BPM6L3.y_BR3.DVT2L4 equality     .          198.6      3.23676e-01 >
262 R_BR3.BPM6L3.y_BR3.DVT6L4 equality     .          198.12     5.12420e-01 >
263 R_BR3.BPM6L3.y_BR3.DVT8L1 equality     .          200.55     2.68569e-01 >
264 R_BR3.BPM6L3.y_BR3.DVT9L1 equality     .          198.53     7.58324e-02 >
265 R_BR3.BPM7L3.y_BR3.DHZ11L4 equality     .          246.76     1.76287e-01 >
266 R_BR3.BPM7L3.y_BR3.DHZ12L4 equality     .          247.85     7.99454e-03 >
267 R_BR3.BPM7L3.y_BR3.DHZ13L4 equality     .          244        2.24589e-01 >
268 R_BR3.BPM7L3.y_BR3.DHZ14L1 equality     .          246.12     1.70116e-01 >
269 R_BR3.BPM7L3.y_BR3.DHZ8L1 equality     .          243.28     2.01425e-01 >
270 R_BR3.BPM7L3.y_BR3.DHZ9L1 equality     .          241.94     3.98245e-03 >
271 R_BR3.BPM7L3.y_BR3.DVT12L4 equality     .          246.24     1.85428e-01 >
272 R_BR3.BPM7L3.y_BR3.DVT13L4 equality     .          249.15     1.62914e-01 >
273 R_BR3.BPM7L3.y_BR3.DVT2L4 equality     .          249.6      1.03589e-01 >
274 R_BR3.BPM7L3.y_BR3.DVT6L4 equality     .          248.85     5.97651e-02 >
275 R_BR3.BPM7L3.y_BR3.DVT8L1 equality     .          245.18     1.77489e-01 >
276 R_BR3.BPM7L3.y_BR3.DVT9L1 equality     .          247.54     2.06258e-01 >
277 R_BR3.BPM8L3.y_BR3.DHZ11L4 equality     .          304.27     3.40281e-02 >
278 R_BR3.BPM8L3.y_BR3.DHZ12L4 equality     .          306.73     7.44679e-02 >
279 R_BR3.BPM8L3.y_BR3.DHZ13L4 equality     .          311.23     1.14901e-02 >
280 R_BR3.BPM8L3.y_BR3.DHZ14L1 equality     .          305.81     6.60757e-02 >
281 R_BR3.BPM8L3.y_BR3.DHZ8L1 equality     .          306.46     7.44069e-02 >
282 R_BR3.BPM8L3.y_BR3.DHZ9L1 equality     .          305.92     1.43119e-01 >
283 R_BR3.BPM8L3.y_BR3.DVT12L4 equality     .          304.41     1.14582e-01 >
284 R_BR3.BPM8L3.y_BR3.DVT13L4 equality     .          306.97     4.33360e-02 >
285 R_BR3.BPM8L3.y_BR3.DVT2L4 equality     .          303.15     3.45378e-01 >
286 R_BR3.BPM8L3.y_BR3.DVT6L4 equality     .          299.95     5.12897e-02 >
287 R_BR3.BPM8L3.y_BR3.DVT8L1 equality     .          307.45     3.20274e-01 >
288 R_BR3.BPM8L3.y_BR3.DVT9L1 equality     .          309.51     3.59357e-01 >
289 R_BR3.BPM9L3.y_BR3.DHZ11L4 equality     .          337.26     1.92332e-01 >
290 R_BR3.BPM9L3.y_BR3.DHZ12L4 equality     .          338.42     1.34167e-02 >
291 R_BR3.BPM9L3.y_BR3.DHZ13L4 equality     .          336.49     1.83873e-01 >
292 R_BR3.BPM9L3.y_BR3.DHZ14L1 equality     .          336.12     1.31100e-01 >
293 R_BR3.BPM9L3.y_BR3.DHZ8L1 equality     .          332.47     1.07064e-01 >
294 R_BR3.BPM9L3.y_BR3.DHZ9L1 equality     .          337.6      1.00484e-02 >
295 R_BR3.BPM9L3.y_BR3.DVT12L4 equality     .          328.6      3.44536e-01 >
296 R_BR3.BPM9L3.y_BR3.DVT13L4 equality     .          337.33     1.57165e-01 >
297 R_BR3.BPM9L3.y_BR3.DVT2L4 equality     .          334.57     1.02590e-01 >
298 R_BR3.BPM9L3.y_BR3.DVT6L4 equality     .          331.98     2.04317e-02 >
299 R_BR3.BPM9L3.y_BR3.DVT8L1 equality     .          333.76     7.73636e-03 >
300 R_BR3.BPM9L3.y_BR3.DVT9L1 equality     .          335.23     1.82338e-01 >
301 R_BR3.BPM10L3.y_BR3.DHZ11L4 equality     .          362.34     9.03788e-02 >
302 R_BR3.BPM10L3.y_BR3.DHZ12L4 equality     .          366.15     8.60927e-02 >
303 R_BR3.BPM10L3.y_BR3.DHZ13L4 equality     .          367.87     1.00201e-01 >
304 R_BR3.BPM10L3.y_BR3.DHZ14L1 equality     .          363.46     1.39439e-02 >
305 R_BR3.BPM10L3.y_BR3.DHZ8L1 equality     .          362.05     4.05579e-02 >
306 R_BR3.BPM10L3.y_BR3.DHZ9L1 equality     .          363.87     1.66962e-01 >
307 R_BR3.BPM10L3.y_BR3.DVT12L4 equality     .          351.58     9.19987e-03 >
308 R_BR3.BPM10L3.y_BR3.DVT13L4 equality     .          361.06     1.68589e-01 >
309 R_BR3.BPM10L3.y_BR3.DVT2L4 equality     .          356.01     2.93277e-01 >
310 R_BR3.BPM10L3.y_BR3.DVT6L4 equality     .          356.24     2.19059e-02 >
311 R_BR3.BPM10L3.y_BR3.DVT8L1 equality     .          361.9      3.23997e-01 >
312 R_BR3.BPM10L3.y_BR3.DVT9L1 equality     .          361.92     3.62008e-02 >
313 R_BR3.BPM11L3.y_BR3.DHZ11L4 equality     .          314.59     1.95054e-01 >
314 R_BR3.BPM11L3.y_BR3.DHZ12L4 equality     .          317.36     8.79346e-02 >
315 R_BR3.BPM11L3.y_BR3.DHZ13L4 equality     .          318.05     1.98013e-01 >
316 R_BR3.BPM11L3.y_BR3.DHZ14L1 equality     .          319.71     1.64048e-01 >
317 R_BR3.BPM11L3.y_BR3.DHZ8L1 equality     .          313.26     1.65678e-01 >
318 R_BR3.BPM11L3.y_BR3.DHZ9L1 equality     .          317.17     2.11977e-02 >
319 R_BR3.BPM11L3.y_BR3.DVT12L4 equality     .          317.98     3.57265e-02 >
320 R_BR3.BPM11L3.y_BR3.DVT13L4 equality     .          322.72     2.65219e-02 >
321 R_BR3.BPM11L3.y_BR3.DVT2L4 equality     .          313.92     5.53044e-03 >
322 R_BR3.BPM11L3.y_BR3.DVT6L4 equality     .          318.65     1.48291e-02 >
323 R_BR3.BPM11L3.y_BR3.DVT8L1 equality     .          315.41     1.83032e-01 >
324 R_BR3.BPM11L3.y_BR3.DVT9L1 equality     .          317.19     8.89263e-02 >
325 R_BR3.BPM12L3.y_BR3.DHZ11L4 equality     .          227.9      2.86893e-02 >
326 R_BR3.BPM12L3.y_BR3.DHZ12L4 equality     .          231.84     9.14903e-02 >
327 R_BR3.BPM12L3.y_BR3.DHZ13L4 equality     .          231.33     3.49530e-02 >
328 R_BR3.BPM12L3.y_BR3.DHZ14L1 equality     .          231.42     1.36065e-02 >
329 R_BR3.BPM12L3.y_BR3.DHZ8L1 equality     .          228.05     6.83895e-02 >
330 R_BR3.BPM12L3.y_BR3.DHZ9L1 equality     .          228.66     8.92802e-02 >
331 R_BR3.BPM12L3.y_BR3.DVT12L4 equality     .          232.22     5.56525e-01 >
332 R_BR3.BPM12L3.y_BR3.DVT13L4 equality     .          234.4      2.39860e-01 >
333 R_BR3.BPM12L3.y_BR3.DVT2L4 equality     .          231.23     6.47295e-02 >
334 R_BR3.BPM12L3.y_BR3.DVT6L4 equality     .          234.4      2.37170e-01 >
335 R_BR3.BPM12L3.y_BR3.DVT8L1 equality     .          233.15     3.23798e-02 >
336 R_BR3.BPM12L3.y_BR3.DVT9L1 equality     .          231.32     1.62962e-02 >
337 R_BR3.BPM13L3.y_BR3.DHZ11L4 equality     .          313.96     1.08684e-01 >
338 R_BR3.BPM13L3.y_BR3.DHZ12L4 equality     .          314.21     1.73919e-02 >
339 R_BR3.BPM13L3.y_BR3.DHZ13L4 equality     .          313.76     2.02420e-01 >
340 R_BR3.BPM13L3.y_BR3.DHZ14L1 equality     .          313.87     1.67930e-01 >
341 R_BR3.BPM13L3.y_BR3.DHZ8L1 equality     .          311.3      1.31691e-01 >
342 R_BR3.BPM13L3.y_BR3.DHZ9L1 equality     .          312.24     3.51077e-03 >
343 R_BR3.BPM13L3.y_BR3.DVT12L4 equality     .          315.58     8.63809e-02 >
344 R_BR3.BPM13L3.y_BR3.DVT13L4 equality     .          316.74     7.05221e-02 >
345 R_BR3.BPM13L3.y_BR3.DVT2L4 equality     .          312.35     5.68077e-02 >
346 R_BR3.BPM13L3.y_BR3.DVT6L4 equality     .          316.57     3.98634e-02 >
347 R_BR3.BPM13L3.y_BR3.DVT8L1 equality     .          318.3      5.53897e-02 >
348 R_BR3.BPM13L3.y_BR3.DVT9L1 equality     .          321.29     1.22749e-01 >
349 R_BR3.BPM14L3.y_BR3.DHZ11L4 equality     .          245.56     1.39944e-02 >
350 R_BR3.BPM14L3.y_BR3.DHZ12L4 equality     .          245.54     7.59076e-02 >
351 R_BR3.BPM14L3.y_BR3.DHZ13L4 equality     .          245.23     1.44737e-02 >
352 R_BR3.BPM14L3.y_BR3.DHZ14L1 equality     .          244.32     6.54060e-03 >
353 R_BR3.BPM14L3.y_BR3.DHZ8L1 equality     .          242.34     3.44774e-02 >
354 R_BR3.BPM14L3.y_BR3.DHZ9L1 equality     .          246.38     1.27832e-01 >
355 R_BR3.BPM14L3.y_BR3.DVT12L4 equality     .          240.96     1.61079e-01 >
356 R_BR3.BPM14L3.y_BR3.DVT13L4 equality     .          242.02     3.58983e-01 >
357 R_BR3.BPM14L3.y_BR3.DVT2L4 equality     .          243.11     1.03050e-01 >
358 R_BR3.BPM14L3.y_BR3.DVT6L4 equality     .          243.41     5.96439e-02 >
359 R_BR3.BPM14L3.y_BR3.DVT8L1 equality     .          243.07     6.90175e-02 >
360 R_BR3.BPM14L3.y_BR3.DVT9L1 equality     .          245.83     2.59966e-01 >
361 R_BR3.BPM15L3.y_BR3.DHZ11L4 equality     .          333.18     1.25721e-01 >
362 R_BR3.BPM15L3.y_BR3.DHZ12L4 equality     .          337.14     7.07272e-02 >
363 R_BR3.BPM15L3.y_BR3.DHZ13L4 equality     .          333.89     1.90642e-01 >
364 R_BR3.BPM15L3.y_BR3.DHZ14L1 equality     .          334.99     1.50282e-01 >
365 R_BR3.BPM15L3.y_BR3.DHZ8L1 equality     .          329.99     1.67544e-01 >
366 R_BR3.BPM15L3.y_BR3.DHZ9L1 equality     .          336.13     4.74988e-02 >
367 R_BR3.BPM15L3.y_BR3.DVT12L4 equality     .          333.12     9.66575e-02 >
368 R_BR3.BPM15L3.y_BR3.DVT13L4 equality     .          332.85     9.07217e-02 >
369 R_BR3.BPM15L3.y_BR3.DVT2L4 equality     .          338.13     1.78239e-01 >
370 R_BR3.BPM15L3.y_BR3.DVT6L4 equality     .          336.49     2.47620e-02 >
371 R_BR3.BPM15L3.y_BR3.DVT8L1 equality     .          338.36     3.94648e-02 >
372 R_BR3.BPM15L3.y_BR3.DVT9L1 equality     .          338.75     8.39163e-02 >
373 R_BR3.BPM16L3.y_BR3.DHZ11L4 equality     .          368.2      4.14731e-02 >
374 R_BR3.BPM16L3.y_BR3.DHZ12L4 equality     .          370.49     7.65726e-02 >
375 R_BR3.BPM16L3.y_BR3.DHZ13L4 equality     .          369.72     7.99506e-03 >
376 R_BR3.BPM16L3.y_BR3.DHZ14L1 equality     .          366.39     6.95448e-03 >
377 R_BR3.BPM16L3.y_BR3.DHZ8L1 equality     .          366.65     7.48625e-02 >
378 R_BR3.BPM16L3.y_BR3.DHZ9L1 equality     .          369.32     1.23619e-01 >
379 R_BR3.BPM16L3.y_BR3.DVT12L4 equality     .          365.9      1.54879e-02 >
380 R_BR3.BPM16L3.y_BR3.DVT13L4 equality     .          367.05     2.16560e-01 >
381 R_BR3.BPM16L3.y_BR3.DVT2L4 equality     .          365.04     8.24500e-02 >
382 R_BR3.BPM16L3.y_BR3.DVT6L4 equality     .          365.3      1.53572e-01 >
383 R_BR3.BPM16L3.y_BR3.DVT8L1 equality     .          366.12     4.52985e-02 >
384 R_BR3.BPM16L3.y_BR3.DVT9L1 equality     .          368.53     3.69446e-01 >

 Variables                  Final Value  Init. Value  Lower Limit  Upper Limit
--------------------------------------------------------------------------------
 1 BR.QFOCELL1.dk1l        -5.90586e-04  0.00000e+00   .            .         
 2 BR.QDE1.dk1l             1.53192e-03  0.00000e+00   .            .         
 3 BR.QFOCELL2.dk1l        -2.62185e-03  0.00000e+00   .            .         
 4 BR.QDE2.dk1l             2.03374e-03  0.00000e+00   .            .         
 5 BR.QFOCELL3.dk1l        -4.07236e-03  0.00000e+00   .            .         
 6 BR.QDE3.dk1l             2.25556e-03  0.00000e+00   .            .         
 7 BR.QFOCELL4.dk1l         5.15488e-03  0.00000e+00   .            .         
 8 BR.QDE4.dk1l            -5.31131e-03  0.00000e+00   .            .         
 9 BR.QFOCELL5.dk1l         1.05191e-02  0.00000e+00   .            .         
10 BR.QDE5.dk1l            -1.07504e-02  0.00000e+00   .            .         
11 BR.QFOCELL6.dk1l        -7.92708e-03  0.00000e+00   .            .         
12 BR.QDE6.dk1l             8.52895e-03  0.00000e+00   .            .         
13 BR.QFOCELL7.dk1l        -2.17033e-03  0.00000e+00   .            .         
14 BR.QDE7.dk1l             3.52600e-03  0.00000e+00   .            .         
15 BR.QFOCELL8.dk1l         1.77072e-02  0.00000e+00   .            .         
16 BR.QDE8.dk1l            -1.82832e-02  0.00000e+00   .            .         
17 BR.QFOCELL9.dk1l         8.83504e-03  0.00000e+00   .            .         
18 BR.QDE9.dk1l            -9.57087e-03  0.00000e+00   .            .         
19 BR.QFOCELL10.dk1l       -1.19727e-02  0.00000e+00   .            .         
20 BR.QDE10.dk1l            1.27167e-02  0.00000e+00   .            .         
21 BR.QFOCELL11.dk1l       -1.58465e-03  0.00000e+00   .            .         
22 BR.QDE11.dk1l           -1.78223e-04  0.00000e+00   .            .         
23 BR.QFOCELL12.dk1l        2.28052e-03  0.00000e+00   .            .         
24 BR.QDE12.dk1l           -2.60628e-03  0.00000e+00   .            .         
25 BR.QFOCELL13.dk1l        1.63682e-02  0.00000e+00   .            .         
26 BR.QDE13.dk1l           -1.69232e-02  0.00000e+00   .            .         
27 BR.QFOCELL14.dk1l        5.80290e-03  0.00000e+00   .            .         
28 BR.QDE14.dk1l           -6.60120e-03  0.00000e+00   .            .         
29 BR.QFOCELL15.dk1l       -1.03334e-02  0.00000e+00   .            .         
30 BR.QDE15.dk1l            8.71224e-03  0.00000e+00   .            .         
31 BR.QFOCELL16.dk1l        2.43894e-03  0.00000e+00   .            .         
32 BR.QDE16.dk1l           -9.24360e-04  0.00000e+00   .            .         

ncall=298 [8.9s], fbst[298]=2.83640e-01, fstp=-3.45544e-11, status=XTOL.

INFO psb_md.optimisation: Wrote optimisation results (48 knobs from loco_method1 stage) to results/benchmark/normal_second/method1/knobs.csv
INFO __main__: Method 1 done: weighted response RMS 1.1697e+02 -> 8.0146e+01 (XTOL, 298 calls)
